metric,bag,sample_index,timestamp_ns,time_from_start_s,latency_ms
preprocess_ms,2_7_r01_t1,0,1780387959564687308,0.0,1.93
preprocess_ms,2_7_r01_t1,1,1780387960528626886,0.9639395780000001,3.894
preprocess_ms,2_7_r01_t1,2,1780387961501756524,1.937069216,3.916
preprocess_ms,2_7_r01_t1,3,1780387962502744046,2.9380567380000002,3.593
preprocess_ms,2_7_r01_t1,4,1780387963494543459,3.929856151,1.843
preprocess_ms,2_7_r01_t1,5,1780387964499227964,4.934540656,3.155
preprocess_ms,2_7_r01_t1,6,1780387965514029388,5.94934208,3.391
preprocess_ms,2_7_r01_t1,7,1780387966496224523,6.9315372150000005,3.707
preprocess_ms,2_7_r01_t1,8,1780387967491841342,7.927154034000001,2.937
preprocess_ms,2_7_r01_t1,9,1780387968523056793,8.958369485,3.304
preprocess_ms,2_7_r01_t1,10,1780387969526137027,9.961449719,4.304
preprocess_ms,2_7_r01_t1,11,1780387970507245740,10.942558432,4.795
preprocess_ms,2_7_r01_t1,12,1780387971494963711,11.930276403,3.579
preprocess_ms,2_7_r01_t1,13,1780387972505919908,12.941232600000001,4.088
preprocess_ms,2_7_r01_t1,14,1780387973514816645,13.950129337000002,3.529
preprocess_ms,2_7_r01_t1,15,1780387974535319935,14.970632627,4.493
preprocess_ms,2_7_r01_t1,16,1780387975505313211,15.940625903,4.606
preprocess_ms,2_7_r01_t1,17,1780387976516132437,16.951445129,3.988
preprocess_ms,2_7_r01_t1,18,1780387977513775572,17.949088264,3.177
preprocess_ms,2_7_r01_t1,19,1780387978495777872,18.931090564,3.2
preprocess_ms,2_7_r01_t1,20,1780387979494005004,19.929317696000002,4.12
preprocess_ms,2_7_r01_t1,21,1780387980534083928,20.96939662,3.947
preprocess_ms,2_7_r01_t1,22,1780387981492554457,21.927867149,3.389
preprocess_ms,2_7_r01_t1,23,1780387982519171681,22.954484373,3.987
preprocess_ms,2_7_r01_t1,24,1780387983502998296,23.938310988,4.645
preprocess_ms,2_7_r01_t1,25,1780387984499582714,24.934895406000003,3.663
preprocess_ms,2_7_r01_t1,26,1780387985515757774,25.951070466,3.008
preprocess_ms,2_7_r01_t1,27,1780387986515984645,26.951297337000003,3.349
preprocess_ms,2_7_r01_t1,28,1780387987500017735,27.935330427,3.183
preprocess_ms,2_7_r01_t1,29,1780387988513757138,28.949069830000003,3.717
preprocess_ms,2_7_r01_t1,30,1780387989508000869,29.943313561000004,3.64
preprocess_ms,2_7_r01_t1,31,1780387990528837773,30.964150465000003,3.015
preprocess_ms,2_7_r01_t1,32,1780387991530205062,31.965517754,4.556
preprocess_ms,2_7_r01_t1,33,1780387992505817847,32.941130539,4.008
preprocess_ms,2_7_r01_t1,34,1780387993490814874,33.926127566000005,4.102
preprocess_ms,2_7_r01_t1,35,1780387994521121216,34.956433908,2.455
preprocess_ms,2_7_r01_t1,36,1780387995491623717,35.926936409,3.952
preprocess_ms,2_7_r01_t1,37,1780387996500169788,36.935482480000005,3.638
preprocess_ms,2_7_r01_t1,38,1780387997523803632,37.959116324,3.697
preprocess_ms,2_7_r01_t1,39,1780387998520227219,38.955539911,3.418
preprocess_ms,2_7_r01_t1,40,1780387999500780614,39.936093306000004,4.31
preprocess_ms,2_7_r01_t1,41,1780388000499689964,40.935002656,4.138
preprocess_ms,2_7_r01_t1,42,1780388001523924765,41.959237457,3.714
preprocess_ms,2_7_r01_t1,43,1780388002504860687,42.940173379,3.912
preprocess_ms,2_7_r01_t1,44,1780388003540907162,43.976219854,4.47
preprocess_ms,2_7_r01_t1,45,1780388004516601284,44.951913976,3.848
preprocess_ms,2_7_r01_t1,46,1780388005500895243,45.936207935000006,5.079
preprocess_ms,2_7_r01_t1,47,1780388006508337989,46.943650681,3.558
preprocess_ms,2_7_r01_t1,48,1780388007531347166,47.966659858,3.318
preprocess_ms,2_7_r01_t1,49,1780388008532355815,48.967668507000006,4.118
preprocess_ms,2_7_r01_t1,50,1780388009495012546,49.930325238,3.495
preprocess_ms,2_7_r01_t1,51,1780388010539592313,50.974905005000004,2.823
preprocess_ms,2_7_r01_t1,52,1780388011517137593,51.952450285000005,5.118
preprocess_ms,2_7_r01_t1,53,1780388012502162769,52.937475461000005,4.185
preprocess_ms,2_7_r01_t1,54,1780388013491852992,53.927165684,3.236
preprocess_ms,2_7_r01_t1,55,1780388014516150223,54.951462915,3.535
preprocess_ms,2_7_r01_t1,56,1780388015500956187,55.936268879,3.674
preprocess_ms,2_7_r01_t1,57,1780388016523661745,56.958974437,4.4
preprocess_ms,2_7_r01_t1,58,1780388017507900163,57.943212855000006,3.25
preprocess_ms,2_7_r01_t1,59,1780388018519548757,58.954861449000006,3.508
preprocess_ms,2_7_r01_t1,60,1780388019509582524,59.944895216000006,3.471
preprocess_ms,2_7_r01_t1,61,1780388020520305414,60.955618106,4.423
preprocess_ms,2_7_r01_t1,62,1780388021496011925,61.931324617,4.574
preprocess_ms,2_7_r01_t1,63,1780388022503676311,62.938989003,3.804
preprocess_ms,2_7_r01_t1,64,1780388023507140547,63.942453239,3.493
preprocess_ms,2_7_r01_t1,65,1780388024488050916,64.923363608,3.297
preprocess_ms,2_7_r01_t1,66,1780388025502509027,65.937821719,3.729
preprocess_ms,2_7_r01_t1,67,1780388026532348186,66.967660878,2.42
preprocess_ms,2_7_r01_t1,68,1780388027491500465,67.926813157,2.864
preprocess_ms,2_7_r01_t1,69,1780388028490964674,68.92627736600001,3.816
preprocess_ms,2_7_r01_t1,70,1780388029511082756,69.946395448,3.875
preprocess_ms,2_7_r01_t1,71,1780388030489560627,70.924873319,3.112
preprocess_ms,2_7_r01_t1,72,1780388031503934803,71.939247495,3.829
preprocess_ms,2_7_r01_t1,73,1780388032498614706,72.93392739800001,3.378
preprocess_ms,2_7_r01_t1,74,1780388033502564185,73.93787687700001,4.385
preprocess_ms,2_7_r01_t1,75,1780388034503603214,74.938915906,2.164
preprocess_ms,2_7_r01_t1,76,1780388035540862651,75.97617534300001,3.963
preprocess_ms,2_7_r01_t1,77,1780388036520829296,76.956141988,3.88
preprocess_ms,2_7_r01_t1,78,1780388037514458705,77.949771397,3.585
preprocess_ms,2_7_r01_t1,79,1780388038500538024,78.935850716,3.408
preprocess_ms,2_7_r01_t1,80,1780388039491396513,79.92670920500001,4.387
preprocess_ms,2_7_r01_t1,81,1780388040508559612,80.94387230400001,5.179
preprocess_ms,2_7_r01_t1,82,1780388041515022736,81.950335428,3.458
preprocess_ms,2_7_r01_t1,83,1780388042490965689,82.926278381,3.057
preprocess_ms,2_7_r01_t1,84,1780388043512461910,83.94777460200001,4.839
preprocess_ms,2_7_r01_t1,85,1780388044503924587,84.93923727900001,4.276
preprocess_ms,2_7_r01_t1,86,1780388045481958288,85.91727098000001,5.313
preprocess_ms,2_7_r01_t1,87,1780388046528939708,86.9642524,4.294
preprocess_ms,2_7_r01_t1,88,1780388047495010667,87.930323359,4.066
preprocess_ms,2_7_r01_t1,89,1780388048523110406,88.95842309800001,3.673
preprocess_ms,2_7_r01_t1,90,1780388049531031564,89.966344256,3.995
preprocess_ms,2_7_r01_t1,91,1780388050502628276,90.937940968,4.821
preprocess_ms,2_7_r01_t1,92,1780388051512783776,91.948096468,3.114
preprocess_ms,2_7_r01_t1,93,1780388052516373487,92.951686179,4.834
preprocess_ms,2_7_r01_t1,94,1780388053515605149,93.950917841,3.43
preprocess_ms,2_7_r01_t1,95,1780388054526064594,94.961377286,4.057
preprocess_ms,2_7_r01_t1,96,1780388055498628248,95.93394094,3.539
preprocess_ms,2_7_r01_t1,97,1780388056500965197,96.93627788900001,4.765
preprocess_ms,2_7_r01_t1,98,1780388057525706128,97.96101882,2.703
preprocess_ms,2_7_r01_t1,99,1780388058490133080,98.925445772,3.746
preprocess_ms,2_7_r01_t1,100,1780388059500876280,99.93618897200001,4.13
preprocess_ms,2_7_r01_t1,101,1780388060535782927,100.97109561900001,3.118
preprocess_ms,2_7_r01_t1,102,1780388061499681800,101.934994492,3.881
preprocess_ms,2_7_r01_t1,103,1780388062496748185,102.93206087700001,3.729
preprocess_ms,2_7_r01_t1,104,1780388063498114383,103.93342707500001,3.41
preprocess_ms,2_7_r01_t1,105,1780388064512748339,104.94806103100001,4.229
preprocess_ms,2_7_r01_t1,106,1780388065511743471,105.94705616300001,2.406
preprocess_ms,2_7_r01_t1,107,1780388066493126678,106.92843937,4.177
preprocess_ms,2_7_r01_t1,108,1780388067493609428,107.92892212000001,3.345
preprocess_ms,2_7_r01_t1,109,1780388068496190852,108.93150354400001,4.064
preprocess_ms,2_7_r01_t1,110,1780388069494924753,109.930237445,4.365
preprocess_ms,2_7_r01_t1,111,1780388070534379674,110.969692366,4.909
preprocess_ms,2_7_r01_t1,112,1780388071526092608,111.96140530000001,4.758
preprocess_ms,2_7_r01_t1,113,1780388072517387314,112.952700006,4.212
preprocess_ms,2_7_r01_t1,114,1780388073516798399,113.952111091,3.25
preprocess_ms,2_7_r01_t1,115,1780388074524408767,114.95972145900001,3.661
preprocess_ms,2_7_r01_t1,116,1780388075528897211,115.96420990300001,4.784
preprocess_ms,2_7_r01_t1,117,1780388076487537791,116.922850483,4.422
preprocess_ms,2_7_r01_t1,118,1780388077491197603,117.92651029500001,4.147
preprocess_ms,2_7_r01_t1,119,1780388078492130353,118.927443045,4.605
preprocess_ms,2_7_r01_t1,120,1780388079516752530,119.952065222,3.371
preprocess_ms,2_7_r01_t1,121,1780388080500388492,120.93570118400001,3.45
preprocess_ms,2_7_r01_t1,122,1780388081491078807,121.926391499,4.122
preprocess_ms,2_7_r01_t1,123,1780388082511484970,122.94679766200001,3.983
preprocess_ms,2_7_r01_t1,124,1780388083495284757,123.930597449,4.166
preprocess_ms,2_7_r01_t1,125,1780388084523220272,124.95853296400001,4.165
preprocess_ms,2_7_r01_t1,126,1780388085508300145,125.943612837,3.733
preprocess_ms,2_7_r01_t1,127,1780388086508522286,126.94383497800001,3.279
preprocess_ms,2_7_r01_t1,128,1780388087502454061,127.937766753,4.616
preprocess_ms,2_7_r01_t1,129,1780388088493161583,128.928474275,3.502
preprocess_ms,2_7_r01_t1,130,1780388089511609879,129.94692257100002,1.962
preprocess_ms,2_7_r01_t1,131,1780388090510357400,130.945670092,3.769
preprocess_ms,2_7_r01_t1,132,1780388091510156945,131.945469637,4.706
preprocess_ms,2_7_r01_t1,133,1780388092536665931,132.971978623,3.867
preprocess_ms,2_7_r01_t1,134,1780388093498873868,133.93418656,4.142
preprocess_ms,2_7_r01_t1,135,1780388094504709305,134.940021997,3.723
preprocess_ms,2_7_r01_t1,136,1780388095499050102,135.934362794,2.946
preprocess_ms,2_7_r01_t1,137,1780388096514625941,136.94993863300002,4.494
preprocess_ms,2_7_r01_t1,138,1780388097524285620,137.959598312,3.705
preprocess_ms,2_7_r01_t1,139,1780388098499745660,138.935058352,4.576
preprocess_ms,2_7_r01_t1,140,1780388099508610863,139.943923555,3.515
preprocess_ms,2_7_r01_t1,141,1780388100528262850,140.963575542,3.225
preprocess_ms,2_7_r01_t1,142,1780388101486222625,141.921535317,3.718
preprocess_ms,2_7_r01_t1,143,1780388102526147632,142.961460324,6.65
preprocess_ms,2_7_r01_t1,144,1780388103520218864,143.955531556,1.828
preprocess_ms,2_7_r01_t1,145,1780388104519628566,144.95494125800002,4.745
preprocess_ms,2_7_r01_t1,146,1780388105507972645,145.94328533700002,3.871
preprocess_ms,2_7_r01_t1,147,1780388106508173733,146.943486425,4.337
preprocess_ms,2_7_r01_t1,148,1780388107512166751,147.94747944300002,5.109
preprocess_ms,2_7_r01_t1,149,1780388108504523429,148.939836121,1.824
preprocess_ms,2_7_r01_t1,150,1780388109492523068,149.92783576000002,3.185
preprocess_ms,2_7_r01_t1,151,1780388110501646204,150.93695889600002,3.8
preprocess_ms,2_7_r01_t1,152,1780388111505284231,151.94059692300002,3.862
preprocess_ms,2_7_r01_t1,153,1780388112514284460,152.949597152,3.801
preprocess_ms,2_7_r01_t1,154,1780388113506298813,153.941611505,3.75
preprocess_ms,2_7_r01_t1,155,1780388114504744724,154.940057416,1.696
preprocess_ms,2_7_r01_t1,156,1780388115500571343,155.93588403500002,4.701
preprocess_ms,2_7_r01_t1,157,1780388116502535425,156.93784811700002,3.14
preprocess_ms,2_7_r01_t1,158,1780388117492980913,157.92829360500002,3.653
preprocess_ms,2_7_r01_t1,159,1780388118500632919,158.93594561100002,4.301
preprocess_ms,2_7_r01_t1,160,1780388119489657711,159.924970403,3.555
preprocess_ms,2_7_r01_t1,161,1780388120499597957,160.93491064900002,3.216
preprocess_ms,2_7_r01_t1,162,1780388121519955292,161.95526798400002,3.623
preprocess_ms,2_7_r01_t1,163,1780388122494561012,162.92987370400002,3.92
preprocess_ms,2_7_r01_t1,164,1780388123517694264,163.95300695600002,4.195
preprocess_ms,2_7_r01_t1,165,1780388124519617253,164.954929945,3.866
preprocess_ms,2_7_r01_t1,166,1780388125497247022,165.932559714,3.584
preprocess_ms,2_7_r01_t1,167,1780388126517128488,166.95244118000002,4.832
preprocess_ms,2_7_r01_t1,168,1780388127497920132,167.93323282400002,4.151
preprocess_ms,2_7_r01_t1,169,1780388128521132296,168.95644498800002,4.273
preprocess_ms,2_7_r01_t1,170,1780388129490830670,169.926143362,4.41
preprocess_ms,2_7_r01_t1,171,1780388130506132199,170.941444891,4.443
preprocess_ms,2_7_r01_t1,172,1780388131526812100,171.962124792,4.824
preprocess_ms,2_7_r01_t1,173,1780388132513161704,172.94847439600002,3.511
preprocess_ms,2_7_r01_t1,174,1780388133517773031,173.95308572300002,3.991
preprocess_ms,2_7_r01_t1,175,1780388134540210477,174.975523169,4.054
preprocess_ms,2_7_r01_t1,176,1780388135508790100,175.94410279200002,4.44
preprocess_ms,2_7_r01_t1,177,1780388136512244524,176.947557216,4.325
preprocess_ms,2_7_r01_t1,178,1780388137516828819,177.952141511,3.872
preprocess_ms,2_7_r01_t1,179,1780388138493481032,178.928793724,4.273
preprocess_ms,2_7_r01_t1,180,1780388139495889156,179.931201848,3.235
preprocess_ms,2_7_r01_t1,181,1780388140485459363,180.92077205500001,3.304
preprocess_ms,2_7_r01_t1,182,1780388141497080375,181.93239306700002,3.716
preprocess_ms,2_7_r01_t1,183,1780388142511740727,182.947053419,3.457
preprocess_ms,2_7_r01_t1,184,1780388143494141662,183.929454354,1.767
preprocess_ms,2_7_r01_t1,185,1780388144510849218,184.94616191,1.983
preprocess_ms,2_7_r01_t1,186,1780388145497935890,185.933248582,4.37
preprocess_ms,2_7_r01_t1,187,1780388146492357531,186.927670223,4.107
preprocess_ms,2_7_r01_t1,188,1780388147502409942,187.937722634,1.735
preprocess_ms,2_7_r01_t1,189,1780388148499965500,188.935278192,2.057
preprocess_ms,2_7_r01_t1,190,1780388149546531366,189.981844058,4.074
preprocess_ms,2_7_r01_t1,191,1780388150509630178,190.94494287,4.259
preprocess_ms,2_7_r01_t1,192,1780388151508692573,191.94400526500002,3.675
preprocess_ms,2_7_r01_t1,193,1780388152514111771,192.949424463,4.232
preprocess_ms,2_7_r01_t1,194,1780388153501296517,193.936609209,4.288
preprocess_ms,2_7_r01_t1,195,1780388154504061217,194.939373909,3.482
preprocess_ms,2_7_r01_t1,196,1780388155524089938,195.95940263,3.549
preprocess_ms,2_7_r01_t1,197,1780388156507415646,196.94272833800002,6.025
preprocess_ms,2_7_r01_t1,198,1780388157512598019,197.94791071100002,4.235
preprocess_ms,2_7_r01_t1,199,1780388158507178075,198.942490767,3.495
preprocess_ms,2_7_r01_t1,200,1780388159508851324,199.944164016,3.387
preprocess_ms,2_7_r01_t1,201,1780388160494307338,200.92962003000002,4.962
preprocess_ms,2_7_r01_t1,202,1780388161501670823,201.936983515,4.197
preprocess_ms,2_7_r01_t1,203,1780388162524799685,202.960112377,4.472
preprocess_ms,2_7_r01_t1,204,1780388163502105961,203.937418653,3.802
preprocess_ms,2_7_r01_t1,205,1780388164500653847,204.93596653900002,4.448
preprocess_ms,2_7_r01_t1,206,1780388165505201855,205.94051454700002,3.436
preprocess_ms,2_7_r01_t1,207,1780388166495423886,206.93073657800002,3.08
preprocess_ms,2_7_r01_t1,208,1780388167499192956,207.93450564800003,4.149
preprocess_ms,2_7_r01_t1,209,1780388168498140816,208.933453508,2.228
preprocess_ms,2_7_r01_t1,210,1780388169526627725,209.96194041700002,4.8
preprocess_ms,2_7_r01_t1,211,1780388170510051557,210.94536424900002,3.603
preprocess_ms,2_7_r01_t1,212,1780388171539470137,211.97478282900002,4.997
preprocess_ms,2_7_r01_t1,213,1780388172517764597,212.95307728900002,3.299
preprocess_ms,2_7_r01_t1,214,1780388173522329560,213.957642252,5.017
preprocess_ms,2_7_r01_t1,215,1780388174533749187,214.969061879,3.418
preprocess_ms,2_7_r01_t1,216,1780388175494969806,215.93028249800003,5.283
preprocess_ms,2_7_r01_t1,217,1780388176494340580,216.92965327200002,3.04
preprocess_ms,2_7_r01_t1,218,1780388177542379625,217.97769231700002,3.43
preprocess_ms,2_7_r01_t1,219,1780388178518140644,218.95345333600002,4.014
preprocess_ms,2_7_r01_t1,220,1780388179507382902,219.942695594,4.201
preprocess_ms,2_7_r01_t1,221,1780388180496592137,220.93190482900002,3.121
preprocess_ms,2_7_r01_t1,222,1780388181493814266,221.929126958,4.177
preprocess_ms,2_7_r01_t1,223,1780388182496360491,222.93167318300002,4.283
preprocess_ms,2_7_r01_t1,224,1780388183534728335,223.970041027,4.291
preprocess_ms,2_7_r01_t1,225,1780388184539657620,224.974970312,4.322
preprocess_ms,2_7_r01_t1,226,1780388185503344964,225.938657656,3.193
preprocess_ms,2_7_r01_t1,227,1780388186514436698,226.94974939000002,3.489
preprocess_ms,2_7_r01_t1,228,1780388187498828061,227.934140753,3.675
preprocess_ms,2_7_r01_t1,229,1780388188497534338,228.93284703,3.236
preprocess_ms,2_7_r01_t1,230,1780388189530437507,229.965750199,3.473
preprocess_ms,2_7_r01_t1,231,1780388190496624362,230.931937054,3.138
preprocess_ms,2_7_r01_t1,232,1780388191498392545,231.93370523700003,4.229
preprocess_ms,2_7_r01_t1,233,1780388192525118936,232.960431628,3.923
preprocess_ms,2_7_r01_t1,234,1780388193495996144,233.93130883600003,3.401
preprocess_ms,2_7_r01_t1,235,1780388194512591979,234.947904671,3.62
preprocess_ms,2_7_r01_t1,236,1780388195504682403,235.93999509500003,4.298
preprocess_ms,2_7_r01_t1,237,1780388196513944261,236.949256953,3.245
preprocess_ms,2_7_r01_t1,238,1780388197492866538,237.92817923,3.461
preprocess_ms,2_7_r01_t1,239,1780388198507373080,238.942685772,4.98
preprocess_ms,2_7_r01_t1,240,1780388199509132019,239.94444471100002,4.835
preprocess_ms,2_7_r01_t1,241,1780388200518000367,240.953313059,4.17
preprocess_ms,2_7_r01_t1,242,1780388201538960416,241.974273108,4.128
preprocess_ms,2_7_r01_t1,243,1780388202516689592,242.952002284,1.673
preprocess_ms,2_7_r01_t1,244,1780388203499390398,243.93470309000003,4.396
preprocess_ms,2_7_r01_t1,245,1780388204498345452,244.93365814400002,3.136
preprocess_ms,2_7_r01_t1,246,1780388205530289462,245.965602154,3.835
preprocess_ms,2_7_r01_t1,247,1780388206534751501,246.970064193,1.746
preprocess_ms,2_7_r01_t1,248,1780388207519958123,247.955270815,4.751
preprocess_ms,2_7_r01_t1,249,1780388208523321340,248.95863403200002,3.71
preprocess_ms,2_7_r01_t1,250,1780388209498233597,249.93354628900002,3.376
preprocess_ms,2_7_r01_t1,251,1780388210537288742,250.972601434,3.976
preprocess_ms,2_7_r01_t1,252,1780388211507848787,251.94316147900003,4.818
preprocess_ms,2_7_r01_t1,253,1780388212532187314,252.96750000600002,5.43
preprocess_ms,2_7_r01_t1,254,1780388213486905203,253.92221789500002,3.199
preprocess_ms,2_7_r01_t1,255,1780388214521486246,254.95679893800002,3.71
preprocess_ms,2_7_r01_t1,256,1780388215501603902,255.93691659400002,3.611
preprocess_ms,2_7_r01_t1,257,1780388216490826129,256.926138821,3.918
preprocess_ms,2_7_r01_t1,258,1780388217518532153,257.953844845,3.765
preprocess_ms,2_7_r01_t1,259,1780388218493776002,258.92908869400003,4.735
preprocess_ms,2_7_r01_t1,260,1780388219497224160,259.932536852,3.594
preprocess_ms,2_7_r01_t1,261,1780388220521920235,260.957232927,3.807
preprocess_ms,2_7_r01_t1,262,1780388221496497243,261.931809935,3.582
preprocess_ms,2_7_r01_t1,263,1780388222503187148,262.93849984,3.101
preprocess_ms,2_7_r01_t1,264,1780388223510924392,263.946237084,3.124
preprocess_ms,2_7_r01_t1,265,1780388224518300079,264.953612771,4.034
preprocess_ms,2_7_r01_t1,266,1780388225539021474,265.974334166,2.94
preprocess_ms,2_7_r01_t1,267,1780388226518817940,266.95413063200004,4.715
preprocess_ms,2_7_r01_t1,268,1780388227519318350,267.954631042,4.872
preprocess_ms,2_7_r01_t1,269,1780388228519604153,268.954916845,3.746
preprocess_ms,2_7_r01_t1,270,1780388229534417112,269.969729804,4.299
preprocess_ms,2_7_r01_t1,271,1780388230499248493,270.934561185,3.864
preprocess_ms,2_7_r01_t1,272,1780388231528025125,271.963337817,4.142
preprocess_ms,2_7_r01_t1,273,1780388232521700879,272.957013571,3.656
preprocess_ms,2_7_r01_t1,274,1780388233510118583,273.94543127500003,3.904
preprocess_ms,2_7_r01_t1,275,1780388234518720239,274.95403293100003,3.65
preprocess_ms,2_7_r01_t1,276,1780388235523144301,275.958456993,4.639
preprocess_ms,2_7_r01_t1,277,1780388236502438748,276.93775144,4.49
preprocess_ms,2_7_r01_t1,278,1780388237523285124,277.958597816,4.429
preprocess_ms,2_7_r01_t1,279,1780388238511116003,278.946428695,3.744
preprocess_ms,2_7_r01_t1,280,1780388239526057788,279.96137048,3.898
preprocess_ms,2_7_r01_t1,281,1780388240532553786,280.967866478,4.309
preprocess_ms,2_7_r01_t1,282,1780388241504738930,281.940051622,3.718
preprocess_ms,2_7_r01_t1,283,1780388242518722289,282.954034981,3.75
preprocess_ms,2_7_r01_t1,284,1780388243526495335,283.961808027,4.962
preprocess_ms,2_7_r01_t1,285,1780388244522511753,284.957824445,3.791
preprocess_ms,2_7_r01_t1,286,1780388245511773466,285.947086158,7.111
preprocess_ms,2_7_r01_t1,287,1780388246543511728,286.97882442,3.398
preprocess_ms,2_7_r01_t1,288,1780388247536568075,287.971880767,3.726
preprocess_ms,2_7_r01_t1,289,1780388248499886657,288.935199349,2.952
preprocess_ms,2_7_r01_t1,290,1780388249500830631,289.936143323,3.363
preprocess_ms,2_7_r01_t1,291,1780388250499905604,290.935218296,4.866
preprocess_ms,2_7_r01_t1,292,1780388251513045665,291.948358357,3.685
preprocess_ms,2_7_r01_t1,293,1780388252516207374,292.951520066,3.401
preprocess_ms,2_7_r01_t1,294,1780388253497316765,293.932629457,5.88
preprocess_ms,2_7_r01_t1,295,1780388254517879115,294.953191807,4.667
preprocess_ms,2_7_r01_t1,296,1780388255496616971,295.931929663,3.542
preprocess_ms,2_7_r01_t1,297,1780388256502766429,296.93807912100004,3.426
preprocess_ms,2_7_r01_t1,298,1780388257498449366,297.933762058,3.944
preprocess_ms,2_7_r01_t1,299,1780388258518338144,298.953650836,4.187
preprocess_ms,2_7_r01_t1,300,1780388259523532987,299.95884567900004,5.201
preprocess_ms,2_7_r01_t1,301,1780388260544927854,300.980240546,4.204
preprocess_ms,2_7_r01_t1,302,1780388261504152606,301.939465298,4.028
preprocess_ms,2_7_r01_t1,303,1780388262518435848,302.95374854,4.552
preprocess_ms,2_7_r01_t1,304,1780388263519077831,303.95439052300003,4.045
preprocess_ms,2_7_r01_t1,305,1780388264503342714,304.938655406,3.848
preprocess_ms,2_7_r01_t1,306,1780388265534827459,305.970140151,4.345
preprocess_ms,2_7_r01_t1,307,1780388266532963505,306.968276197,4.447
preprocess_ms,2_7_r01_t1,308,1780388267508749885,307.944062577,4.371
preprocess_ms,2_7_r01_t1,309,1780388268497434760,308.932747452,4.642
preprocess_ms,2_7_r01_t1,310,1780388269498530875,309.933843567,3.466
preprocess_ms,2_7_r01_t1,311,1780388270509523532,310.944836224,3.091
preprocess_ms,2_7_r01_t1,312,1780388271500049214,311.935361906,3.976
preprocess_ms,2_7_r01_t1,313,1780388272521590869,312.95690356100005,4.361
preprocess_ms,2_7_r01_t1,314,1780388273519312393,313.95462508500003,3.02
preprocess_ms,2_7_r01_t1,315,1780388274521859167,314.957171859,1.98
preprocess_ms,2_7_r01_t1,316,1780388275530872951,315.966185643,4.151
preprocess_ms,2_7_r01_t1,317,1780388276530699497,316.966012189,4.887
preprocess_ms,2_7_r01_t1,318,1780388277531217270,317.96652996200004,2.208
preprocess_ms,2_7_r01_t1,319,1780388278507262062,318.942574754,4.499
preprocess_ms,2_7_r01_t1,320,1780388279526728984,319.962041676,4.059
preprocess_ms,2_7_r01_t1,321,1780388280527017735,320.96233042700004,4.435
preprocess_ms,2_7_r01_t1,322,1780388281491089533,321.926402225,3.798
preprocess_ms,2_7_r01_t1,323,1780388282524610045,322.959922737,3.085
preprocess_ms,2_7_r01_t1,324,1780388283506826009,323.94213870100003,3.292
preprocess_ms,2_7_r01_t1,325,1780388284494511609,324.929824301,4.89
preprocess_ms,2_7_r01_t1,326,1780388285500781102,325.93609379400004,2.914
preprocess_ms,2_7_r01_t1,327,1780388286504940690,326.94025338200004,4.681
preprocess_ms,2_7_r01_t1,328,1780388287527940959,327.963253651,3.431
preprocess_ms,2_7_r01_t1,329,1780388288495725692,328.93103838400003,5.158
preprocess_ms,2_7_r01_t1,330,1780388289522197669,329.957510361,3.592
preprocess_ms,2_7_r01_t1,331,1780388290501620165,330.93693285700004,3.725
preprocess_ms,2_7_r01_t1,332,1780388291496737127,331.93204981900004,3.326
preprocess_ms,2_7_r01_t1,333,1780388292507546754,332.942859446,3.955
preprocess_ms,2_7_r01_t1,334,1780388293520892332,333.95620502400004,4.424
preprocess_ms,2_7_r01_t1,335,1780388294511806083,334.94711877500004,3.18
preprocess_ms,2_7_r01_t1,336,1780388295504965386,335.940278078,3.525
preprocess_ms,2_7_r01_t1,337,1780388296524623431,336.95993612300003,4.358
preprocess_ms,2_7_r01_t1,338,1780388297545623102,337.980935794,3.478
preprocess_ms,2_7_r01_t1,339,1780388298500489162,338.93580185400003,4.091
preprocess_ms,2_7_r01_t1,340,1780388299509347975,339.944660667,4.147
preprocess_ms,2_7_r01_t1,341,1780388300508386858,340.94369955,4.419
preprocess_ms,2_7_r01_t1,342,1780388301516331783,341.951644475,3.677
preprocess_ms,2_7_r01_t1,343,1780388302507615077,342.942927769,4.925
preprocess_ms,2_7_r01_t1,344,1780388303505549535,343.940862227,4.71
preprocess_ms,2_7_r01_t1,345,1780388304506538479,344.941851171,3.758
preprocess_ms,2_7_r01_t1,346,1780388305512298215,345.947610907,4.678
preprocess_ms,2_7_r01_t1,347,1780388306510325820,346.945638512,4.442
preprocess_ms,2_7_r01_t1,348,1780388307505036920,347.94034961200003,1.89
preprocess_ms,2_7_r01_t1,349,1780388308493906818,348.92921951,4.111
preprocess_ms,2_7_r01_t1,350,1780388309535376057,349.97068874900003,3.689
preprocess_ms,2_7_r01_t1,351,1780388310529938594,350.965251286,3.153
preprocess_ms,2_7_r01_t1,352,1780388311512229252,351.947541944,4.634
preprocess_ms,2_7_r01_t1,353,1780388312519446890,352.954759582,3.536
preprocess_ms,2_7_r01_t1,354,1780388313505034540,353.940347232,3.484
preprocess_ms,2_7_r01_t1,355,1780388314540548196,354.975860888,4.034
preprocess_ms,2_7_r01_t1,356,1780388315505376440,355.94068913200005,3.962
preprocess_ms,2_7_r01_t1,357,1780388316514786116,356.950098808,4.267
preprocess_ms,2_7_r01_t1,358,1780388317500709934,357.936022626,3.598
preprocess_ms,2_7_r01_t1,359,1780388318513231362,358.948544054,4.393
preprocess_ms,2_7_r01_t1,360,1780388319499401941,359.934714633,4.443
preprocess_ms,2_7_r01_t1,361,1780388320531484922,360.96679761400003,4.253
preprocess_ms,2_7_r01_t1,362,1780388321505355916,361.940668608,3.142
preprocess_ms,2_7_r01_t1,363,1780388322497034021,362.932346713,1.993
preprocess_ms,2_7_r01_t1,364,1780388323503460477,363.938773169,4.407
preprocess_ms,2_7_r01_t1,365,1780388324503931051,364.939243743,3.626
preprocess_ms,2_7_r01_t1,366,1780388325514401842,365.949714534,3.648
preprocess_ms,2_7_r01_t1,367,1780388326506620989,366.941933681,3.845
preprocess_ms,2_7_r01_t1,368,1780388327506290863,367.94160355500003,3.637
preprocess_ms,2_7_r01_t1,369,1780388328502205826,368.93751851800005,1.781
preprocess_ms,2_7_r01_t1,370,1780388329533232884,369.968545576,3.626
preprocess_ms,2_7_r01_t1,371,1780388330500674205,370.935986897,4.537
preprocess_ms,2_7_r01_t1,372,1780388331502670661,371.93798335300005,3.951
preprocess_ms,2_7_r01_t1,373,1780388332528383012,372.96369570400003,3.395
preprocess_ms,2_7_r01_t1,374,1780388333529120134,373.964432826,3.864
preprocess_ms,2_7_r01_t1,375,1780388334529701320,374.96501401200004,3.703
preprocess_ms,2_7_r01_t1,376,1780388335505661031,375.940973723,3.533
preprocess_ms,2_7_r01_t1,377,1780388336513795281,376.949107973,2.704
preprocess_ms,2_7_r01_t1,378,1780388337509392889,377.94470558100005,3.313
preprocess_ms,2_7_r01_t1,379,1780388338496655529,378.93196822100003,3.294
preprocess_ms,2_7_r01_t1,380,1780388339510703977,379.946016669,3.388
preprocess_ms,2_7_r01_t1,381,1780388340491981292,380.927293984,3.823
preprocess_ms,2_7_r01_t1,382,1780388341495876885,381.931189577,3.808
preprocess_ms,2_7_r01_t1,383,1780388342535937856,382.971250548,3.653
preprocess_ms,2_7_r01_t1,384,1780388343516214908,383.9515276,4.198
preprocess_ms,2_7_r01_t1,385,1780388344509361639,384.94467433100004,3.86
preprocess_ms,2_7_r01_t1,386,1780388345507162311,385.942475003,4.116
preprocess_ms,2_7_r01_t1,387,1780388346572442522,387.00775521400004,4.345
preprocess_ms,2_7_r01_t1,388,1780388347511723597,387.94703628900004,4.216
preprocess_ms,2_7_r01_t1,389,1780388348505296422,388.94060911400004,4.25
preprocess_ms,2_7_r01_t1,390,1780388349530739173,389.966051865,5.602
preprocess_ms,2_7_r01_t1,391,1780388350503204817,390.938517509,2.957
preprocess_ms,2_7_r01_t1,392,1780388351502418329,391.93773102100005,3.718
preprocess_ms,2_7_r01_t1,393,1780388352535381561,392.97069425300003,12.924
preprocess_ms,2_7_r01_t1,394,1780388353508917971,393.94423066300004,4.592
preprocess_ms,2_7_r01_t1,395,1780388354527076909,394.96238960100004,3.693
preprocess_ms,2_7_r01_t1,396,1780388355533069866,395.96838255800003,5.107
preprocess_ms,2_7_r01_t1,397,1780388356492645278,396.92795797,3.894
preprocess_ms,2_7_r01_t1,398,1780388357528221220,397.963533912,3.196
preprocess_ms,2_7_r01_t1,399,1780388358505750428,398.94106312,3.527
preprocess_ms,2_7_r01_t1,400,1780388359516806006,399.95211869800005,3.9
preprocess_ms,2_7_r01_t1,401,1780388360492417588,400.92773028000005,2.791
preprocess_ms,2_7_r01_t1,402,1780388361517318569,401.952631261,4.31
preprocess_ms,2_7_r01_t1,403,1780388362507225081,402.942537773,3.165
preprocess_ms,2_7_r01_t1,404,1780388363507497577,403.942810269,3.442
preprocess_ms,2_7_r01_t1,405,1780388364499393150,404.934705842,2.94
preprocess_ms,2_7_r01_t1,406,1780388365495759378,405.93107207,3.764
preprocess_ms,2_7_r01_t1,407,1780388366499590190,406.934902882,3.52
preprocess_ms,2_7_r01_t1,408,1780388367506166045,407.941478737,3.562
preprocess_ms,2_7_r01_t1,409,1780388368496103701,408.931416393,3.769
preprocess_ms,2_7_r01_t1,410,1780388369511637282,409.946949974,4.131
preprocess_ms,2_7_r01_t1,411,1780388370500653836,410.93596652800005,4.986
preprocess_ms,2_7_r01_t1,412,1780388371522464735,411.95777742700005,3.71
preprocess_ms,2_7_r01_t1,413,1780388372534383326,412.96969601800004,3.191
preprocess_ms,2_7_r01_t1,414,1780388373522651966,413.95796465800004,3.949
preprocess_ms,2_7_r01_t1,415,1780388374532998486,414.968311178,3.36
preprocess_ms,2_7_r01_t1,416,1780388375523981694,415.959294386,3.925
preprocess_ms,2_7_r01_t1,417,1780388376517252112,416.952564804,4.514
preprocess_ms,2_7_r01_t1,418,1780388377511102469,417.946415161,2.42
preprocess_ms,2_7_r01_t1,419,1780388378524883523,418.96019621500005,2.063
preprocess_ms,2_7_r01_t1,420,1780388379510033406,419.945346098,4.593
preprocess_ms,2_7_r01_t1,421,1780388380521210326,420.95652301800004,4.71
preprocess_ms,2_7_r01_t1,422,1780388381494903079,421.930215771,3.867
preprocess_ms,2_7_r01_t1,423,1780388382487570454,422.922883146,3.875
preprocess_ms,2_7_r01_t1,424,1780388383526864041,423.96217673300004,4.179
preprocess_ms,2_7_r01_t1,425,1780388384523241131,424.95855382300005,2.513
preprocess_ms,2_7_r01_t1,426,1780388385528032563,425.96334525500004,5.121
preprocess_ms,2_7_r01_t1,427,1780388386546341919,426.981654611,4.438
preprocess_ms,2_7_r01_t1,428,1780388387546257410,427.98157010200003,3.337
preprocess_ms,2_7_r01_t1,429,1780388388540173906,428.97548659800003,4.049
preprocess_ms,2_7_r01_t1,430,1780388389515721082,429.95103377400005,2.818
preprocess_ms,2_7_r01_t1,431,1780388390525629253,430.960941945,4.337
preprocess_ms,2_7_r01_t1,432,1780388391515785821,431.95109851300003,3.471
preprocess_ms,2_7_r01_t1,433,1780388392497543861,432.932856553,4.288
preprocess_ms,2_7_r01_t1,434,1780388393514572525,433.94988521700003,3.548
preprocess_ms,2_7_r01_t1,435,1780388394512435128,434.94774782,4.59
preprocess_ms,2_7_r01_t1,436,1780388395535906381,435.97121907300004,4.315
preprocess_ms,2_7_r01_t1,437,1780388396520825590,436.95613828200004,4.366
preprocess_ms,2_7_r01_t1,438,1780388397523933336,437.95924602800005,4.318
preprocess_ms,2_7_r01_t1,439,1780388398507979503,438.943292195,3.871
preprocess_ms,2_7_r01_t1,440,1780388399521642791,439.956955483,3.82
preprocess_ms,2_7_r01_t1,441,1780388400524783654,440.960096346,3.95
preprocess_ms,2_7_r01_t1,442,1780388401512528205,441.94784089700005,3.699
preprocess_ms,2_7_r01_t1,443,1780388402522556342,442.95786903400005,2.962
preprocess_ms,2_7_r01_t1,444,1780388403499607512,443.93492020400004,4.008
preprocess_ms,2_7_r01_t1,445,1780388404533320912,444.96863360400005,4.273
preprocess_ms,2_7_r01_t1,446,1780388405514007199,445.949319891,3.416
preprocess_ms,2_7_r01_t1,447,1780388406536432581,446.971745273,3.268
preprocess_ms,2_7_r01_t1,448,1780388407495007200,447.930319892,4.182
preprocess_ms,2_7_r01_t1,449,1780388408497199400,448.932512092,4.491
preprocess_ms,2_7_r01_t1,450,1780388409497557493,449.932870185,3.808
preprocess_ms,2_7_r01_t1,451,1780388410501598858,450.93691155000005,3.165
preprocess_ms,2_7_r01_t1,452,1780388411517737782,451.953050474,4.897
preprocess_ms,2_7_r01_t1,453,1780388412519219989,452.95453268100005,4.43
preprocess_ms,2_7_r01_t1,454,1780388413491234813,453.92654750500003,4.81
preprocess_ms,2_7_r01_t1,455,1780388414512969892,454.948282584,4.325
preprocess_ms,2_7_r01_t1,456,1780388415506212828,455.94152552,3.573
preprocess_ms,2_7_r01_t1,457,1780388416521810029,456.957122721,3.973
preprocess_ms,2_7_r01_t1,458,1780388417508730364,457.94404305600006,3.505
preprocess_ms,2_7_r01_t1,459,1780388418495819013,458.93113170500004,1.844
preprocess_ms,2_7_r01_t1,460,1780388419550642898,459.98595559,3.758
preprocess_ms,2_7_r01_t1,461,1780388420509459550,460.94477224200006,3.737
preprocess_ms,2_7_r01_t1,462,1780388421500725854,461.936038546,5.122
preprocess_ms,2_7_r01_t1,463,1780388422517912554,462.95322524600004,3.59
preprocess_ms,2_7_r01_t1,464,1780388423520023426,463.95533611800005,4.116
preprocess_ms,2_7_r01_t1,465,1780388424497095011,464.932407703,3.662
preprocess_ms,2_7_r01_t1,466,1780388425545954560,465.981267252,4.314
preprocess_ms,2_7_r01_t1,467,1780388426506727870,466.94204056200005,4.82
preprocess_ms,2_7_r01_t1,468,1780388427541478585,467.976791277,3.307
preprocess_ms,2_7_r01_t1,469,1780388428510644136,468.945956828,4.048
preprocess_ms,2_7_r01_t1,470,1780388429521019811,469.95633250300006,3.621
preprocess_ms,2_7_r01_t1,471,1780388430514066658,470.94937935,1.854
preprocess_ms,2_7_r01_t1,472,1780388431528820069,471.96413276100003,3.704
preprocess_ms,2_7_r01_t1,473,1780388432533886937,472.969199629,4.833
preprocess_ms,2_7_r01_t1,474,1780388433519839102,473.955151794,4.304
preprocess_ms,2_7_r01_t1,475,1780388434506024851,474.94133754300003,3.761
preprocess_ms,2_7_r01_t1,476,1780388435498498499,475.933811191,4.144
preprocess_ms,2_7_r01_t1,477,1780388436521849417,476.957162109,4.293
preprocess_ms,2_7_r01_t1,478,1780388437510835210,477.946147902,1.973
preprocess_ms,2_7_r01_t1,479,1780388438493406130,478.928718822,3.288
preprocess_ms,2_7_r01_t1,480,1780388439507237364,479.942550056,3.033
preprocess_ms,2_7_r01_t1,481,1780388440523776515,480.95908920700003,3.729
preprocess_ms,2_7_r01_t1,482,1780388441523264510,481.958577202,4.536
preprocess_ms,2_7_r01_t1,483,1780388442507597648,482.94291034,3.42
preprocess_ms,2_7_r01_t1,484,1780388443514454213,483.94976690500005,3.25
preprocess_ms,2_7_r01_t1,485,1780388444504693587,484.94000627900004,2.509
preprocess_ms,2_7_r01_t1,486,1780388445511251355,485.94656404700004,3.23
preprocess_ms,2_7_r01_t1,487,1780388446518116046,486.953428738,3.882
preprocess_ms,2_7_r01_t1,488,1780388447504002053,487.93931474500005,4.46
preprocess_ms,2_7_r01_t1,489,1780388448532717842,488.96803053400004,3.349
preprocess_ms,2_7_r01_t1,490,1780388449509622781,489.94493547300004,3.713
preprocess_ms,2_7_r01_t1,491,1780388450514967176,490.95027986800005,3.936
preprocess_ms,2_7_r01_t1,492,1780388451501822341,491.937135033,4.269
preprocess_ms,2_7_r01_t1,493,1780388452554405740,492.989718432,3.775
preprocess_ms,2_7_r01_t1,494,1780388453510064373,493.945377065,3.907
preprocess_ms,2_7_r01_t1,495,1780388454492960121,494.92827281300004,4.037
preprocess_ms,2_7_r01_t1,496,1780388455506163680,495.941476372,3.051
preprocess_ms,2_7_r01_t1,497,1780388456509763082,496.94507577400003,4.0
preprocess_ms,2_7_r01_t1,498,1780388457525306021,497.96061871300003,18.048
preprocess_ms,2_7_r01_t1,499,1780388458523100871,498.958413563,3.926
preprocess_ms,2_7_r01_t1,500,1780388459520115624,499.95542831600005,3.106
preprocess_ms,2_7_r01_t1,501,1780388460523781025,500.95909371700003,4.308
preprocess_ms,2_7_r01_t1,502,1780388461524071371,501.959384063,3.65
preprocess_ms,2_7_r01_t1,503,1780388462525362546,502.960675238,3.988
preprocess_ms,2_7_r01_t1,504,1780388463508532327,503.94384501900004,3.864
preprocess_ms,2_7_r01_t1,505,1780388464520903361,504.95621605300005,3.618
preprocess_ms,2_7_r01_t1,506,1780388465498519663,505.93383235500005,3.235
preprocess_ms,2_7_r01_t1,507,1780388466500671628,506.93598432000005,1.771
preprocess_ms,2_7_r01_t1,508,1780388467506172427,507.94148511900005,4.44
preprocess_ms,2_7_r01_t1,509,1780388468505031354,508.940344046,1.825
preprocess_ms,2_7_r01_t1,510,1780388469536013948,509.97132664000003,3.098
preprocess_ms,2_7_r01_t1,511,1780388470525802829,510.961115521,3.584
preprocess_ms,2_7_r01_t1,512,1780388471519225158,511.95453785,4.501
preprocess_ms,2_7_r01_t1,513,1780388472507136277,512.942448969,3.613
preprocess_ms,2_7_r01_t1,514,1780388473552125979,513.9874386710001,3.994
preprocess_ms,2_7_r01_t1,515,1780388474521946086,514.957258778,3.07
preprocess_ms,2_7_r01_t1,516,1780388475495471867,515.930784559,4.226
preprocess_ms,2_7_r01_t1,517,1780388476505809829,516.941122521,3.873
preprocess_ms,2_7_r01_t1,518,1780388477502514730,517.937827422,3.549
preprocess_ms,2_7_r01_t1,519,1780388478493732516,518.929045208,3.876
preprocess_ms,2_7_r01_t1,520,1780388479494482475,519.9297951670001,3.829
preprocess_ms,2_7_r01_t1,521,1780388480516524249,520.951836941,3.474
preprocess_ms,2_7_r01_t1,522,1780388481494037863,521.929350555,3.886
preprocess_ms,2_7_r01_t1,523,1780388482525349234,522.9606619260001,6.415
preprocess_ms,2_7_r01_t1,524,1780388483492923671,523.928236363,4.402
preprocess_ms,2_7_r01_t1,525,1780388484507329926,524.942642618,3.569
preprocess_ms,2_7_r01_t1,526,1780388485507896940,525.943209632,3.864
preprocess_ms,2_7_r01_t1,527,1780388486511266871,526.946579563,3.641
preprocess_ms,2_7_r01_t1,528,1780388487497253774,527.932566466,3.919
preprocess_ms,2_7_r01_t1,529,1780388488515865832,528.951178524,4.496
preprocess_ms,2_7_r01_t1,530,1780388489520691951,529.956004643,3.782
preprocess_ms,2_7_r01_t1,531,1780388490517058777,530.952371469,3.27
preprocess_ms,2_7_r01_t1,532,1780388491508422930,531.9437356220001,3.935
preprocess_ms,2_7_r01_t1,533,1780388492531144980,532.966457672,3.864
preprocess_ms,2_7_r01_t1,534,1780388493553758355,533.989071047,3.492
preprocess_ms,2_7_r01_t1,535,1780388494526063516,534.961376208,4.323
preprocess_ms,2_7_r01_t1,536,1780388495495666324,535.930979016,3.989
preprocess_ms,2_7_r01_t1,537,1780388496524262782,536.9595754740001,3.426
preprocess_ms,2_7_r01_t1,538,1780388497503323616,537.938636308,2.943
preprocess_ms,2_7_r01_t1,539,1780388498523535569,538.9588482610001,3.217
preprocess_ms,2_7_r01_t1,540,1780388499533374832,539.9686875240001,5.134
preprocess_ms,2_7_r01_t1,541,1780388500513674177,540.948986869,4.265
preprocess_ms,2_7_r01_t1,542,1780388501541951569,541.9772642610001,3.087
preprocess_ms,2_7_r01_t1,543,1780388502527659779,542.9629724710001,3.324
preprocess_ms,2_7_r01_t1,544,1780388503506087523,543.941400215,4.171
preprocess_ms,2_7_r01_t1,545,1780388504524658242,544.959970934,3.986
preprocess_ms,2_7_r01_t1,546,1780388505501055550,545.9363682420001,3.194
preprocess_ms,2_7_r01_t1,547,1780388506504152925,546.939465617,4.709
preprocess_ms,2_7_r01_t1,548,1780388507507584632,547.942897324,5.385
preprocess_ms,2_7_r01_t1,549,1780388508557243563,548.9925562550001,4.243
preprocess_ms,2_7_r01_t1,550,1780388509525139760,549.960452452,3.505
preprocess_ms,2_7_r01_t1,551,1780388510513297326,550.9486100180001,3.688
preprocess_ms,2_7_r01_t1,552,1780388511505214680,551.940527372,3.587
preprocess_ms,2_7_r01_t1,553,1780388512512367884,552.947680576,3.372
preprocess_ms,2_7_r01_t1,554,1780388513536118487,553.971431179,3.913
preprocess_ms,2_7_r01_t1,555,1780388514509814995,554.9451276870001,3.234
preprocess_ms,2_7_r01_t1,556,1780388515519902420,555.955215112,4.198
preprocess_ms,2_7_r01_t1,557,1780388516500748391,556.936061083,3.239
preprocess_ms,2_7_r01_t1,558,1780388517499018109,557.934330801,2.806
preprocess_ms,2_7_r01_t1,559,1780388518515241522,558.950554214,3.504
preprocess_ms,2_7_r01_t1,560,1780388519525384992,559.960697684,3.936
preprocess_ms,2_7_r01_t1,561,1780388520510727232,560.946039924,3.373
preprocess_ms,2_7_r01_t1,562,1780388521503332673,561.9386453650001,3.168
preprocess_ms,2_7_r01_t1,563,1780388522523231595,562.958544287,2.834
preprocess_ms,2_7_r01_t1,564,1780388523513612975,563.948925667,4.526
preprocess_ms,2_7_r01_t1,565,1780388524519178741,564.954491433,4.261
preprocess_ms,2_7_r01_t1,566,1780388525508123322,565.943436014,3.54
preprocess_ms,2_7_r01_t1,567,1780388526533994912,566.969307604,3.076
preprocess_ms,2_7_r01_t1,568,1780388527529156570,567.9644692620001,3.391
preprocess_ms,2_7_r01_t1,569,1780388528526286449,568.9615991410001,4.4
preprocess_ms,2_7_r01_t1,570,1780388529543633836,569.978946528,3.446
preprocess_ms,2_7_r01_t1,571,1780388530507900791,570.943213483,4.19
preprocess_ms,2_7_r01_t1,572,1780388531501578670,571.936891362,3.949
preprocess_ms,2_7_r01_t1,573,1780388532505985394,572.9412980860001,2.899
preprocess_ms,2_7_r01_t1,574,1780388533507224315,573.942537007,3.667
preprocess_ms,2_7_r01_t1,575,1780388534574138995,575.009451687,3.768
preprocess_ms,2_7_r01_t1,576,1780388535528681659,575.963994351,4.317
preprocess_ms,2_7_r01_t1,577,1780388536540142744,576.9754554360001,4.386
preprocess_ms,2_7_r01_t1,578,1780388537500693016,577.936005708,3.731
preprocess_ms,2_7_r01_t1,579,1780388538528880238,578.9641929300001,3.986
preprocess_ms,2_7_r01_t1,580,1780388539509188619,579.9445013110001,4.369
preprocess_ms,2_7_r01_t1,581,1780388540556929420,580.992242112,3.682
preprocess_ms,2_7_r01_t1,582,1780388541512026117,581.947338809,4.018
preprocess_ms,2_7_r01_t1,583,1780388542535653464,582.970966156,5.592
preprocess_ms,2_7_r01_t1,584,1780388543510407159,583.945719851,3.609
preprocess_ms,2_7_r01_t1,585,1780388544501769972,584.9370826640001,4.643
preprocess_ms,2_7_r01_t1,586,1780388545521426540,585.956739232,4.898
preprocess_ms,2_7_r01_t1,587,1780388546499841628,586.93515432,3.85
preprocess_ms,2_7_r01_t1,588,1780388547509030746,587.944343438,3.864
preprocess_ms,2_7_r01_t1,589,1780388548500024247,588.9353369390001,3.866
preprocess_ms,2_7_r01_t1,590,1780388549501268133,589.9365808250001,3.863
preprocess_ms,2_7_r01_t1,591,1780388550502970736,590.9382834280001,3.901
preprocess_ms,2_7_r01_t1,592,1780388551523818584,591.959131276,3.849
preprocess_ms,2_7_r01_t1,593,1780388552498529542,592.933842234,1.78
preprocess_ms,2_7_r01_t1,594,1780388553503755097,593.9390677890001,3.927
preprocess_ms,2_7_r01_t2,0,1780388614859346384,0.0,1.888
preprocess_ms,2_7_r01_t2,1,1780388615800570041,0.9412236570000001,4.642
preprocess_ms,2_7_r01_t2,2,1780388616792329502,1.9329831180000001,3.702
preprocess_ms,2_7_r01_t2,3,1780388617797235337,2.9378889530000003,4.042
preprocess_ms,2_7_r01_t2,4,1780388618821192028,3.9618456440000003,3.539
preprocess_ms,2_7_r01_t2,5,1780388619796767823,4.937421439,3.687
preprocess_ms,2_7_r01_t2,6,1780388620784079800,5.9247334160000005,3.841
preprocess_ms,2_7_r01_t2,7,1780388621783331817,6.923985433,4.377
preprocess_ms,2_7_r01_t2,8,1780388622807627011,7.948280627000001,4.205
preprocess_ms,2_7_r01_t2,9,1780388623811899597,8.952553213,4.092
preprocess_ms,2_7_r01_t2,10,1780388624794212347,9.934865963,3.235
preprocess_ms,2_7_r01_t2,11,1780388625774227030,10.914880646,4.21
preprocess_ms,2_7_r01_t2,12,1780388626809739181,11.950392797000001,3.839
preprocess_ms,2_7_r01_t2,13,1780388627817642363,12.958295979,3.29
preprocess_ms,2_7_r01_t2,14,1780388628802960959,13.943614575000002,3.905
preprocess_ms,2_7_r01_t2,15,1780388629791272582,14.931926198000001,3.219
preprocess_ms,2_7_r01_t2,16,1780388630791120996,15.931774612000002,4.427
preprocess_ms,2_7_r01_t2,17,1780388631783894680,16.924548296,3.145
preprocess_ms,2_7_r01_t2,18,1780388632796694207,17.937347823,3.93
preprocess_ms,2_7_r01_t2,19,1780388633808120418,18.948774034,2.057
preprocess_ms,2_7_r01_t2,20,1780388634785796717,19.926450333000002,4.978
preprocess_ms,2_7_r01_t2,21,1780388635794590108,20.935243724000003,4.104
preprocess_ms,2_7_r01_t2,22,1780388636785641767,21.926295383000003,4.014
preprocess_ms,2_7_r01_t2,23,1780388637813750893,22.954404509,3.939
preprocess_ms,2_7_r01_t2,24,1780388638808848783,23.949502399,3.502
preprocess_ms,2_7_r01_t2,25,1780388639805418472,24.946072088,5.228
preprocess_ms,2_7_r01_t2,26,1780388640791006107,25.931659723000003,4.663
preprocess_ms,2_7_r01_t2,27,1780388641808846455,26.949500071000003,2.092
preprocess_ms,2_7_r01_t2,28,1780388642808402113,27.949055729,3.056
preprocess_ms,2_7_r01_t2,29,1780388643828387402,28.969041018000002,4.355
preprocess_ms,2_7_r01_t2,30,1780388644784779554,29.92543317,3.176
preprocess_ms,2_7_r01_t2,31,1780388645794713718,30.935367334000002,4.141
preprocess_ms,2_7_r01_t2,32,1780388646798633242,31.939286858000003,4.071
preprocess_ms,2_7_r01_t2,33,1780388647791843400,32.932497016,3.51
preprocess_ms,2_7_r01_t2,34,1780388648787583645,33.928237261,3.407
preprocess_ms,2_7_r01_t2,35,1780388649807003196,34.947656812000005,4.046
preprocess_ms,2_7_r01_t2,36,1780388650785538848,35.926192464,4.602
preprocess_ms,2_7_r01_t2,37,1780388651789727689,36.930381305000004,3.668
preprocess_ms,2_7_r01_t2,38,1780388652812506997,37.953160613,5.107
preprocess_ms,2_7_r01_t2,39,1780388653778274086,38.918927702000005,3.359
preprocess_ms,2_7_r01_t2,40,1780388654798470514,39.93912413,4.79
preprocess_ms,2_7_r01_t2,41,1780388655791565825,40.932219441,3.59
preprocess_ms,2_7_r01_t2,42,1780388656822607481,41.963261097,1.816
preprocess_ms,2_7_r01_t2,43,1780388657794210070,42.934863686,3.456
preprocess_ms,2_7_r01_t2,44,1780388658807283111,43.947936727000005,4.439
preprocess_ms,2_7_r01_t2,45,1780388659824895739,44.965549355,3.368
preprocess_ms,2_7_r01_t2,46,1780388660806929838,45.947583454000004,3.897
preprocess_ms,2_7_r01_t2,47,1780388661800052118,46.940705734000005,3.925
preprocess_ms,2_7_r01_t2,48,1780388662782361147,47.923014763000005,3.501
preprocess_ms,2_7_r01_t2,49,1780388663811986722,48.952640338,3.376
preprocess_ms,2_7_r01_t2,50,1780388664774326184,49.914979800000005,3.482
preprocess_ms,2_7_r01_t2,51,1780388665796805656,50.937459272000005,3.628
preprocess_ms,2_7_r01_t2,52,1780388666803518991,51.944172607000006,3.556
preprocess_ms,2_7_r01_t2,53,1780388667822849804,52.96350342,5.01
preprocess_ms,2_7_r01_t2,54,1780388668781156405,53.921810021000006,4.789
preprocess_ms,2_7_r01_t2,55,1780388669789872369,54.930525985,3.342
preprocess_ms,2_7_r01_t2,56,1780388670806038953,55.94669256900001,3.116
preprocess_ms,2_7_r01_t2,57,1780388671821536339,56.96218995500001,3.194
preprocess_ms,2_7_r01_t2,58,1780388672814122323,57.954775939,4.055
preprocess_ms,2_7_r01_t2,59,1780388673800562053,58.941215669,3.467
preprocess_ms,2_7_r01_t2,60,1780388674779568875,59.920222491000004,3.505
preprocess_ms,2_7_r01_t2,61,1780388675800274970,60.940928586000005,4.21
preprocess_ms,2_7_r01_t2,62,1780388676804713282,61.945366898,3.496
preprocess_ms,2_7_r01_t2,63,1780388677803438538,62.944092154,4.416
preprocess_ms,2_7_r01_t2,64,1780388678781356835,63.922010451000006,4.618
preprocess_ms,2_7_r01_t2,65,1780388679782591911,64.923245527,3.444
preprocess_ms,2_7_r01_t2,66,1780388680819973296,65.96062691200001,4.183
preprocess_ms,2_7_r01_t2,67,1780388681812544876,66.953198492,4.542
preprocess_ms,2_7_r01_t2,68,1780388682783187824,67.92384144,2.171
preprocess_ms,2_7_r01_t2,69,1780388683802935393,68.94358900900001,3.68
preprocess_ms,2_7_r01_t2,70,1780388684811216686,69.951870302,5.048
preprocess_ms,2_7_r01_t2,71,1780388685785804817,70.92645843300001,3.654
preprocess_ms,2_7_r01_t2,72,1780388686790639175,71.931292791,1.725
preprocess_ms,2_7_r01_t2,73,1780388687793155343,72.933808959,5.696
preprocess_ms,2_7_r01_t2,74,1780388688788719979,73.929373595,4.397
preprocess_ms,2_7_r01_t2,75,1780388689826048010,74.966701626,3.719
preprocess_ms,2_7_r01_t2,76,1780388690809608273,75.950261889,3.863
preprocess_ms,2_7_r01_t2,77,1780388691792688504,76.93334212,3.774
preprocess_ms,2_7_r01_t2,78,1780388692782818000,77.923471616,3.304
preprocess_ms,2_7_r01_t2,79,1780388693787231049,78.92788466500001,3.787
preprocess_ms,2_7_r01_t2,80,1780388694780447126,79.92110074200001,3.845
preprocess_ms,2_7_r01_t2,81,1780388695801223604,80.94187722000001,4.137
preprocess_ms,2_7_r01_t2,82,1780388696782827299,81.923480915,4.282
preprocess_ms,2_7_r01_t2,83,1780388697786159421,82.926813037,3.529
preprocess_ms,2_7_r01_t2,84,1780388698808593512,83.94924712800001,3.73
preprocess_ms,2_7_r01_t2,85,1780388699809605453,84.95025906900001,3.322
preprocess_ms,2_7_r01_t2,86,1780388700773796901,85.914450517,3.839
preprocess_ms,2_7_r01_t2,87,1780388701807667809,86.948321425,4.495
preprocess_ms,2_7_r01_t2,88,1780388702795028287,87.935681903,4.132
preprocess_ms,2_7_r01_t2,89,1780388703809069807,88.94972342300001,2.924
preprocess_ms,2_7_r01_t2,90,1780388704801512042,89.94216565800001,3.377
preprocess_ms,2_7_r01_t2,91,1780388705785185064,90.92583868000001,3.546
preprocess_ms,2_7_r01_t2,92,1780388706785426010,91.926079626,4.345
preprocess_ms,2_7_r01_t2,93,1780388707808870536,92.94952415200001,4.531
preprocess_ms,2_7_r01_t2,94,1780388708816393603,93.957047219,5.437
preprocess_ms,2_7_r01_t2,95,1780388709801524236,94.942177852,3.737
preprocess_ms,2_7_r01_t2,96,1780388710787534968,95.92818858400001,4.253
preprocess_ms,2_7_r01_t2,97,1780388711792193997,96.932847613,3.829
preprocess_ms,2_7_r01_t2,98,1780388712797521463,97.938175079,5.993
preprocess_ms,2_7_r01_t2,99,1780388713779222745,98.91987636100001,4.051
preprocess_ms,2_7_r01_t2,100,1780388714811143875,99.95179749100001,3.312
preprocess_ms,2_7_r01_t2,101,1780388715809277302,100.949930918,3.784
preprocess_ms,2_7_r01_t2,102,1780388716788945466,101.92959908200001,3.278
preprocess_ms,2_7_r01_t2,103,1780388717817317522,102.957971138,3.746
preprocess_ms,2_7_r01_t2,104,1780388718791028854,103.93168247000001,4.458
preprocess_ms,2_7_r01_t2,105,1780388719808048497,104.94870211300001,3.439
preprocess_ms,2_7_r01_t2,106,1780388720799966352,105.94061996800001,3.943
preprocess_ms,2_7_r01_t2,107,1780388721800364187,106.94101780300001,4.709
preprocess_ms,2_7_r01_t2,108,1780388722779732950,107.920386566,4.865
preprocess_ms,2_7_r01_t2,109,1780388723790896528,108.93155014400001,3.656
preprocess_ms,2_7_r01_t2,110,1780388724780476294,109.92112991,4.214
preprocess_ms,2_7_r01_t2,111,1780388725796565636,110.937219252,4.703
preprocess_ms,2_7_r01_t2,112,1780388726805385054,111.94603867000001,3.747
preprocess_ms,2_7_r01_t2,113,1780388727791862374,112.93251599000001,3.823
preprocess_ms,2_7_r01_t2,114,1780388728822455496,113.96310911200001,4.604
preprocess_ms,2_7_r01_t2,115,1780388729805349802,114.946003418,3.947
preprocess_ms,2_7_r01_t2,116,1780388730828201316,115.96885493200001,3.246
preprocess_ms,2_7_r01_t2,117,1780388731777926047,116.918579663,3.756
preprocess_ms,2_7_r01_t2,118,1780388732787028837,117.927682453,4.064
preprocess_ms,2_7_r01_t2,119,1780388733776827271,118.91748088700001,4.004
preprocess_ms,2_7_r01_t2,120,1780388734835306549,119.975960165,5.75
preprocess_ms,2_7_r01_t2,121,1780388735819265015,120.95991863100001,3.354
preprocess_ms,2_7_r01_t2,122,1780388736775739052,121.91639266800001,3.778
preprocess_ms,2_7_r01_t2,123,1780388737818751619,122.959405235,4.108
preprocess_ms,2_7_r01_t2,124,1780388738788019851,123.92867346700001,1.882
preprocess_ms,2_7_r01_t2,125,1780388739809049410,124.94970302600001,1.982
preprocess_ms,2_7_r01_t2,126,1780388740804127677,125.944781293,4.32
preprocess_ms,2_7_r01_t2,127,1780388741793668602,126.934322218,3.972
preprocess_ms,2_7_r01_t2,128,1780388742790439826,127.931093442,3.522
preprocess_ms,2_7_r01_t2,129,1780388743801243772,128.941897388,3.602
preprocess_ms,2_7_r01_t2,130,1780388744795659784,129.93631340000002,4.033
preprocess_ms,2_7_r01_t2,131,1780388745773289800,130.913943416,4.504
preprocess_ms,2_7_r01_t2,132,1780388746798426219,131.939079835,3.877
preprocess_ms,2_7_r01_t2,133,1780388747828953642,132.969607258,4.883
preprocess_ms,2_7_r01_t2,134,1780388748783387103,133.924040719,3.864
preprocess_ms,2_7_r01_t2,135,1780388749797341454,134.93799507,4.337
preprocess_ms,2_7_r01_t2,136,1780388750788580780,135.929234396,4.706
preprocess_ms,2_7_r01_t2,137,1780388751801463666,136.942117282,3.882
preprocess_ms,2_7_r01_t2,138,1780388752802602438,137.94325605400002,3.594
preprocess_ms,2_7_r01_t2,139,1780388753788153502,138.928807118,3.382
preprocess_ms,2_7_r01_t2,140,1780388754819895641,139.960549257,4.716
preprocess_ms,2_7_r01_t2,141,1780388755795003592,140.935657208,3.598
preprocess_ms,2_7_r01_t2,142,1780388756807047039,141.947700655,2.786
preprocess_ms,2_7_r01_t2,143,1780388757794263622,142.934917238,5.272
preprocess_ms,2_7_r01_t2,144,1780388758783152221,143.923805837,4.428
preprocess_ms,2_7_r01_t2,145,1780388759820118612,144.960772228,3.785
preprocess_ms,2_7_r01_t2,146,1780388760802289794,145.94294341,3.75
preprocess_ms,2_7_r01_t2,147,1780388761784391190,146.92504480600002,3.729
preprocess_ms,2_7_r01_t2,148,1780388762798027840,147.938681456,3.304
preprocess_ms,2_7_r01_t2,149,1780388763802133186,148.942786802,4.21
preprocess_ms,2_7_r01_t2,150,1780388764785083389,149.925737005,3.255
preprocess_ms,2_7_r01_t2,151,1780388765811243851,150.951897467,4.564
preprocess_ms,2_7_r01_t2,152,1780388766798009047,151.938662663,4.055
preprocess_ms,2_7_r01_t2,153,1780388767792683268,152.933336884,3.343
preprocess_ms,2_7_r01_t2,154,1780388768811541037,153.95219465300002,3.248
preprocess_ms,2_7_r01_t2,155,1780388769797658545,154.938312161,4.075
preprocess_ms,2_7_r01_t2,156,1780388770793739913,155.934393529,3.626
preprocess_ms,2_7_r01_t2,157,1780388771809845380,156.95049899600002,1.85
preprocess_ms,2_7_r01_t2,158,1780388772785580177,157.92623379300002,4.544
preprocess_ms,2_7_r01_t2,159,1780388773803771605,158.94442522100002,4.891
preprocess_ms,2_7_r01_t2,160,1780388774778241301,159.91889491700002,3.778
preprocess_ms,2_7_r01_t2,161,1780388775821720290,160.962373906,4.063
preprocess_ms,2_7_r01_t2,162,1780388776809757159,161.95041077500002,2.045
preprocess_ms,2_7_r01_t2,163,1780388777783703215,162.924356831,3.616
preprocess_ms,2_7_r01_t2,164,1780388778809107592,163.949761208,4.167
preprocess_ms,2_7_r01_t2,165,1780388779795715599,164.936369215,3.729
preprocess_ms,2_7_r01_t2,166,1780388780786395947,165.927049563,3.948
preprocess_ms,2_7_r01_t2,167,1780388781791379830,166.93203344600002,3.784
preprocess_ms,2_7_r01_t2,168,1780388782818657871,167.959311487,4.05
preprocess_ms,2_7_r01_t2,169,1780388783790011303,168.930664919,1.682
preprocess_ms,2_7_r01_t2,170,1780388784778523359,169.919176975,4.411
preprocess_ms,2_7_r01_t2,171,1780388785795669764,170.93632338,2.947
preprocess_ms,2_7_r01_t2,172,1780388786796835730,171.937489346,4.177
preprocess_ms,2_7_r01_t2,173,1780388787824401208,172.96505482400002,3.921
preprocess_ms,2_7_r01_t2,174,1780388788810410456,173.951064072,3.801
preprocess_ms,2_7_r01_t2,175,1780388789824660198,174.965313814,3.426
preprocess_ms,2_7_r01_t2,176,1780388790796840140,175.937493756,1.943
preprocess_ms,2_7_r01_t2,177,1780388791820839294,176.96149291,3.633
preprocess_ms,2_7_r01_t2,178,1780388792806370998,177.94702461400001,3.503
preprocess_ms,2_7_r01_t2,179,1780388793778598816,178.919252432,3.769
preprocess_ms,2_7_r01_t2,180,1780388794807803023,179.948456639,2.035
preprocess_ms,2_7_r01_t2,181,1780388795784561996,180.92521561200002,4.38
preprocess_ms,2_7_r01_t2,182,1780388796789231697,181.929885313,3.668
preprocess_ms,2_7_r01_t2,183,1780388797818836922,182.959490538,4.002
preprocess_ms,2_7_r01_t2,184,1780388798819954270,183.96060788600002,3.723
preprocess_ms,2_7_r01_t2,185,1780388799791433011,184.93208662700002,3.644
preprocess_ms,2_7_r01_t2,186,1780388800813335052,185.95398866800002,4.026
preprocess_ms,2_7_r01_t2,187,1780388801813016211,186.953669827,4.08
preprocess_ms,2_7_r01_t2,188,1780388802823609422,187.964263038,4.738
preprocess_ms,2_7_r01_t2,189,1780388803790024630,188.930678246,3.547
preprocess_ms,2_7_r01_t2,190,1780388804794590312,189.935243928,3.99
preprocess_ms,2_7_r01_t2,191,1780388805825182816,190.965836432,4.09
preprocess_ms,2_7_r01_t2,192,1780388806807772177,191.948425793,5.186
preprocess_ms,2_7_r01_t2,193,1780388807798134666,192.93878828200002,4.666
preprocess_ms,2_7_r01_t2,194,1780388808803144246,193.94379786200003,3.522
preprocess_ms,2_7_r01_t2,195,1780388809807678393,194.948332009,3.068
preprocess_ms,2_7_r01_t2,196,1780388810785097057,195.925750673,4.177
preprocess_ms,2_7_r01_t2,197,1780388811820658533,196.961312149,3.377
preprocess_ms,2_7_r01_t2,198,1780388812823978850,197.964632466,3.653
preprocess_ms,2_7_r01_t2,199,1780388813797824003,198.93847761900003,3.718
preprocess_ms,2_7_r01_t2,200,1780388814793069122,199.933722738,4.168
preprocess_ms,2_7_r01_t2,201,1780388815810550232,200.951203848,2.99
preprocess_ms,2_7_r01_t2,202,1780388816784803192,201.925456808,4.703
preprocess_ms,2_7_r01_t2,203,1780388817794466382,202.935119998,2.677
preprocess_ms,2_7_r01_t2,204,1780388818787714917,203.92836853300003,3.319
preprocess_ms,2_7_r01_t2,205,1780388819790881316,204.931534932,3.495
preprocess_ms,2_7_r01_t2,206,1780388820797270150,205.937923766,3.718
preprocess_ms,2_7_r01_t2,207,1780388821802709993,206.94336360900002,3.734
preprocess_ms,2_7_r01_t2,208,1780388822790378376,207.93103199200002,3.699
preprocess_ms,2_7_r01_t2,209,1780388823788878671,208.929532287,4.148
preprocess_ms,2_7_r01_t2,210,1780388824786783840,209.927437456,3.699
preprocess_ms,2_7_r01_t2,211,1780388825815701927,210.956355543,3.11
preprocess_ms,2_7_r01_t2,212,1780388826841234065,211.98188768100002,5.055
preprocess_ms,2_7_r01_t2,213,1780388827823477478,212.964131094,1.751
preprocess_ms,2_7_r01_t2,214,1780388828785161328,213.92581494400002,4.379
preprocess_ms,2_7_r01_t2,215,1780388829802937441,214.94359105700002,4.271
preprocess_ms,2_7_r01_t2,216,1780388830779844251,215.92049786700002,4.503
preprocess_ms,2_7_r01_t2,217,1780388831804638482,216.945292098,3.845
preprocess_ms,2_7_r01_t2,218,1780388832809087211,217.949740827,3.141
preprocess_ms,2_7_r01_t2,219,1780388833800647086,218.941300702,3.629
preprocess_ms,2_7_r01_t2,220,1780388834830773041,219.97142665700002,4.055
preprocess_ms,2_7_r01_t2,221,1780388835804887707,220.94554132300001,3.42
preprocess_ms,2_7_r01_t2,222,1780388836780972629,221.92162624500003,3.83
preprocess_ms,2_7_r01_t2,223,1780388837784894382,222.925547998,3.675
preprocess_ms,2_7_r01_t2,224,1780388838806855217,223.947508833,4.048
preprocess_ms,2_7_r01_t2,225,1780388839814436929,224.95509054500002,4.108
preprocess_ms,2_7_r01_t2,226,1780388840809726618,225.95038023400002,3.954
preprocess_ms,2_7_r01_t2,227,1780388841805531992,226.946185608,5.125
preprocess_ms,2_7_r01_t2,228,1780388842790533223,227.93118683900002,3.917
preprocess_ms,2_7_r01_t2,229,1780388843791823899,228.93247751500002,3.327
preprocess_ms,2_7_r01_t2,230,1780388844841517960,229.982171576,4.402
preprocess_ms,2_7_r01_t2,231,1780388845815552685,230.956206301,4.974
preprocess_ms,2_7_r01_t2,232,1780388846792007971,231.932661587,4.166
preprocess_ms,2_7_r01_t2,233,1780388847795595130,232.93624874600002,4.703
preprocess_ms,2_7_r01_t2,234,1780388848789406274,233.93005989000002,3.584
preprocess_ms,2_7_r01_t2,235,1780388849801215261,234.94186887700002,4.044
preprocess_ms,2_7_r01_t2,236,1780388850824350604,235.96500422000003,3.913
preprocess_ms,2_7_r01_t2,237,1780388851822718512,236.963372128,3.636
preprocess_ms,2_7_r01_t2,238,1780388852786949849,237.927603465,4.62
preprocess_ms,2_7_r01_t2,239,1780388853792684371,238.93333798700002,3.835
preprocess_ms,2_7_r01_t2,240,1780388854797195836,239.93784945200002,4.2
preprocess_ms,2_7_r01_t2,241,1780388855795330175,240.935983791,4.056
preprocess_ms,2_7_r01_t2,242,1780388856826588962,241.96724257800003,3.949
preprocess_ms,2_7_r01_t2,243,1780388857819312697,242.95996631300002,2.124
preprocess_ms,2_7_r01_t2,244,1780388858792758380,243.93341199600002,2.684
preprocess_ms,2_7_r01_t2,245,1780388859787745039,244.92839865500002,2.833
preprocess_ms,2_7_r01_t2,246,1780388860800186586,245.940840202,3.481
preprocess_ms,2_7_r01_t2,247,1780388861824061772,246.964715388,5.424
preprocess_ms,2_7_r01_t2,248,1780388862801126690,247.94178030600003,3.26
preprocess_ms,2_7_r01_t2,249,1780388863796701147,248.937354763,4.505
preprocess_ms,2_7_r01_t2,250,1780388864813240499,249.95389411500003,4.462
preprocess_ms,2_7_r01_t2,251,1780388865800564511,250.941218127,3.342
preprocess_ms,2_7_r01_t2,252,1780388866804677784,251.94533140000001,4.851
preprocess_ms,2_7_r01_t2,253,1780388867811468836,252.95212245200003,3.274
preprocess_ms,2_7_r01_t2,254,1780388868797765199,253.938418815,3.863
preprocess_ms,2_7_r01_t2,255,1780388869793380120,254.934033736,4.134
preprocess_ms,2_7_r01_t2,256,1780388870789675474,255.93032909000001,4.452
preprocess_ms,2_7_r01_t2,257,1780388871795774718,256.936428334,3.653
preprocess_ms,2_7_r01_t2,258,1780388872800177282,257.940830898,3.414
preprocess_ms,2_7_r01_t2,259,1780388873784355542,258.925009158,4.16
preprocess_ms,2_7_r01_t2,260,1780388874799969975,259.940623591,3.51
preprocess_ms,2_7_r01_t2,261,1780388875814641188,260.955294804,4.31
preprocess_ms,2_7_r01_t2,262,1780388876781414676,261.922068292,3.677
preprocess_ms,2_7_r01_t2,263,1780388877810531988,262.951185604,3.888
preprocess_ms,2_7_r01_t2,264,1780388878815573973,263.95622758900004,4.088
preprocess_ms,2_7_r01_t2,265,1780388879809785249,264.950438865,3.84
preprocess_ms,2_7_r01_t2,266,1780388880792119299,265.93277291500004,4.194
preprocess_ms,2_7_r01_t2,267,1780388881806377499,266.947031115,4.344
preprocess_ms,2_7_r01_t2,268,1780388882804237331,267.94489094700003,3.652
preprocess_ms,2_7_r01_t2,269,1780388883821013801,268.961667417,3.051
preprocess_ms,2_7_r01_t2,270,1780388884793412025,269.934065641,4.147
preprocess_ms,2_7_r01_t2,271,1780388885812151726,270.95280534200003,3.863
preprocess_ms,2_7_r01_t2,272,1780388886793447137,271.934100753,3.642
preprocess_ms,2_7_r01_t2,273,1780388887785423134,272.92607675,3.079
preprocess_ms,2_7_r01_t2,274,1780388888784184831,273.924838447,4.645
preprocess_ms,2_7_r01_t2,275,1780388889793605665,274.93425928100004,4.312
preprocess_ms,2_7_r01_t2,276,1780388890807359935,275.94801355100003,3.241
preprocess_ms,2_7_r01_t2,277,1780388891785688670,276.926342286,4.287
preprocess_ms,2_7_r01_t2,278,1780388892815385974,277.95603959,4.348
preprocess_ms,2_7_r01_t2,279,1780388893795838866,278.936492482,3.488
preprocess_ms,2_7_r01_t2,280,1780388894822041247,279.962694863,3.528
preprocess_ms,2_7_r01_t2,281,1780388895804649537,280.945303153,4.056
preprocess_ms,2_7_r01_t2,282,1780388896815414082,281.956067698,3.143
preprocess_ms,2_7_r01_t2,283,1780388897811599284,282.9522529,4.591
preprocess_ms,2_7_r01_t2,284,1780388898794144562,283.934798178,4.515
preprocess_ms,2_7_r01_t2,285,1780388899788726949,284.92938056500003,3.471
preprocess_ms,2_7_r01_t2,286,1780388900798685819,285.939339435,4.385
preprocess_ms,2_7_r01_t2,287,1780388901797305666,286.937959282,3.852
preprocess_ms,2_7_r01_t2,288,1780388902791579537,287.932233153,3.401
preprocess_ms,2_7_r01_t2,289,1780388903786249036,288.926902652,3.315
preprocess_ms,2_7_r01_t2,290,1780388904819126625,289.95978024100003,3.726
preprocess_ms,2_7_r01_t2,291,1780388905811038588,290.95169220400004,4.29
preprocess_ms,2_7_r01_t2,292,1780388906801270824,291.94192444000004,3.933
preprocess_ms,2_7_r01_t2,293,1780388907802372095,292.943025711,4.961
preprocess_ms,2_7_r01_t2,294,1780388908817279620,293.95793323600003,3.938
preprocess_ms,2_7_r01_t2,295,1780388909800296336,294.94094995200004,4.224
preprocess_ms,2_7_r01_t2,296,1780388910810454274,295.95110789,3.826
preprocess_ms,2_7_r01_t2,297,1780388911793375147,296.934028763,3.67
preprocess_ms,2_7_r01_t2,298,1780388912786495398,297.927149014,4.829
preprocess_ms,2_7_r01_t2,299,1780388913788366503,298.92902011900003,3.839
preprocess_ms,2_7_r01_t2,300,1780388914808328770,299.948982386,2.872
preprocess_ms,2_7_r01_t2,301,1780388915834702304,300.97535592,3.778
preprocess_ms,2_7_r01_t2,302,1780388916787160968,301.92781458400003,3.742
preprocess_ms,2_7_r01_t2,303,1780388917779373971,302.920027587,4.003
preprocess_ms,2_7_r01_t2,304,1780388918805217922,303.945871538,3.902
preprocess_ms,2_7_r01_t2,305,1780388919819919395,304.960573011,3.894
preprocess_ms,2_7_r01_t2,306,1780388920832363487,305.973017103,4.383
preprocess_ms,2_7_r01_t2,307,1780388921805141304,306.94579492,2.966
preprocess_ms,2_7_r01_t2,308,1780388922814707654,307.95536127,4.372
preprocess_ms,2_7_r01_t2,309,1780388923791479155,308.932132771,4.474
preprocess_ms,2_7_r01_t2,310,1780388924799720712,309.940374328,3.85
preprocess_ms,2_7_r01_t2,311,1780388925805211410,310.94586502600004,3.771
preprocess_ms,2_7_r01_t2,312,1780388926807041872,311.947695488,4.475
preprocess_ms,2_7_r01_t2,313,1780388927791379274,312.93203289,3.22
preprocess_ms,2_7_r01_t2,314,1780388928794779331,313.93543294700004,3.99
preprocess_ms,2_7_r01_t2,315,1780388929791351303,314.932004919,4.237
preprocess_ms,2_7_r01_t2,316,1780388930792493082,315.93314669800003,3.552
preprocess_ms,2_7_r01_t2,317,1780388931791848182,316.93250179800003,3.463
preprocess_ms,2_7_r01_t2,318,1780388932830928459,317.971582075,4.106
preprocess_ms,2_7_r01_t2,319,1780388933795443960,318.936097576,4.496
preprocess_ms,2_7_r01_t2,320,1780388934806258844,319.94691246,3.78
preprocess_ms,2_7_r01_t2,321,1780388935841881265,320.982534881,4.484
preprocess_ms,2_7_r01_t2,322,1780388936798412942,321.93906655800004,4.331
preprocess_ms,2_7_r01_t2,323,1780388937792826903,322.933480519,4.241
preprocess_ms,2_7_r01_t2,324,1780388938834986342,323.97563995800004,3.464
preprocess_ms,2_7_r01_t2,325,1780388939783561920,324.924215536,4.096
preprocess_ms,2_7_r01_t2,326,1780388940798513315,325.93916693100005,4.856
preprocess_ms,2_7_r01_t2,327,1780388941823173769,326.963827385,3.773
preprocess_ms,2_7_r01_t2,328,1780388942808592795,327.94924641100005,3.781
preprocess_ms,2_7_r01_t2,329,1780388943784114195,328.92476781100004,4.623
preprocess_ms,2_7_r01_t2,330,1780388944803616151,329.94426976700004,4.174
preprocess_ms,2_7_r01_t2,331,1780388945819917182,330.96057079800005,4.336
preprocess_ms,2_7_r01_t2,332,1780388946796127337,331.93678095300004,3.434
preprocess_ms,2_7_r01_t2,333,1780388947819128064,332.95978168000005,1.869
preprocess_ms,2_7_r01_t2,334,1780388948834700846,333.97535446200004,4.274
preprocess_ms,2_7_r01_t2,335,1780388949796724450,334.937378066,3.69
preprocess_ms,2_7_r01_t2,336,1780388950793392698,335.934046314,2.958
preprocess_ms,2_7_r01_t2,337,1780388951815370551,336.956024167,3.558
preprocess_ms,2_7_r01_t2,338,1780388952815476299,337.956129915,3.244
preprocess_ms,2_7_r01_t2,339,1780388953798282608,338.93893622400003,3.914
preprocess_ms,2_7_r01_t2,340,1780388954828695425,339.96934904100004,4.073
preprocess_ms,2_7_r01_t2,341,1780388955790551030,340.931204646,4.816
preprocess_ms,2_7_r01_t2,342,1780388956786928347,341.927581963,3.932
preprocess_ms,2_7_r01_t2,343,1780388957832284195,342.972937811,3.085
preprocess_ms,2_7_r01_t2,344,1780388958826666025,343.967319641,3.269
preprocess_ms,2_7_r01_t2,345,1780388959789094720,344.92974833600005,3.243
preprocess_ms,2_7_r01_t2,346,1780388960810154306,345.950807922,2.308
preprocess_ms,2_7_r01_t2,347,1780388961805972876,346.946626492,3.787
preprocess_ms,2_7_r01_t2,348,1780388962823141716,347.963795332,3.294
preprocess_ms,2_7_r01_t2,349,1780388963780996097,348.921649713,4.311
preprocess_ms,2_7_r01_t2,350,1780388964800986412,349.941640028,3.977
preprocess_ms,2_7_r01_t2,351,1780388965840695824,350.98134944000003,4.76
preprocess_ms,2_7_r01_t2,352,1780388966823845039,351.964498655,4.918
preprocess_ms,2_7_r01_t2,353,1780388967814004849,352.954658465,4.426
preprocess_ms,2_7_r01_t2,354,1780388968804504723,353.94515833900005,3.994
preprocess_ms,2_7_r01_t2,355,1780388969803320218,354.943973834,3.249
preprocess_ms,2_7_r01_t2,356,1780388970805307053,355.94596066900004,4.495
preprocess_ms,2_7_r01_t2,357,1780388971815747950,356.956401566,4.237
preprocess_ms,2_7_r01_t2,358,1780388972820175059,357.960828675,4.405
preprocess_ms,2_7_r01_t2,359,1780388973808368695,358.949022311,5.092
preprocess_ms,2_7_r01_t2,360,1780388974785843859,359.926497475,4.495
preprocess_ms,2_7_r01_t2,361,1780388975787600436,360.928254052,3.378
preprocess_ms,2_7_r01_t2,362,1780388976803124122,361.943777738,8.027
preprocess_ms,2_7_r01_t2,363,1780388977813810911,362.954464527,3.207
preprocess_ms,2_7_r01_t2,364,1780388978790818195,363.931471811,3.465
preprocess_ms,2_7_r01_t2,365,1780388979819112704,364.95976632,3.03
preprocess_ms,2_7_r01_t2,366,1780388980789636666,365.93029028200004,4.052
preprocess_ms,2_7_r01_t2,367,1780388981816352397,366.957006013,4.471
preprocess_ms,2_7_r01_t2,368,1780388982805549334,367.94620295000004,3.837
preprocess_ms,2_7_r01_t2,369,1780388983794883044,368.93553666,5.984
preprocess_ms,2_7_r01_t2,370,1780388984815769245,369.956422861,3.166
preprocess_ms,2_7_r01_t2,371,1780388985787722885,370.928376501,4.519
preprocess_ms,2_7_r01_t2,372,1780388986795042514,371.93569613,4.754
preprocess_ms,2_7_r01_t2,373,1780388987785223343,372.92587695900005,1.915
preprocess_ms,2_7_r01_t2,374,1780388988796171350,373.936824966,3.932
preprocess_ms,2_7_r01_t2,375,1780388989793947473,374.934601089,4.628
preprocess_ms,2_7_r01_t2,376,1780388990813884933,375.954538549,3.502
preprocess_ms,2_7_r01_t2,377,1780388991808467848,376.94912146400003,4.174
preprocess_ms,2_7_r01_t2,378,1780388992780773482,377.92142709800004,3.916
preprocess_ms,2_7_r01_t2,379,1780388993793984638,378.93463825400005,4.03
preprocess_ms,2_7_r01_t2,380,1780388994803423253,379.944076869,4.675
preprocess_ms,2_7_r01_t2,381,1780388995810643492,380.951297108,5.049
preprocess_ms,2_7_r01_t2,382,1780388996792919490,381.93357310600004,3.408
preprocess_ms,2_7_r01_t2,383,1780388997796726274,382.93737989000005,3.689
preprocess_ms,2_7_r01_t2,384,1780388998783757835,383.924411451,3.635
preprocess_ms,2_7_r01_t2,385,1780388999796270132,384.936923748,3.639
preprocess_ms,2_7_r01_t2,386,1780389000801631336,385.942284952,3.489
preprocess_ms,2_7_r01_t2,387,1780389001806512220,386.947165836,3.237
preprocess_ms,2_7_r01_t2,388,1780389002804013310,387.944666926,3.51
preprocess_ms,2_7_r01_t2,389,1780389003791549947,388.93220356300003,3.837
preprocess_ms,2_7_r01_t2,390,1780389004781243321,389.92189693700004,3.522
preprocess_ms,2_7_r01_t2,391,1780389005821766892,390.96242050800004,4.154
preprocess_ms,2_7_r01_t2,392,1780389006792527951,391.933181567,3.887
preprocess_ms,2_7_r01_t2,393,1780389007791520532,392.932174148,4.185
preprocess_ms,2_7_r01_t2,394,1780389008796133782,393.93678739800004,3.776
preprocess_ms,2_7_r01_t2,395,1780389009808428338,394.949081954,4.624
preprocess_ms,2_7_r01_t2,396,1780389010813661022,395.954314638,3.99
preprocess_ms,2_7_r01_t2,397,1780389011786908154,396.92756177,4.593
preprocess_ms,2_7_r01_t2,398,1780389012784834209,397.925487825,3.645
preprocess_ms,2_7_r01_t2,399,1780389013801628246,398.942281862,3.768
preprocess_ms,2_7_r01_t2,400,1780389014811977301,399.952630917,3.586
preprocess_ms,2_7_r01_t2,401,1780389015790976225,400.931629841,4.232
preprocess_ms,2_7_r01_t2,402,1780389016810619486,401.951273102,4.275
preprocess_ms,2_7_r01_t2,403,1780389017798233792,402.938887408,3.767
preprocess_ms,2_7_r01_t2,404,1780389018797563388,403.938217004,4.287
preprocess_ms,2_7_r01_t2,405,1780389019793223058,404.93387667400003,4.54
preprocess_ms,2_7_r01_t2,406,1780389020815492012,405.956145628,3.897
preprocess_ms,2_7_r01_t2,407,1780389021794927659,406.935581275,3.011
preprocess_ms,2_7_r01_t2,408,1780389022797149599,407.93780321500003,4.093
preprocess_ms,2_7_r01_t2,409,1780389023814622848,408.955276464,4.371
preprocess_ms,2_7_r01_t2,410,1780389024798908459,409.939562075,3.808
preprocess_ms,2_7_r01_t2,411,1780389025782195076,410.922848692,4.464
preprocess_ms,2_7_r01_t2,412,1780389026791270733,411.93192434900004,4.288
preprocess_ms,2_7_r01_t2,413,1780389027790941396,412.931595012,2.466
preprocess_ms,2_7_r01_t2,414,1780389028813799065,413.954452681,3.648
preprocess_ms,2_7_r01_t2,415,1780389029820915402,414.96156901800003,3.995
preprocess_ms,2_7_r01_t2,416,1780389030810603224,415.95125684000004,1.864
preprocess_ms,2_7_r01_t2,417,1780389031812865894,416.95351951000004,3.554
preprocess_ms,2_7_r01_t2,418,1780389032803964405,417.94461802100005,5.001
preprocess_ms,2_7_r01_t2,419,1780389033816801449,418.95745506500003,3.689
preprocess_ms,2_7_r01_t2,420,1780389034792942717,419.933596333,3.801
preprocess_ms,2_7_r01_t2,421,1780389035796138919,420.93679253500005,4.568
preprocess_ms,2_7_r01_t2,422,1780389036787084374,421.92773799,3.398
preprocess_ms,2_7_r01_t2,423,1780389037804861795,422.94551541100003,4.423
preprocess_ms,2_7_r01_t2,424,1780389038817377874,423.95803149000005,2.034
preprocess_ms,2_7_r01_t2,425,1780389039797696047,424.93834966300005,3.632
preprocess_ms,2_7_r01_t2,426,1780389040785540933,425.926194549,3.325
preprocess_ms,2_7_r01_t2,427,1780389041791110732,426.931764348,4.286
preprocess_ms,2_7_r01_t2,428,1780389042797461861,427.93811547700005,3.42
preprocess_ms,2_7_r01_t2,429,1780389043805300428,428.945954044,3.675
preprocess_ms,2_7_r01_t2,430,1780389044786218901,429.92687251700005,3.272
preprocess_ms,2_7_r01_t2,431,1780389045795378800,430.93603241600005,3.626
preprocess_ms,2_7_r01_t2,432,1780389046827708459,431.968362075,4.177
preprocess_ms,2_7_r01_t2,433,1780389047818800206,432.959453822,2.086
preprocess_ms,2_7_r01_t2,434,1780389048805704266,433.94635788200003,4.083
preprocess_ms,2_7_r01_t2,435,1780389049818411222,434.959064838,3.79
preprocess_ms,2_7_r01_t2,436,1780389050792052177,435.932705793,3.308
preprocess_ms,2_7_r01_t2,437,1780389051833853917,436.974507533,4.552
preprocess_ms,2_7_r01_t2,438,1780389052813640644,437.95429426000004,4.308
preprocess_ms,2_7_r01_t2,439,1780389053803647175,438.94430079100005,4.501
preprocess_ms,2_7_r01_t2,440,1780389054789237642,439.92989125800005,3.925
preprocess_ms,2_7_r01_t2,441,1780389055815787127,440.95644074300003,3.969
preprocess_ms,2_7_r01_t2,442,1780389056805456847,441.946110463,4.145
preprocess_ms,2_7_r01_t2,443,1780389057820226817,442.960880433,4.155
preprocess_ms,2_7_r01_t2,444,1780389058787339638,443.927993254,4.301
preprocess_ms,2_7_r01_t2,445,1780389059807357060,444.948010676,3.978
preprocess_ms,2_7_r01_t2,446,1780389060802243387,445.94289700300004,4.461
preprocess_ms,2_7_r01_t2,447,1780389061821531921,446.96218553700004,3.975
preprocess_ms,2_7_r01_t2,448,1780389062804776925,447.945430541,3.786
preprocess_ms,2_7_r01_t2,449,1780389063791536538,448.932190154,4.182
preprocess_ms,2_7_r01_t2,450,1780389064783861615,449.92451523100004,2.715
preprocess_ms,2_7_r01_t2,451,1780389065795368753,450.936022369,3.701
preprocess_ms,2_7_r01_t2,452,1780389066808481861,451.949135477,4.393
preprocess_ms,2_7_r01_t2,453,1780389067814843126,452.95549674200004,4.07
preprocess_ms,2_7_r01_t2,454,1780389068780538113,453.92119172900004,3.472
preprocess_ms,2_7_r01_t2,455,1780389069799677426,454.940331042,3.546
preprocess_ms,2_7_r01_t2,456,1780389070817477999,455.958131615,3.248
preprocess_ms,2_7_r01_t2,457,1780389071803431671,456.944085287,3.547
preprocess_ms,2_7_r01_t2,458,1780389072797094868,457.93774848400005,3.078
preprocess_ms,2_7_r01_t2,459,1780389073805834926,458.94648854200005,3.887
preprocess_ms,2_7_r01_t2,460,1780389074804090846,459.944744462,4.143
preprocess_ms,2_7_r01_t2,461,1780389075803006922,460.943660538,4.192
preprocess_ms,2_7_r01_t2,462,1780389076789148453,461.929802069,3.951
preprocess_ms,2_7_r01_t2,463,1780389077783109621,462.923763237,3.092
preprocess_ms,2_7_r01_t2,464,1780389078797120969,463.93777458500006,4.565
preprocess_ms,2_7_r01_t2,465,1780389079786314388,464.926968004,4.407
preprocess_ms,2_7_r01_t2,466,1780389080827172742,465.967826358,4.345
preprocess_ms,2_7_r01_t2,467,1780389081789438476,466.93009209200005,3.76
preprocess_ms,2_7_r01_t2,468,1780389082815089200,467.95574281600005,3.134
preprocess_ms,2_7_r01_t2,469,1780389083831788895,468.97244251100005,3.438
preprocess_ms,2_7_r01_t2,470,1780389084816854280,469.95750789600004,4.169
preprocess_ms,2_7_r01_t2,471,1780389085827022229,470.96767584500003,3.357
preprocess_ms,2_7_r01_t2,472,1780389086818889759,471.959543375,4.282
preprocess_ms,2_7_r01_t2,473,1780389087803064776,472.94371839200005,3.459
preprocess_ms,2_7_r01_t2,474,1780389088785932965,473.92658658100004,3.786
preprocess_ms,2_7_r01_t2,475,1780389089798227861,474.93888147700005,3.669
preprocess_ms,2_7_r01_t2,476,1780389090797685595,475.938339211,5.84
preprocess_ms,2_7_r01_t2,477,1780389091813316828,476.95397044400005,3.777
preprocess_ms,2_7_r01_t2,478,1780389092793403595,477.93405721100004,3.576
preprocess_ms,2_7_r01_t2,479,1780389093808043239,478.94869685500004,4.246
preprocess_ms,2_7_r01_t2,480,1780389094802010585,479.942664201,3.999
preprocess_ms,2_7_r01_t2,481,1780389095836592614,480.97724623000005,5.533
preprocess_ms,2_7_r01_t2,482,1780389096821139472,481.96179308800004,4.293
preprocess_ms,2_7_r01_t2,483,1780389097799051761,482.93970537700005,5.144
preprocess_ms,2_7_r01_t2,484,1780389098780519967,483.92117358300004,3.92
preprocess_ms,2_7_r01_t2,485,1780389099809347977,484.950001593,3.84
preprocess_ms,2_7_r01_t2,486,1780389100796737276,485.93739089200005,4.031
preprocess_ms,2_7_r01_t2,487,1780389101809089231,486.94974284700004,4.611
preprocess_ms,2_7_r01_t2,488,1780389102792351523,487.93300513900004,4.328
preprocess_ms,2_7_r01_t2,489,1780389103833318818,488.973972434,2.078
preprocess_ms,2_7_r01_t2,490,1780389104805581507,489.946235123,4.186
preprocess_ms,2_7_r01_t2,491,1780389105828424495,490.96907811100004,3.833
preprocess_ms,2_7_r01_t2,492,1780389106788478714,491.92913233,4.588
preprocess_ms,2_7_r01_t2,493,1780389107838845589,492.979499205,3.73
preprocess_ms,2_7_r01_t2,494,1780389108800390100,493.941043716,3.37
preprocess_ms,2_7_r01_t2,495,1780389109814342253,494.954995869,3.567
preprocess_ms,2_7_r01_t2,496,1780389110789961166,495.930614782,3.467
preprocess_ms,2_7_r01_t2,497,1780389111806782434,496.94743605,4.072
preprocess_ms,2_7_r01_t2,498,1780389112797822525,497.938476141,1.953
preprocess_ms,2_7_r01_t2,499,1780389113801119932,498.941773548,4.254
preprocess_ms,2_7_r01_t2,500,1780389114789275472,499.92992908800005,4.803
preprocess_ms,2_7_r01_t2,501,1780389115792508182,500.933161798,3.973
preprocess_ms,2_7_r01_t2,502,1780389116794576229,501.93522984500004,3.399
preprocess_ms,2_7_r01_t2,503,1780389117785901056,502.926554672,4.531
preprocess_ms,2_7_r01_t2,504,1780389118799114463,503.93976807900003,4.303
preprocess_ms,2_7_r01_t2,505,1780389119813769499,504.95442311500005,3.678
preprocess_ms,2_7_r01_t2,506,1780389120826626873,505.967280489,3.229
preprocess_ms,2_7_r01_t2,507,1780389121793614789,506.934268405,4.195
preprocess_ms,2_7_r01_t2,508,1780389122791528329,507.932181945,3.685
preprocess_ms,2_7_r01_t2,509,1780389123792109931,508.93276354700004,4.113
preprocess_ms,2_7_r01_t2,510,1780389124787105690,509.92775930600004,3.892
preprocess_ms,2_7_r01_t2,511,1780389125789899670,510.930553286,4.142
preprocess_ms,2_7_r01_t2,512,1780389126814883681,511.95553729700003,4.112
preprocess_ms,2_7_r01_t2,513,1780389127799801055,512.940454671,5.157
preprocess_ms,2_7_r01_t2,514,1780389128803352008,513.944005624,3.289
preprocess_ms,2_7_r01_t2,515,1780389129795737080,514.936390696,3.367
preprocess_ms,2_7_r01_t2,516,1780389130816491253,515.957144869,4.145
preprocess_ms,2_7_r01_t2,517,1780389131792639322,516.933292938,4.075
preprocess_ms,2_7_r01_t2,518,1780389132800697618,517.9413512340001,5.103
preprocess_ms,2_7_r01_t2,519,1780389133814484119,518.955137735,4.413
preprocess_ms,2_7_r01_t2,520,1780389134783163428,519.9238170440001,4.479
preprocess_ms,2_7_r01_t2,521,1780389135809169937,520.949823553,1.884
preprocess_ms,2_7_r01_t2,522,1780389136805851548,521.9465051640001,4.829
preprocess_ms,2_7_r01_t2,523,1780389137814001661,522.954655277,4.404
preprocess_ms,2_7_r01_t2,524,1780389138821245906,523.9618995220001,3.172
preprocess_ms,2_7_r01_t2,525,1780389139803092258,524.943745874,4.116
preprocess_ms,2_7_r01_t2,526,1780389140799684430,525.9403380460001,4.067
preprocess_ms,2_7_r01_t2,527,1780389141797298967,526.9379525830001,3.71
preprocess_ms,2_7_r01_t2,528,1780389142791810367,527.932463983,4.269
preprocess_ms,2_7_r01_t2,529,1780389143837880725,528.978534341,4.003
preprocess_ms,2_7_r01_t2,530,1780389144820213390,529.9608670060001,4.249
preprocess_ms,2_7_r01_t2,531,1780389145812003366,530.952656982,3.765
preprocess_ms,2_7_r01_t2,532,1780389146804325887,531.944979503,3.672
preprocess_ms,2_7_r01_t2,533,1780389147840222134,532.98087575,4.499
preprocess_ms,2_7_r01_t2,534,1780389148802803473,533.943457089,1.971
preprocess_ms,2_7_r01_t2,535,1780389149824357219,534.965010835,5.141
preprocess_ms,2_7_r01_t2,536,1780389150788788665,535.929442281,4.804
preprocess_ms,2_7_r01_t2,537,1780389151791735461,536.932389077,4.106
preprocess_ms,2_7_r01_t2,538,1780389152814400523,537.955054139,3.1
preprocess_ms,2_7_r01_t2,539,1780389153795094424,538.93574804,3.739
preprocess_ms,2_7_r01_t2,540,1780389154804513690,539.945167306,3.58
preprocess_ms,2_7_r01_t2,541,1780389155799611022,540.940264638,4.42
preprocess_ms,2_7_r01_t2,542,1780389156829716885,541.970370501,4.191
preprocess_ms,2_7_r01_t2,543,1780389157815965606,542.9566192220001,3.824
preprocess_ms,2_7_r01_t2,544,1780389158797121190,543.937774806,3.168
preprocess_ms,2_7_r01_t2,545,1780389159791973953,544.932627569,3.646
preprocess_ms,2_7_r01_t2,546,1780389160795936657,545.936590273,3.4
preprocess_ms,2_7_r01_t2,547,1780389161791038782,546.931692398,3.754
preprocess_ms,2_7_r01_t2,548,1780389162815371036,547.956024652,6.049
preprocess_ms,2_7_r01_t2,549,1780389163842132312,548.982785928,3.861
preprocess_ms,2_7_r01_t2,550,1780389164838138887,549.978792503,1.882
preprocess_ms,2_7_r01_t2,551,1780389165811135416,550.9517890320001,3.447
preprocess_ms,2_7_r01_t2,552,1780389166820121290,551.960774906,4.31
preprocess_ms,2_7_r01_t2,553,1780389167819843225,552.960496841,3.357
preprocess_ms,2_7_r01_t2,554,1780389168806508143,553.947161759,3.93
preprocess_ms,2_7_r01_t2,555,1780389169824654392,554.9653080080001,3.093
preprocess_ms,2_7_r01_t2,556,1780389170813013042,555.9536666580001,4.165
preprocess_ms,2_7_r01_t2,557,1780389171814249805,556.954903421,3.809
preprocess_ms,2_7_r01_t2,558,1780389172791496340,557.932149956,2.948
preprocess_ms,2_7_r01_t2,559,1780389173800566629,558.9412202450001,4.605
preprocess_ms,2_7_r01_t2,560,1780389174792689528,559.933343144,3.661
preprocess_ms,2_7_r01_t2,561,1780389175797966461,560.938620077,2.963
preprocess_ms,2_7_r01_t2,562,1780389176810358328,561.951011944,3.826
preprocess_ms,2_7_r01_t2,563,1780389177832841087,562.973494703,3.898
preprocess_ms,2_7_r01_t2,564,1780389178808440946,563.949094562,3.598
preprocess_ms,2_7_r01_t2,565,1780389179796337572,564.936991188,4.491
preprocess_ms,2_7_r01_t2,566,1780389180805923108,565.946576724,4.236
preprocess_ms,2_7_r01_t2,567,1780389181790181739,566.930835355,3.173
preprocess_ms,2_7_r01_t2,568,1780389182814610064,567.95526368,4.396
preprocess_ms,2_7_r01_t2,569,1780389183810414607,568.951068223,5.347
preprocess_ms,2_7_r01_t2,570,1780389184818535782,569.959189398,4.121
preprocess_ms,2_7_r01_t2,571,1780389185821282904,570.96193652,3.302
preprocess_ms,2_7_r01_t2,572,1780389186797090180,571.9377437960001,3.835
preprocess_ms,2_7_r01_t2,573,1780389187793963561,572.9346171770001,3.954
preprocess_ms,2_7_r01_t2,574,1780389188798028328,573.938681944,4.87
preprocess_ms,2_7_r01_t2,575,1780389189857898314,574.9985519300001,3.892
preprocess_ms,2_7_r01_t2,576,1780389190783948152,575.924601768,4.196
preprocess_ms,2_7_r01_t2,577,1780389191790027048,576.9306806640001,4.157
preprocess_ms,2_7_r01_t2,578,1780389192794355419,577.935009035,3.259
preprocess_ms,2_7_r01_t2,579,1780389193792437120,578.933090736,4.418
preprocess_ms,2_7_r01_t2,580,1780389194793960438,579.934614054,4.004
preprocess_ms,2_7_r01_t2,581,1780389195816053464,580.95670708,3.534
preprocess_ms,2_7_r01_t2,582,1780389196818988072,581.959641688,4.892
preprocess_ms,2_7_r01_t2,583,1780389197857116780,582.9977703960001,3.453
preprocess_ms,2_7_r01_t2,584,1780389198795769500,583.936423116,3.583
preprocess_ms,2_7_r01_t2,585,1780389199815295382,584.955948998,4.059
preprocess_ms,2_7_r01_t2,586,1780389200782429429,585.923083045,3.563
preprocess_ms,2_7_r01_t2,587,1780389201785420295,586.926073911,3.365
preprocess_ms,2_7_r01_t2,588,1780389202798437246,587.9390908620001,4.154
preprocess_ms,2_7_r01_t2,589,1780389203792246378,588.9328999940001,4.222
preprocess_ms,2_7_r01_t2,590,1780389204791721858,589.9323754740001,3.994
preprocess_ms,2_7_r01_t2,591,1780389205789543821,590.9301974370001,3.885
preprocess_ms,2_7_r01_t2,592,1780389206797796016,591.938449632,4.048
preprocess_ms,2_7_r01_t2,593,1780389207815261862,592.9559154780001,3.977
preprocess_ms,2_7_r01_t2,594,1780389208796651394,593.93730501,3.969
preprocess_ms,2_7_r1_t1,0,1780387636034634140,0.0,10.898
preprocess_ms,2_7_r1_t1,1,1780387636119451137,0.084816997,4.15
preprocess_ms,2_7_r1_t1,2,1780387636237380761,0.20274662100000002,5.512
preprocess_ms,2_7_r1_t1,3,1780387636308549326,0.27391518600000003,6.91
preprocess_ms,2_7_r1_t1,4,1780387636419499459,0.38486531900000004,1.862
preprocess_ms,2_7_r1_t1,5,1780387636516845031,0.48221089100000003,4.765
preprocess_ms,2_7_r1_t1,6,1780387636722165169,0.6875310290000001,4.795
preprocess_ms,2_7_r1_t1,7,1780387636777758608,0.7431244680000001,6.484
preprocess_ms,2_7_r1_t1,8,1780387636840541338,0.8059071980000001,5.18
preprocess_ms,2_7_r1_t1,9,1780387636911151593,0.8765174530000001,3.979
preprocess_ms,2_7_r1_t1,10,1780387637013581211,0.9789470710000001,3.475
preprocess_ms,2_7_r1_t1,11,1780387637143210432,1.108576292,7.368
preprocess_ms,2_7_r1_t1,12,1780387637212856741,1.178222601,4.942
preprocess_ms,2_7_r1_t1,13,1780387637333884713,1.2992505730000001,5.439
preprocess_ms,2_7_r1_t1,14,1780387637430740179,1.3961060390000002,5.007
preprocess_ms,2_7_r1_t1,15,1780387637512069685,1.477435545,5.036
preprocess_ms,2_7_r1_t1,16,1780387637677196232,1.6425620920000001,2.832
preprocess_ms,2_7_r1_t1,17,1780387637705635738,1.6710015980000001,1.984
preprocess_ms,2_7_r1_t1,18,1780387637836922605,1.8022884650000002,9.796
preprocess_ms,2_7_r1_t1,19,1780387637914939043,1.880304903,4.347
preprocess_ms,2_7_r1_t1,20,1780387638032558999,1.997924859,4.753
preprocess_ms,2_7_r1_t1,21,1780387638122910702,2.0882765620000003,3.98
preprocess_ms,2_7_r1_t1,22,1780387638212495988,2.177861848,4.31
preprocess_ms,2_7_r1_t1,23,1780387638317440311,2.2828061710000003,4.643
preprocess_ms,2_7_r1_t1,24,1780387638439117352,2.404483212,2.049
preprocess_ms,2_7_r1_t1,25,1780387638512308503,2.477674363,5.006
preprocess_ms,2_7_r1_t1,26,1780387638636342406,2.601708266,3.632
preprocess_ms,2_7_r1_t1,27,1780387638718026360,2.68339222,1.733
preprocess_ms,2_7_r1_t1,28,1780387638844400032,2.809765892,5.634
preprocess_ms,2_7_r1_t1,29,1780387638926586502,2.891952362,1.82
preprocess_ms,2_7_r1_t1,30,1780387639026908555,2.9922744150000002,4.829
preprocess_ms,2_7_r1_t1,31,1780387639115134250,3.08050011,4.716
preprocess_ms,2_7_r1_t1,32,1780387639228258656,3.1936245160000003,6.907
preprocess_ms,2_7_r1_t1,33,1780387639317531020,3.28289688,1.882
preprocess_ms,2_7_r1_t1,34,1780387639439164391,3.404530251,5.37
preprocess_ms,2_7_r1_t1,35,1780387639522035808,3.4874016680000004,5.448
preprocess_ms,2_7_r1_t1,36,1780387639646882532,3.612248392,4.999
preprocess_ms,2_7_r1_t1,37,1780387639726376075,3.691741935,2.402
preprocess_ms,2_7_r1_t1,38,1780387639829952602,3.7953184620000004,7.283
preprocess_ms,2_7_r1_t1,39,1780387639973788875,3.9391547350000002,6.124
preprocess_ms,2_7_r1_t1,40,1780387640031794654,3.9971605140000004,4.847
preprocess_ms,2_7_r1_t1,41,1780387640105377584,4.0707434440000005,4.522
preprocess_ms,2_7_r1_t1,42,1780387640228811514,4.194177374000001,4.975
preprocess_ms,2_7_r1_t1,43,1780387640335164420,4.30053028,3.647
preprocess_ms,2_7_r1_t1,44,1780387640444851900,4.41021776,6.035
preprocess_ms,2_7_r1_t1,45,1780387640559776969,4.525142829,5.832
preprocess_ms,2_7_r1_t1,46,1780387640626116632,4.591482492,3.513
preprocess_ms,2_7_r1_t1,47,1780387640726521296,4.691887156,1.911
preprocess_ms,2_7_r1_t1,48,1780387640820782737,4.786148597,4.955
preprocess_ms,2_7_r1_t1,49,1780387640915421860,4.880787720000001,4.223
preprocess_ms,2_7_r1_t1,50,1780387641019100248,4.984466108,5.615
preprocess_ms,2_7_r1_t1,51,1780387641133670820,5.09903668,1.862
preprocess_ms,2_7_r1_t1,52,1780387641246833177,5.212199037,5.135
preprocess_ms,2_7_r1_t1,53,1780387641316737644,5.282103504,3.293
preprocess_ms,2_7_r1_t1,54,1780387641469978274,5.435344134,7.058
preprocess_ms,2_7_r1_t1,55,1780387641524977996,5.490343856,4.908
preprocess_ms,2_7_r1_t1,56,1780387641637321869,5.602687729,2.235
preprocess_ms,2_7_r1_t1,57,1780387641715018564,5.6803844240000005,4.132
preprocess_ms,2_7_r1_t1,58,1780387641839508366,5.804874226000001,4.771
preprocess_ms,2_7_r1_t1,59,1780387641920996814,5.886362674000001,5.613
preprocess_ms,2_7_r1_t1,60,1780387642019904872,5.985270732,5.92
preprocess_ms,2_7_r1_t1,61,1780387642118520161,6.0838860210000005,5.815
preprocess_ms,2_7_r1_t1,62,1780387642204597590,6.16996345,6.597
preprocess_ms,2_7_r1_t1,63,1780387642305552941,6.2709188010000005,4.487
preprocess_ms,2_7_r1_t1,64,1780387642409035950,6.37440181,4.101
preprocess_ms,2_7_r1_t1,65,1780387642516282972,6.481648832,4.683
preprocess_ms,2_7_r1_t1,66,1780387642609228991,6.5745948510000005,3.681
preprocess_ms,2_7_r1_t1,67,1780387642720730009,6.686095869000001,5.234
preprocess_ms,2_7_r1_t1,68,1780387642832042746,6.797408606,5.523
preprocess_ms,2_7_r1_t1,69,1780387642930657593,6.896023453000001,6.229
preprocess_ms,2_7_r1_t1,70,1780387643015144830,6.98051069,7.364
preprocess_ms,2_7_r1_t1,71,1780387643101603658,7.0669695180000005,5.767
preprocess_ms,2_7_r1_t1,72,1780387643220490741,7.185856601,4.644
preprocess_ms,2_7_r1_t1,73,1780387643320221648,7.285587508000001,3.424
preprocess_ms,2_7_r1_t1,74,1780387643403567971,7.3689338310000005,5.049
preprocess_ms,2_7_r1_t1,75,1780387643519158335,7.4845241950000005,4.839
preprocess_ms,2_7_r1_t1,76,1780387643615141041,7.580506901000001,4.391
preprocess_ms,2_7_r1_t1,77,1780387643714691683,7.680057543,5.105
preprocess_ms,2_7_r1_t1,78,1780387643815063437,7.780429297,5.21
preprocess_ms,2_7_r1_t1,79,1780387643902629962,7.867995822,5.512
preprocess_ms,2_7_r1_t1,80,1780387644001936905,7.967302765,4.288
preprocess_ms,2_7_r1_t1,81,1780387644131351293,8.096717153,4.815
preprocess_ms,2_7_r1_t1,82,1780387644216113373,8.181479233000001,3.864
preprocess_ms,2_7_r1_t1,83,1780387644322618665,8.287984525,4.985
preprocess_ms,2_7_r1_t1,84,1780387644430442777,8.395808637,6.408
preprocess_ms,2_7_r1_t1,85,1780387644517548295,8.482914155000001,2.831
preprocess_ms,2_7_r1_t1,86,1780387644628666704,8.594032564,1.915
preprocess_ms,2_7_r1_t1,87,1780387644737432320,8.70279818,2.525
preprocess_ms,2_7_r1_t1,88,1780387644832215969,8.797581829,4.246
preprocess_ms,2_7_r1_t1,89,1780387644941814382,8.907180242,5.868
preprocess_ms,2_7_r1_t1,90,1780387645013174596,8.978540456000001,5.32
preprocess_ms,2_7_r1_t1,91,1780387645115235895,9.080601755,4.927
preprocess_ms,2_7_r1_t1,92,1780387645209489971,9.174855831,4.277
preprocess_ms,2_7_r1_t1,93,1780387645307170763,9.272536623,3.488
preprocess_ms,2_7_r1_t1,94,1780387645419704716,9.385070576,4.271
preprocess_ms,2_7_r1_t1,95,1780387645508067930,9.473433790000001,5.825
preprocess_ms,2_7_r1_t1,96,1780387645619808367,9.585174227000001,5.144
preprocess_ms,2_7_r1_t1,97,1780387645708503562,9.673869422000001,4.814
preprocess_ms,2_7_r1_t1,98,1780387645796172663,9.761538523,3.832
preprocess_ms,2_7_r1_t1,99,1780387645911209505,9.876575365,5.507
preprocess_ms,2_7_r1_t1,100,1780387646050294596,10.015660456,4.167
preprocess_ms,2_7_r1_t1,101,1780387646112464281,10.077830141,3.087
preprocess_ms,2_7_r1_t1,102,1780387646200925495,10.166291355,5.847
preprocess_ms,2_7_r1_t1,103,1780387646327751056,10.293116916,3.751
preprocess_ms,2_7_r1_t1,104,1780387646444535015,10.409900875,4.267
preprocess_ms,2_7_r1_t1,105,1780387646508706050,10.474071910000001,6.565
preprocess_ms,2_7_r1_t1,106,1780387646615333802,10.580699662,4.045
preprocess_ms,2_7_r1_t1,107,1780387646740698869,10.706064729000001,4.002
preprocess_ms,2_7_r1_t1,108,1780387646805308216,10.770674076,4.769
preprocess_ms,2_7_r1_t1,109,1780387646911920205,10.877286065,4.097
preprocess_ms,2_7_r1_t1,110,1780387647113368845,11.078734705,11.846
preprocess_ms,2_7_r1_t1,111,1780387647180585035,11.145950895,3.865
preprocess_ms,2_7_r1_t1,112,1780387647243791403,11.209157263,1.841
preprocess_ms,2_7_r1_t1,113,1780387647318917272,11.284283132,4.33
preprocess_ms,2_7_r1_t1,114,1780387647411006037,11.376371897,4.466
preprocess_ms,2_7_r1_t1,115,1780387647540323988,11.505689848000001,6.474
preprocess_ms,2_7_r1_t1,116,1780387647661432890,11.62679875,6.971
preprocess_ms,2_7_r1_t1,117,1780387647767814573,11.733180433000001,4.357
preprocess_ms,2_7_r1_t1,118,1780387647812494935,11.777860795,4.856
preprocess_ms,2_7_r1_t1,119,1780387647916371778,11.881737638,8.217
preprocess_ms,2_7_r1_t1,120,1780387648007418979,11.972784839000001,7.427
preprocess_ms,2_7_r1_t1,121,1780387648109527554,12.074893414,4.801
preprocess_ms,2_7_r1_t1,122,1780387648212185346,12.177551206,2.521
preprocess_ms,2_7_r1_t1,123,1780387648305615350,12.27098121,5.086
preprocess_ms,2_7_r1_t1,124,1780387648411708959,12.377074819,3.717
preprocess_ms,2_7_r1_t1,125,1780387648517472956,12.482838816000001,4.459
preprocess_ms,2_7_r1_t1,126,1780387648604444640,12.5698105,4.102
preprocess_ms,2_7_r1_t1,127,1780387648746798176,12.712164036,5.144
preprocess_ms,2_7_r1_t1,128,1780387648834574529,12.799940389000001,4.306
preprocess_ms,2_7_r1_t1,129,1780387648929752845,12.895118705000002,6.786
preprocess_ms,2_7_r1_t1,130,1780387649023148320,12.988514180000001,4.8
preprocess_ms,2_7_r1_t1,131,1780387649116417484,13.081783344000002,6.873
preprocess_ms,2_7_r1_t1,132,1780387649209118864,13.174484724000001,4.325
preprocess_ms,2_7_r1_t1,133,1780387649327025787,13.292391647,1.747
preprocess_ms,2_7_r1_t1,134,1780387649415336154,13.380702014,5.021
preprocess_ms,2_7_r1_t1,135,1780387649513020017,13.478385877000001,3.914
preprocess_ms,2_7_r1_t1,136,1780387649621306011,13.586671871,16.937
preprocess_ms,2_7_r1_t1,137,1780387649711644301,13.677010161,5.274
preprocess_ms,2_7_r1_t1,138,1780387649839435453,13.804801313,9.418
preprocess_ms,2_7_r1_t1,139,1780387649922833538,13.888199398000001,3.688
preprocess_ms,2_7_r1_t1,140,1780387650014773101,13.980138961000002,2.742
preprocess_ms,2_7_r1_t1,141,1780387650117454484,14.082820344000002,5.355
preprocess_ms,2_7_r1_t1,142,1780387650200557048,14.165922908,4.718
preprocess_ms,2_7_r1_t1,143,1780387650339059138,14.304424998000002,6.654
preprocess_ms,2_7_r1_t1,144,1780387650430676835,14.396042695,6.626
preprocess_ms,2_7_r1_t1,145,1780387650533090260,14.49845612,4.344
preprocess_ms,2_7_r1_t1,146,1780387650628090354,14.593456214000001,5.816
preprocess_ms,2_7_r1_t1,147,1780387650720331530,14.685697390000001,5.284
preprocess_ms,2_7_r1_t1,148,1780387650820155024,14.785520884,5.181
preprocess_ms,2_7_r1_t1,149,1780387650953209586,14.918575446,5.475
preprocess_ms,2_7_r1_t1,150,1780387651028391605,14.993757465000002,5.155
preprocess_ms,2_7_r1_t1,151,1780387651119914628,15.085280488,3.95
preprocess_ms,2_7_r1_t1,152,1780387651236894648,15.202260508,3.188
preprocess_ms,2_7_r1_t1,153,1780387651332092330,15.29745819,4.508
preprocess_ms,2_7_r1_t1,154,1780387651416409494,15.381775354,3.904
preprocess_ms,2_7_r1_t1,155,1780387651528937427,15.494303287000001,5.279
preprocess_ms,2_7_r1_t1,156,1780387651616091364,15.581457224000001,4.722
preprocess_ms,2_7_r1_t1,157,1780387651731252402,15.696618262000001,4.706
preprocess_ms,2_7_r1_t1,158,1780387651813419225,15.778785085,5.45
preprocess_ms,2_7_r1_t1,159,1780387651942218230,15.90758409,4.506
preprocess_ms,2_7_r1_t1,160,1780387652038976328,16.004342188000003,1.982
preprocess_ms,2_7_r1_t1,161,1780387652151051549,16.116417409,6.203
preprocess_ms,2_7_r1_t1,162,1780387652201297545,16.166663405,5.034
preprocess_ms,2_7_r1_t1,163,1780387652304111798,16.269477658,7.311
preprocess_ms,2_7_r1_t1,164,1780387652417370342,16.382736202,3.622
preprocess_ms,2_7_r1_t1,165,1780387652507311739,16.472677599,6.738
preprocess_ms,2_7_r1_t1,166,1780387652605345490,16.57071135,3.924
preprocess_ms,2_7_r1_t1,167,1780387652708137097,16.673502957,5.719
preprocess_ms,2_7_r1_t1,168,1780387652838372925,16.803738785,5.241
preprocess_ms,2_7_r1_t1,169,1780387652938798760,16.90416462,5.916
preprocess_ms,2_7_r1_t1,170,1780387653003521558,16.968887418,7.642
preprocess_ms,2_7_r1_t1,171,1780387653118467667,17.083833527,4.894
preprocess_ms,2_7_r1_t1,172,1780387653208343841,17.173709701,4.345
preprocess_ms,2_7_r1_t1,173,1780387653306746217,17.272112077000003,5.166
preprocess_ms,2_7_r1_t1,174,1780387653435253523,17.400619383000002,5.31
preprocess_ms,2_7_r1_t1,175,1780387653520283491,17.485649351000003,5.191
preprocess_ms,2_7_r1_t1,176,1780387653629474408,17.594840268000002,5.41
preprocess_ms,2_7_r1_t1,177,1780387653741578981,17.706944841000002,6.233
preprocess_ms,2_7_r1_t1,178,1780387653806171562,17.771537422,4.471
preprocess_ms,2_7_r1_t1,179,1780387653907130731,17.872496591,6.608
preprocess_ms,2_7_r1_t1,180,1780387654004360610,17.96972647,4.252
preprocess_ms,2_7_r1_t1,181,1780387654117328292,18.082694152000002,5.346
preprocess_ms,2_7_r1_t1,182,1780387654217697231,18.183063091,4.512
preprocess_ms,2_7_r1_t1,183,1780387654323243791,18.288609651,4.977
preprocess_ms,2_7_r1_t1,184,1780387654394648668,18.360014528,2.528
preprocess_ms,2_7_r1_t1,185,1780387654543196790,18.508562650000002,5.856
preprocess_ms,2_7_r1_t1,186,1780387654613517511,18.578883371,5.512
preprocess_ms,2_7_r1_t1,187,1780387654724431430,18.68979729,4.637
preprocess_ms,2_7_r1_t1,188,1780387654821174713,18.786540573,5.826
preprocess_ms,2_7_r1_t1,189,1780387654921772784,18.887138644,5.775
preprocess_ms,2_7_r1_t1,190,1780387655010301944,18.975667804,3.951
preprocess_ms,2_7_r1_t1,191,1780387655097192223,19.062558083000003,4.009
preprocess_ms,2_7_r1_t1,192,1780387655273378300,19.23874416,5.526
preprocess_ms,2_7_r1_t1,193,1780387655341181022,19.306546882000003,3.721
preprocess_ms,2_7_r1_t1,194,1780387655406578646,19.371944506000002,3.687
preprocess_ms,2_7_r1_t1,195,1780387655530050756,19.495416616,6.379
preprocess_ms,2_7_r1_t1,196,1780387655616082944,19.581448804,4.054
preprocess_ms,2_7_r1_t1,197,1780387655711165047,19.676530907,3.786
preprocess_ms,2_7_r1_t1,198,1780387655840800387,19.806166247,5.167
preprocess_ms,2_7_r1_t1,199,1780387655916627377,19.881993237,5.608
preprocess_ms,2_7_r1_t1,200,1780387656008309048,19.973674908,6.468
preprocess_ms,2_7_r1_t1,201,1780387656113595679,20.078961539,7.668
preprocess_ms,2_7_r1_t1,202,1780387656207144690,20.172510550000002,4.55
preprocess_ms,2_7_r1_t1,203,1780387656338366434,20.303732294,4.982
preprocess_ms,2_7_r1_t1,204,1780387656431524925,20.396890785,4.074
preprocess_ms,2_7_r1_t1,205,1780387656506746112,20.472111972,5.334
preprocess_ms,2_7_r1_t1,206,1780387656648295244,20.613661104000002,3.1
preprocess_ms,2_7_r1_t1,207,1780387656725529685,20.690895545,6.459
preprocess_ms,2_7_r1_t1,208,1780387656824484647,20.789850507,3.751
preprocess_ms,2_7_r1_t1,209,1780387656958592779,20.923958639000002,5.481
preprocess_ms,2_7_r1_t1,210,1780387657017808117,20.983173977,3.804
preprocess_ms,2_7_r1_t1,211,1780387657141970873,21.107336733,4.35
preprocess_ms,2_7_r1_t1,212,1780387657243848913,21.209214773000003,5.458
preprocess_ms,2_7_r1_t1,213,1780387657313602802,21.278968662,4.05
preprocess_ms,2_7_r1_t1,214,1780387657432759972,21.398125832,5.432
preprocess_ms,2_7_r1_t1,215,1780387657521938678,21.487304538,5.121
preprocess_ms,2_7_r1_t1,216,1780387657613944783,21.579310643000003,4.762
preprocess_ms,2_7_r1_t1,217,1780387657716738727,21.682104587,5.236
preprocess_ms,2_7_r1_t1,218,1780387657804592987,21.769958847,7.216
preprocess_ms,2_7_r1_t1,219,1780387657918477792,21.883843652000003,4.321
preprocess_ms,2_7_r1_t1,220,1780387657999887570,21.96525343,4.597
preprocess_ms,2_7_r1_t1,221,1780387658104343383,22.069709243000002,4.077
preprocess_ms,2_7_r1_t1,222,1780387658216078777,22.181444637000002,3.966
preprocess_ms,2_7_r1_t1,223,1780387658308691783,22.274057643000003,3.843
preprocess_ms,2_7_r1_t1,224,1780387658426217252,22.391583112000003,5.214
preprocess_ms,2_7_r1_t1,225,1780387658538681247,22.504047107,4.723
preprocess_ms,2_7_r1_t1,226,1780387658619090236,22.584456096,4.346
preprocess_ms,2_7_r1_t1,227,1780387658706866175,22.672232035,3.104
preprocess_ms,2_7_r1_t1,228,1780387658799785091,22.765150951000003,4.764
preprocess_ms,2_7_r1_t1,229,1780387658924422640,22.8897885,5.916
preprocess_ms,2_7_r1_t1,230,1780387659052770776,23.018136636,5.917
preprocess_ms,2_7_r1_t1,231,1780387659138512356,23.103878216000002,8.493
preprocess_ms,2_7_r1_t1,232,1780387659212376353,23.177742213000002,4.944
preprocess_ms,2_7_r1_t1,233,1780387659314412625,23.279778485,4.918
preprocess_ms,2_7_r1_t1,234,1780387659441322185,23.406688045000003,6.284
preprocess_ms,2_7_r1_t1,235,1780387659528749558,23.494115418,4.14
preprocess_ms,2_7_r1_t1,236,1780387659650838698,23.616204558,1.918
preprocess_ms,2_7_r1_t1,237,1780387659718020658,23.683386518000002,5.227
preprocess_ms,2_7_r1_t1,238,1780387659840522128,23.805887988000002,6.013
preprocess_ms,2_7_r1_t1,239,1780387659923890669,23.889256529,1.953
preprocess_ms,2_7_r1_t1,240,1780387660012217560,23.977583420000002,4.359
preprocess_ms,2_7_r1_t1,241,1780387660118632150,24.083998010000002,4.958
preprocess_ms,2_7_r1_t1,242,1780387660212081123,24.177446983000003,5.99
preprocess_ms,2_7_r1_t1,243,1780387660311786079,24.277151939000003,5.029
preprocess_ms,2_7_r1_t1,244,1780387660430271436,24.395637296,4.379
preprocess_ms,2_7_r1_t1,245,1780387660541401671,24.506767531,11.384
preprocess_ms,2_7_r1_t1,246,1780387660601449280,24.566815140000003,4.203
preprocess_ms,2_7_r1_t1,247,1780387660724245908,24.689611768000002,4.023
preprocess_ms,2_7_r1_t1,248,1780387660799853611,24.765219471,4.3
preprocess_ms,2_7_r1_t1,249,1780387660926903491,24.892269351000003,4.783
preprocess_ms,2_7_r1_t1,250,1780387661030663123,24.996028983000002,1.988
preprocess_ms,2_7_r1_t1,251,1780387661118623695,25.083989555000002,4.817
preprocess_ms,2_7_r1_t1,252,1780387661226207433,25.191573293,2.466
preprocess_ms,2_7_r1_t1,253,1780387661341050856,25.306416716,7.126
preprocess_ms,2_7_r1_t1,254,1780387661399033801,25.364399661,3.403
preprocess_ms,2_7_r1_t1,255,1780387661536654158,25.502020018000003,5.258
preprocess_ms,2_7_r1_t1,256,1780387661614322154,25.579688014000002,4.893
preprocess_ms,2_7_r1_t1,257,1780387661697418462,25.662784322,3.679
preprocess_ms,2_7_r1_t1,258,1780387661840064610,25.80543047,5.755
preprocess_ms,2_7_r1_t1,259,1780387661934404242,25.899770102,4.557
preprocess_ms,2_7_r1_t1,260,1780387662027257110,25.992622970000003,4.791
preprocess_ms,2_7_r1_t1,261,1780387662119342681,26.084708541,3.508
preprocess_ms,2_7_r1_t1,262,1780387662235957366,26.201323226000003,4.291
preprocess_ms,2_7_r1_t1,263,1780387662324074320,26.289440180000003,4.937
preprocess_ms,2_7_r1_t1,264,1780387662411202478,26.376568338000002,5.296
preprocess_ms,2_7_r1_t1,265,1780387662527133288,26.492499148,4.724
preprocess_ms,2_7_r1_t1,266,1780387662619248860,26.58461472,4.063
preprocess_ms,2_7_r1_t1,267,1780387662722976769,26.688342629,5.305
preprocess_ms,2_7_r1_t1,268,1780387662827219136,26.792584996000002,5.413
preprocess_ms,2_7_r1_t1,269,1780387662921676551,26.887042411000003,4.095
preprocess_ms,2_7_r1_t1,270,1780387663039612525,27.004978385,5.052
preprocess_ms,2_7_r1_t1,271,1780387663114913751,27.080279611,5.05
preprocess_ms,2_7_r1_t1,272,1780387663213668811,27.179034671,3.598
preprocess_ms,2_7_r1_t1,273,1780387663293501848,27.258867708,4.404
preprocess_ms,2_7_r1_t1,274,1780387663420368716,27.385734576,4.926
preprocess_ms,2_7_r1_t1,275,1780387663525178157,27.490544017,4.684
preprocess_ms,2_7_r1_t1,276,1780387663641287855,27.606653715,5.038
preprocess_ms,2_7_r1_t1,277,1780387663710318717,27.675684577000002,4.365
preprocess_ms,2_7_r1_t1,278,1780387663822587290,27.787953150000003,4.983
preprocess_ms,2_7_r1_t1,279,1780387663896558606,27.861924466,4.201
preprocess_ms,2_7_r1_t1,280,1780387664014313943,27.979679803000003,5.043
preprocess_ms,2_7_r1_t1,281,1780387664101194252,28.066560112,5.828
preprocess_ms,2_7_r1_t1,282,1780387664242424061,28.207789921000003,5.196
preprocess_ms,2_7_r1_t1,283,1780387664314330506,28.279696366000003,1.885
preprocess_ms,2_7_r1_t1,284,1780387664448324904,28.413690764000002,5.979
preprocess_ms,2_7_r1_t1,285,1780387664527669361,28.493035221000003,6.13
preprocess_ms,2_7_r1_t1,286,1780387664604396506,28.569762366000003,6.361
preprocess_ms,2_7_r1_t1,287,1780387664713019144,28.678385004000003,1.911
preprocess_ms,2_7_r1_t1,288,1780387664800616614,28.765982474,4.463
preprocess_ms,2_7_r1_t1,289,1780387664918725577,28.884091437000002,5.5
preprocess_ms,2_7_r1_t1,290,1780387665011063336,28.976429196,5.632
preprocess_ms,2_7_r1_t1,291,1780387665147947656,29.113313516,5.669
preprocess_ms,2_7_r1_t1,292,1780387665230027539,29.195393399,3.766
preprocess_ms,2_7_r1_t1,293,1780387665353666692,29.319032552000003,1.875
preprocess_ms,2_7_r1_t1,294,1780387665421326087,29.386691947000003,4.715
preprocess_ms,2_7_r1_t1,295,1780387665512672985,29.478038845,4.19
preprocess_ms,2_7_r1_t1,296,1780387665626356288,29.591722148000002,3.924
preprocess_ms,2_7_r1_t1,297,1780387665712296905,29.677662765,2.645
preprocess_ms,2_7_r1_t1,298,1780387665797894216,29.763260076,5.282
preprocess_ms,2_7_r1_t1,299,1780387665902632378,29.867998238000002,4.669
preprocess_ms,2_7_r1_t1,300,1780387666032049897,29.997415757000002,4.87
preprocess_ms,2_7_r1_t1,301,1780387666110999655,30.076365515000003,4.693
preprocess_ms,2_7_r1_t1,302,1780387666232496854,30.197862714000003,5.031
preprocess_ms,2_7_r1_t1,303,1780387666314798016,30.280163876000003,3.94
preprocess_ms,2_7_r1_t1,304,1780387666407380662,30.372746522000003,4.285
preprocess_ms,2_7_r1_t1,305,1780387666520105567,30.485471427,5.682
preprocess_ms,2_7_r1_t1,306,1780387666617924333,30.583290193000003,3.976
preprocess_ms,2_7_r1_t1,307,1780387666711558183,30.676924043000003,3.063
preprocess_ms,2_7_r1_t1,308,1780387666820277742,30.785643602,6.403
preprocess_ms,2_7_r1_t1,309,1780387666904748013,30.870113873,6.112
preprocess_ms,2_7_r1_t1,310,1780387667046713476,31.012079336000003,1.852
preprocess_ms,2_7_r1_t1,311,1780387667118354591,31.083720451,22.614
preprocess_ms,2_7_r1_t1,312,1780387667207828165,31.173194025,4.814
preprocess_ms,2_7_r1_t1,313,1780387667306841800,31.272207660000003,4.758
preprocess_ms,2_7_r1_t1,314,1780387667429189291,31.394555151000002,6.306
preprocess_ms,2_7_r1_t1,315,1780387667504035780,31.46940164,4.046
preprocess_ms,2_7_r1_t1,316,1780387667605227931,31.570593791,2.489
preprocess_ms,2_7_r1_t1,317,1780387667727166078,31.692531938000002,4.867
preprocess_ms,2_7_r1_t1,318,1780387667839623007,31.804988867000002,5.123
preprocess_ms,2_7_r1_t1,319,1780387667903247841,31.868613701,4.283
preprocess_ms,2_7_r1_t1,320,1780387667997020755,31.962386615000003,3.86
preprocess_ms,2_7_r1_t1,321,1780387668134452255,32.099818115000005,2.159
preprocess_ms,2_7_r1_t1,322,1780387668218223636,32.183589496,3.378
preprocess_ms,2_7_r1_t1,323,1780387668320334052,32.285699912000005,4.984
preprocess_ms,2_7_r1_t1,324,1780387668407661956,32.373027816000004,4.032
preprocess_ms,2_7_r1_t1,325,1780387668515135998,32.480501858000004,5.147
preprocess_ms,2_7_r1_t1,326,1780387668609341986,32.574707846,5.229
preprocess_ms,2_7_r1_t1,327,1780387668731302345,32.696668205,6.066
preprocess_ms,2_7_r1_t1,328,1780387668843562630,32.80892849,4.931
preprocess_ms,2_7_r1_t1,329,1780387668942767553,32.908133413,5.883
preprocess_ms,2_7_r1_t1,330,1780387669062047298,33.027413158,19.767
preprocess_ms,2_7_r1_t1,331,1780387669136385763,33.101751623000006,5.223
preprocess_ms,2_7_r1_t1,332,1780387669240961102,33.206326962,4.383
preprocess_ms,2_7_r1_t1,333,1780387669354575693,33.319941553,5.454
preprocess_ms,2_7_r1_t1,334,1780387669434605312,33.399971172,1.858
preprocess_ms,2_7_r1_t1,335,1780387669513598940,33.4789648,3.466
preprocess_ms,2_7_r1_t1,336,1780387669639767089,33.605132949,5.381
preprocess_ms,2_7_r1_t1,337,1780387669722074016,33.687439876,5.323
preprocess_ms,2_7_r1_t1,338,1780387669826810293,33.792176153,5.663
preprocess_ms,2_7_r1_t1,339,1780387669911408269,33.876774129000005,5.015
preprocess_ms,2_7_r1_t1,340,1780387670018357922,33.983723782000006,4.818
preprocess_ms,2_7_r1_t1,341,1780387670109612868,34.074978728000005,4.293
preprocess_ms,2_7_r1_t1,342,1780387670239764938,34.205130798,3.507
preprocess_ms,2_7_r1_t1,343,1780387670304853688,34.270219548,5.008
preprocess_ms,2_7_r1_t1,344,1780387670438869526,34.404235386,7.468
preprocess_ms,2_7_r1_t1,345,1780387670542503120,34.507868980000005,2.643
preprocess_ms,2_7_r1_t1,346,1780387670614266749,34.579632609,2.6
preprocess_ms,2_7_r1_t1,347,1780387670715636695,34.681002555,4.376
preprocess_ms,2_7_r1_t1,348,1780387670848688123,34.814053983,1.851
preprocess_ms,2_7_r1_t1,349,1780387670955937739,34.921303599000005,4.878
preprocess_ms,2_7_r1_t1,350,1780387671003128075,34.968493935000005,4.932
preprocess_ms,2_7_r1_t1,351,1780387671137056441,35.102422301000004,4.558
preprocess_ms,2_7_r1_t1,352,1780387671207520703,35.172886563,9.242
preprocess_ms,2_7_r1_t1,353,1780387671304138617,35.269504477000005,4.949
preprocess_ms,2_7_r1_t1,354,1780387671436123504,35.401489364,4.977
preprocess_ms,2_7_r1_t1,355,1780387671514570587,35.479936447,1.773
preprocess_ms,2_7_r1_t1,356,1780387671618027428,35.583393288,5.439
preprocess_ms,2_7_r1_t1,357,1780387671715055675,35.680421535,4.593
preprocess_ms,2_7_r1_t1,358,1780387671828005036,35.793370896,4.755
preprocess_ms,2_7_r1_t1,359,1780387671909928088,35.875293948,4.411
preprocess_ms,2_7_r1_t1,360,1780387672029514615,35.994880475,4.075
preprocess_ms,2_7_r1_t1,361,1780387672104148017,36.069513877000006,3.555
preprocess_ms,2_7_r1_t1,362,1780387672207393507,36.172759367000005,5.141
preprocess_ms,2_7_r1_t1,363,1780387672319535831,36.284901691,4.86
preprocess_ms,2_7_r1_t1,364,1780387672420849697,36.386215557,3.976
preprocess_ms,2_7_r1_t1,365,1780387672537525445,36.502891305000006,4.151
preprocess_ms,2_7_r1_t1,366,1780387672617526720,36.58289258,5.407
preprocess_ms,2_7_r1_t1,367,1780387672710242190,36.67560805,4.985
preprocess_ms,2_7_r1_t1,368,1780387672807098734,36.772464594,6.073
preprocess_ms,2_7_r1_t1,369,1780387672917667542,36.883033402,3.967
preprocess_ms,2_7_r1_t1,370,1780387673020236432,36.985602292,4.63
preprocess_ms,2_7_r1_t1,371,1780387673113963171,37.079329031,5.422
preprocess_ms,2_7_r1_t1,372,1780387673268255445,37.233621305,3.941
preprocess_ms,2_7_r1_t1,373,1780387673325707235,37.291073095,3.929
preprocess_ms,2_7_r1_t1,374,1780387673402527425,37.367893285,1.985
preprocess_ms,2_7_r1_t1,375,1780387673504556007,37.469921867000004,4.963
preprocess_ms,2_7_r1_t1,376,1780387673627195256,37.592561116,2.418
preprocess_ms,2_7_r1_t1,377,1780387673726864631,37.692230491000004,3.323
preprocess_ms,2_7_r1_t1,378,1780387673859465419,37.824831279,4.786
preprocess_ms,2_7_r1_t1,379,1780387673914423328,37.879789188000004,4.706
preprocess_ms,2_7_r1_t1,380,1780387674031649553,37.997015413,5.242
preprocess_ms,2_7_r1_t1,381,1780387674116878931,38.082244791,2.995
preprocess_ms,2_7_r1_t1,382,1780387674234232922,38.199598782,4.762
preprocess_ms,2_7_r1_t1,383,1780387674319370039,38.284735899000005,4.246
preprocess_ms,2_7_r1_t1,384,1780387674419174317,38.384540177000005,5.544
preprocess_ms,2_7_r1_t1,385,1780387674520779876,38.486145736000005,4.81
preprocess_ms,2_7_r1_t1,386,1780387674617244745,38.582610605,9.882
preprocess_ms,2_7_r1_t1,387,1780387674721540734,38.686906594,3.824
preprocess_ms,2_7_r1_t1,388,1780387674806204975,38.771570835000006,4.646
preprocess_ms,2_7_r1_t1,389,1780387674906655723,38.872021583000006,5.156
preprocess_ms,2_7_r1_t1,390,1780387675004943122,38.970308982000006,5.683
preprocess_ms,2_7_r1_t1,391,1780387675141797592,39.107163452,5.665
preprocess_ms,2_7_r1_t1,392,1780387675241704459,39.207070319,5.857
preprocess_ms,2_7_r1_t1,393,1780387675342717950,39.30808381,4.832
preprocess_ms,2_7_r1_t1,394,1780387675432165538,39.397531398000005,5.939
preprocess_ms,2_7_r1_t1,395,1780387675513851262,39.479217122,5.597
preprocess_ms,2_7_r1_t1,396,1780387675607768837,39.573134697,3.782
preprocess_ms,2_7_r1_t1,397,1780387675724058273,39.689424133,4.549
preprocess_ms,2_7_r1_t1,398,1780387675817423098,39.782788958000005,3.461
preprocess_ms,2_7_r1_t1,399,1780387675930457617,39.895823477,4.471
preprocess_ms,2_7_r1_t1,400,1780387676018335468,39.983701328,3.987
preprocess_ms,2_7_r1_t1,401,1780387676157237487,40.122603347,7.715
preprocess_ms,2_7_r1_t1,402,1780387676238700107,40.204065967000005,6.424
preprocess_ms,2_7_r1_t1,403,1780387676304219129,40.269584989,4.984
preprocess_ms,2_7_r1_t1,404,1780387676424077774,40.389443634,5.562
preprocess_ms,2_7_r1_t1,405,1780387676511635391,40.477001251000004,6.296
preprocess_ms,2_7_r1_t1,406,1780387676607259999,40.572625859000006,7.558
preprocess_ms,2_7_r1_t1,407,1780387676731118551,40.696484411,4.381
preprocess_ms,2_7_r1_t1,408,1780387676825893401,40.791259261,4.919
preprocess_ms,2_7_r1_t1,409,1780387676922590290,40.88795615,6.401
preprocess_ms,2_7_r1_t1,410,1780387677018318374,40.983684234,5.607
preprocess_ms,2_7_r1_t1,411,1780387677118878040,41.084243900000004,2.929
preprocess_ms,2_7_r1_t1,412,1780387677227633947,41.192999807,4.304
preprocess_ms,2_7_r1_t1,413,1780387677309063409,41.274429269,5.626
preprocess_ms,2_7_r1_t1,414,1780387677422630897,41.387996757,5.353
preprocess_ms,2_7_r1_t1,415,1780387677505915071,41.471280931,5.696
preprocess_ms,2_7_r1_t1,416,1780387677620824570,41.58619043,4.39
preprocess_ms,2_7_r1_t1,417,1780387677721654649,41.687020509,4.116
preprocess_ms,2_7_r1_t1,418,1780387677804791013,41.770156873000005,5.01
preprocess_ms,2_7_r1_t1,419,1780387677909408264,41.874774124000005,5.566
preprocess_ms,2_7_r1_t1,420,1780387678023944673,41.989310533,5.157
preprocess_ms,2_7_r1_t1,421,1780387678147634051,42.112999911,6.147
preprocess_ms,2_7_r1_t1,422,1780387678254233918,42.219599778,4.805
preprocess_ms,2_7_r1_t1,423,1780387678315957231,42.281323091000004,6.338
preprocess_ms,2_7_r1_t1,424,1780387678439502959,42.404868819,4.925
preprocess_ms,2_7_r1_t1,425,1780387678533576952,42.498942812,4.24
preprocess_ms,2_7_r1_t1,426,1780387678629993325,42.595359185,5.399
preprocess_ms,2_7_r1_t1,427,1780387678732397755,42.697763615,5.195
preprocess_ms,2_7_r1_t1,428,1780387678832665153,42.798031013,4.114
preprocess_ms,2_7_r1_t1,429,1780387678919475292,42.884841152,1.866
preprocess_ms,2_7_r1_t1,430,1780387679013596996,42.978962856,6.471
preprocess_ms,2_7_r1_t1,431,1780387679123991991,43.089357851,3.939
preprocess_ms,2_7_r1_t1,432,1780387679232815427,43.198181287000004,6.242
preprocess_ms,2_7_r1_t1,433,1780387679311354142,43.276720002000005,5.77
preprocess_ms,2_7_r1_t1,434,1780387679413849844,43.379215704,5.512
preprocess_ms,2_7_r1_t1,435,1780387679506096683,43.471462543,6.874
preprocess_ms,2_7_r1_t1,436,1780387679613062978,43.578428838,5.898
preprocess_ms,2_7_r1_t1,437,1780387679721583295,43.686949155,4.539
preprocess_ms,2_7_r1_t1,438,1780387679824173180,43.78953904,4.68
preprocess_ms,2_7_r1_t1,439,1780387679905856016,43.871221876,4.313
preprocess_ms,2_7_r1_t1,440,1780387680003451752,43.968817612,4.42
preprocess_ms,2_7_r1_t1,441,1780387680107513638,44.072879498000006,3.723
preprocess_ms,2_7_r1_t1,442,1780387680202940112,44.168305972000006,8.782
preprocess_ms,2_7_r1_t1,443,1780387680301523750,44.26688961,3.63
preprocess_ms,2_7_r1_t1,444,1780387680428329845,44.393695705000006,5.232
preprocess_ms,2_7_r1_t1,445,1780387680506854821,44.472220681,6.979
preprocess_ms,2_7_r1_t1,446,1780387680625878748,44.591244608000004,4.938
preprocess_ms,2_7_r1_t1,447,1780387680726571295,44.691937155000005,5.532
preprocess_ms,2_7_r1_t1,448,1780387680810217937,44.775583797,6.911
preprocess_ms,2_7_r1_t1,449,1780387680946471338,44.911837198,5.014
preprocess_ms,2_7_r1_t1,450,1780387681015737045,44.981102905,6.643
preprocess_ms,2_7_r1_t1,451,1780387681131561896,45.096927756,4.087
preprocess_ms,2_7_r1_t1,452,1780387681208415782,45.173781642,5.016
preprocess_ms,2_7_r1_t1,453,1780387681365879147,45.331245007,7.805
preprocess_ms,2_7_r1_t1,454,1780387681415405640,45.3807715,4.088
preprocess_ms,2_7_r1_t1,455,1780387681549128939,45.514494799000005,7.362
preprocess_ms,2_7_r1_t1,456,1780387681619291273,45.584657133,6.008
preprocess_ms,2_7_r1_t1,457,1780387681706650257,45.672016117000005,4.776
preprocess_ms,2_7_r1_t1,458,1780387681807100192,45.772466052000006,3.387
preprocess_ms,2_7_r1_t1,459,1780387681909121263,45.874487123,4.148
preprocess_ms,2_7_r1_t1,460,1780387682018131622,45.983497482000004,6.805
preprocess_ms,2_7_r1_t1,461,1780387682112723325,46.078089185,2.529
preprocess_ms,2_7_r1_t1,462,1780387682209855856,46.175221716,5.018
preprocess_ms,2_7_r1_t1,463,1780387682314294901,46.279660761,3.924
preprocess_ms,2_7_r1_t1,464,1780387682457058849,46.422424709000005,5.075
preprocess_ms,2_7_r1_t1,465,1780387682510828076,46.476193936,5.22
preprocess_ms,2_7_r1_t1,466,1780387682619185986,46.584551846000004,5.117
preprocess_ms,2_7_r1_t1,467,1780387682715246281,46.680612141000005,5.002
preprocess_ms,2_7_r1_t1,468,1780387682810180462,46.775546322000004,5.687
preprocess_ms,2_7_r1_t1,469,1780387682913479809,46.878845669,3.428
preprocess_ms,2_7_r1_t1,470,1780387683038768295,47.004134155,5.813
preprocess_ms,2_7_r1_t1,471,1780387683133369920,47.098735780000005,2.035
preprocess_ms,2_7_r1_t1,472,1780387683207130743,47.172496603000006,4.987
preprocess_ms,2_7_r1_t1,473,1780387683346564091,47.311929951,5.611
preprocess_ms,2_7_r1_t1,474,1780387683436741043,47.402106903,5.128
preprocess_ms,2_7_r1_t1,475,1780387683532963488,47.498329348000006,6.246
preprocess_ms,2_7_r1_t1,476,1780387683625874291,47.591240151,6.349
preprocess_ms,2_7_r1_t1,477,1780387683730721379,47.696087239,5.687
preprocess_ms,2_7_r1_t1,478,1780387683838768990,47.804134850000004,4.675
preprocess_ms,2_7_r1_t1,479,1780387683919000679,47.884366539000006,5.488
preprocess_ms,2_7_r1_t1,480,1780387684043244421,48.008610281,7.425
preprocess_ms,2_7_r1_t1,481,1780387684132490229,48.097856089000004,6.186
preprocess_ms,2_7_r1_t1,482,1780387684228735313,48.194101173,3.932
preprocess_ms,2_7_r1_t1,483,1780387684315090555,48.280456415,4.732
preprocess_ms,2_7_r1_t1,484,1780387684408558572,48.373924432,7.177
preprocess_ms,2_7_r1_t1,485,1780387684507202979,48.472568839000004,4.891
preprocess_ms,2_7_r1_t1,486,1780387684619559136,48.584924996000005,4.29
preprocess_ms,2_7_r1_t1,487,1780387684718647681,48.684013541000006,4.533
preprocess_ms,2_7_r1_t1,488,1780387684832979818,48.798345678000004,7.23
preprocess_ms,2_7_r1_t1,489,1780387684912811181,48.878177041,8.068
preprocess_ms,2_7_r1_t1,490,1780387685029740281,48.995106141,4.932
preprocess_ms,2_7_r1_t1,491,1780387685117743554,49.083109414000006,5.757
preprocess_ms,2_7_r1_t1,492,1780387685202957804,49.168323664000006,4.512
preprocess_ms,2_7_r1_t1,493,1780387685303846263,49.269212123,4.359
preprocess_ms,2_7_r1_t1,494,1780387685405235179,49.370601039,5.039
preprocess_ms,2_7_r1_t1,495,1780387685503466398,49.468832258000006,4.09
preprocess_ms,2_7_r1_t1,496,1780387685633246899,49.598612759000005,4.972
preprocess_ms,2_7_r1_t1,497,1780387685702818317,49.668184177,4.256
preprocess_ms,2_7_r1_t1,498,1780387685808529058,49.773894918,5.21
preprocess_ms,2_7_r1_t1,499,1780387685918985578,49.884351438,5.231
preprocess_ms,2_7_r1_t1,500,1780387686055766378,50.021132238,5.029
preprocess_ms,2_7_r1_t1,501,1780387686131381237,50.096747097000005,6.158
preprocess_ms,2_7_r1_t1,502,1780387686221737436,50.187103296000004,2.893
preprocess_ms,2_7_r1_t1,503,1780387686322491687,50.287857547,5.744
preprocess_ms,2_7_r1_t1,504,1780387686401884611,50.367250471000006,4.129
preprocess_ms,2_7_r1_t1,505,1780387686506678321,50.472044181,4.744
preprocess_ms,2_7_r1_t1,506,1780387686604495714,50.569861574,2.482
preprocess_ms,2_7_r1_t1,507,1780387686722907195,50.688273055,4.634
preprocess_ms,2_7_r1_t1,508,1780387686829630149,50.794996009,4.653
preprocess_ms,2_7_r1_t1,509,1780387686915924419,50.881290279000005,5.312
preprocess_ms,2_7_r1_t1,510,1780387687037832400,51.003198260000005,5.175
preprocess_ms,2_7_r1_t1,511,1780387687117153622,51.082519482,5.242
preprocess_ms,2_7_r1_t1,512,1780387687244434314,51.209800174,5.588
preprocess_ms,2_7_r1_t1,513,1780387687324238546,51.289604406,4.506
preprocess_ms,2_7_r1_t1,514,1780387687422620936,51.387986796,5.291
preprocess_ms,2_7_r1_t1,515,1780387687536961132,51.502326992,5.81
preprocess_ms,2_7_r1_t1,516,1780387687637421301,51.602787161,6.891
preprocess_ms,2_7_r1_t1,517,1780387687748814935,51.714180795000004,5.925
preprocess_ms,2_7_r1_t1,518,1780387687816431025,51.781796885000006,18.734
preprocess_ms,2_7_r1_t1,519,1780387687902655186,51.868021046,4.947
preprocess_ms,2_7_r1_t1,520,1780387688029960582,51.99532644200001,6.227
preprocess_ms,2_7_r1_t1,521,1780387688112678473,52.078044333,5.172
preprocess_ms,2_7_r1_t1,522,1780387688264985252,52.230351112,4.77
preprocess_ms,2_7_r1_t1,523,1780387688303517655,52.268883515000006,3.328
preprocess_ms,2_7_r1_t1,524,1780387688415805666,52.381171526,5.627
preprocess_ms,2_7_r1_t1,525,1780387688524004490,52.48937035,4.605
preprocess_ms,2_7_r1_t1,526,1780387688644830993,52.610196853000005,6.464
preprocess_ms,2_7_r1_t1,527,1780387688714745898,52.680111758,4.544
preprocess_ms,2_7_r1_t1,528,1780387688802046863,52.76741272300001,4.838
preprocess_ms,2_7_r1_t1,529,1780387688936473960,52.901839820000006,6.572
preprocess_ms,2_7_r1_t1,530,1780387689044649325,53.010015185,5.5
preprocess_ms,2_7_r1_t1,531,1780387689109150868,53.074516728000006,5.365
preprocess_ms,2_7_r1_t1,532,1780387689223974410,53.18934027,4.488
preprocess_ms,2_7_r1_t1,533,1780387689319601243,53.28496710300001,5.126
preprocess_ms,2_7_r1_t1,534,1780387689416728805,53.382094665000004,5.415
preprocess_ms,2_7_r1_t1,535,1780387689518887347,53.484253207,4.924
preprocess_ms,2_7_r1_t1,536,1780387689607835986,53.573201846,3.864
preprocess_ms,2_7_r1_t1,537,1780387689708185681,53.673551541,4.379
preprocess_ms,2_7_r1_t1,538,1780387689854425467,53.819791327000004,4.197
preprocess_ms,2_7_r1_t1,539,1780387689910787477,53.876153337000005,3.946
preprocess_ms,2_7_r1_t1,540,1780387689997461769,53.962827629,2.56
preprocess_ms,2_7_r1_t1,541,1780387690114285904,54.079651764000005,5.151
preprocess_ms,2_7_r1_t1,542,1780387690211773756,54.177139616000005,5.808
preprocess_ms,2_7_r1_t1,543,1780387690320892380,54.28625824,4.239
preprocess_ms,2_7_r1_t1,544,1780387690422084211,54.387450071,5.065
preprocess_ms,2_7_r1_t1,545,1780387690517909883,54.483275743,4.905
preprocess_ms,2_7_r1_t1,546,1780387690633024982,54.598390842,4.733
preprocess_ms,2_7_r1_t1,547,1780387690717906111,54.683271971,5.321
preprocess_ms,2_7_r1_t1,548,1780387690818545965,54.783911825000004,5.138
preprocess_ms,2_7_r1_t1,549,1780387690909944239,54.875310099000004,5.711
preprocess_ms,2_7_r1_t1,550,1780387691017397213,54.982763073,4.828
preprocess_ms,2_7_r1_t1,551,1780387691116032563,55.081398423,5.578
preprocess_ms,2_7_r1_t1,552,1780387691206832867,55.172198727,4.951
preprocess_ms,2_7_r1_t1,553,1780387691330197875,55.295563735,5.871
preprocess_ms,2_7_r1_t1,554,1780387691425330540,55.3906964,4.369
preprocess_ms,2_7_r1_t1,555,1780387691545965153,55.511331013,5.878
preprocess_ms,2_7_r1_t1,556,1780387691645948165,55.611314025000006,2.027
preprocess_ms,2_7_r1_t1,557,1780387691736627237,55.701993097000006,2.62
preprocess_ms,2_7_r1_t1,558,1780387691814500330,55.77986619000001,5.151
preprocess_ms,2_7_r1_t1,559,1780387691905632395,55.870998255,5.278
preprocess_ms,2_7_r1_t1,560,1780387692023454405,55.988820265,3.632
preprocess_ms,2_7_r1_t1,561,1780387692105475153,56.070841013000006,6.633
preprocess_ms,2_7_r1_t1,562,1780387692275730504,56.241096364,4.936
preprocess_ms,2_7_r1_t1,563,1780387692309293552,56.274659412000005,3.765
preprocess_ms,2_7_r1_t1,564,1780387692420784669,56.386150529000005,4.064
preprocess_ms,2_7_r1_t1,565,1780387692555052449,56.520418309,1.817
preprocess_ms,2_7_r1_t1,566,1780387692619575162,56.584941022,4.017
preprocess_ms,2_7_r1_t1,567,1780387692707992999,56.673358859000004,5.083
preprocess_ms,2_7_r1_t1,568,1780387692818295381,56.783661241000004,4.641
preprocess_ms,2_7_r1_t1,569,1780387692910124034,56.875489894000005,3.518
preprocess_ms,2_7_r1_t1,570,1780387693022533479,56.987899339,4.38
preprocess_ms,2_7_r1_t1,571,1780387693150819312,57.116185172,6.689
preprocess_ms,2_7_r1_t1,572,1780387693229563544,57.19492940400001,4.868
preprocess_ms,2_7_r1_t1,573,1780387693304819552,57.270185412000004,5.383
preprocess_ms,2_7_r1_t1,574,1780387693416415646,57.381781506,6.108
preprocess_ms,2_7_r1_t1,575,1780387693529794386,57.495160246000005,4.868
preprocess_ms,2_7_r1_t1,576,1780387693618773720,57.584139580000006,5.863
preprocess_ms,2_7_r1_t1,577,1780387693707018262,57.672384122000004,4.985
preprocess_ms,2_7_r1_t1,578,1780387693819619973,57.784985833,4.155
preprocess_ms,2_7_r1_t2,0,1780387837634183618,0.0,2.837
preprocess_ms,2_7_r1_t2,1,1780387837663002560,0.028818942,1.851
preprocess_ms,2_7_r1_t2,2,1780387837794641162,0.160457544,1.788
preprocess_ms,2_7_r1_t2,3,1780387837858603695,0.22442007700000002,3.894
preprocess_ms,2_7_r1_t2,4,1780387837960178187,0.325994569,3.069
preprocess_ms,2_7_r1_t2,5,1780387838071404921,0.437221303,6.093
preprocess_ms,2_7_r1_t2,6,1780387838192363714,0.5581800960000001,4.534
preprocess_ms,2_7_r1_t2,7,1780387838272625626,0.6384420080000001,5.386
preprocess_ms,2_7_r1_t2,8,1780387838409335364,0.775151746,2.445
preprocess_ms,2_7_r1_t2,9,1780387838457817829,0.823634211,3.973
preprocess_ms,2_7_r1_t2,10,1780387838555967776,0.921784158,8.295
preprocess_ms,2_7_r1_t2,11,1780387838683928795,1.0497451770000001,4.691
preprocess_ms,2_7_r1_t2,12,1780387838791966802,1.1577831840000001,4.228
preprocess_ms,2_7_r1_t2,13,1780387838878710540,1.2445269220000001,4.311
preprocess_ms,2_7_r1_t2,14,1780387838960841437,1.326657819,3.316
preprocess_ms,2_7_r1_t2,15,1780387839050929018,1.4167454000000002,4.639
preprocess_ms,2_7_r1_t2,16,1780387839168498726,1.5343151080000001,4.151
preprocess_ms,2_7_r1_t2,17,1780387839270622371,1.6364387530000002,5.574
preprocess_ms,2_7_r1_t2,18,1780387839370420927,1.736237309,5.661
preprocess_ms,2_7_r1_t2,19,1780387839462154553,1.8279709350000002,4.727
preprocess_ms,2_7_r1_t2,20,1780387839549186808,1.9150031900000002,2.214
preprocess_ms,2_7_r1_t2,21,1780387839657198988,2.02301537,4.422
preprocess_ms,2_7_r1_t2,22,1780387839770012714,2.135829096,5.128
preprocess_ms,2_7_r1_t2,23,1780387839858489558,2.2243059400000003,3.716
preprocess_ms,2_7_r1_t2,24,1780387839970174403,2.3359907850000003,3.341
preprocess_ms,2_7_r1_t2,25,1780387840067273513,2.433089895,3.861
preprocess_ms,2_7_r1_t2,26,1780387840158524642,2.5243410240000004,4.505
preprocess_ms,2_7_r1_t2,27,1780387840275761128,2.6415775100000003,6.299
preprocess_ms,2_7_r1_t2,28,1780387840360239725,2.7260561070000002,4.501
preprocess_ms,2_7_r1_t2,29,1780387840483346229,2.849162611,5.233
preprocess_ms,2_7_r1_t2,30,1780387840557679529,2.9234959110000003,5.508
preprocess_ms,2_7_r1_t2,31,1780387840654153339,3.0199697210000003,4.39
preprocess_ms,2_7_r1_t2,32,1780387840782561021,3.148377403,7.792
preprocess_ms,2_7_r1_t2,33,1780387840868472400,3.234288782,5.178
preprocess_ms,2_7_r1_t2,34,1780387840962725137,3.3285415190000003,4.546
preprocess_ms,2_7_r1_t2,35,1780387841062253960,3.4280703420000003,3.388
preprocess_ms,2_7_r1_t2,36,1780387841180900854,3.546717236,5.551
preprocess_ms,2_7_r1_t2,37,1780387841264888243,3.6307046250000004,4.178
preprocess_ms,2_7_r1_t2,38,1780387841350801793,3.7166181750000002,6.136
preprocess_ms,2_7_r1_t2,39,1780387841444726303,3.810542685,5.736
preprocess_ms,2_7_r1_t2,40,1780387841552349432,3.9181658140000004,6.583
preprocess_ms,2_7_r1_t2,41,1780387841665389449,4.031205831,3.641
preprocess_ms,2_7_r1_t2,42,1780387841769332249,4.135148631,4.029
preprocess_ms,2_7_r1_t2,43,1780387841857544535,4.223360917,3.984
preprocess_ms,2_7_r1_t2,44,1780387841954958728,4.3207751100000005,3.966
preprocess_ms,2_7_r1_t2,45,1780387842081515405,4.447331787,4.702
preprocess_ms,2_7_r1_t2,46,1780387842171760170,4.537576552,5.704
preprocess_ms,2_7_r1_t2,47,1780387842262170059,4.627986441,3.32
preprocess_ms,2_7_r1_t2,48,1780387842370939715,4.736756097000001,6.481
preprocess_ms,2_7_r1_t2,49,1780387842461257908,4.8270742900000005,4.883
preprocess_ms,2_7_r1_t2,50,1780387842564736203,4.930552585,4.163
preprocess_ms,2_7_r1_t2,51,1780387842656169860,5.0219862420000005,4.382
preprocess_ms,2_7_r1_t2,52,1780387842762092685,5.127909067,6.896
preprocess_ms,2_7_r1_t2,53,1780387842852322630,5.218139012,5.946
preprocess_ms,2_7_r1_t2,54,1780387842956791336,5.322607718,5.636
preprocess_ms,2_7_r1_t2,55,1780387843087081841,5.452898223,7.617
preprocess_ms,2_7_r1_t2,56,1780387843172484874,5.5383012560000004,5.475
preprocess_ms,2_7_r1_t2,57,1780387843246569329,5.612385711,1.775
preprocess_ms,2_7_r1_t2,58,1780387843365385590,5.731201972,4.539
preprocess_ms,2_7_r1_t2,59,1780387843445216027,5.811032409,4.83
preprocess_ms,2_7_r1_t2,60,1780387843565870964,5.931687346,4.1
preprocess_ms,2_7_r1_t2,61,1780387843645714244,6.011530626000001,5.183
preprocess_ms,2_7_r1_t2,62,1780387843759489932,6.125306314,4.403
preprocess_ms,2_7_r1_t2,63,1780387843852429697,6.218246079,4.019
preprocess_ms,2_7_r1_t2,64,1780387843957145668,6.32296205,4.042
preprocess_ms,2_7_r1_t2,65,1780387844088395992,6.454212374000001,4.516
preprocess_ms,2_7_r1_t2,66,1780387844174294076,6.540110458,5.141
preprocess_ms,2_7_r1_t2,67,1780387844249633792,6.615450174,3.408
preprocess_ms,2_7_r1_t2,68,1780387844398951202,6.764767584,5.558
preprocess_ms,2_7_r1_t2,69,1780387844499359300,6.865175682,10.088
preprocess_ms,2_7_r1_t2,70,1780387844588048881,6.953865263000001,4.255
preprocess_ms,2_7_r1_t2,71,1780387844702530129,7.0683465110000006,6.062
preprocess_ms,2_7_r1_t2,72,1780387844799270417,7.165086799,6.246
preprocess_ms,2_7_r1_t2,73,1780387844887266652,7.253083034,4.969
preprocess_ms,2_7_r1_t2,74,1780387844988821905,7.354638287,6.059
preprocess_ms,2_7_r1_t2,75,1780387845085122862,7.450939244000001,5.086
preprocess_ms,2_7_r1_t2,76,1780387845162655422,7.5284718040000005,1.839
preprocess_ms,2_7_r1_t2,77,1780387845287665062,7.6534814440000005,5.183
preprocess_ms,2_7_r1_t2,78,1780387845436722012,7.802538394000001,7.796
preprocess_ms,2_7_r1_t2,79,1780387845528934600,7.894750982000001,5.354
preprocess_ms,2_7_r1_t2,80,1780387845612899945,7.978716327000001,8.829
preprocess_ms,2_7_r1_t2,81,1780387845715541222,8.081357604,7.324
preprocess_ms,2_7_r1_t2,82,1780387845764836553,8.130652935,5.343
preprocess_ms,2_7_r1_t2,83,1780387845853254775,8.219071157,4.67
preprocess_ms,2_7_r1_t2,84,1780387845962269708,8.328086090000001,3.218
preprocess_ms,2_7_r1_t2,85,1780387846047807618,8.413624,6.11
preprocess_ms,2_7_r1_t2,86,1780387846194534071,8.560350453,4.149
preprocess_ms,2_7_r1_t2,87,1780387846272178076,8.637994458,5.15
preprocess_ms,2_7_r1_t2,88,1780387846360904691,8.726721073,5.049
preprocess_ms,2_7_r1_t2,89,1780387846465228248,8.831044630000001,1.769
preprocess_ms,2_7_r1_t2,90,1780387846570332684,8.936149066,4.941
preprocess_ms,2_7_r1_t2,91,1780387846644020948,9.00983733,4.031
preprocess_ms,2_7_r1_t2,92,1780387846794437361,9.160253743,5.638
preprocess_ms,2_7_r1_t2,93,1780387846909300147,9.275116529,4.167
preprocess_ms,2_7_r1_t2,94,1780387846980727912,9.346544294000001,2.502
preprocess_ms,2_7_r1_t2,95,1780387847052574813,9.418391195,8.395
preprocess_ms,2_7_r1_t2,96,1780387847166672813,9.532489195,4.634
preprocess_ms,2_7_r1_t2,97,1780387847293639062,9.659455444,4.914
preprocess_ms,2_7_r1_t2,98,1780387847361154003,9.726970385000001,5.827
preprocess_ms,2_7_r1_t2,99,1780387847452147826,9.817964208000001,6.953
preprocess_ms,2_7_r1_t2,100,1780387847546671543,9.912487925,5.161
preprocess_ms,2_7_r1_t2,101,1780387847693418226,10.059234608,2.744
preprocess_ms,2_7_r1_t2,102,1780387847771741770,10.137558152,5.119
preprocess_ms,2_7_r1_t2,103,1780387847848275554,10.214091936,4.425
preprocess_ms,2_7_r1_t2,104,1780387847970408292,10.336224674,5.392
preprocess_ms,2_7_r1_t2,105,1780387848079428940,10.445245322,7.058
preprocess_ms,2_7_r1_t2,106,1780387848169315306,10.535131688,3.948
preprocess_ms,2_7_r1_t2,107,1780387848267180380,10.632996762000001,4.701
preprocess_ms,2_7_r1_t2,108,1780387848371962791,10.737779173,4.233
preprocess_ms,2_7_r1_t2,109,1780387848464817615,10.830633997000001,3.853
preprocess_ms,2_7_r1_t2,110,1780387848571948285,10.937764667000001,5.597
preprocess_ms,2_7_r1_t2,111,1780387848651609095,11.017425477000002,4.526
preprocess_ms,2_7_r1_t2,112,1780387848765045416,11.130861798000002,3.78
preprocess_ms,2_7_r1_t2,113,1780387848861349809,11.227166191,6.65
preprocess_ms,2_7_r1_t2,114,1780387848976259013,11.342075395,4.952
preprocess_ms,2_7_r1_t2,115,1780387849104470481,11.470286863,6.663
preprocess_ms,2_7_r1_t2,116,1780387849154476578,11.52029296,3.156
preprocess_ms,2_7_r1_t2,117,1780387849292066004,11.657882386,3.932
preprocess_ms,2_7_r1_t2,118,1780387849364719655,11.730536037,3.235
preprocess_ms,2_7_r1_t2,119,1780387849470417954,11.836234336,3.085
preprocess_ms,2_7_r1_t2,120,1780387849570474249,11.936290631,3.761
preprocess_ms,2_7_r1_t2,121,1780387849651381790,12.017198172,4.576
preprocess_ms,2_7_r1_t2,122,1780387849761948564,12.127764946000001,2.581
preprocess_ms,2_7_r1_t2,123,1780387849881776195,12.247592577,5.348
preprocess_ms,2_7_r1_t2,124,1780387849965107222,12.330923604,5.605
preprocess_ms,2_7_r1_t2,125,1780387850079617838,12.445434220000001,5.541
preprocess_ms,2_7_r1_t2,126,1780387850160781639,12.526598021000002,4.974
preprocess_ms,2_7_r1_t2,127,1780387850267410191,12.633226573,4.947
preprocess_ms,2_7_r1_t2,128,1780387850396097945,12.761914327000001,5.861
preprocess_ms,2_7_r1_t2,129,1780387850481493589,12.847309971000001,4.202
preprocess_ms,2_7_r1_t2,130,1780387850583386937,12.949203319,5.646
preprocess_ms,2_7_r1_t2,131,1780387850668248631,13.034065013000001,4.302
preprocess_ms,2_7_r1_t2,132,1780387850799991930,13.165808312000001,3.557
preprocess_ms,2_7_r1_t2,133,1780387850864516251,13.230332633000002,3.866
preprocess_ms,2_7_r1_t2,134,1780387850964511655,13.330328037000001,5.285
preprocess_ms,2_7_r1_t2,135,1780387851084822223,13.450638605,4.761
preprocess_ms,2_7_r1_t2,136,1780387851161672313,13.527488695,3.666
preprocess_ms,2_7_r1_t2,137,1780387851246312896,13.612129278000001,3.782
preprocess_ms,2_7_r1_t2,138,1780387851355505887,13.721322269000002,6.395
preprocess_ms,2_7_r1_t2,139,1780387851451505039,13.817321421,6.331
preprocess_ms,2_7_r1_t2,140,1780387851572450818,13.9382672,6.472
preprocess_ms,2_7_r1_t2,141,1780387851670218461,14.036034843000001,3.663
preprocess_ms,2_7_r1_t2,142,1780387851770026565,14.135842947,3.573
preprocess_ms,2_7_r1_t2,143,1780387851876575897,14.242392279,7.101
preprocess_ms,2_7_r1_t2,144,1780387851959126050,14.324942432,4.515
preprocess_ms,2_7_r1_t2,145,1780387852073576696,14.439393078,3.613
preprocess_ms,2_7_r1_t2,146,1780387852159845597,14.525661979,3.957
preprocess_ms,2_7_r1_t2,147,1780387852265569923,14.631386305000001,4.74
preprocess_ms,2_7_r1_t2,148,1780387852354222168,14.720038550000002,7.125
preprocess_ms,2_7_r1_t2,149,1780387852453371767,14.819188149,4.569
preprocess_ms,2_7_r1_t2,150,1780387852565540641,14.931357023,4.967
preprocess_ms,2_7_r1_t2,151,1780387852663186898,15.029003280000001,4.943
preprocess_ms,2_7_r1_t2,152,1780387852757058501,15.122874883000001,8.765
preprocess_ms,2_7_r1_t2,153,1780387852864174587,15.229990969000001,4.69
preprocess_ms,2_7_r1_t2,154,1780387852971170977,15.336987359,4.706
preprocess_ms,2_7_r1_t2,155,1780387853064413503,15.430229885000001,4.785
preprocess_ms,2_7_r1_t2,156,1780387853162617595,15.528433977,3.894
preprocess_ms,2_7_r1_t2,157,1780387853264684257,15.630500639000001,3.969
preprocess_ms,2_7_r1_t2,158,1780387853352818896,15.718635278,3.44
preprocess_ms,2_7_r1_t2,159,1780387853446594462,15.812410844,5.516
preprocess_ms,2_7_r1_t2,160,1780387853572836028,15.938652410000001,6.083
preprocess_ms,2_7_r1_t2,161,1780387853662371166,16.028187548000002,4.94
preprocess_ms,2_7_r1_t2,162,1780387853764296948,16.13011333,6.81
preprocess_ms,2_7_r1_t2,163,1780387853878403072,16.244219454,6.128
preprocess_ms,2_7_r1_t2,164,1780387853960897207,16.326713589,4.203
preprocess_ms,2_7_r1_t2,165,1780387854067373887,16.433190269,6.17
preprocess_ms,2_7_r1_t2,166,1780387854174806639,16.540623021000002,5.605
preprocess_ms,2_7_r1_t2,167,1780387854262250266,16.628066648,4.899
preprocess_ms,2_7_r1_t2,168,1780387854371253702,16.737070084000003,5.101
preprocess_ms,2_7_r1_t2,169,1780387854460376647,16.826193029000002,4.567
preprocess_ms,2_7_r1_t2,170,1780387854546829605,16.912645987,5.401
preprocess_ms,2_7_r1_t2,171,1780387854670852113,17.036668495,6.835
preprocess_ms,2_7_r1_t2,172,1780387854754448942,17.120265324000002,4.391
preprocess_ms,2_7_r1_t2,173,1780387854860173093,17.225989475000002,3.735
preprocess_ms,2_7_r1_t2,174,1780387854971055611,17.336871993000003,5.039
preprocess_ms,2_7_r1_t2,175,1780387855083046515,17.448862897,6.604
preprocess_ms,2_7_r1_t2,176,1780387855151710426,17.517526808,8.979
preprocess_ms,2_7_r1_t2,177,1780387855266996736,17.632813118,3.653
preprocess_ms,2_7_r1_t2,178,1780387855384021392,17.749837774,5.412
preprocess_ms,2_7_r1_t2,179,1780387855453571400,17.819387782,4.775
preprocess_ms,2_7_r1_t2,180,1780387855550953936,17.916770318,7.274
preprocess_ms,2_7_r1_t2,181,1780387855680872719,18.046689101000002,5.197
preprocess_ms,2_7_r1_t2,182,1780387855777919020,18.143735402,5.966
preprocess_ms,2_7_r1_t2,183,1780387855884972995,18.250789377,6.898
preprocess_ms,2_7_r1_t2,184,1780387855962994306,18.328810688,4.337
preprocess_ms,2_7_r1_t2,185,1780387856044109705,18.409926087000002,4.221
preprocess_ms,2_7_r1_t2,186,1780387856148507963,18.514324345000002,6.814
preprocess_ms,2_7_r1_t2,187,1780387856258300141,18.624116523,6.78
preprocess_ms,2_7_r1_t2,188,1780387856385071364,18.750887746,5.587
preprocess_ms,2_7_r1_t2,189,1780387856462130170,18.827946552,4.3
preprocess_ms,2_7_r1_t2,190,1780387856599341382,18.965157764,5.795
preprocess_ms,2_7_r1_t2,191,1780387856674560668,19.04037705,6.443
preprocess_ms,2_7_r1_t2,192,1780387856752318574,19.118134956000002,6.606
preprocess_ms,2_7_r1_t2,193,1780387856896043758,19.26186014,5.778
preprocess_ms,2_7_r1_t2,194,1780387856986583723,19.352400105,5.117
preprocess_ms,2_7_r1_t2,195,1780387857062996647,19.428813029,5.978
preprocess_ms,2_7_r1_t2,196,1780387857188785510,19.554601892,6.955
preprocess_ms,2_7_r1_t2,197,1780387857271313925,19.637130307,4.545
preprocess_ms,2_7_r1_t2,198,1780387857354874459,19.720690841,4.937
preprocess_ms,2_7_r1_t2,199,1780387857484363884,19.850180266000002,3.152
preprocess_ms,2_7_r1_t2,200,1780387857586418558,19.95223494,5.365
preprocess_ms,2_7_r1_t2,201,1780387857675717407,20.041533789000002,5.67
preprocess_ms,2_7_r1_t2,202,1780387857748826028,20.114642410000002,4.852
preprocess_ms,2_7_r1_t2,203,1780387857860881197,20.226697579,5.983
preprocess_ms,2_7_r1_t2,204,1780387857976605927,20.342422309,6.32
preprocess_ms,2_7_r1_t2,205,1780387858083655413,20.449471795,6.734
preprocess_ms,2_7_r1_t2,206,1780387858161298404,20.527114786000002,2.448
preprocess_ms,2_7_r1_t2,207,1780387858254328077,20.620144459000002,3.118
preprocess_ms,2_7_r1_t2,208,1780387858380623179,20.746439561000003,4.937
preprocess_ms,2_7_r1_t2,209,1780387858454005416,20.819821798,3.849
preprocess_ms,2_7_r1_t2,210,1780387858558163122,20.923979504000002,5.525
preprocess_ms,2_7_r1_t2,211,1780387858645773595,21.011589977,6.188
preprocess_ms,2_7_r1_t2,212,1780387858761696938,21.127513320000002,4.292
preprocess_ms,2_7_r1_t2,213,1780387858851085608,21.21690199,6.08
preprocess_ms,2_7_r1_t2,214,1780387858966892985,21.332709367,4.829
preprocess_ms,2_7_r1_t2,215,1780387859058771571,21.424587953,5.53
preprocess_ms,2_7_r1_t2,216,1780387859177923841,21.543740223,5.675
preprocess_ms,2_7_r1_t2,217,1780387859255199711,21.621016093,4.056
preprocess_ms,2_7_r1_t2,218,1780387859387269208,21.75308559,6.436
preprocess_ms,2_7_r1_t2,219,1780387859466557697,21.832374079,3.385
preprocess_ms,2_7_r1_t2,220,1780387859552226765,21.918043147000002,3.105
preprocess_ms,2_7_r1_t2,221,1780387859655934963,22.021751345000002,9.609
preprocess_ms,2_7_r1_t2,222,1780387859760642125,22.126458507000002,5.663
preprocess_ms,2_7_r1_t2,223,1780387859852706262,22.218522644,3.35
preprocess_ms,2_7_r1_t2,224,1780387859967377767,22.333194149,5.656
preprocess_ms,2_7_r1_t2,225,1780387860076029091,22.441845473,1.813
preprocess_ms,2_7_r1_t2,226,1780387860187958036,22.553774418,7.482
preprocess_ms,2_7_r1_t2,227,1780387860298286625,22.664103007,9.767
preprocess_ms,2_7_r1_t2,228,1780387860361170188,22.72698657,8.075
preprocess_ms,2_7_r1_t2,229,1780387860472987779,22.838804161000002,5.509
preprocess_ms,2_7_r1_t2,230,1780387860568154514,22.933970896,4.75
preprocess_ms,2_7_r1_t2,231,1780387860701148274,23.066964656,3.446
preprocess_ms,2_7_r1_t2,232,1780387860787505326,23.153321708,16.373
preprocess_ms,2_7_r1_t2,233,1780387860907499731,23.273316113,5.482
preprocess_ms,2_7_r1_t2,234,1780387860980799536,23.346615918,2.108
preprocess_ms,2_7_r1_t2,235,1780387861067198248,23.433014630000002,4.716
preprocess_ms,2_7_r1_t2,236,1780387861160226910,23.526043292,5.841
preprocess_ms,2_7_r1_t2,237,1780387861263902273,23.629718655,6.529
preprocess_ms,2_7_r1_t2,238,1780387861356968087,23.722784469,10.43
preprocess_ms,2_7_r1_t2,239,1780387861466273081,23.832089463000003,6.377
preprocess_ms,2_7_r1_t2,240,1780387861564502371,23.930318753,5.113
preprocess_ms,2_7_r1_t2,241,1780387861666871614,24.032687996,6.382
preprocess_ms,2_7_r1_t2,242,1780387861758706928,24.12452331,3.088
preprocess_ms,2_7_r1_t2,243,1780387861878511097,24.244327479000003,6.213
preprocess_ms,2_7_r1_t2,244,1780387861982039309,24.347855691000003,5.792
preprocess_ms,2_7_r1_t2,245,1780387862073378963,24.439195345,6.147
preprocess_ms,2_7_r1_t2,246,1780387862160495807,24.526312189000002,4.953
preprocess_ms,2_7_r1_t2,247,1780387862266008428,24.63182481,3.88
preprocess_ms,2_7_r1_t2,248,1780387862380787813,24.746604195000003,4.679
preprocess_ms,2_7_r1_t2,249,1780387862477429246,24.843245628000002,5.655
preprocess_ms,2_7_r1_t2,250,1780387862570025976,24.935842358000002,3.929
preprocess_ms,2_7_r1_t2,251,1780387862665357975,25.031174357,2.933
preprocess_ms,2_7_r1_t2,252,1780387862809898042,25.175714424000002,9.272
preprocess_ms,2_7_r1_t2,253,1780387862897649526,25.263465908,7.976
preprocess_ms,2_7_r1_t2,254,1780387862972845008,25.338661390000002,3.651
preprocess_ms,2_7_r1_t2,255,1780387863104993003,25.470809385000003,5.42
preprocess_ms,2_7_r1_t2,256,1780387863197306838,25.56312322,5.446
preprocess_ms,2_7_r1_t2,257,1780387863279730447,25.645546829,6.479
preprocess_ms,2_7_r1_t2,258,1780387863412041650,25.777858032,4.049
preprocess_ms,2_7_r1_t2,259,1780387863457596697,25.823413079,5.171
preprocess_ms,2_7_r1_t2,260,1780387863586347870,25.952164252000003,15.919
preprocess_ms,2_7_r1_t2,261,1780387863662933094,26.028749476,4.362
preprocess_ms,2_7_r1_t2,262,1780387863780114336,26.145930718000002,12.179
preprocess_ms,2_7_r1_t2,263,1780387863905686473,26.271502855,4.516
preprocess_ms,2_7_r1_t2,264,1780387863960929237,26.326745619,6.01
preprocess_ms,2_7_r1_t2,265,1780387864100831082,26.466647464,5.228
preprocess_ms,2_7_r1_t2,266,1780387864213380386,26.579196768000003,10.086
preprocess_ms,2_7_r1_t2,267,1780387864264272673,26.630089055000003,4.401
preprocess_ms,2_7_r1_t2,268,1780387864359254490,26.725070872000003,3.044
preprocess_ms,2_7_r1_t2,269,1780387864454232124,26.820048506000003,2.928
preprocess_ms,2_7_r1_t2,270,1780387864630161449,26.995977831,7.168
preprocess_ms,2_7_r1_t2,271,1780387864669078649,27.034895031,3.135
preprocess_ms,2_7_r1_t2,272,1780387864790846789,27.156663171,5.033
preprocess_ms,2_7_r1_t2,273,1780387864872759736,27.238576118,4.257
preprocess_ms,2_7_r1_t2,274,1780387864982256774,27.348073156,5.815
preprocess_ms,2_7_r1_t2,275,1780387865105975736,27.471792118000003,4.658
preprocess_ms,2_7_r1_t2,276,1780387865152988731,27.518805113000003,2.848
preprocess_ms,2_7_r1_t2,277,1780387865262565126,27.628381508,4.963
preprocess_ms,2_7_r1_t2,278,1780387865361895698,27.727712080000003,6.252
preprocess_ms,2_7_r1_t2,279,1780387865461765320,27.827581702000003,4.906
preprocess_ms,2_7_r1_t2,280,1780387865554989652,27.920806034,6.391
preprocess_ms,2_7_r1_t2,281,1780387865671862384,28.037678766000003,4.336
preprocess_ms,2_7_r1_t2,282,1780387865787407527,28.153223909,4.597
preprocess_ms,2_7_r1_t2,283,1780387865859141192,28.224957574,3.156
preprocess_ms,2_7_r1_t2,284,1780387865956308102,28.322124484000003,3.936
preprocess_ms,2_7_r1_t2,285,1780387866052077867,28.417894249000003,6.173
preprocess_ms,2_7_r1_t2,286,1780387866182461097,28.548277479000003,4.409
preprocess_ms,2_7_r1_t2,287,1780387866266242341,28.632058723,4.126
preprocess_ms,2_7_r1_t2,288,1780387866360176596,28.725992978,5.311
preprocess_ms,2_7_r1_t2,289,1780387866471098708,28.83691509,4.388
preprocess_ms,2_7_r1_t2,290,1780387866551132050,28.916948432,3.976
preprocess_ms,2_7_r1_t2,291,1780387866679396537,29.045212919,4.154
preprocess_ms,2_7_r1_t2,292,1780387866774297379,29.140113761000002,5.8
preprocess_ms,2_7_r1_t2,293,1780387866873866618,29.239683000000003,5.386
preprocess_ms,2_7_r1_t2,294,1780387866973255623,29.339072005000002,6.03
preprocess_ms,2_7_r1_t2,295,1780387867073777284,29.439593666,5.696
preprocess_ms,2_7_r1_t2,296,1780387867162202752,29.528019134,4.207
preprocess_ms,2_7_r1_t2,297,1780387867271530862,29.637347244,4.552
preprocess_ms,2_7_r1_t2,298,1780387867387103917,29.752920299000003,5.374
preprocess_ms,2_7_r1_t2,299,1780387867471251425,29.837067807,4.515
preprocess_ms,2_7_r1_t2,300,1780387867583055979,29.948872361000003,6.572
preprocess_ms,2_7_r1_t2,301,1780387867672237631,30.038054013000004,4.996
preprocess_ms,2_7_r1_t2,302,1780387867784001020,30.149817402000004,4.555
preprocess_ms,2_7_r1_t2,303,1780387867875468639,30.241285021000003,4.374
preprocess_ms,2_7_r1_t2,304,1780387867963969019,30.329785401000002,3.708
preprocess_ms,2_7_r1_t2,305,1780387868069652505,30.435468887000003,5.397
preprocess_ms,2_7_r1_t2,306,1780387868172304641,30.538121023000002,4.605
preprocess_ms,2_7_r1_t2,307,1780387868271006775,30.636823157000002,4.421
preprocess_ms,2_7_r1_t2,308,1780387868347503560,30.713319942000002,5.392
preprocess_ms,2_7_r1_t2,309,1780387868462456167,30.828272549,4.419
preprocess_ms,2_7_r1_t2,310,1780387868559582148,30.925398530000002,3.824
preprocess_ms,2_7_r1_t2,311,1780387868669206553,31.035022935,3.837
preprocess_ms,2_7_r1_t2,312,1780387868763909792,31.129726174,5.532
preprocess_ms,2_7_r1_t2,313,1780387868865002975,31.230819357,4.858
preprocess_ms,2_7_r1_t2,314,1780387868991784311,31.357600693000002,3.72
preprocess_ms,2_7_r1_t2,315,1780387869050227294,31.416043676,4.601
preprocess_ms,2_7_r1_t2,316,1780387869162359101,31.528175483000002,4.193
preprocess_ms,2_7_r1_t2,317,1780387869296410438,31.66222682,6.225
preprocess_ms,2_7_r1_t2,318,1780387869378436809,31.744253191000002,5.862
preprocess_ms,2_7_r1_t2,319,1780387869452813333,31.818629715000004,3.739
preprocess_ms,2_7_r1_t2,320,1780387869563429962,31.929246344000003,5.085
preprocess_ms,2_7_r1_t2,321,1780387869647755886,32.013572268000004,5.212
preprocess_ms,2_7_r1_t2,322,1780387869770372563,32.136188945,3.637
preprocess_ms,2_7_r1_t2,323,1780387869901326950,32.267143332,4.978
preprocess_ms,2_7_r1_t2,324,1780387869956809327,32.322625709,3.897
preprocess_ms,2_7_r1_t2,325,1780387870070480341,32.436296723000005,4.979
preprocess_ms,2_7_r1_t2,326,1780387870158500580,32.524316962,5.191
preprocess_ms,2_7_r1_t2,327,1780387870266958497,32.632774879,3.388
preprocess_ms,2_7_r1_t2,328,1780387870363660151,32.729476533,4.971
preprocess_ms,2_7_r1_t2,329,1780387870480994364,32.846810746,5.925
preprocess_ms,2_7_r1_t2,330,1780387870555011032,32.920827414,9.876
preprocess_ms,2_7_r1_t2,331,1780387870665344699,33.031161081,1.811
preprocess_ms,2_7_r1_t2,332,1780387870759128265,33.124944647,3.581
preprocess_ms,2_7_r1_t2,333,1780387870849463644,33.215280026,7.882
preprocess_ms,2_7_r1_t2,334,1780387870972187377,33.338003759,8.741
preprocess_ms,2_7_r1_t2,335,1780387871050979309,33.416795691000004,6.993
preprocess_ms,2_7_r1_t2,336,1780387871157986709,33.523803091000005,4.754
preprocess_ms,2_7_r1_t2,337,1780387871259696546,33.625512928,6.727
preprocess_ms,2_7_r1_t2,338,1780387871357843143,33.723659525,4.458
preprocess_ms,2_7_r1_t2,339,1780387871465882165,33.831698547,3.385
preprocess_ms,2_7_r1_t2,340,1780387871551640618,33.917457,4.57
preprocess_ms,2_7_r1_t2,341,1780387871679264213,34.045080595,4.177
preprocess_ms,2_7_r1_t2,342,1780387871750290432,34.116106814000005,3.579
preprocess_ms,2_7_r1_t2,343,1780387871864713978,34.23053036,3.296
preprocess_ms,2_7_r1_t2,344,1780387871956859757,34.322676139,9.307
preprocess_ms,2_7_r1_t2,345,1780387872047547798,34.41336418,7.848
preprocess_ms,2_7_r1_t2,346,1780387872174545465,34.540361847,5.076
preprocess_ms,2_7_r1_t2,347,1780387872270196356,34.636012738000005,4.435
preprocess_ms,2_7_r1_t2,348,1780387872361314362,34.727130744,6.733
preprocess_ms,2_7_r1_t2,349,1780387872492043882,34.857860264,3.687
preprocess_ms,2_7_r1_t2,350,1780387872605297455,34.971113837000004,4.794
preprocess_ms,2_7_r1_t2,351,1780387872655406053,35.021222435000006,9.65
preprocess_ms,2_7_r1_t2,352,1780387872765772377,35.131588759,17.583
preprocess_ms,2_7_r1_t2,353,1780387872851171835,35.216988217,5.414
preprocess_ms,2_7_r1_t2,354,1780387872953222254,35.319038636,6.847
preprocess_ms,2_7_r1_t2,355,1780387873055433630,35.421250012,6.57
preprocess_ms,2_7_r1_t2,356,1780387873160785020,35.526601402000004,5.722
preprocess_ms,2_7_r1_t2,357,1780387873261774231,35.627590613,4.369
preprocess_ms,2_7_r1_t2,358,1780387873382362725,35.748179107000006,4.539
preprocess_ms,2_7_r1_t2,359,1780387873462462544,35.828278926,4.466
preprocess_ms,2_7_r1_t2,360,1780387873596930603,35.962746985,5.949
preprocess_ms,2_7_r1_t2,361,1780387873678435284,36.044251666,7.601
preprocess_ms,2_7_r1_t2,362,1780387873788416047,36.154232429000004,4.624
preprocess_ms,2_7_r1_t2,363,1780387873870343318,36.2361597,4.225
preprocess_ms,2_7_r1_t2,364,1780387873975617264,36.341433646000006,5.75
preprocess_ms,2_7_r1_t2,365,1780387874049253008,36.41506939,5.955
preprocess_ms,2_7_r1_t2,366,1780387874167210832,36.533027214,5.239
preprocess_ms,2_7_r1_t2,367,1780387874256248338,36.622064720000004,4.942
preprocess_ms,2_7_r1_t2,368,1780387874378017927,36.743834309,5.687
preprocess_ms,2_7_r1_t2,369,1780387874492192746,36.858009128,4.8
preprocess_ms,2_7_r1_t2,370,1780387874558950493,36.924766875,4.489
preprocess_ms,2_7_r1_t2,371,1780387874665865295,37.031681677,4.432
preprocess_ms,2_7_r1_t2,372,1780387874760244448,37.12606083,4.937
preprocess_ms,2_7_r1_t2,373,1780387874870351269,37.236167651,4.415
preprocess_ms,2_7_r1_t2,374,1780387874984930837,37.350747219000006,6.224
preprocess_ms,2_7_r1_t2,375,1780387875090864620,37.456681002,4.033
preprocess_ms,2_7_r1_t2,376,1780387875203566000,37.569382382,6.844
preprocess_ms,2_7_r1_t2,377,1780387875261696644,37.627513026,6.314
preprocess_ms,2_7_r1_t2,378,1780387875371880464,37.737696846000006,5.108
preprocess_ms,2_7_r1_t2,379,1780387875472917938,37.83873432,5.756
preprocess_ms,2_7_r1_t2,380,1780387875563614165,37.929430547,6.757
preprocess_ms,2_7_r1_t2,381,1780387875688700509,38.054516891000006,5.044
preprocess_ms,2_7_r1_t2,382,1780387875773969701,38.139786083000004,4.721
preprocess_ms,2_7_r1_t2,383,1780387875861901352,38.227717734,6.276
preprocess_ms,2_7_r1_t2,384,1780387875945641563,38.311457945,4.078
preprocess_ms,2_7_r1_t2,385,1780387876100295201,38.466111583,5.888
preprocess_ms,2_7_r1_t2,386,1780387876157958691,38.523775073,5.387
preprocess_ms,2_7_r1_t2,387,1780387876265180754,38.630997136000005,3.22
preprocess_ms,2_7_r1_t2,388,1780387876377093653,38.742910035,2.126
preprocess_ms,2_7_r1_t2,389,1780387876455040452,38.820856834000004,3.907
preprocess_ms,2_7_r1_t2,390,1780387876590546300,38.956362682000005,4.914
preprocess_ms,2_7_r1_t2,391,1780387876671776760,39.037593142000006,5.79
preprocess_ms,2_7_r1_t2,392,1780387876781516953,39.147333335,4.225
preprocess_ms,2_7_r1_t2,393,1780387876872180946,39.237997328000006,3.979
preprocess_ms,2_7_r1_t2,394,1780387876953134975,39.318951357,5.429
preprocess_ms,2_7_r1_t2,395,1780387877057414045,39.423230427,5.062
preprocess_ms,2_7_r1_t2,396,1780387877155629499,39.521445881000005,3.746
preprocess_ms,2_7_r1_t2,397,1780387877255676679,39.621493061,4.35
preprocess_ms,2_7_r1_t2,398,1780387877364237604,39.730053986,6.089
preprocess_ms,2_7_r1_t2,399,1780387877473037141,39.838853523000004,4.389
preprocess_ms,2_7_r1_t2,400,1780387877562955047,39.928771429,3.408
preprocess_ms,2_7_r1_t2,401,1780387877673448467,40.039264849000006,4.82
preprocess_ms,2_7_r1_t2,402,1780387877759654461,40.125470843,3.837
preprocess_ms,2_7_r1_t2,403,1780387877863331217,40.229147599,3.903
preprocess_ms,2_7_r1_t2,404,1780387877956928380,40.322744762,6.518
preprocess_ms,2_7_r1_t2,405,1780387878048151596,40.413967978,3.474
preprocess_ms,2_7_r1_t2,406,1780387878154181252,40.519997634,5.944
preprocess_ms,2_7_r1_t2,407,1780387878256928678,40.62274506,4.413
preprocess_ms,2_7_r1_t2,408,1780387878369612106,40.735428488000004,4.426
preprocess_ms,2_7_r1_t2,409,1780387878453603509,40.819419891,5.085
preprocess_ms,2_7_r1_t2,410,1780387878583034150,40.948850532,5.354
preprocess_ms,2_7_r1_t2,411,1780387878663639667,41.029456049000004,3.093
preprocess_ms,2_7_r1_t2,412,1780387878772544386,41.138360768000005,3.842
preprocess_ms,2_7_r1_t2,413,1780387878888666740,41.254483122,4.893
preprocess_ms,2_7_r1_t2,414,1780387878974381909,41.340198291,5.348
preprocess_ms,2_7_r1_t2,415,1780387879053696347,41.419512729000004,7.944
preprocess_ms,2_7_r1_t2,416,1780387879157273372,41.523089754000004,4.315
preprocess_ms,2_7_r1_t2,417,1780387879248417287,41.614233669,3.304
preprocess_ms,2_7_r1_t2,418,1780387879370439592,41.736255974,4.734
preprocess_ms,2_7_r1_t2,419,1780387879458200965,41.824017347,5.867
preprocess_ms,2_7_r1_t2,420,1780387879571031693,41.936848075,4.223
preprocess_ms,2_7_r1_t2,421,1780387879660162199,42.025978581000004,5.603
preprocess_ms,2_7_r1_t2,422,1780387879749801571,42.115617953000005,6.929
preprocess_ms,2_7_r1_t2,423,1780387879873324048,42.239140430000006,5.553
preprocess_ms,2_7_r1_t2,424,1780387880008712645,42.374529027,5.628
preprocess_ms,2_7_r1_t2,425,1780387880066573040,42.432389422,7.319
preprocess_ms,2_7_r1_t2,426,1780387880154342802,42.520159184,4.826
preprocess_ms,2_7_r1_t2,427,1780387880249375540,42.615191922,4.414
preprocess_ms,2_7_r1_t2,428,1780387880357922387,42.723738769,4.285
preprocess_ms,2_7_r1_t2,429,1780387880484982020,42.850798402,6.247
preprocess_ms,2_7_r1_t2,430,1780387880551359971,42.917176353,5.616
preprocess_ms,2_7_r1_t2,431,1780387880659630510,43.025446892000005,4.276
preprocess_ms,2_7_r1_t2,432,1780387880762415800,43.128232182000005,3.302
preprocess_ms,2_7_r1_t2,433,1780387880871998188,43.237814570000005,3.906
preprocess_ms,2_7_r1_t2,434,1780387880961116235,43.326932617000004,5.148
preprocess_ms,2_7_r1_t2,435,1780387881070369825,43.436186207000006,2.669
preprocess_ms,2_7_r1_t2,436,1780387881166191908,43.53200829,4.231
preprocess_ms,2_7_r1_t2,437,1780387881279336375,43.645152757000005,4.913
preprocess_ms,2_7_r1_t2,438,1780387881370628595,43.736444977000005,4.52
preprocess_ms,2_7_r1_t2,439,1780387881479068064,43.844884446,5.707
preprocess_ms,2_7_r1_t2,440,1780387881634473658,44.00029004,9.003
preprocess_ms,2_7_r1_t2,441,1780387881708327263,44.074143645,7.449
preprocess_ms,2_7_r1_t2,442,1780387881769087486,44.134903868,5.306
preprocess_ms,2_7_r1_t2,443,1780387881869920481,44.235736863,5.04
preprocess_ms,2_7_r1_t2,444,1780387881963366219,44.329182601,5.015
preprocess_ms,2_7_r1_t2,445,1780387882057632396,44.423448778,4.389
preprocess_ms,2_7_r1_t2,446,1780387882165715565,44.531531947000005,4.617
preprocess_ms,2_7_r1_t2,447,1780387882267678180,44.633494562,5.538
preprocess_ms,2_7_r1_t2,448,1780387882389134563,44.754950945000004,2.627
preprocess_ms,2_7_r1_t2,449,1780387882457864194,44.823680576,5.466
preprocess_ms,2_7_r1_t2,450,1780387882571819694,44.937636076000004,4.51
preprocess_ms,2_7_r1_t2,451,1780387882675516514,45.041332896,5.394
preprocess_ms,2_7_r1_t2,452,1780387882752964340,45.118780722000004,6.808
preprocess_ms,2_7_r1_t2,453,1780387882858128759,45.223945141,8.079
preprocess_ms,2_7_r1_t2,454,1780387882971352231,45.337168613,4.704
preprocess_ms,2_7_r1_t2,455,1780387883082994099,45.448810481,6.054
preprocess_ms,2_7_r1_t2,456,1780387883175233933,45.541050315,4.095
preprocess_ms,2_7_r1_t2,457,1780387883258836453,45.624652835000006,3.758
preprocess_ms,2_7_r1_t2,458,1780387883374080918,45.7398973,4.782
preprocess_ms,2_7_r1_t2,459,1780387883482758082,45.848574464,5.915
preprocess_ms,2_7_r1_t2,460,1780387883585393291,45.951209673,6.157
preprocess_ms,2_7_r1_t2,461,1780387883650170194,46.015986576,5.828
preprocess_ms,2_7_r1_t2,462,1780387883754810256,46.120626638000005,6.623
preprocess_ms,2_7_r1_t2,463,1780387883877070462,46.242886844000004,5.768
preprocess_ms,2_7_r1_t2,464,1780387884005223817,46.371040199,6.243
preprocess_ms,2_7_r1_t2,465,1780387884072491524,46.438307906000006,4.15
preprocess_ms,2_7_r1_t2,466,1780387884160673756,46.526490138,7.297
preprocess_ms,2_7_r1_t2,467,1780387884251073265,46.616889647,6.708
preprocess_ms,2_7_r1_t2,468,1780387884385304375,46.751120757,5.04
preprocess_ms,2_7_r1_t2,469,1780387884486855631,46.852672013,4.493
preprocess_ms,2_7_r1_t2,470,1780387884573882739,46.939699121000004,5.739
preprocess_ms,2_7_r1_t2,471,1780387884705856850,47.071673232,6.978
preprocess_ms,2_7_r1_t2,472,1780387884754585706,47.120402088000006,4.098
preprocess_ms,2_7_r1_t2,473,1780387884896663866,47.262480248,5.091
preprocess_ms,2_7_r1_t2,474,1780387884975531771,47.341348153000006,1.761
preprocess_ms,2_7_r1_t2,475,1780387885054162671,47.419979053000006,5.1
preprocess_ms,2_7_r1_t2,476,1780387885157779113,47.523595495,4.616
preprocess_ms,2_7_r1_t2,477,1780387885305817696,47.671634078000004,5.183
preprocess_ms,2_7_r1_t2,478,1780387885371848633,47.737665015000005,4.044
preprocess_ms,2_7_r1_t2,479,1780387885471806161,47.837622543,5.138
preprocess_ms,2_7_r1_t2,480,1780387885554650825,47.920467207,7.273
preprocess_ms,2_7_r1_t2,481,1780387885659050456,48.024866838,3.866
preprocess_ms,2_7_r1_t2,482,1780387885798477421,48.164293803,5.465
preprocess_ms,2_7_r1_t2,483,1780387885881557661,48.247374043,5.947
preprocess_ms,2_7_r1_t2,484,1780387885965429201,48.331245583000005,4.158
preprocess_ms,2_7_r1_t2,485,1780387886059499037,48.425315419,3.226
preprocess_ms,2_7_r1_t2,486,1780387886157819283,48.523635665,4.259
preprocess_ms,2_7_r1_t2,487,1780387886273647185,48.639463567,2.13
preprocess_ms,2_7_r1_t2,488,1780387886356703393,48.722519775,4.857
preprocess_ms,2_7_r1_t2,489,1780387886459319359,48.825135741000004,4.314
preprocess_ms,2_7_r1_t2,490,1780387886583570977,48.949387359000006,6.608
preprocess_ms,2_7_r1_t2,491,1780387886683925971,49.049742353000006,6.223
preprocess_ms,2_7_r1_t2,492,1780387886775324287,49.141140669,5.172
preprocess_ms,2_7_r1_t2,493,1780387886883315845,49.249132227000004,4.703
preprocess_ms,2_7_r1_t2,494,1780387886969979886,49.335796268,4.596
preprocess_ms,2_7_r1_t2,495,1780387887067672954,49.433489336,4.471
preprocess_ms,2_7_r1_t2,496,1780387887173914424,49.539730806,5.269
preprocess_ms,2_7_r1_t2,497,1780387887272203784,49.638020166000004,4.889
preprocess_ms,2_7_r1_t2,498,1780387887355167798,49.72098418,2.474
preprocess_ms,2_7_r1_t2,499,1780387887464347511,49.830163893000005,5.023
preprocess_ms,2_7_r1_t2,500,1780387887598533612,49.964349994,5.743
preprocess_ms,2_7_r1_t2,501,1780387887662541609,50.028357991,4.351
preprocess_ms,2_7_r1_t2,502,1780387887781264335,50.147080717,4.89
preprocess_ms,2_7_r1_t2,503,1780387887880048386,50.245864768000004,6.494
preprocess_ms,2_7_r1_t2,504,1780387887995322225,50.361138607,5.733
preprocess_ms,2_7_r1_t2,505,1780387888102137149,50.467953531000006,4.942
preprocess_ms,2_7_r1_t2,506,1780387888155309931,50.521126313,5.479
preprocess_ms,2_7_r1_t2,507,1780387888257861141,50.623677523000005,4.55
preprocess_ms,2_7_r1_t2,508,1780387888360055597,50.725871979000004,4.505
preprocess_ms,2_7_r1_t2,509,1780387888493037402,50.858853784000004,5.079
preprocess_ms,2_7_r1_t2,510,1780387888571001050,50.936817432000005,4.915
preprocess_ms,2_7_r1_t2,511,1780387888654129400,51.019945782,5.613
preprocess_ms,2_7_r1_t2,512,1780387888761718035,51.127534417,3.717
preprocess_ms,2_7_r1_t2,513,1780387888849858996,51.215675378,3.343
preprocess_ms,2_7_r1_t2,514,1780387888983684156,51.349500538,4.57
preprocess_ms,2_7_r1_t2,515,1780387889048728830,51.414545212,5.782
preprocess_ms,2_7_r1_t2,516,1780387889151921375,51.517737757000006,6.268
preprocess_ms,2_7_r1_t2,517,1780387889275344696,51.641161078,3.892
preprocess_ms,2_7_r1_t2,518,1780387889366160403,51.731976785,4.905
preprocess_ms,2_7_r1_t2,519,1780387889463674380,51.829490762000006,4.12
preprocess_ms,2_7_r1_t2,520,1780387889574680835,51.940497217,6.176
preprocess_ms,2_7_r1_t2,521,1780387889665704147,52.031520529000005,3.098
preprocess_ms,2_7_r1_t2,522,1780387889784701311,52.150517693000005,6.865
preprocess_ms,2_7_r1_t2,523,1780387889852894115,52.218710497000004,7.63
preprocess_ms,2_7_r1_t2,524,1780387889966768149,52.332584531,3.401
preprocess_ms,2_7_r1_t2,525,1780387890051253161,52.417069543000004,3.939
preprocess_ms,2_7_r1_t2,526,1780387890167462967,52.533279349000004,5.343
preprocess_ms,2_7_r1_t2,527,1780387890256143015,52.621959397000005,4.366
preprocess_ms,2_7_r1_t2,528,1780387890357770576,52.723586958000006,4.337
preprocess_ms,2_7_r1_t2,529,1780387890462270793,52.828087175,3.436
preprocess_ms,2_7_r1_t2,530,1780387890576694550,52.942510932000005,5.306
preprocess_ms,2_7_r1_t2,531,1780387890686263689,53.052080071000006,5.312
preprocess_ms,2_7_r1_t2,532,1780387890777518038,53.14333442,4.504
preprocess_ms,2_7_r1_t2,533,1780387890841432878,53.207249260000005,3.764
preprocess_ms,2_7_r1_t2,534,1780387890944724598,53.310540980000006,4.234
preprocess_ms,2_7_r1_t2,535,1780387891081046880,53.446863262,5.816
preprocess_ms,2_7_r1_t2,536,1780387891150404818,53.516221200000004,6.802
preprocess_ms,2_7_r1_t2,537,1780387891264449219,53.630265601000005,4.654
preprocess_ms,2_7_r1_t2,538,1780387891346679970,53.712496352,3.822
preprocess_ms,2_7_r1_t2,539,1780387891461338791,53.827155173,4.021
preprocess_ms,2_7_r1_t2,540,1780387891560935088,53.926751470000006,4.441
preprocess_ms,2_7_r1_t2,541,1780387891674760568,54.04057695,6.828
preprocess_ms,2_7_r1_t2,542,1780387891770073584,54.135889966,4.231
preprocess_ms,2_7_r1_t2,543,1780387891858441142,54.224257524,5.159
preprocess_ms,2_7_r1_t2,544,1780387891979734163,54.345550545,6.0
preprocess_ms,2_7_r1_t2,545,1780387892048742081,54.414558463000006,5.89
preprocess_ms,2_7_r1_t2,546,1780387892163152851,54.528969233000005,4.185
preprocess_ms,2_7_r1_t2,547,1780387892266974625,54.632791007,4.28
preprocess_ms,2_7_r1_t2,548,1780387892370445185,54.73626156700001,4.496
preprocess_ms,2_7_r1_t2,549,1780387892450012467,54.815828849000006,4.861
preprocess_ms,2_7_r1_t2,550,1780387892550058209,54.915874591000005,5.179
preprocess_ms,2_7_r1_t2,551,1780387892644173518,55.0099899,4.406
preprocess_ms,2_7_r1_t2,552,1780387892749600093,55.115416475,3.83
preprocess_ms,2_7_r1_t2,553,1780387892857506852,55.223323234000006,3.908
preprocess_ms,2_7_r1_t2,554,1780387892984078547,55.349894929,6.001
preprocess_ms,2_7_r1_t2,555,1780387893056672404,55.422488786,3.466
preprocess_ms,2_7_r1_t2,556,1780387893174642910,55.540459292,3.925
preprocess_ms,2_7_r1_t2,557,1780387893276919233,55.64273561500001,6.33
preprocess_ms,2_7_r1_t2,558,1780387893370151198,55.73596758,4.113
preprocess_ms,2_7_r1_t2,559,1780387893451174054,55.816990436000005,6.149
preprocess_ms,2_7_r1_t2,560,1780387893597350076,55.963166458,4.496
preprocess_ms,2_7_r1_t2,561,1780387893673227119,56.039043501,6.578
preprocess_ms,2_7_r1_t2,562,1780387893765410862,56.131227244,4.537
preprocess_ms,2_7_r1_t2,563,1780387893860529859,56.226346241,5.107
preprocess_ms,2_7_r1_t2,564,1780387893966005476,56.331821858000005,4.389
preprocess_ms,2_7_r1_t2,565,1780387894076539847,56.442356229000005,4.467
preprocess_ms,2_7_r1_t2,566,1780387894189279848,56.555096230000004,4.991
preprocess_ms,2_7_r1_t2,567,1780387894288789609,56.654605991000004,4.847
preprocess_ms,2_7_r1_t2,568,1780387894371804354,56.737620736000004,5.17
preprocess_ms,2_7_r1_t2,569,1780387894450625312,56.816441694000005,4.385
preprocess_ms,2_7_r1_t2,570,1780387894567461994,56.933278376000004,5.279
preprocess_ms,2_7_r1_t2,571,1780387894671826971,57.03764335300001,4.426
preprocess_ms,2_7_r1_t2,572,1780387894751615474,57.117431856,6.364
preprocess_ms,2_7_r1_t2,573,1780387894853184776,57.219001158000005,4.391
preprocess_ms,2_7_r1_t2,574,1780387894990790686,57.356607068,6.43
preprocess_ms,2_7_r1_t2,575,1780387895059834160,57.42565054200001,4.25
preprocess_ms,2_7_r1_t2,576,1780387895162070336,57.527886718000005,4.15
preprocess_ms,2_7_r1_t2,577,1780387895248621849,57.614438231,2.537
preprocess_ms,2_7_r1_t2,578,1780387895381812278,57.747628660000004,4.289
preprocess_ms,2_7_r1_t2,579,1780387895455490034,57.821306416000006,3.882
preprocess_ms,2_7_r1_t2,580,1780387895589650388,57.95546677,3.921
preprocess_ms,2_7_r1_t2,581,1780387895672720430,58.038536812000004,4.542
preprocess_ms,2_7_r1_t2,582,1780387895765905291,58.131721673,4.183
preprocess_ms,2_7_r1_t2,583,1780387895889113481,58.254929863,5.814
preprocess_ms,2_7_r1_t2,584,1780387895949046640,58.314863022000004,7.025
preprocess_ms,2_7_r1_t2,585,1780387896069801368,58.435617750000006,4.287
preprocess_ms,2_7_r1_t2,586,1780387896167584553,58.533400935,3.947
preprocess_ms,2_7_r1_t2,587,1780387896265466338,58.63128272,4.595
preprocess_ms,2_7_r1_t2,588,1780387896372301434,58.738117816000006,4.499
preprocess_ms,2_7_r1_t2,589,1780387896456984904,58.822801286,7.39
preprocess_ms,2_7_r1_t2,590,1780387896563186186,58.929002568,3.279
preprocess_ms,2_7_r1_t2,591,1780387896665723222,59.031539604,3.895
preprocess_ms,2_7_r1_t2,592,1780387896755934126,59.121750508000005,3.926
preprocess_ms,2_7_r1_t2,593,1780387896844385316,59.210201698000006,4.069
preprocess_ms,bevfusion_2_7,0,1779961711091695445,0.0,6.684
preprocess_ms,bevfusion_2_7,1,1779961711139911243,0.048215798000000004,5.733
preprocess_ms,bevfusion_2_7,2,1779961711186598244,0.09490279900000001,4.853
preprocess_ms,bevfusion_2_7,3,1779961711273790071,0.182094626,3.859
preprocess_ms,bevfusion_2_7,4,1779961711400955659,0.30926021400000003,5.38
preprocess_ms,bevfusion_2_7,5,1779961711484348078,0.39265263300000003,4.834
preprocess_ms,bevfusion_2_7,6,1779961711583282264,0.491586819,4.984
preprocess_ms,bevfusion_2_7,7,1779961711678550522,0.5868550770000001,4.094
preprocess_ms,bevfusion_2_7,8,1779961711787989456,0.696294011,4.273
preprocess_ms,bevfusion_2_7,9,1779961711859073337,0.7673778920000001,4.731
preprocess_ms,bevfusion_2_7,10,1779961711957422541,0.8657270960000001,6.153
preprocess_ms,bevfusion_2_7,11,1779961712084499436,0.992803991,5.032
preprocess_ms,bevfusion_2_7,12,1779961712155184060,1.063488615,6.968
preprocess_ms,bevfusion_2_7,13,1779961712244689202,1.1529937570000002,4.304
preprocess_ms,bevfusion_2_7,14,1779961712370760671,1.2790652260000002,3.771
preprocess_ms,bevfusion_2_7,15,1779961712452050047,1.3603546020000001,4.852
preprocess_ms,bevfusion_2_7,16,1779961712578430465,1.48673502,5.085
preprocess_ms,bevfusion_2_7,17,1779961712667400903,1.575705458,4.307
preprocess_ms,bevfusion_2_7,18,1779961712796961406,1.705265961,6.48
preprocess_ms,bevfusion_2_7,19,1779961712868385290,1.7766898450000002,6.283
preprocess_ms,bevfusion_2_7,20,1779961712965181779,1.873486334,4.711
preprocess_ms,bevfusion_2_7,21,1779961713053614014,1.961918569,5.618
preprocess_ms,bevfusion_2_7,22,1779961713146421995,2.0547265500000003,3.524
preprocess_ms,bevfusion_2_7,23,1779961713273111495,2.18141605,4.89
preprocess_ms,bevfusion_2_7,24,1779961713370539138,2.2788436930000002,5.144
preprocess_ms,bevfusion_2_7,25,1779961713449678581,2.357983136,4.623
preprocess_ms,bevfusion_2_7,26,1779961713551233056,2.459537611,4.873
preprocess_ms,bevfusion_2_7,27,1779961713653959856,2.562264411,6.297
preprocess_ms,bevfusion_2_7,28,1779961713793698374,2.7020029290000003,4.333
preprocess_ms,bevfusion_2_7,29,1779961713844916931,2.753221486,4.549
preprocess_ms,bevfusion_2_7,30,1779961713978133980,2.8864385350000004,4.516
preprocess_ms,bevfusion_2_7,31,1779961714099876042,3.0081805970000004,5.408
preprocess_ms,bevfusion_2_7,32,1779961714155846778,3.0641513330000003,5.225
preprocess_ms,bevfusion_2_7,33,1779961714269597447,3.177902002,4.669
preprocess_ms,bevfusion_2_7,34,1779961714353650007,3.261954562,4.586
preprocess_ms,bevfusion_2_7,35,1779961714460996400,3.3693009550000004,5.853
preprocess_ms,bevfusion_2_7,36,1779961714566051247,3.4743558020000003,4.677
preprocess_ms,bevfusion_2_7,37,1779961714659834488,3.5681390430000004,4.623
preprocess_ms,bevfusion_2_7,38,1779961714745723661,3.6540282160000004,6.837
preprocess_ms,bevfusion_2_7,39,1779961714868713371,3.777017926,3.583
preprocess_ms,bevfusion_2_7,40,1779961714971282991,3.879587546,4.688
preprocess_ms,bevfusion_2_7,41,1779961715059062800,3.9673673550000004,4.624
preprocess_ms,bevfusion_2_7,42,1779961715144746907,4.053051462,3.945
preprocess_ms,bevfusion_2_7,43,1779961715253326533,4.161631088,4.007
preprocess_ms,bevfusion_2_7,44,1779961715349103428,4.257407983,4.848
preprocess_ms,bevfusion_2_7,45,1779961715448081887,4.356386442000001,7.554
preprocess_ms,bevfusion_2_7,46,1779961715543161628,4.451466183,3.986
preprocess_ms,bevfusion_2_7,47,1779961715648407854,4.556712409,4.627
preprocess_ms,bevfusion_2_7,48,1779961715791053581,4.699358136,4.441
preprocess_ms,bevfusion_2_7,49,1779961715887107032,4.795411587,5.476
preprocess_ms,bevfusion_2_7,50,1779961715956520519,4.8648250740000005,5.564
preprocess_ms,bevfusion_2_7,51,1779961716053694123,4.9619986780000005,6.095
preprocess_ms,bevfusion_2_7,52,1779961716152673737,5.060978292000001,8.373
preprocess_ms,bevfusion_2_7,53,1779961716266263801,5.174568356,4.302
preprocess_ms,bevfusion_2_7,54,1779961716393839928,5.302144483,7.22
preprocess_ms,bevfusion_2_7,55,1779961716478303250,5.386607805000001,5.55
preprocess_ms,bevfusion_2_7,56,1779961716562237397,5.4705419520000005,6.581
preprocess_ms,bevfusion_2_7,57,1779961716667039570,5.575344125,5.266
preprocess_ms,bevfusion_2_7,58,1779961716768214378,5.6765189330000005,5.866
preprocess_ms,bevfusion_2_7,59,1779961716919472538,5.827777093000001,24.545
preprocess_ms,bevfusion_2_7,60,1779961716985104819,5.893409374,7.747
preprocess_ms,bevfusion_2_7,61,1779961717106962974,6.015267529,7.379
preprocess_ms,bevfusion_2_7,62,1779961717156816092,6.0651206470000005,6.405
preprocess_ms,bevfusion_2_7,63,1779961717247531477,6.155836032000001,4.915
preprocess_ms,bevfusion_2_7,64,1779961717384076158,6.292380713,7.151
preprocess_ms,bevfusion_2_7,65,1779961717454880513,6.363185068000001,4.012
preprocess_ms,bevfusion_2_7,66,1779961717599538977,6.507843532000001,6.103
preprocess_ms,bevfusion_2_7,67,1779961717665464268,6.573768823,5.197
preprocess_ms,bevfusion_2_7,68,1779961717749746643,6.658051198000001,6.889
preprocess_ms,bevfusion_2_7,69,1779961717872931288,6.781235843,4.045
preprocess_ms,bevfusion_2_7,70,1779961717950728373,6.859032928,8.352
preprocess_ms,bevfusion_2_7,71,1779961718056357849,6.964662404,5.522
preprocess_ms,bevfusion_2_7,72,1779961718191293040,7.0995975950000005,8.022
preprocess_ms,bevfusion_2_7,73,1779961718252458633,7.160763188000001,5.082
preprocess_ms,bevfusion_2_7,74,1779961718372570960,7.280875515000001,3.646
preprocess_ms,bevfusion_2_7,75,1779961718449831183,7.3581357380000005,4.858
preprocess_ms,bevfusion_2_7,76,1779961718579161276,7.487465831000001,6.221
preprocess_ms,bevfusion_2_7,77,1779961718654402567,7.562707122000001,5.262
preprocess_ms,bevfusion_2_7,78,1779961718769617721,7.677922276,4.821
preprocess_ms,bevfusion_2_7,79,1779961718847488655,7.75579321,3.883
preprocess_ms,bevfusion_2_7,80,1779961718977984065,7.88628862,5.275
preprocess_ms,bevfusion_2_7,81,1779961719054842224,7.963146779000001,4.701
preprocess_ms,bevfusion_2_7,82,1779961719153678727,8.061983282,4.961
preprocess_ms,bevfusion_2_7,83,1779961719262340035,8.17064459,5.54
preprocess_ms,bevfusion_2_7,84,1779961719346196800,8.254501355,5.35
preprocess_ms,bevfusion_2_7,85,1779961719459817226,8.368121781000001,3.979
preprocess_ms,bevfusion_2_7,86,1779961719564107400,8.472411955,5.108
preprocess_ms,bevfusion_2_7,87,1779961719646053291,8.554357846,4.831
preprocess_ms,bevfusion_2_7,88,1779961719760149803,8.668454358,5.408
preprocess_ms,bevfusion_2_7,89,1779961719848283636,8.756588191,5.27
preprocess_ms,bevfusion_2_7,90,1779961719973446201,8.881750756,3.632
preprocess_ms,bevfusion_2_7,91,1779961720063600574,8.971905129000001,5.72
preprocess_ms,bevfusion_2_7,92,1779961720155437286,9.063741841,6.88
preprocess_ms,bevfusion_2_7,93,1779961720247390710,9.155695265,4.389
preprocess_ms,bevfusion_2_7,94,1779961720352179455,9.26048401,5.461
preprocess_ms,bevfusion_2_7,95,1779961720460134216,9.368438771000001,6.549
preprocess_ms,bevfusion_2_7,96,1779961720587594781,9.495899336,5.432
preprocess_ms,bevfusion_2_7,97,1779961720655812970,9.564117525,3.195
preprocess_ms,bevfusion_2_7,98,1779961720767040873,9.675345428,4.813
preprocess_ms,bevfusion_2_7,99,1779961720856468170,9.764772725,4.912
preprocess_ms,bevfusion_2_7,100,1779961720970334939,9.878639494,3.985
preprocess_ms,bevfusion_2_7,101,1779961721053965722,9.962270277,5.89
preprocess_ms,bevfusion_2_7,102,1779961721152736728,10.061041283,4.937
preprocess_ms,bevfusion_2_7,103,1779961721262413186,10.170717741,5.263
preprocess_ms,bevfusion_2_7,104,1779961721356531479,10.264836034,5.911
preprocess_ms,bevfusion_2_7,105,1779961721468457838,10.376762393,6.852
preprocess_ms,bevfusion_2_7,106,1779961721559860646,10.468165201000001,3.487
preprocess_ms,bevfusion_2_7,107,1779961721650709979,10.559014534000001,6.902
preprocess_ms,bevfusion_2_7,108,1779961721742800189,10.651104744000001,4.389
preprocess_ms,bevfusion_2_7,109,1779961721847242805,10.755547360000001,4.598
preprocess_ms,bevfusion_2_7,110,1779961721943810427,10.852114982,4.1
preprocess_ms,bevfusion_2_7,111,1779961722069354903,10.977659458000002,4.059
preprocess_ms,bevfusion_2_7,112,1779961722158159885,11.06646444,4.823
preprocess_ms,bevfusion_2_7,113,1779961722266922229,11.175226784000001,4.069
preprocess_ms,bevfusion_2_7,114,1779961722368727853,11.277032408,5.838
preprocess_ms,bevfusion_2_7,115,1779961722442539538,11.350844093000001,4.231
preprocess_ms,bevfusion_2_7,116,1779961722547271801,11.455576356,4.969
preprocess_ms,bevfusion_2_7,117,1779961722684769674,11.593074229,4.688
preprocess_ms,bevfusion_2_7,118,1779961722818059554,11.726364109,5.506
preprocess_ms,bevfusion_2_7,119,1779961722909472023,11.817776578,6.532
preprocess_ms,bevfusion_2_7,120,1779961722962424261,11.870728816000002,5.383
preprocess_ms,bevfusion_2_7,121,1779961723135003333,12.043307888000001,14.872
preprocess_ms,bevfusion_2_7,122,1779961723188125886,12.096430441,5.099
preprocess_ms,bevfusion_2_7,123,1779961723260999494,12.169304049,5.913
preprocess_ms,bevfusion_2_7,124,1779961723357779797,12.266084352,4.216
preprocess_ms,bevfusion_2_7,125,1779961723464233610,12.372538165,4.632
preprocess_ms,bevfusion_2_7,126,1779961723572354895,12.480659450000001,3.878
preprocess_ms,bevfusion_2_7,127,1779961723687685080,12.595989635,6.745
preprocess_ms,bevfusion_2_7,128,1779961723794209078,12.702513633,7.42
preprocess_ms,bevfusion_2_7,129,1779961723847161839,12.755466394,5.982
preprocess_ms,bevfusion_2_7,130,1779961723975748841,12.884053396,6.507
preprocess_ms,bevfusion_2_7,131,1779961724052585734,12.960890289,4.382
preprocess_ms,bevfusion_2_7,132,1779961724165247688,13.073552243,5.507
preprocess_ms,bevfusion_2_7,133,1779961724256725793,13.165030348,6.344
preprocess_ms,bevfusion_2_7,134,1779961724345922828,13.254227383000002,5.26
preprocess_ms,bevfusion_2_7,135,1779961724451167158,13.359471713000001,5.06
preprocess_ms,bevfusion_2_7,136,1779961724582430165,13.49073472,5.639
preprocess_ms,bevfusion_2_7,137,1779961724694011423,13.602315978,6.491
preprocess_ms,bevfusion_2_7,138,1779961724773045900,13.681350455,4.663
preprocess_ms,bevfusion_2_7,139,1779961724857094236,13.765398791,7.465
preprocess_ms,bevfusion_2_7,140,1779961724944860577,13.853165132,4.813
preprocess_ms,bevfusion_2_7,141,1779961725074519024,13.982823579000002,5.942
preprocess_ms,bevfusion_2_7,142,1779961725179228096,14.087532651,5.551
preprocess_ms,bevfusion_2_7,143,1779961725259508850,14.167813405,4.76
preprocess_ms,bevfusion_2_7,144,1779961725400618334,14.308922889000002,6.27
preprocess_ms,bevfusion_2_7,145,1779961725472764210,14.381068765,5.05
preprocess_ms,bevfusion_2_7,146,1779961725552234683,14.460539238,6.103
preprocess_ms,bevfusion_2_7,147,1779961725642651447,14.550956002000001,5.109
preprocess_ms,bevfusion_2_7,148,1779961725781517690,14.689822245,5.583
preprocess_ms,bevfusion_2_7,149,1779961725866117169,14.774421724000002,4.928
preprocess_ms,bevfusion_2_7,150,1779961725950019726,14.858324281000002,5.357
preprocess_ms,bevfusion_2_7,151,1779961726055645024,14.963949579000001,3.597
preprocess_ms,bevfusion_2_7,152,1779961726173742093,15.082046648,4.916
preprocess_ms,bevfusion_2_7,153,1779961726253049139,15.161353694,3.75
preprocess_ms,bevfusion_2_7,154,1779961726356561674,15.264866229,5.831
preprocess_ms,bevfusion_2_7,155,1779961726450827089,15.359131644000001,5.876
preprocess_ms,bevfusion_2_7,156,1779961726560901505,15.469206060000001,7.433
preprocess_ms,bevfusion_2_7,157,1779961726654071744,15.562376299,4.544
preprocess_ms,bevfusion_2_7,158,1779961726741123123,15.649427678,4.261
preprocess_ms,bevfusion_2_7,159,1779961726858161918,15.766466473000001,5.582
preprocess_ms,bevfusion_2_7,160,1779961726942979804,15.851284359000001,5.01
preprocess_ms,bevfusion_2_7,161,1779961727050725657,15.959030212000002,4.348
preprocess_ms,bevfusion_2_7,162,1779961727153878254,16.062182809,4.321
preprocess_ms,bevfusion_2_7,163,1779961727261052397,16.169356952,5.861
preprocess_ms,bevfusion_2_7,164,1779961727359776267,16.268080822,4.85
preprocess_ms,bevfusion_2_7,165,1779961727478332601,16.386637156000003,6.089
preprocess_ms,bevfusion_2_7,166,1779961727567424907,16.475729462,4.609
preprocess_ms,bevfusion_2_7,167,1779961727657607193,16.565911748,6.963
preprocess_ms,bevfusion_2_7,168,1779961727771687150,16.679991705000003,4.943
preprocess_ms,bevfusion_2_7,169,1779961727867992066,16.776296621,7.852
preprocess_ms,bevfusion_2_7,170,1779961727952639373,16.860943928,6.962
preprocess_ms,bevfusion_2_7,171,1779961728064395122,16.972699677,4.412
preprocess_ms,bevfusion_2_7,172,1779961728153299404,17.061603959000003,3.96
preprocess_ms,bevfusion_2_7,173,1779961728271494397,17.179798952000002,3.404
preprocess_ms,bevfusion_2_7,174,1779961728382341780,17.290646335,5.542
preprocess_ms,bevfusion_2_7,175,1779961728448935995,17.35724055,4.694
preprocess_ms,bevfusion_2_7,176,1779961728551569493,17.459874048,5.323
preprocess_ms,bevfusion_2_7,177,1779961728653107207,17.561411762000002,4.876
preprocess_ms,bevfusion_2_7,178,1779961728774899844,17.683204399,5.203
preprocess_ms,bevfusion_2_7,179,1779961728850181079,17.758485634,4.46
preprocess_ms,bevfusion_2_7,180,1779961728953280572,17.861585127,4.257
preprocess_ms,bevfusion_2_7,181,1779961729050407531,17.958712086000002,5.107
preprocess_ms,bevfusion_2_7,182,1779961729169132882,18.077437437,4.504
preprocess_ms,bevfusion_2_7,183,1779961729252521127,18.160825682000002,6.276
preprocess_ms,bevfusion_2_7,184,1779961729391972420,18.300276975000003,5.833
preprocess_ms,bevfusion_2_7,185,1779961729457693784,18.365998339,7.281
preprocess_ms,bevfusion_2_7,186,1779961729557510874,18.465815429000003,5.124
preprocess_ms,bevfusion_2_7,187,1779961729673134145,18.5814387,7.467
preprocess_ms,bevfusion_2_7,188,1779961729746455962,18.654760517,5.408
preprocess_ms,bevfusion_2_7,189,1779961729893010895,18.80131545,5.417
preprocess_ms,bevfusion_2_7,190,1779961729952962670,18.861267225000002,5.495
preprocess_ms,bevfusion_2_7,191,1779961730050272340,18.958576895,7.697
preprocess_ms,bevfusion_2_7,192,1779961730185132023,19.093436578000002,4.696
preprocess_ms,bevfusion_2_7,193,1779961730267704432,19.176008987,4.082
preprocess_ms,bevfusion_2_7,194,1779961730383287550,19.291592105,4.669
preprocess_ms,bevfusion_2_7,195,1779961730452471299,19.360775854,5.014
preprocess_ms,bevfusion_2_7,196,1779961730551942096,19.460246651000002,4.874
preprocess_ms,bevfusion_2_7,197,1779961730645269670,19.553574225000002,5.117
preprocess_ms,bevfusion_2_7,198,1779961730761909486,19.670214041,5.26
preprocess_ms,bevfusion_2_7,199,1779961730846888555,19.75519311,4.369
preprocess_ms,bevfusion_2_7,200,1779961730956483885,19.86478844,3.748
preprocess_ms,bevfusion_2_7,201,1779961731064722568,19.973027123,7.062
preprocess_ms,bevfusion_2_7,202,1779961731184968086,20.093272641000002,6.565
preprocess_ms,bevfusion_2_7,203,1779961731262015847,20.170320402,4.269
preprocess_ms,bevfusion_2_7,204,1779961731368829922,20.277134477,4.822
preprocess_ms,bevfusion_2_7,205,1779961731458444189,20.366748744000002,5.691
preprocess_ms,bevfusion_2_7,206,1779961731565445714,20.473750269,5.059
preprocess_ms,bevfusion_2_7,207,1779961731657439935,20.56574449,4.415
preprocess_ms,bevfusion_2_7,208,1779961731748057513,20.656362068,4.473
preprocess_ms,bevfusion_2_7,209,1779961731846156236,20.754460791,4.046
preprocess_ms,bevfusion_2_7,210,1779961731945445348,20.853749903,3.93
preprocess_ms,bevfusion_2_7,211,1779961732050048894,20.958353449,5.015
preprocess_ms,bevfusion_2_7,212,1779961732147704470,21.056009025,4.432
preprocess_ms,bevfusion_2_7,213,1779961732290249126,21.198553681,5.928
preprocess_ms,bevfusion_2_7,214,1779961732383842220,21.292146775000003,6.135
preprocess_ms,bevfusion_2_7,215,1779961732458695449,21.367000004,4.904
preprocess_ms,bevfusion_2_7,216,1779961732594803267,21.503107822,4.462
preprocess_ms,bevfusion_2_7,217,1779961732713225206,21.621529761,7.773
preprocess_ms,bevfusion_2_7,218,1779961732783882770,21.692187325000003,4.71
preprocess_ms,bevfusion_2_7,219,1779961732874805766,21.783110321000002,5.264
preprocess_ms,bevfusion_2_7,220,1779961732948530790,21.856835345,4.951
preprocess_ms,bevfusion_2_7,221,1779961733090089199,21.998393754000002,3.477
preprocess_ms,bevfusion_2_7,222,1779961733157880037,22.066184592000003,4.868
preprocess_ms,bevfusion_2_7,223,1779961733274850225,22.183154780000002,7.047
preprocess_ms,bevfusion_2_7,224,1779961733352428413,22.260732968000003,5.142
preprocess_ms,bevfusion_2_7,225,1779961733451514465,22.35981902,6.232
preprocess_ms,bevfusion_2_7,226,1779961733545259612,22.453564167,3.648
preprocess_ms,bevfusion_2_7,227,1779961733664075853,22.572380408,6.09
preprocess_ms,bevfusion_2_7,228,1779961733745539191,22.653843746,5.533
preprocess_ms,bevfusion_2_7,229,1779961733858320542,22.766625097000002,3.903
preprocess_ms,bevfusion_2_7,230,1779961733948003552,22.856308107,4.326
preprocess_ms,bevfusion_2_7,231,1779961734070747269,22.979051824000003,4.702
preprocess_ms,bevfusion_2_7,232,1779961734152360151,23.060664706,4.782
preprocess_ms,bevfusion_2_7,233,1779961734297196151,23.205500706000002,7.764
preprocess_ms,bevfusion_2_7,234,1779961734347964390,23.256268945000002,5.546
preprocess_ms,bevfusion_2_7,235,1779961734476194362,23.384498917000002,5.004
preprocess_ms,bevfusion_2_7,236,1779961734594082329,23.502386884,7.809
preprocess_ms,bevfusion_2_7,237,1779961734657572959,23.565877514,5.209
preprocess_ms,bevfusion_2_7,238,1779961734772700454,23.681005009,3.757
preprocess_ms,bevfusion_2_7,239,1779961734853199154,23.761503709000003,5.756
preprocess_ms,bevfusion_2_7,240,1779961734977278862,23.885583417000003,3.763
preprocess_ms,bevfusion_2_7,241,1779961735091708906,24.000013461,5.265
preprocess_ms,bevfusion_2_7,242,1779961735159997352,24.068301907000002,4.654
preprocess_ms,bevfusion_2_7,243,1779961735307735761,24.216040316,22.378
preprocess_ms,bevfusion_2_7,244,1779961735395735602,24.304040157000003,4.938
preprocess_ms,bevfusion_2_7,245,1779961735487234278,24.395538833,7.322
preprocess_ms,bevfusion_2_7,246,1779961735590693270,24.498997825,6.305
preprocess_ms,bevfusion_2_7,247,1779961735667228795,24.57553335,4.906
preprocess_ms,bevfusion_2_7,248,1779961735762108349,24.670412904000003,4.174
preprocess_ms,bevfusion_2_7,249,1779961735878238120,24.786542675000003,5.562
preprocess_ms,bevfusion_2_7,250,1779961735950986781,24.859291336000002,7.031
preprocess_ms,bevfusion_2_7,251,1779961736071676765,24.97998132,4.348
preprocess_ms,bevfusion_2_7,252,1779961736158378175,25.06668273,5.263
preprocess_ms,bevfusion_2_7,253,1779961736245144644,25.153449199,4.973
preprocess_ms,bevfusion_2_7,254,1779961736370259001,25.278563556,5.794
preprocess_ms,bevfusion_2_7,255,1779961736453458201,25.361762756,6.159
preprocess_ms,bevfusion_2_7,256,1779961736558355694,25.466660249,8.117
preprocess_ms,bevfusion_2_7,257,1779961736656185518,25.564490073,5.427
preprocess_ms,bevfusion_2_7,258,1779961736762771779,25.671076334000002,3.749
preprocess_ms,bevfusion_2_7,259,1779961736922050191,25.830354746,7.543
preprocess_ms,bevfusion_2_7,260,1779961736952033972,25.860338527000003,1.774
preprocess_ms,bevfusion_2_7,261,1779961737058556422,25.966860977000003,6.469
preprocess_ms,bevfusion_2_7,262,1779961737172207229,26.080511784000002,4.209
preprocess_ms,bevfusion_2_7,263,1779961737248992991,26.157297546000002,4.109
preprocess_ms,bevfusion_2_7,264,1779961737352535640,26.260840195,5.444
preprocess_ms,bevfusion_2_7,265,1779961737452433394,26.360737949,6.447
preprocess_ms,bevfusion_2_7,266,1779961737564328081,26.472632636,4.219
preprocess_ms,bevfusion_2_7,267,1779961737682162780,26.590467335000003,4.903
preprocess_ms,bevfusion_2_7,268,1779961737751760137,26.660064692000002,5.036
preprocess_ms,bevfusion_2_7,269,1779961737844279168,26.752583723,3.556
preprocess_ms,bevfusion_2_7,270,1779961737959609583,26.867914138000003,5.839
preprocess_ms,bevfusion_2_7,271,1779961738059701723,26.968006278,4.168
preprocess_ms,bevfusion_2_7,272,1779961738148762068,27.057066623,6.771
preprocess_ms,bevfusion_2_7,273,1779961738269344082,27.177648637,4.29
preprocess_ms,bevfusion_2_7,274,1779961738353070808,27.261375363000003,7.754
preprocess_ms,bevfusion_2_7,275,1779961738469719662,27.378024217,5.188
preprocess_ms,bevfusion_2_7,276,1779961738559791829,27.468096384000003,5.97
preprocess_ms,bevfusion_2_7,277,1779961738663093817,27.571398372,6.143
preprocess_ms,bevfusion_2_7,278,1779961738750636968,27.658941523000003,4.065
preprocess_ms,bevfusion_2_7,279,1779961738868544626,27.776849181000003,5.517
preprocess_ms,bevfusion_2_7,280,1779961738978319642,27.886624197000003,5.328
preprocess_ms,bevfusion_2_7,281,1779961739108143307,28.016447862000003,4.828
preprocess_ms,bevfusion_2_7,282,1779961739186208511,28.094513066,5.214
preprocess_ms,bevfusion_2_7,283,1779961739258297498,28.166602053000002,5.083
preprocess_ms,bevfusion_2_7,284,1779961739357865505,28.26617006,6.35
preprocess_ms,bevfusion_2_7,285,1779961739477186552,28.385491107,4.25
preprocess_ms,bevfusion_2_7,286,1779961739573222097,28.481526652000003,4.963
preprocess_ms,bevfusion_2_7,287,1779961739670377095,28.57868165,4.382
preprocess_ms,bevfusion_2_7,288,1779961739769223752,28.677528307000003,4.921
preprocess_ms,bevfusion_2_7,289,1779961739872802051,28.781106606,4.507
preprocess_ms,bevfusion_2_7,290,1779961739961572236,28.869876791000003,5.926
preprocess_ms,bevfusion_2_7,291,1779961740088731360,28.997035915,3.939
preprocess_ms,bevfusion_2_7,292,1779961740166605016,29.074909571000003,5.257
preprocess_ms,bevfusion_2_7,293,1779961740247798950,29.156103505,5.147
preprocess_ms,bevfusion_2_7,294,1779961740384569013,29.292873568,5.867
preprocess_ms,bevfusion_2_7,295,1779961740465934916,29.374239471000003,4.002
preprocess_ms,bevfusion_2_7,296,1779961740573498863,29.481803418000002,5.59
preprocess_ms,bevfusion_2_7,297,1779961740652582883,29.560887438,5.147
preprocess_ms,bevfusion_2_7,298,1779961740748979959,29.657284514,5.02
preprocess_ms,bevfusion_2_7,299,1779961740850370244,29.758674799,4.393
preprocess_ms,bevfusion_2_7,300,1779961740958140574,29.866445129000002,3.722
preprocess_ms,bevfusion_2_7,301,1779961741069798637,29.978103192000003,5.808
preprocess_ms,bevfusion_2_7,302,1779961741206663515,30.114968070000003,4.908
preprocess_ms,bevfusion_2_7,303,1779961741267166972,30.175471527000003,6.711
preprocess_ms,bevfusion_2_7,304,1779961741388565813,30.296870368,6.878
preprocess_ms,bevfusion_2_7,305,1779961741474624929,30.382929484,4.251
preprocess_ms,bevfusion_2_7,306,1779961741594120689,30.502425244,4.733
preprocess_ms,bevfusion_2_7,307,1779961741709216843,30.617521398,7.946
preprocess_ms,bevfusion_2_7,308,1779961741762558290,30.670862845000002,5.672
preprocess_ms,bevfusion_2_7,309,1779961741892802587,30.801107142000003,7.226
preprocess_ms,bevfusion_2_7,310,1779961741952244929,30.860549484000003,6.413
preprocess_ms,bevfusion_2_7,311,1779961742073172254,30.981476809000004,4.95
preprocess_ms,bevfusion_2_7,312,1779961742212551263,31.120855818000003,4.72
preprocess_ms,bevfusion_2_7,313,1779961742288838731,31.197143286000003,6.141
preprocess_ms,bevfusion_2_7,314,1779961742359414340,31.267718895,4.733
preprocess_ms,bevfusion_2_7,315,1779961742462781204,31.371085759000003,3.992
preprocess_ms,bevfusion_2_7,316,1779961742560857244,31.469161799000002,5.454
preprocess_ms,bevfusion_2_7,317,1779961742667682379,31.575986934000003,4.919
preprocess_ms,bevfusion_2_7,318,1779961742772219300,31.680523855,4.764
preprocess_ms,bevfusion_2_7,319,1779961742862265213,31.770569768,7.131
preprocess_ms,bevfusion_2_7,320,1779961742950413863,31.858718418000002,6.245
preprocess_ms,bevfusion_2_7,321,1779961743076313054,31.984617609,5.555
preprocess_ms,bevfusion_2_7,322,1779961743160454188,32.068758743000004,3.695
preprocess_ms,bevfusion_2_7,323,1779961743264527369,32.172831924,5.706
preprocess_ms,bevfusion_2_7,324,1779961743356414468,32.264719023000005,5.811
preprocess_ms,bevfusion_2_7,325,1779961743443233789,32.351538344000005,4.786
preprocess_ms,bevfusion_2_7,326,1779961743575913530,32.484218085,5.924
preprocess_ms,bevfusion_2_7,327,1779961743658718592,32.567023147,6.353
preprocess_ms,bevfusion_2_7,328,1779961743766724517,32.675029072,5.792
preprocess_ms,bevfusion_2_7,329,1779961743874197113,32.782501668,4.734
preprocess_ms,bevfusion_2_7,330,1779961743978412288,32.886716843,9.073
preprocess_ms,bevfusion_2_7,331,1779961744060571018,32.968875573000005,5.657
preprocess_ms,bevfusion_2_7,332,1779961744152179270,33.060483825,4.638
preprocess_ms,bevfusion_2_7,333,1779961744284011504,33.192316059,4.92
preprocess_ms,bevfusion_2_7,334,1779961744366118280,33.274422835,6.28
preprocess_ms,bevfusion_2_7,335,1779961744448573789,33.356878344,3.605
preprocess_ms,bevfusion_2_7,336,1779961744579314186,33.487618741,5.103
preprocess_ms,bevfusion_2_7,337,1779961744669996404,33.578300959,5.201
preprocess_ms,bevfusion_2_7,338,1779961744758958011,33.667262566000005,5.119
preprocess_ms,bevfusion_2_7,339,1779961744860970464,33.769275019000005,4.707
preprocess_ms,bevfusion_2_7,340,1779961744970444903,33.878749458,4.41
preprocess_ms,bevfusion_2_7,341,1779961745053579028,33.961883583,4.389
preprocess_ms,bevfusion_2_7,342,1779961745154562461,34.062867016000006,5.716
preprocess_ms,bevfusion_2_7,343,1779961745253483446,34.161788001000005,4.354
preprocess_ms,bevfusion_2_7,344,1779961745361559564,34.269864119000005,6.382
preprocess_ms,bevfusion_2_7,345,1779961745475050980,34.383355535,2.618
preprocess_ms,bevfusion_2_7,346,1779961745587844294,34.496148849,5.135
preprocess_ms,bevfusion_2_7,347,1779961745673288100,34.581592655,5.375
preprocess_ms,bevfusion_2_7,348,1779961745810240338,34.718544893,4.224
preprocess_ms,bevfusion_2_7,349,1779961745913940855,34.82224541,12.124
preprocess_ms,bevfusion_2_7,350,1779961745986589995,34.894894550000004,4.985
preprocess_ms,bevfusion_2_7,351,1779961746062743886,34.971048441,5.298
preprocess_ms,bevfusion_2_7,352,1779961746172517799,35.080822354000006,5.449
preprocess_ms,bevfusion_2_7,353,1779961746263655392,35.171959947000005,4.15
preprocess_ms,bevfusion_2_7,354,1779961746375896431,35.284200986,5.446
preprocess_ms,bevfusion_2_7,355,1779961746485181653,35.393486208,5.516
preprocess_ms,bevfusion_2_7,356,1779961746557819892,35.466124447000006,7.571
preprocess_ms,bevfusion_2_7,357,1779961746647213882,35.555518437,4.232
preprocess_ms,bevfusion_2_7,358,1779961746777788882,35.686093437000004,5.177
preprocess_ms,bevfusion_2_7,359,1779961746851526291,35.759830846,6.326
preprocess_ms,bevfusion_2_7,360,1779961746964268879,35.872573434,5.18
preprocess_ms,bevfusion_2_7,361,1779961747083863975,35.99216853,4.667
preprocess_ms,bevfusion_2_7,362,1779961747162895009,36.071199564000004,4.995
preprocess_ms,bevfusion_2_7,363,1779961747270898154,36.179202709,5.062
preprocess_ms,bevfusion_2_7,364,1779961747385603672,36.293908227,7.165
preprocess_ms,bevfusion_2_7,365,1779961747460552485,36.36885704,6.554
preprocess_ms,bevfusion_2_7,366,1779961747597732858,36.506037413,7.354
preprocess_ms,bevfusion_2_7,367,1779961747687267912,36.595572467000004,6.189
preprocess_ms,bevfusion_2_7,368,1779961747786754960,36.695059515000004,4.301
preprocess_ms,bevfusion_2_7,369,1779961747881711672,36.790016227,5.194
preprocess_ms,bevfusion_2_7,370,1779961747961565944,36.869870499,6.622
preprocess_ms,bevfusion_2_7,371,1779961748099331218,37.007635773000004,9.045
preprocess_ms,bevfusion_2_7,372,1779961748168499290,37.076803845,4.514
preprocess_ms,bevfusion_2_7,373,1779961748279462012,37.187766567000004,6.046
preprocess_ms,bevfusion_2_7,374,1779961748359054070,37.267358625,6.132
preprocess_ms,bevfusion_2_7,375,1779961748465264241,37.373568796,4.886
preprocess_ms,bevfusion_2_7,376,1779961748567295363,37.475599918,6.067
preprocess_ms,bevfusion_2_7,377,1779961748653361753,37.561666308,4.893
preprocess_ms,bevfusion_2_7,378,1779961748761459972,37.669764527000005,4.969
preprocess_ms,bevfusion_2_7,379,1779961748880171011,37.788475566,4.138
preprocess_ms,bevfusion_2_7,380,1779961748968122927,37.876427482000004,6.722
preprocess_ms,bevfusion_2_7,381,1779961749079185744,37.987490299,4.971
preprocess_ms,bevfusion_2_7,382,1779961749154687492,38.062992047,6.361
preprocess_ms,bevfusion_2_7,383,1779961749281575140,38.189879695,5.812
preprocess_ms,bevfusion_2_7,384,1779961749364951891,38.273256446000005,6.474
preprocess_ms,bevfusion_2_7,385,1779961749525547872,38.433852427000005,9.16
preprocess_ms,bevfusion_2_7,386,1779961749585645006,38.493949561,6.336
preprocess_ms,bevfusion_2_7,387,1779961749692171181,38.600475736,7.73
preprocess_ms,bevfusion_2_7,388,1779961749786984944,38.695289499000005,6.574
preprocess_ms,bevfusion_2_7,389,1779961749888244721,38.796549276,6.281
preprocess_ms,bevfusion_2_7,390,1779961749975393563,38.883698118000005,5.378
preprocess_ms,bevfusion_2_7,391,1779961750070930053,38.979234608000006,4.864
preprocess_ms,bevfusion_2_7,392,1779961750151732974,39.060037529000006,6.607
preprocess_ms,bevfusion_2_7,393,1779961750247580671,39.155885226,4.005
preprocess_ms,bevfusion_2_7,394,1779961750347160840,39.255465395,4.982
preprocess_ms,bevfusion_2_7,395,1779961750492118287,39.400422842000005,5.556
preprocess_ms,bevfusion_2_7,396,1779961750571466888,39.479771443000004,4.487
preprocess_ms,bevfusion_2_7,397,1779961750684422242,39.592726797000005,6.175
preprocess_ms,bevfusion_2_7,398,1779961750759903328,39.668207883,8.409
preprocess_ms,bevfusion_2_7,399,1779961750851521076,39.759825631000005,5.008
preprocess_ms,bevfusion_2_7,400,1779961750966743420,39.875047975,4.31
preprocess_ms,bevfusion_2_7,401,1779961751064669423,39.972973978000006,6.601
preprocess_ms,bevfusion_2_7,402,1779961751158396920,40.066701475,4.752
preprocess_ms,bevfusion_2_7,403,1779961751266841816,40.175146371000004,6.11
preprocess_ms,bevfusion_2_7,404,1779961751352282955,40.26058751,4.806
preprocess_ms,bevfusion_2_7,405,1779961751464436817,40.372741372,3.663
preprocess_ms,bevfusion_2_7,406,1779961751554259752,40.462564307,3.977
preprocess_ms,bevfusion_2_7,407,1779961751659152802,40.567457357,4.32
preprocess_ms,bevfusion_2_7,408,1779961751777199306,40.685503861,5.163
preprocess_ms,bevfusion_2_7,409,1779961751860642393,40.768946948,4.538
preprocess_ms,bevfusion_2_7,410,1779961751974495964,40.882800519,5.616
preprocess_ms,bevfusion_2_7,411,1779961752054285896,40.962590451000004,4.642
preprocess_ms,bevfusion_2_7,412,1779961752148618902,41.056923457,4.728
preprocess_ms,bevfusion_2_7,413,1779961752265586694,41.173891249,4.817
preprocess_ms,bevfusion_2_7,414,1779961752372782721,41.281087276,5.547
preprocess_ms,bevfusion_2_7,415,1779961752504521461,41.412826016000004,5.82
preprocess_ms,bevfusion_2_7,416,1779961752567798551,41.476103106000004,3.748
preprocess_ms,bevfusion_2_7,417,1779961752650876079,41.559180634,5.496
preprocess_ms,bevfusion_2_7,418,1779961752760662374,41.668966929,5.871
preprocess_ms,bevfusion_2_7,419,1779961752876740505,41.78504506,4.69
preprocess_ms,bevfusion_2_7,420,1779961752976463446,41.884768001000005,5.998
preprocess_ms,bevfusion_2_7,421,1779961753050289512,41.958594067,7.149
preprocess_ms,bevfusion_2_7,422,1779961753165607272,42.073911827,6.521
preprocess_ms,bevfusion_2_7,423,1779961753271679881,42.179984436000005,4.373
preprocess_ms,bevfusion_2_7,424,1779961753364444675,42.27274923,4.758
preprocess_ms,bevfusion_2_7,425,1779961753468926849,42.377231404,5.709
preprocess_ms,bevfusion_2_7,426,1779961753566077304,42.474381859000005,6.593
preprocess_ms,bevfusion_2_7,427,1779961753673105462,42.581410017,5.505
preprocess_ms,bevfusion_2_7,428,1779961753824297040,42.732601595000006,6.333
preprocess_ms,bevfusion_2_7,429,1779961753889900580,42.798205135,5.885
preprocess_ms,bevfusion_2_7,430,1779961753985702498,42.894007053,6.237
preprocess_ms,bevfusion_2_7,431,1779961754072902312,42.981206867000004,4.619
preprocess_ms,bevfusion_2_7,432,1779961754162309655,43.07061421,4.252
preprocess_ms,bevfusion_2_7,433,1779961754262629603,43.170934158,5.158
preprocess_ms,bevfusion_2_7,434,1779961754389201611,43.297506166000005,3.866
preprocess_ms,bevfusion_2_7,435,1779961754454056969,43.362361524,4.732
preprocess_ms,bevfusion_2_7,436,1779961754570387990,43.478692545,4.544
preprocess_ms,bevfusion_2_7,437,1779961754660617231,43.568921786000004,4.268
preprocess_ms,bevfusion_2_7,438,1779961754777280857,43.685585412,5.385
preprocess_ms,bevfusion_2_7,439,1779961754851311254,43.759615809,4.68
preprocess_ms,bevfusion_2_7,440,1779961754975079936,43.883384491,4.204
preprocess_ms,bevfusion_2_7,441,1779961755078915016,43.987219571000004,6.145
preprocess_ms,bevfusion_2_7,442,1779961755185463349,44.093767904,6.388
preprocess_ms,bevfusion_2_7,443,1779961755273081616,44.181386171,6.21
preprocess_ms,bevfusion_2_7,444,1779961755375884271,44.284188826000005,4.916
preprocess_ms,bevfusion_2_7,445,1779961755450388618,44.358693173000006,4.921
preprocess_ms,bevfusion_2_7,446,1779961755564784710,44.473089265000006,5.072
preprocess_ms,bevfusion_2_7,447,1779961755644821974,44.553126529000004,3.971
preprocess_ms,bevfusion_2_7,448,1779961755777114084,44.685418639000005,4.647
preprocess_ms,bevfusion_2_7,449,1779961755886697016,44.795001571,6.692
preprocess_ms,bevfusion_2_7,450,1779961755957480353,44.865784908,8.942
preprocess_ms,bevfusion_2_7,451,1779961756070104219,44.978408774,5.375
preprocess_ms,bevfusion_2_7,452,1779961756168709722,45.077014277,4.419
preprocess_ms,bevfusion_2_7,453,1779961756270775982,45.179080537000004,6.668
preprocess_ms,bevfusion_2_7,454,1779961756365331182,45.273635737,4.981
preprocess_ms,bevfusion_2_7,455,1779961756462926255,45.37123081,5.892
preprocess_ms,bevfusion_2_7,456,1779961756584285905,45.49259046,4.621
preprocess_ms,bevfusion_2_7,457,1779961756665466635,45.57377119,5.193
preprocess_ms,bevfusion_2_7,458,1779961756779344122,45.687648677000006,6.916
preprocess_ms,bevfusion_2_7,459,1779961756861735575,45.770040130000005,4.734
preprocess_ms,bevfusion_2_7,460,1779961756954888051,45.863192606000005,5.015
preprocess_ms,bevfusion_2_7,461,1779961757077920360,45.986224915,6.002
preprocess_ms,bevfusion_2_7,462,1779961757162650063,46.070954618,5.127
preprocess_ms,bevfusion_2_7,463,1779961757247406061,46.155710616,5.255
preprocess_ms,bevfusion_2_7,464,1779961757352598528,46.260903083,6.265
preprocess_ms,bevfusion_2_7,465,1779961757451449500,46.359754055,5.224
preprocess_ms,bevfusion_2_7,466,1779961757560410051,46.468714606000006,4.431
preprocess_ms,bevfusion_2_7,467,1779961757670838555,46.579143110000004,4.826
preprocess_ms,bevfusion_2_7,468,1779961757754216275,46.662520830000005,8.069
preprocess_ms,bevfusion_2_7,469,1779961757851065619,46.759370174000004,5.364
preprocess_ms,bevfusion_2_7,470,1779961757966709981,46.875014536,5.526
preprocess_ms,bevfusion_2_7,471,1779961758049763367,46.958067922000005,5.301
preprocess_ms,bevfusion_2_7,472,1779961758185991122,47.094295677000005,6.331
preprocess_ms,bevfusion_2_7,473,1779961758273826125,47.18213068,5.417
preprocess_ms,bevfusion_2_7,474,1779961758404658912,47.312963467,6.613
preprocess_ms,bevfusion_2_7,475,1779961758495138153,47.403442708,8.857
preprocess_ms,bevfusion_2_7,476,1779961758591230229,47.499534784000005,4.97
preprocess_ms,bevfusion_2_7,477,1779961758658736608,47.567041163000006,6.758
preprocess_ms,bevfusion_2_7,478,1779961758758144187,47.666448742,4.541
preprocess_ms,bevfusion_2_7,479,1779961758858865902,47.767170457000006,6.801
preprocess_ms,bevfusion_2_7,480,1779961758973400921,47.881705476,6.325
preprocess_ms,bevfusion_2_7,481,1779961759042508902,47.950813457,4.714
preprocess_ms,bevfusion_2_7,482,1779961759166391540,48.074696095,4.058
preprocess_ms,bevfusion_2_7,483,1779961759250288279,48.158592834000004,4.568
preprocess_ms,bevfusion_2_7,484,1779961759392181884,48.300486439000004,6.585
preprocess_ms,bevfusion_2_7,485,1779961759446584905,48.35488946,3.514
preprocess_ms,bevfusion_2_7,486,1779961759562735871,48.471040426,6.114
preprocess_ms,bevfusion_2_7,487,1779961759661080709,48.569385264000005,5.149
preprocess_ms,bevfusion_2_7,488,1779961759790356213,48.698660768,4.471
preprocess_ms,bevfusion_2_7,489,1779961759904082966,48.812387521000005,6.711
preprocess_ms,bevfusion_2_7,490,1779961759969011062,48.877315617,19.922
preprocess_ms,bevfusion_2_7,491,1779961760083671415,48.991975970000006,4.454
preprocess_ms,bevfusion_2_7,492,1779961760197743041,49.106047596,6.4
preprocess_ms,bevfusion_2_7,493,1779961760260619291,49.168923846000006,5.735
preprocess_ms,bevfusion_2_7,494,1779961760400399020,49.308703575,7.859
preprocess_ms,bevfusion_2_7,495,1779961760453916592,49.362221147,5.034
preprocess_ms,bevfusion_2_7,496,1779961760601146338,49.509450893,4.945
preprocess_ms,bevfusion_2_7,497,1779961760656244470,49.564549025000005,6.268
preprocess_ms,bevfusion_2_7,498,1779961760763191961,49.671496516000005,5.79
preprocess_ms,bevfusion_2_7,499,1779961760868369970,49.776674525000004,5.676
preprocess_ms,bevfusion_2_7,500,1779961760948018133,49.856322688000006,4.668
preprocess_ms,bevfusion_2_7,501,1779961761064282746,49.972587301000004,5.457
preprocess_ms,bevfusion_2_7,502,1779961761163696448,50.072001003000004,4.726
preprocess_ms,bevfusion_2_7,503,1779961761250283142,50.158587697,4.452
preprocess_ms,bevfusion_2_7,504,1779961761353671286,50.261975841,4.398
preprocess_ms,bevfusion_2_7,505,1779961761464621043,50.372925598,4.642
preprocess_ms,bevfusion_2_7,506,1779961761555667768,50.463972323,5.886
preprocess_ms,bevfusion_2_7,507,1779961761663036408,50.571340963000004,4.4
preprocess_ms,bevfusion_2_7,508,1779961761748031702,50.65633625700001,4.9
preprocess_ms,bevfusion_2_7,509,1779961761867421733,50.775726288,4.602
preprocess_ms,bevfusion_2_7,510,1779961761964561339,50.872865894,4.205
preprocess_ms,bevfusion_2_7,511,1779961762094210692,51.002515247000005,6.397
preprocess_ms,bevfusion_2_7,512,1779961762167466626,51.075771181,6.819
preprocess_ms,bevfusion_2_7,513,1779961762262528489,51.170833044000005,4.732
preprocess_ms,bevfusion_2_7,514,1779961762359968660,51.268273215,3.998
preprocess_ms,bevfusion_2_7,515,1779961762448604049,51.356908604000004,5.566
preprocess_ms,bevfusion_2_7,516,1779961762554245139,51.462549694,3.949
preprocess_ms,bevfusion_2_7,517,1779961762651920803,51.560225358000004,5.903
preprocess_ms,bevfusion_2_7,518,1779961762754496028,51.662800583000006,4.358
preprocess_ms,bevfusion_2_7,519,1779961762865035981,51.773340536000006,4.923
preprocess_ms,bevfusion_2_7,520,1779961762959659796,51.867964351000005,6.071
preprocess_ms,bevfusion_2_7,521,1779961763067049355,51.97535391,4.953
preprocess_ms,bevfusion_2_7,522,1779961763173446059,52.081750614,14.436
preprocess_ms,bevfusion_2_7,523,1779961763246044003,52.154348558,4.509
preprocess_ms,bevfusion_2_7,524,1779961763384694677,52.29299923200001,6.184
preprocess_ms,bevfusion_2_7,525,1779961763454315695,52.362620250000006,7.098
preprocess_ms,bevfusion_2_7,526,1779961763565400592,52.473705147000004,7.309
preprocess_ms,bevfusion_2_7,527,1779961763648966240,52.557270795,5.232
preprocess_ms,bevfusion_2_7,528,1779961763799470727,52.707775282,5.682
preprocess_ms,bevfusion_2_7,529,1779961763854260491,52.762565046000006,4.775
preprocess_ms,bevfusion_2_7,530,1779961763949059080,52.857363635000006,4.524
preprocess_ms,bevfusion_2_7,531,1779961764055663970,52.963968525000006,3.771
preprocess_ms,bevfusion_2_7,532,1779961764153959888,53.062264443000004,8.495
preprocess_ms,bevfusion_2_7,533,1779961764263952378,53.172256933,4.637
preprocess_ms,bevfusion_2_7,534,1779961764341408485,53.24971304,4.639
preprocess_ms,bevfusion_2_7,535,1779961764473626761,53.381931316000006,5.036
preprocess_ms,bevfusion_2_7,536,1779961764562408429,53.470712984,4.803
preprocess_ms,bevfusion_2_7,537,1779961764685650709,53.593955264,5.577
preprocess_ms,bevfusion_2_7,538,1779961764808981524,53.717286079000004,4.098
preprocess_ms,bevfusion_2_7,539,1779961764851581996,53.759886551,3.776
preprocess_ms,bevfusion_2_7,540,1779961764942507913,53.850812468,5.001
preprocess_ms,bevfusion_2_7,541,1779961765052737624,53.961042179,4.269
preprocess_ms,bevfusion_2_7,542,1779961765205811512,54.114116067000005,4.509
preprocess_ms,bevfusion_2_7,543,1779961765269055869,54.17736042400001,4.538
preprocess_ms,bevfusion_2_7,544,1779961765374187229,54.282491784,4.837
preprocess_ms,bevfusion_2_7,545,1779961765500251967,54.408556522000005,5.17
preprocess_ms,bevfusion_2_7,546,1779961765551663220,54.459967775,4.983
preprocess_ms,bevfusion_2_7,547,1779961765658818424,54.567122979000004,5.186
preprocess_ms,bevfusion_2_7,548,1779961765753198042,54.661502597,5.187
preprocess_ms,bevfusion_2_7,549,1779961765850425415,54.758729970000005,4.928
preprocess_ms,bevfusion_2_7,550,1779961765950850058,54.859154613,6.375
preprocess_ms,bevfusion_2_7,551,1779961766075480151,54.983784706,4.658
preprocess_ms,bevfusion_2_7,552,1779961766151803152,55.060107707,3.842
preprocess_ms,bevfusion_2_7,553,1779961766258381782,55.166686337,4.638
preprocess_ms,bevfusion_2_7,554,1779961766383125826,55.291430381000005,5.501
preprocess_ms,bevfusion_2_7,555,1779961766444071957,55.352376512000006,4.865
preprocess_ms,bevfusion_2_7,556,1779961766562306679,55.470611234,4.092
preprocess_ms,bevfusion_2_7,557,1779961766655115671,55.563420226000005,4.996
preprocess_ms,bevfusion_2_7,558,1779961766749420908,55.657725463000006,5.398
preprocess_ms,bevfusion_2_7,559,1779961766858342526,55.766647081,4.439
preprocess_ms,bevfusion_2_7,560,1779961766978042269,55.886346824,3.018
preprocess_ms,bevfusion_2_7,561,1779961767068335673,55.976640228,6.328
preprocess_ms,bevfusion_2_7,562,1779961767153624342,56.061928897,5.543
preprocess_ms,bevfusion_2_7,563,1779961767243086477,56.15139103200001,3.833
preprocess_ms,bevfusion_2_7,564,1779961767346193132,56.254497687000004,4.57
preprocess_ms,bevfusion_2_7,565,1779961767454110284,56.362414839,5.542
preprocess_ms,bevfusion_2_7,566,1779961767558678755,56.46698331,5.725
preprocess_ms,bevfusion_2_7,567,1779961767653117407,56.561421962000004,5.419
preprocess_ms,bevfusion_2_7,568,1779961767746206097,56.654510652000006,4.747
preprocess_ms,bevfusion_2_7,569,1779961767860362916,56.768667471,3.587
preprocess_ms,bevfusion_2_7,570,1779961767984633602,56.892938157,7.783
preprocess_ms,bevfusion_2_7,571,1779961768054421234,56.962725789000004,7.548
preprocess_ms,bevfusion_2_7,572,1779961768163135414,57.071439969000004,4.217
preprocess_ms,bevfusion_2_7,573,1779961768278724995,57.187029550000005,4.694
preprocess_ms,bevfusion_2_7,574,1779961768352957989,57.261262544000004,4.882
preprocess_ms,bevfusion_2_7,575,1779961768456557542,57.36486209700001,6.299
preprocess_ms,bevfusion_2_7,576,1779961768559006740,57.467311295,3.506
preprocess_ms,bevfusion_2_7,577,1779961768667904483,57.576209038,4.124
preprocess_ms,bevfusion_2_7,578,1779961768761754798,57.670059353000006,3.52
preprocess_ms,bevfusion_2_7,579,1779961768907904906,57.81620946100001,5.265
preprocess_ms,bevfusion_2_7,580,1779961768953592016,57.861896571,4.39
preprocess_ms,bevfusion_2_7,581,1779961769053511181,57.961815736000005,3.649
preprocess_ms,bevfusion_2_7,582,1779961769203533652,58.111838207000005,4.208
preprocess_ms,bevfusion_2_7,583,1779961769249847000,58.158151555,3.826
preprocess_ms,bevfusion_2_7,584,1779961769383984800,58.292289355,3.905
preprocess_ms,bevfusion_2_7,585,1779961769453710950,58.362015505,4.505
preprocess_ms,bevfusion_2_7,586,1779961769613746841,58.522051396,11.676
preprocess_ms,bevfusion_2_7,587,1779961769650498366,58.558802921,2.802
preprocess_ms,bevfusion_2_7,588,1779961769751525395,58.65982995,4.272
preprocess_ms,bevfusion_2_7,589,1779961769876157805,58.784462360000006,3.833
preprocess_ms,bevfusion_2_7,590,1779961769950951791,58.859256346,6.257
preprocess_ms,bevfusion_2_7,591,1779961770060600579,58.968905134,4.53
preprocess_ms,bevfusion_2_7,592,1779961770152071277,59.060375832000005,5.549
preprocess_ms,bevfusion_2_7,593,1779961770250538706,59.158843261,4.492
preprocess_ms,bevfusion_2_7,594,1779961770366525697,59.274830252,4.128
preprocess_ms,bevfusion_2_7,595,1779961770470568532,59.378873087,4.457
preprocess_ms,bevfusion_2_7,596,1779961770555990047,59.464294602,4.468
preprocess_ms,bevfusion_2_7,597,1779961770646955435,59.55525999,4.164
preprocess_ms,bevfusion_2_7_slow,0,1779956296020130525,0.0,5.107
preprocess_ms,bevfusion_2_7_slow,1,1779956296965643482,0.945512957,5.018
preprocess_ms,bevfusion_2_7_slow,2,1779956297954083791,1.933953266,3.463
preprocess_ms,bevfusion_2_7_slow,3,1779956298938423718,2.9182931930000002,3.645
preprocess_ms,bevfusion_2_7_slow,4,1779956299931863833,3.911733308,4.611
preprocess_ms,bevfusion_2_7_slow,5,1779956300935207344,4.915076819,3.153
preprocess_ms,bevfusion_2_7_slow,6,1779956301931086623,5.910956098000001,3.293
preprocess_ms,bevfusion_2_7_slow,7,1779956302943784192,6.923653667000001,3.914
preprocess_ms,bevfusion_2_7_slow,8,1779956303973476663,7.953346138000001,3.425
preprocess_ms,bevfusion_2_7_slow,9,1779956304929717016,8.909586491,3.215
preprocess_ms,bevfusion_2_7_slow,10,1779956305959883700,9.939753175,4.728
preprocess_ms,bevfusion_2_7_slow,11,1779956306962179540,10.942049015,3.572
preprocess_ms,bevfusion_2_7_slow,12,1779956307939690538,11.919560013,2.441
preprocess_ms,bevfusion_2_7_slow,13,1779956308944322869,12.924192344000001,4.171
preprocess_ms,bevfusion_2_7_slow,14,1779956309933704033,13.913573508,3.439
preprocess_ms,bevfusion_2_7_slow,15,1779956310933913522,14.913782997,3.503
preprocess_ms,bevfusion_2_7_slow,16,1779956311947049217,15.926918692000001,4.626
preprocess_ms,bevfusion_2_7_slow,17,1779956312933953812,16.913823287,3.619
preprocess_ms,bevfusion_2_7_slow,18,1779956313961581146,17.941450621,3.37
preprocess_ms,bevfusion_2_7_slow,19,1779956314977390923,18.957260398000003,3.347
preprocess_ms,bevfusion_2_7_slow,20,1779956315971368482,19.951237957,3.869
preprocess_ms,bevfusion_2_7_slow,21,1779956316951813277,20.931682752,3.194
preprocess_ms,bevfusion_2_7_slow,22,1779956317975171349,21.955040824,4.343
preprocess_ms,bevfusion_2_7_slow,23,1779956318976748651,22.956618126000002,4.8
preprocess_ms,bevfusion_2_7_slow,24,1779956319940134724,23.920004199,3.888
preprocess_ms,bevfusion_2_7_slow,25,1779956320951308787,24.931178262000003,4.104
preprocess_ms,bevfusion_2_7_slow,26,1779956321977094351,25.956963826000003,4.246
preprocess_ms,bevfusion_2_7_slow,27,1779956322971910513,26.951779988000002,4.164
preprocess_ms,bevfusion_2_7_slow,28,1779956323943656952,27.923526427000002,3.64
preprocess_ms,bevfusion_2_7_slow,29,1779956324949182430,28.929051905,4.602
preprocess_ms,bevfusion_2_7_slow,30,1779956325947868117,29.927737592000003,4.591
preprocess_ms,bevfusion_2_7_slow,31,1779956326940761399,30.920630874,3.798
preprocess_ms,bevfusion_2_7_slow,32,1779956327933245748,31.913115223000002,3.863
preprocess_ms,bevfusion_2_7_slow,33,1779956328944729832,32.924599307,3.935
preprocess_ms,bevfusion_2_7_slow,34,1779956329933369602,33.913239077,3.779
preprocess_ms,bevfusion_2_7_slow,35,1779956330938886988,34.918756463,3.9
preprocess_ms,bevfusion_2_7_slow,36,1779956331976753574,35.956623049,3.905
preprocess_ms,bevfusion_2_7_slow,37,1779956332939343459,36.919212934,4.155
preprocess_ms,bevfusion_2_7_slow,38,1779956333973336156,37.953205631,4.682
preprocess_ms,bevfusion_2_7_slow,39,1779956334971889738,38.951759213,3.232
preprocess_ms,bevfusion_2_7_slow,40,1779956335940586266,39.920455741000005,4.586
preprocess_ms,bevfusion_2_7_slow,41,1779956336938326337,40.918195812,4.008
preprocess_ms,bevfusion_2_7_slow,42,1779956337957114315,41.93698379,4.096
preprocess_ms,bevfusion_2_7_slow,43,1779956338957362429,42.937231904,3.656
preprocess_ms,bevfusion_2_7_slow,44,1779956339934048384,43.913917859,3.93
preprocess_ms,bevfusion_2_7_slow,45,1779956340948412316,44.928281791,4.432
preprocess_ms,bevfusion_2_7_slow,46,1779956341971216346,45.951085821,3.465
preprocess_ms,bevfusion_2_7_slow,47,1779956342956400811,46.936270286,4.765
preprocess_ms,bevfusion_2_7_slow,48,1779956343933842473,47.913711948,4.722
preprocess_ms,bevfusion_2_7_slow,49,1779956344948271254,48.928140729000006,4.124
preprocess_ms,bevfusion_2_7_slow,50,1779956345945637116,49.925506591,3.529
preprocess_ms,bevfusion_2_7_slow,51,1779956346961021654,50.940891129,4.161
preprocess_ms,bevfusion_2_7_slow,52,1779956347938287181,51.918156656,4.437
preprocess_ms,bevfusion_2_7_slow,53,1779956348930834357,52.910703832,4.09
preprocess_ms,bevfusion_2_7_slow,54,1779956349941919849,53.921789324,4.508
preprocess_ms,bevfusion_2_7_slow,55,1779956350943018815,54.92288829,4.744
preprocess_ms,bevfusion_2_7_slow,56,1779956351973571374,55.953440849,3.7
preprocess_ms,bevfusion_2_7_slow,57,1779956352963502484,56.943371959000004,4.15
preprocess_ms,bevfusion_2_7_slow,58,1779956353942083196,57.92195267100001,3.334
preprocess_ms,bevfusion_2_7_slow,59,1779956354984741621,58.964611096000006,3.697
preprocess_ms,bevfusion_2_7_slow,60,1779956355940213026,59.920082501,5.245
preprocess_ms,bevfusion_2_7_slow,61,1779956356940348947,60.920218422000005,3.469
preprocess_ms,bevfusion_2_7_slow,62,1779956357966513963,61.946383438000005,4.485
preprocess_ms,bevfusion_2_7_slow,63,1779956358930546802,62.910416277,4.436
preprocess_ms,bevfusion_2_7_slow,64,1779956359947822108,63.927691583000005,3.818
preprocess_ms,bevfusion_2_7_slow,65,1779956360960483150,64.940352625,3.35
preprocess_ms,bevfusion_2_7_slow,66,1779956361936143513,65.916012988,3.353
preprocess_ms,bevfusion_2_7_slow,67,1779956362938165392,66.918034867,3.804
preprocess_ms,bevfusion_2_7_slow,68,1779956363943854865,67.92372434,1.902
preprocess_ms,bevfusion_2_7_slow,69,1779956364955211449,68.935080924,4.958
preprocess_ms,bevfusion_2_7_slow,70,1779956365954218932,69.934088407,3.383
preprocess_ms,bevfusion_2_7_slow,71,1779956366976698638,70.956568113,5.035
preprocess_ms,bevfusion_2_7_slow,72,1779956367941344250,71.921213725,3.376
preprocess_ms,bevfusion_2_7_slow,73,1779956368941285538,72.921155013,4.707
preprocess_ms,bevfusion_2_7_slow,74,1779956369990355313,73.97022478800001,1.895
preprocess_ms,bevfusion_2_7_slow,75,1779956370938871977,74.918741452,2.482
preprocess_ms,bevfusion_2_7_slow,76,1779956371940127151,75.919996626,4.927
preprocess_ms,bevfusion_2_7_slow,77,1779956372969380219,76.949249694,3.947
preprocess_ms,bevfusion_2_7_slow,78,1779956373951877526,77.931747001,3.954
preprocess_ms,bevfusion_2_7_slow,79,1779956374940305523,78.92017499800001,4.472
preprocess_ms,bevfusion_2_7_slow,80,1779956375932737444,79.912606919,3.997
preprocess_ms,bevfusion_2_7_slow,81,1779956376939916485,80.91978596,3.783
preprocess_ms,bevfusion_2_7_slow,82,1779956377966570523,81.946439998,3.973
preprocess_ms,bevfusion_2_7_slow,83,1779956378933234566,82.91310404100001,4.316
preprocess_ms,bevfusion_2_7_slow,84,1779956379922679035,83.90254851,3.878
preprocess_ms,bevfusion_2_7_slow,85,1779956380954018473,84.933887948,3.496
preprocess_ms,bevfusion_2_7_slow,86,1779956381953449620,85.933319095,3.814
preprocess_ms,bevfusion_2_7_slow,87,1779956382936962361,86.916831836,3.224
preprocess_ms,bevfusion_2_7_slow,88,1779956383951134129,87.93100360400001,5.108
preprocess_ms,bevfusion_2_7_slow,89,1779956384933225145,88.91309462000001,4.127
preprocess_ms,bevfusion_2_7_slow,90,1779956385972068151,89.951937626,3.576
preprocess_ms,bevfusion_2_7_slow,91,1779956386938058334,90.917927809,3.123
preprocess_ms,bevfusion_2_7_slow,92,1779956387946827934,91.926697409,4.674
preprocess_ms,bevfusion_2_7_slow,93,1779956388969662622,92.949532097,4.425
preprocess_ms,bevfusion_2_7_slow,94,1779956389969059348,93.948928823,3.941
preprocess_ms,bevfusion_2_7_slow,95,1779956390961000871,94.94087034600001,3.988
preprocess_ms,bevfusion_2_7_slow,96,1779956391938754258,95.918623733,3.932
preprocess_ms,bevfusion_2_7_slow,97,1779956392928900895,96.90877037,3.814
preprocess_ms,bevfusion_2_7_slow,98,1779956393974467484,97.954336959,3.953
preprocess_ms,bevfusion_2_7_slow,99,1779956394961596367,98.941465842,3.314
preprocess_ms,bevfusion_2_7_slow,100,1779956395941737823,99.92160729800001,4.437
preprocess_ms,bevfusion_2_7_slow,101,1779956396936653353,100.91652282800001,4.013
preprocess_ms,bevfusion_2_7_slow,102,1779956397934431274,101.914300749,3.471
preprocess_ms,bevfusion_2_7_slow,103,1779956398935851958,102.915721433,3.058
preprocess_ms,bevfusion_2_7_slow,104,1779956399949535463,103.929404938,4.168
preprocess_ms,bevfusion_2_7_slow,105,1779956400957387864,104.93725733900001,4.646
preprocess_ms,bevfusion_2_7_slow,106,1779956401956617112,105.936486587,4.826
preprocess_ms,bevfusion_2_7_slow,107,1779956402939049867,106.91891934200001,4.23
preprocess_ms,bevfusion_2_7_slow,108,1779956403932474956,107.91234443100001,3.948
preprocess_ms,bevfusion_2_7_slow,109,1779956404979952459,108.959821934,4.863
preprocess_ms,bevfusion_2_7_slow,110,1779956405968227985,109.94809746000001,3.146
preprocess_ms,bevfusion_2_7_slow,111,1779956406933589770,110.91345924500001,4.167
preprocess_ms,bevfusion_2_7_slow,112,1779956407935796779,111.915666254,5.018
preprocess_ms,bevfusion_2_7_slow,113,1779956408944062878,112.92393235300001,3.476
preprocess_ms,bevfusion_2_7_slow,114,1779956409944809618,113.92467909300001,4.338
preprocess_ms,bevfusion_2_7_slow,115,1779956410951941166,114.93181064100001,3.698
preprocess_ms,bevfusion_2_7_slow,116,1779956411927791891,115.90766136600001,3.665
preprocess_ms,bevfusion_2_7_slow,117,1779956412929416916,116.90928639100001,3.227
preprocess_ms,bevfusion_2_7_slow,118,1779956413955012603,117.934882078,4.526
preprocess_ms,bevfusion_2_7_slow,119,1779956414933055607,118.912925082,4.558
preprocess_ms,bevfusion_2_7_slow,120,1779956415923178344,119.90304781900001,4.627
preprocess_ms,bevfusion_2_7_slow,121,1779956416947888807,120.92775828200001,4.366
preprocess_ms,bevfusion_2_7_slow,122,1779956417939138280,121.91900775500001,3.883
preprocess_ms,bevfusion_2_7_slow,123,1779956418952640039,122.932509514,4.332
preprocess_ms,bevfusion_2_7_slow,124,1779956419950997569,123.93086704400001,4.076
preprocess_ms,bevfusion_2_7_slow,125,1779956420935801794,124.91567126900001,4.474
preprocess_ms,bevfusion_2_7_slow,126,1779956421946001606,125.92587108100001,4.179
preprocess_ms,bevfusion_2_7_slow,127,1779956422935075808,126.91494528300001,3.738
preprocess_ms,bevfusion_2_7_slow,128,1779956423941179046,127.921048521,3.525
preprocess_ms,bevfusion_2_7_slow,129,1779956424924735893,128.904605368,3.873
preprocess_ms,bevfusion_2_7_slow,130,1779956425940971526,129.920841001,3.616
preprocess_ms,bevfusion_2_7_slow,131,1779956426959613226,130.939482701,4.248
preprocess_ms,bevfusion_2_7_slow,132,1779956427954181039,131.934050514,3.865
preprocess_ms,bevfusion_2_7_slow,133,1779956428938510307,132.91837978200002,4.825
preprocess_ms,bevfusion_2_7_slow,134,1779956429933046048,133.912915523,3.92
preprocess_ms,bevfusion_2_7_slow,135,1779956430980828413,134.960697888,4.79
preprocess_ms,bevfusion_2_7_slow,136,1779956431942282511,135.92215198600002,4.629
preprocess_ms,bevfusion_2_7_slow,137,1779956432963777104,136.94364657900002,4.036
preprocess_ms,bevfusion_2_7_slow,138,1779956433936205123,137.916074598,3.721
preprocess_ms,bevfusion_2_7_slow,139,1779956434974422465,138.95429194000002,4.806
preprocess_ms,bevfusion_2_7_slow,140,1779956435954752178,139.93462165300002,4.091
preprocess_ms,bevfusion_2_7_slow,141,1779956436969223211,140.949092686,3.73
preprocess_ms,bevfusion_2_7_slow,142,1779956437928238098,141.908107573,3.737
preprocess_ms,bevfusion_2_7_slow,143,1779956438977066018,142.956935493,4.037
preprocess_ms,bevfusion_2_7_slow,144,1779956439953436875,143.93330635,4.522
preprocess_ms,bevfusion_2_7_slow,145,1779956440939817121,144.91968659600002,3.294
preprocess_ms,bevfusion_2_7_slow,146,1779956441952566374,145.932435849,3.406
preprocess_ms,bevfusion_2_7_slow,147,1779956442940889470,146.92075894500002,4.389
preprocess_ms,bevfusion_2_7_slow,148,1779956443930691695,147.91056117000002,4.043
preprocess_ms,bevfusion_2_7_slow,149,1779956444939284859,148.919154334,4.558
preprocess_ms,bevfusion_2_7_slow,150,1779956445941338655,149.92120813,4.072
preprocess_ms,bevfusion_2_7_slow,151,1779956446934947939,150.914817414,4.335
preprocess_ms,bevfusion_2_7_slow,152,1779956447941356545,151.92122602,4.795
preprocess_ms,bevfusion_2_7_slow,153,1779956448945135799,152.925005274,4.032
preprocess_ms,bevfusion_2_7_slow,154,1779956449964377815,153.94424729000002,3.094
preprocess_ms,bevfusion_2_7_slow,155,1779956450935947295,154.91581677000002,3.754
preprocess_ms,bevfusion_2_7_slow,156,1779956451951644659,155.931514134,3.954
preprocess_ms,bevfusion_2_7_slow,157,1779956452936913978,156.91678345300002,3.352
preprocess_ms,bevfusion_2_7_slow,158,1779956453930302702,157.91017217700002,3.334
preprocess_ms,bevfusion_2_7_slow,159,1779956454938228705,158.91809818000002,4.282
preprocess_ms,bevfusion_2_7_slow,160,1779956455959692983,159.939562458,4.274
preprocess_ms,bevfusion_2_7_slow,161,1779956456963931267,160.943800742,3.437
preprocess_ms,bevfusion_2_7_slow,162,1779956457957750819,161.937620294,3.677
preprocess_ms,bevfusion_2_7_slow,163,1779956458936435188,162.916304663,4.419
preprocess_ms,bevfusion_2_7_slow,164,1779956459940544192,163.92041366700002,3.922
preprocess_ms,bevfusion_2_7_slow,165,1779956460964241342,164.94411081700002,5.016
preprocess_ms,bevfusion_2_7_slow,166,1779956461938123770,165.91799324500002,3.501
preprocess_ms,bevfusion_2_7_slow,167,1779956462972156534,166.952026009,4.566
preprocess_ms,bevfusion_2_7_slow,168,1779956463953523921,167.933393396,4.433
preprocess_ms,bevfusion_2_7_slow,169,1779956464976335012,168.956204487,4.616
preprocess_ms,bevfusion_2_7_slow,170,1779956465938353984,169.91822345900002,4.069
preprocess_ms,bevfusion_2_7_slow,171,1779956466949186824,170.92905629900002,3.581
preprocess_ms,bevfusion_2_7_slow,172,1779956467953550490,171.933419965,4.209
preprocess_ms,bevfusion_2_7_slow,173,1779956468976660907,172.956530382,4.416
preprocess_ms,bevfusion_2_7_slow,174,1779956469941289828,173.92115930300002,4.036
preprocess_ms,bevfusion_2_7_slow,175,1779956470951588734,174.931458209,4.623
preprocess_ms,bevfusion_2_7_slow,176,1779956471949585129,175.929454604,3.055
preprocess_ms,bevfusion_2_7_slow,177,1779956472928724222,176.90859369700001,3.791
preprocess_ms,bevfusion_2_7_slow,178,1779956473940554672,177.920424147,3.888
preprocess_ms,bevfusion_2_7_slow,179,1779956474972342118,178.95221159300002,5.232
preprocess_ms,bevfusion_2_7_slow,180,1779956475941905021,179.921774496,4.735
preprocess_ms,bevfusion_2_7_slow,181,1779956476954800792,180.934670267,4.317
preprocess_ms,bevfusion_2_7_slow,182,1779956477931950026,181.91181950100002,3.501
preprocess_ms,bevfusion_2_7_slow,183,1779956478942095500,182.921964975,3.977
preprocess_ms,bevfusion_2_7_slow,184,1779956479953103675,183.93297315,3.373
preprocess_ms,bevfusion_2_7_slow,185,1779956480925553559,184.90542303400002,3.358
preprocess_ms,bevfusion_2_7_slow,186,1779956481968312368,185.94818184300001,3.384
preprocess_ms,bevfusion_2_7_slow,187,1779956482942410512,186.92227998700002,3.347
preprocess_ms,bevfusion_2_7_slow,188,1779956483942977854,187.922847329,4.483
preprocess_ms,bevfusion_2_7_slow,189,1779956484946969323,188.926838798,3.915
preprocess_ms,bevfusion_2_7_slow,190,1779956485950411212,189.93028068700002,3.445
preprocess_ms,bevfusion_2_7_slow,191,1779956486945118113,190.92498758800002,5.154
preprocess_ms,bevfusion_2_7_slow,192,1779956487932055467,191.911924942,4.797
preprocess_ms,bevfusion_2_7_slow,193,1779956488944599743,192.924469218,3.914
preprocess_ms,bevfusion_2_7_slow,194,1779956489939898681,193.919768156,3.951
preprocess_ms,bevfusion_2_7_slow,195,1779956490944515081,194.924384556,4.717
preprocess_ms,bevfusion_2_7_slow,196,1779956491954263109,195.93413258400003,4.952
preprocess_ms,bevfusion_2_7_slow,197,1779956492943951387,196.923820862,3.418
preprocess_ms,bevfusion_2_7_slow,198,1779956493935678986,197.91554846100001,3.673
preprocess_ms,bevfusion_2_7_slow,199,1779956494937277273,198.91714674800002,4.463
preprocess_ms,bevfusion_2_7_slow,200,1779956495935568402,199.91543787700002,3.58
preprocess_ms,bevfusion_2_7_slow,201,1779956496950842140,200.930711615,4.056
preprocess_ms,bevfusion_2_7_slow,202,1779956497940012745,201.91988222,4.212
preprocess_ms,bevfusion_2_7_slow,203,1779956498936258222,202.916127697,4.913
preprocess_ms,bevfusion_2_7_slow,204,1779956499967990103,203.94785957800002,3.213
preprocess_ms,bevfusion_2_7_slow,205,1779956500957512773,204.937382248,4.152
preprocess_ms,bevfusion_2_7_slow,206,1779956501933729586,205.913599061,4.085
preprocess_ms,bevfusion_2_7_slow,207,1779956502929940415,206.90980989000002,3.454
preprocess_ms,bevfusion_2_7_slow,208,1779956503972115512,207.951984987,4.176
preprocess_ms,bevfusion_2_7_slow,209,1779956504942844656,208.92271413100002,5.379
preprocess_ms,bevfusion_2_7_slow,210,1779956505965273237,209.945142712,3.542
preprocess_ms,bevfusion_2_7_slow,211,1779956506946486969,210.92635644400002,3.837
preprocess_ms,bevfusion_2_7_slow,212,1779956507947755913,211.92762538800002,4.409
preprocess_ms,bevfusion_2_7_slow,213,1779956508985112857,212.964982332,4.443
preprocess_ms,bevfusion_2_7_slow,214,1779956509930763378,213.910632853,4.799
preprocess_ms,bevfusion_2_7_slow,215,1779956510966151724,214.946021199,4.536
preprocess_ms,bevfusion_2_7_slow,216,1779956511975111800,215.95498127500002,4.166
preprocess_ms,bevfusion_2_7_slow,217,1779956512949132128,216.92900160300002,3.964
preprocess_ms,bevfusion_2_7_slow,218,1779956513967962575,217.94783205000002,4.498
preprocess_ms,bevfusion_2_7_slow,219,1779956514965666238,218.94553571300003,4.983
preprocess_ms,bevfusion_2_7_slow,220,1779956515960904863,219.940774338,4.068
preprocess_ms,bevfusion_2_7_slow,221,1779956516937336681,220.91720615600002,4.706
preprocess_ms,bevfusion_2_7_slow,222,1779956517974945116,221.954814591,4.661
preprocess_ms,bevfusion_2_7_slow,223,1779956518977269697,222.957139172,3.988
preprocess_ms,bevfusion_2_7_slow,224,1779956519969241562,223.94911103700002,4.532
preprocess_ms,bevfusion_2_7_slow,225,1779956520957428953,224.93729842800002,3.577
preprocess_ms,bevfusion_2_7_slow,226,1779956521939337550,225.91920702500002,4.784
preprocess_ms,bevfusion_2_7_slow,227,1779956522962396106,226.94226558100002,3.63
preprocess_ms,bevfusion_2_7_slow,228,1779956523952037600,227.93190707500003,3.817
preprocess_ms,bevfusion_2_7_slow,229,1779956524933011200,228.91288067500003,3.339
preprocess_ms,bevfusion_2_7_slow,230,1779956525930874691,229.910744166,4.35
preprocess_ms,bevfusion_2_7_slow,231,1779956526977746291,230.957615766,3.261
preprocess_ms,bevfusion_2_7_slow,232,1779956527942530097,231.92239957200002,3.865
preprocess_ms,bevfusion_2_7_slow,233,1779956528971187566,232.951057041,4.632
preprocess_ms,bevfusion_2_7_slow,234,1779956529948366471,233.928235946,4.367
preprocess_ms,bevfusion_2_7_slow,235,1779956530988976798,234.96884627300003,4.312
preprocess_ms,bevfusion_2_7_slow,236,1779956531932137512,235.912006987,3.685
preprocess_ms,bevfusion_2_7_slow,237,1779956532968363967,236.948233442,4.753
preprocess_ms,bevfusion_2_7_slow,238,1779956533951015017,237.93088449200002,4.406
preprocess_ms,bevfusion_2_7_slow,239,1779956534953788110,238.93365758500002,4.086
preprocess_ms,bevfusion_2_7_slow,240,1779956535959930416,239.939799891,4.217
preprocess_ms,bevfusion_2_7_slow,241,1779956536932119342,240.911988817,3.575
preprocess_ms,bevfusion_2_7_slow,242,1779956537940927827,241.920797302,3.489
preprocess_ms,bevfusion_2_7_slow,243,1779956538943414968,242.92328444300003,5.327
preprocess_ms,bevfusion_2_7_slow,244,1779956539940844989,243.920714464,4.444
preprocess_ms,bevfusion_2_7_slow,245,1779956540947867357,244.92773683200002,4.53
preprocess_ms,bevfusion_2_7_slow,246,1779956541968316810,245.94818628500002,4.434
preprocess_ms,bevfusion_2_7_slow,247,1779956542939458337,246.919327812,3.425
preprocess_ms,bevfusion_2_7_slow,248,1779956543938830786,247.91870026100003,4.01
preprocess_ms,bevfusion_2_7_slow,249,1779956544950377261,248.93024673600002,3.646
preprocess_ms,bevfusion_2_7_slow,250,1779956545976166387,249.95603586200002,4.353
preprocess_ms,bevfusion_2_7_slow,251,1779956546941847569,250.92171704400002,4.067
preprocess_ms,bevfusion_2_7_slow,252,1779956547929790826,251.909660301,3.338
preprocess_ms,bevfusion_2_7_slow,253,1779956548938044070,252.917913545,3.338
preprocess_ms,bevfusion_2_7_slow,254,1779956549967481402,253.94735087700002,4.724
preprocess_ms,bevfusion_2_7_slow,255,1779956550933958500,254.913827975,3.908
preprocess_ms,bevfusion_2_7_slow,256,1779956551937548079,255.91741755400002,3.907
preprocess_ms,bevfusion_2_7_slow,257,1779956552946011016,256.92588049100004,3.759
preprocess_ms,bevfusion_2_7_slow,258,1779956553959292946,257.939162421,3.482
preprocess_ms,bevfusion_2_7_slow,259,1779956554933784059,258.913653534,3.388
preprocess_ms,bevfusion_2_7_slow,260,1779956555935354461,259.915223936,3.587
preprocess_ms,bevfusion_2_7_slow,261,1779956556942974112,260.922843587,4.832
preprocess_ms,bevfusion_2_7_slow,262,1779956557972808479,261.952677954,4.299
preprocess_ms,bevfusion_2_7_slow,263,1779956558941895039,262.921764514,3.225
preprocess_ms,bevfusion_2_7_slow,264,1779956559939985612,263.91985508700003,4.815
preprocess_ms,bevfusion_2_7_slow,265,1779956560935316262,264.915185737,3.776
preprocess_ms,bevfusion_2_7_slow,266,1779956561937639682,265.91750915700004,3.593
preprocess_ms,bevfusion_2_7_slow,267,1779956562956360510,266.936229985,3.466
preprocess_ms,bevfusion_2_7_slow,268,1779956563969119557,267.94898903200004,3.881
preprocess_ms,bevfusion_2_7_slow,269,1779956564960274839,268.940144314,5.147
preprocess_ms,bevfusion_2_7_slow,270,1779956565941628040,269.921497515,4.486
preprocess_ms,bevfusion_2_7_slow,271,1779956566955210202,270.93507967700003,3.921
preprocess_ms,bevfusion_2_7_slow,272,1779956567933752496,271.913621971,3.961
preprocess_ms,bevfusion_2_7_slow,273,1779956568950709795,272.93057927,4.602
preprocess_ms,bevfusion_2_7_slow,274,1779956569959377408,273.939246883,4.195
preprocess_ms,bevfusion_2_7_slow,275,1779956570931784196,274.911653671,3.821
preprocess_ms,bevfusion_2_7_slow,276,1779956571966558835,275.94642831000004,3.861
preprocess_ms,bevfusion_2_7_slow,277,1779956572953220300,276.93308977500004,4.178
preprocess_ms,bevfusion_2_7_slow,278,1779956573950682746,277.930552221,4.608
preprocess_ms,bevfusion_2_7_slow,279,1779956574952473267,278.932342742,4.117
preprocess_ms,bevfusion_2_7_slow,280,1779956575944216784,279.92408625900003,3.916
preprocess_ms,bevfusion_2_7_slow,281,1779956576988456916,280.968326391,3.663
preprocess_ms,bevfusion_2_7_slow,282,1779956577974165961,281.954035436,4.506
preprocess_ms,bevfusion_2_7_slow,283,1779956578965067244,282.944936719,4.834
preprocess_ms,bevfusion_2_7_slow,284,1779956579973674467,283.953543942,3.825
preprocess_ms,bevfusion_2_7_slow,285,1779956580948261441,284.92813091600004,3.174
preprocess_ms,bevfusion_2_7_slow,286,1779956581966811151,285.94668062600005,4.531
preprocess_ms,bevfusion_2_7_slow,287,1779956582940796982,286.92066645700004,3.514
preprocess_ms,bevfusion_2_7_slow,288,1779956583966685586,287.946555061,4.11
preprocess_ms,bevfusion_2_7_slow,289,1779956584943467908,288.92333738300005,4.103
preprocess_ms,bevfusion_2_7_slow,290,1779956585955958665,289.93582814,4.267
preprocess_ms,bevfusion_2_7_slow,291,1779956586944070181,290.923939656,4.003
preprocess_ms,bevfusion_2_7_slow,292,1779956587934158817,291.914028292,3.268
preprocess_ms,bevfusion_2_7_slow,293,1779956588974024656,292.953894131,4.305
preprocess_ms,bevfusion_2_7_slow,294,1779956589934784143,293.91465361800005,3.66
preprocess_ms,bevfusion_2_7_slow,295,1779956590974852087,294.95472156200003,4.652
preprocess_ms,bevfusion_2_7_slow,296,1779956591929907221,295.909776696,3.324
preprocess_ms,bevfusion_2_7_slow,297,1779956592937972101,296.917841576,4.393
preprocess_ms,bevfusion_2_7_slow,298,1779956593937204292,297.91707376700003,4.081
preprocess_ms,bevfusion_2_7_slow,299,1779956594956459438,298.936328913,3.591
preprocess_ms,bevfusion_2_7_slow,300,1779956595937145611,299.917015086,1.987
preprocess_ms,bevfusion_2_7_slow,301,1779956596935260812,300.915130287,3.695
preprocess_ms,bevfusion_2_7_slow,302,1779956597957466784,301.937336259,3.351
preprocess_ms,bevfusion_2_7_slow,303,1779956598962395713,302.942265188,3.556
preprocess_ms,bevfusion_2_7_slow,304,1779956599952621396,303.932490871,3.78
preprocess_ms,bevfusion_2_7_slow,305,1779956600949353912,304.92922338700004,4.593
preprocess_ms,bevfusion_2_7_slow,306,1779956601943663034,305.92353250900004,5.646
preprocess_ms,bevfusion_2_7_slow,307,1779956602938209023,306.918078498,3.404
preprocess_ms,bevfusion_2_7_slow,308,1779956603959608634,307.939478109,4.017
preprocess_ms,bevfusion_2_7_slow,309,1779956604951660605,308.93153008,3.913
preprocess_ms,bevfusion_2_7_slow,310,1779956605958963681,309.93883315600004,4.216
preprocess_ms,bevfusion_2_7_slow,311,1779956606934631618,310.914501093,3.992
preprocess_ms,bevfusion_2_7_slow,312,1779956607941123984,311.92099345900004,3.776
preprocess_ms,bevfusion_2_7_slow,313,1779956608946117447,312.925986922,4.377
preprocess_ms,bevfusion_2_7_slow,314,1779956609941869861,313.92173933600003,3.799
preprocess_ms,bevfusion_2_7_slow,315,1779956610942761518,314.92263099300004,3.884
preprocess_ms,bevfusion_2_7_slow,316,1779956611950108696,315.929978171,3.359
preprocess_ms,bevfusion_2_7_slow,317,1779956612958572203,316.938441678,4.484
preprocess_ms,bevfusion_2_7_slow,318,1779956613938895281,317.91876475600003,4.491
preprocess_ms,bevfusion_2_7_slow,319,1779956614972740054,318.95260952900003,3.684
preprocess_ms,bevfusion_2_7_slow,320,1779956615932900587,319.912770062,3.908
preprocess_ms,bevfusion_2_7_slow,321,1779956616963945696,320.94381517100004,3.532
preprocess_ms,bevfusion_2_7_slow,322,1779956617979032715,321.95890219,2.464
preprocess_ms,bevfusion_2_7_slow,323,1779956618956598840,322.936468315,4.209
preprocess_ms,bevfusion_2_7_slow,324,1779956619942572615,323.92244209,4.089
preprocess_ms,bevfusion_2_7_slow,325,1779956620942096087,324.921965562,3.817
preprocess_ms,bevfusion_2_7_slow,326,1779956621942696843,325.922566318,3.093
preprocess_ms,bevfusion_2_7_slow,327,1779956622968989193,326.948858668,4.901
preprocess_ms,bevfusion_2_7_slow,328,1779956623970283142,327.950152617,4.186
preprocess_ms,bevfusion_2_7_slow,329,1779956624945052926,328.924922401,4.046
preprocess_ms,bevfusion_2_7_slow,330,1779956625937771879,329.917641354,4.159
preprocess_ms,bevfusion_2_7_slow,331,1779956626944302541,330.924172016,4.245
preprocess_ms,bevfusion_2_7_slow,332,1779956627957150248,331.93701972300005,4.611
preprocess_ms,bevfusion_2_7_slow,333,1779956628948932440,332.928801915,4.783
preprocess_ms,bevfusion_2_7_slow,334,1779956629946025515,333.92589499,4.683
preprocess_ms,bevfusion_2_7_slow,335,1779956630961253758,334.94112323300004,5.099
preprocess_ms,bevfusion_2_7_slow,336,1779956631967636450,335.94750592500003,3.71
preprocess_ms,bevfusion_2_7_slow,337,1779956632959571093,336.939440568,3.896
preprocess_ms,bevfusion_2_7_slow,338,1779956633948870165,337.92873964,4.707
preprocess_ms,bevfusion_2_7_slow,339,1779956634954074861,338.933944336,4.383
preprocess_ms,bevfusion_2_7_slow,340,1779956635935654619,339.91552409400003,4.463
preprocess_ms,bevfusion_2_7_slow,341,1779956636971190799,340.95106027400004,4.127
preprocess_ms,bevfusion_2_7_slow,342,1779956637934110344,341.913979819,4.213
preprocess_ms,bevfusion_2_7_slow,343,1779956638966219388,342.946088863,4.89
preprocess_ms,bevfusion_2_7_slow,344,1779956639952227784,343.93209725900005,4.008
preprocess_ms,bevfusion_2_7_slow,345,1779956640954525239,344.934394714,4.022
preprocess_ms,bevfusion_2_7_slow,346,1779956641979719064,345.95958853900004,4.023
preprocess_ms,bevfusion_2_7_slow,347,1779956642929680586,346.909550061,3.748
preprocess_ms,bevfusion_2_7_slow,348,1779956643953861009,347.933730484,4.089
preprocess_ms,bevfusion_2_7_slow,349,1779956644950178237,348.93004771200003,4.106
preprocess_ms,bevfusion_2_7_slow,350,1779956645951557536,349.93142701100004,3.704
preprocess_ms,bevfusion_2_7_slow,351,1779956646955153108,350.93502258300003,4.262
preprocess_ms,bevfusion_2_7_slow,352,1779956647944380369,351.92424984400003,4.238
preprocess_ms,bevfusion_2_7_slow,353,1779956648972224776,352.952094251,3.757
preprocess_ms,bevfusion_2_7_slow,354,1779956649975262101,353.95513157600004,5.81
preprocess_ms,bevfusion_2_7_slow,355,1779956650932364683,354.91223415800005,4.294
preprocess_ms,bevfusion_2_7_slow,356,1779956651953822619,355.93369209400004,3.739
preprocess_ms,bevfusion_2_7_slow,357,1779956652950102591,356.929972066,4.301
preprocess_ms,bevfusion_2_7_slow,358,1779956653969391517,357.949260992,5.146
preprocess_ms,bevfusion_2_7_slow,359,1779956654967267681,358.947137156,4.641
preprocess_ms,bevfusion_2_7_slow,360,1779956655945654101,359.92552357600005,4.718
preprocess_ms,bevfusion_2_7_slow,361,1779956656932675373,360.91254484800004,3.938
preprocess_ms,bevfusion_2_7_slow,362,1779956657936578772,361.916448247,3.825
preprocess_ms,bevfusion_2_7_slow,363,1779956658978228798,362.958098273,4.494
preprocess_ms,bevfusion_2_7_slow,364,1779956659954661663,363.934531138,4.091
preprocess_ms,bevfusion_2_7_slow,365,1779956660942696351,364.92256582600004,4.081
preprocess_ms,bevfusion_2_7_slow,366,1779956661970295874,365.95016534900003,4.502
preprocess_ms,bevfusion_2_7_slow,367,1779956662944881733,366.92475120800003,3.98
preprocess_ms,bevfusion_2_7_slow,368,1779956663960889517,367.94075899200004,3.781
preprocess_ms,bevfusion_2_7_slow,369,1779956664936070622,368.91594009700003,3.161
preprocess_ms,bevfusion_2_7_slow,370,1779956665948718979,369.928588454,3.663
preprocess_ms,bevfusion_2_7_slow,371,1779956666962010797,370.94188027200005,3.905
preprocess_ms,bevfusion_2_7_slow,372,1779956667949588279,371.929457754,4.765
preprocess_ms,bevfusion_2_7_slow,373,1779956668948064665,372.92793414000005,4.336
preprocess_ms,bevfusion_2_7_slow,374,1779956669970211673,373.95008114800004,4.146
preprocess_ms,bevfusion_2_7_slow,375,1779956670981574030,374.96144350500003,3.992
preprocess_ms,bevfusion_2_7_slow,376,1779956671926077984,375.905947459,3.495
preprocess_ms,bevfusion_2_7_slow,377,1779956672939243040,376.91911251500005,4.75
preprocess_ms,bevfusion_2_7_slow,378,1779956673973863993,377.953733468,4.062
preprocess_ms,bevfusion_2_7_slow,379,1779956674932979047,378.91284852200005,4.137
preprocess_ms,bevfusion_2_7_slow,380,1779956675937679742,379.91754921700004,4.018
preprocess_ms,bevfusion_2_7_slow,381,1779956676948579377,380.92844885200003,4.801
preprocess_ms,bevfusion_2_7_slow,382,1779956677933791533,381.913661008,3.471
preprocess_ms,bevfusion_2_7_slow,383,1779956678989356593,382.969226068,3.909
preprocess_ms,bevfusion_2_7_slow,384,1779956679944612503,383.924481978,4.633
preprocess_ms,bevfusion_2_7_slow,385,1779956680958990717,384.93886019200005,3.545
preprocess_ms,bevfusion_2_7_slow,386,1779956681950488328,385.93035780300005,4.61
preprocess_ms,bevfusion_2_7_slow,387,1779956682943650567,386.923520042,3.659
preprocess_ms,bevfusion_2_7_slow,388,1779956683933142304,387.91301177900004,3.502
preprocess_ms,bevfusion_2_7_slow,389,1779956684968427595,388.94829707,4.097
preprocess_ms,bevfusion_2_7_slow,390,1779956685941788368,389.92165784300005,3.436
preprocess_ms,bevfusion_2_7_slow,391,1779956686981030568,390.96090004300004,4.599
preprocess_ms,bevfusion_2_7_slow,392,1779956687945365501,391.925234976,4.644
preprocess_ms,bevfusion_2_7_slow,393,1779956688951052233,392.930921708,4.293
preprocess_ms,bevfusion_2_7_slow,394,1779956689948261107,393.92813058200005,4.146
preprocess_ms,bevfusion_2_7_slow,395,1779956690934917822,394.91478729700003,3.561
preprocess_ms,bevfusion_2_7_slow,396,1779956691935801166,395.915670641,4.4
preprocess_ms,bevfusion_2_7_slow,397,1779956692951300798,396.931170273,4.296
preprocess_ms,bevfusion_2_7_slow,398,1779956693933569752,397.913439227,3.994
preprocess_ms,bevfusion_2_7_slow,399,1779956694936958623,398.91682809800005,4.29
preprocess_ms,bevfusion_2_7_slow,400,1779956695955545326,399.93541480100004,4.529
preprocess_ms,bevfusion_2_7_slow,401,1779956696949830785,400.92970026,4.308
preprocess_ms,bevfusion_2_7_slow,402,1779956697969809094,401.949678569,4.041
preprocess_ms,bevfusion_2_7_slow,403,1779956698973385053,402.953254528,5.742
preprocess_ms,bevfusion_2_7_slow,404,1779956699936302876,403.916172351,4.229
preprocess_ms,bevfusion_2_7_slow,405,1779956700962006314,404.94187578900005,5.092
preprocess_ms,bevfusion_2_7_slow,406,1779956701964385171,405.94425464600005,4.448
preprocess_ms,bevfusion_2_7_slow,407,1779956702934956827,406.91482630200005,3.175
preprocess_ms,bevfusion_2_7_slow,408,1779956703944862593,407.924732068,4.137
preprocess_ms,bevfusion_2_7_slow,409,1779956704953678507,408.93354798200005,4.463
preprocess_ms,bevfusion_2_7_slow,410,1779956705971220194,409.951089669,4.114
preprocess_ms,bevfusion_2_7_slow,411,1779956706943790072,410.923659547,4.301
preprocess_ms,bevfusion_2_7_slow,412,1779956707953221396,411.93309087100005,3.097
preprocess_ms,bevfusion_2_7_slow,413,1779956708939794136,412.91966361100003,3.965
preprocess_ms,bevfusion_2_7_slow,414,1779956709955727784,413.935597259,3.977
preprocess_ms,bevfusion_2_7_slow,415,1779956710965014813,414.944884288,3.742
preprocess_ms,bevfusion_2_7_slow,416,1779956711955270558,415.93514003300004,4.52
preprocess_ms,bevfusion_2_7_slow,417,1779956712966330626,416.94620010100004,4.724
preprocess_ms,bevfusion_2_7_slow,418,1779956713944212792,417.924082267,3.731
preprocess_ms,bevfusion_2_7_slow,419,1779956714961858005,418.94172748000005,4.044
preprocess_ms,bevfusion_2_7_slow,420,1779956715942720760,419.92259023500003,4.415
preprocess_ms,bevfusion_2_7_slow,421,1779956716950598059,420.930467534,4.681
preprocess_ms,bevfusion_2_7_slow,422,1779956717939310847,421.91918032200005,3.887
preprocess_ms,bevfusion_2_7_slow,423,1779956718971579530,422.95144900500003,2.707
preprocess_ms,bevfusion_2_7_slow,424,1779956719971100920,423.950970395,4.492
preprocess_ms,bevfusion_2_7_slow,425,1779956720932698665,424.91256814,3.902
preprocess_ms,bevfusion_2_7_slow,426,1779956721943808752,425.92367822700004,4.341
preprocess_ms,bevfusion_2_7_slow,427,1779956722951540336,426.93140981100004,4.732
preprocess_ms,bevfusion_2_7_slow,428,1779956723937994643,427.917864118,3.98
preprocess_ms,bevfusion_2_7_slow,429,1779956724970096162,428.94996563700005,4.063
preprocess_ms,bevfusion_2_7_slow,430,1779956725944071166,429.923940641,3.38
preprocess_ms,bevfusion_2_7_slow,431,1779956726969011395,430.94888087000004,4.178
preprocess_ms,bevfusion_2_7_slow,432,1779956727956273473,431.93614294800005,4.026
preprocess_ms,bevfusion_2_7_slow,433,1779956728951274629,432.93114410400005,4.854
preprocess_ms,bevfusion_2_7_slow,434,1779956729944295620,433.92416509500003,4.611
preprocess_ms,bevfusion_2_7_slow,435,1779956730958587266,434.93845674100004,4.749
preprocess_ms,bevfusion_2_7_slow,436,1779956731994602436,435.974471911,3.713
preprocess_ms,bevfusion_2_7_slow,437,1779956732948275189,436.928144664,4.003
preprocess_ms,bevfusion_2_7_slow,438,1779956733962043270,437.941912745,4.104
preprocess_ms,bevfusion_2_7_slow,439,1779956734956363902,438.936233377,3.805
preprocess_ms,bevfusion_2_7_slow,440,1779956735947389457,439.92725893200003,5.234
preprocess_ms,bevfusion_2_7_slow,441,1779956736947733544,440.927603019,3.988
preprocess_ms,bevfusion_2_7_slow,442,1779956737928439897,441.908309372,4.44
preprocess_ms,bevfusion_2_7_slow,443,1779956738955072417,442.93494189200004,4.031
preprocess_ms,bevfusion_2_7_slow,444,1779956739946595133,443.926464608,3.709
preprocess_ms,bevfusion_2_7_slow,445,1779956740962889169,444.94275864400004,4.158
preprocess_ms,bevfusion_2_7_slow,446,1779956741933763749,445.913633224,4.082
preprocess_ms,bevfusion_2_7_slow,447,1779956742934534898,446.914404373,4.726
preprocess_ms,bevfusion_2_7_slow,448,1779956743936739904,447.916609379,4.716
preprocess_ms,bevfusion_2_7_slow,449,1779956744945725406,448.92559488100005,4.32
preprocess_ms,bevfusion_2_7_slow,450,1779956745980256002,449.960125477,4.523
preprocess_ms,bevfusion_2_7_slow,451,1779956746931978501,450.91184797600005,3.412
preprocess_ms,bevfusion_2_7_slow,452,1779956747932470000,451.912339475,4.155
preprocess_ms,bevfusion_2_7_slow,453,1779956748953621342,452.933490817,4.108
preprocess_ms,bevfusion_2_7_slow,454,1779956749969325537,453.949195012,4.553
preprocess_ms,bevfusion_2_7_slow,455,1779956750985139717,454.965009192,4.715
preprocess_ms,bevfusion_2_7_slow,456,1779956751942575926,455.922445401,3.749
preprocess_ms,bevfusion_2_7_slow,457,1779956752971495025,456.9513645,4.947
preprocess_ms,bevfusion_2_7_slow,458,1779956753947934431,457.927803906,3.674
preprocess_ms,bevfusion_2_7_slow,459,1779956754951440262,458.93130973700005,4.559
preprocess_ms,bevfusion_2_7_slow,460,1779956755937441328,459.917310803,4.339
preprocess_ms,bevfusion_2_7_slow,461,1779956756943080492,460.922949967,3.783
preprocess_ms,bevfusion_2_7_slow,462,1779956757951568102,461.93143757700005,5.136
preprocess_ms,bevfusion_2_7_slow,463,1779956758939311495,462.91918097,4.144
preprocess_ms,bevfusion_2_7_slow,464,1779956759951913238,463.931782713,4.341
preprocess_ms,bevfusion_2_7_slow,465,1779956760944452963,464.92432243800005,4.028
preprocess_ms,bevfusion_2_7_slow,466,1779956761958525810,465.938395285,4.762
preprocess_ms,bevfusion_2_7_slow,467,1779956762947671643,466.927541118,3.781
preprocess_ms,bevfusion_2_7_slow,468,1779956763943048462,467.922917937,4.739
preprocess_ms,bevfusion_2_7_slow,469,1779956764960007099,468.93987657400004,4.276
preprocess_ms,bevfusion_2_7_slow,470,1779956765996330541,469.976200016,4.21
preprocess_ms,bevfusion_2_7_slow,471,1779956766945404235,470.92527371000006,3.818
preprocess_ms,bevfusion_2_7_slow,472,1779956767941237624,471.92110709900004,4.052
preprocess_ms,bevfusion_2_7_slow,473,1779956768944196069,472.92406554400003,4.511
preprocess_ms,bevfusion_2_7_slow,474,1779956769948695786,473.928565261,4.656
preprocess_ms,bevfusion_2_7_slow,475,1779956770940694548,474.92056402300005,4.102
preprocess_ms,bevfusion_2_7_slow,476,1779956771962286442,475.94215591700004,3.878
preprocess_ms,bevfusion_2_7_slow,477,1779956772952269252,476.93213872700005,3.808
preprocess_ms,bevfusion_2_7_slow,478,1779956773965019698,477.94488917300004,4.261
preprocess_ms,bevfusion_2_7_slow,479,1779956774950549744,478.93041921900004,4.692
preprocess_ms,bevfusion_2_7_slow,480,1779956775946466282,479.926335757,3.755
preprocess_ms,bevfusion_2_7_slow,481,1779956776945539909,480.92540938400003,3.434
preprocess_ms,bevfusion_2_7_slow,482,1779956777936481245,481.91635072,4.58
preprocess_ms,bevfusion_2_7_slow,483,1779956778947280306,482.927149781,4.743
preprocess_ms,bevfusion_2_7_slow,484,1779956779962632888,483.942502363,3.889
preprocess_ms,bevfusion_2_7_slow,485,1779956780946058344,484.92592781900004,4.592
preprocess_ms,bevfusion_2_7_slow,486,1779956781942679439,485.922548914,4.451
preprocess_ms,bevfusion_2_7_slow,487,1779956782957840312,486.937709787,4.523
preprocess_ms,bevfusion_2_7_slow,488,1779956783952248408,487.93211788300005,3.508
preprocess_ms,bevfusion_2_7_slow,489,1779956784962744465,488.94261394000006,4.142
preprocess_ms,bevfusion_2_7_slow,490,1779956785937718779,489.917588254,4.399
preprocess_ms,bevfusion_2_7_slow,491,1779956786959107824,490.93897729900004,4.342
preprocess_ms,bevfusion_2_7_slow,492,1779956787948818414,491.928687889,4.889
preprocess_ms,bevfusion_2_7_slow,493,1779956788974508278,492.954377753,3.766
preprocess_ms,bevfusion_2_7_slow,494,1779956789952758937,493.93262841200004,5.181
preprocess_ms,bevfusion_2_7_slow,495,1779956790949242549,494.929112024,4.525
preprocess_ms,bevfusion_2_7_slow,496,1779956791953679658,495.93354913300004,4.083
preprocess_ms,bevfusion_2_7_slow,497,1779956792985592000,496.96546147500004,3.756
preprocess_ms,bevfusion_2_7_slow,498,1779956793968187807,497.94805728200004,3.379
preprocess_ms,bevfusion_2_7_slow,499,1779956794960449416,498.940318891,4.408
preprocess_ms,bevfusion_2_7_slow,500,1779956795938817469,499.91868694400006,3.6
preprocess_ms,bevfusion_2_7_slow,501,1779956796929763145,500.90963262,4.439
preprocess_ms,bevfusion_2_7_slow,502,1779956797945590262,501.92545973700004,4.024
preprocess_ms,bevfusion_2_7_slow,503,1779956798947891790,502.927761265,4.119
preprocess_ms,bevfusion_2_7_slow,504,1779956799982087932,503.96195740700006,4.408
preprocess_ms,bevfusion_2_7_slow,505,1779956800938179142,504.918048617,4.061
preprocess_ms,bevfusion_2_7_slow,506,1779956801970390280,505.95025975500005,3.438
preprocess_ms,bevfusion_2_7_slow,507,1779956802960451980,506.94032145500006,4.189
preprocess_ms,bevfusion_2_7_slow,508,1779956803936666718,507.916536193,3.53
preprocess_ms,bevfusion_2_7_slow,509,1779956804938804634,508.91867410900005,3.563
preprocess_ms,bevfusion_2_7_slow,510,1779956805937811950,509.917681425,4.09
preprocess_ms,bevfusion_2_7_slow,511,1779956806970208020,510.950077495,4.344
preprocess_ms,bevfusion_2_7_slow,512,1779956807953562905,511.93343238000006,3.884
preprocess_ms,bevfusion_2_7_slow,513,1779956808955038084,512.9349075590001,4.475
preprocess_ms,bevfusion_2_7_slow,514,1779956809963157711,513.943027186,3.717
preprocess_ms,bevfusion_2_7_slow,515,1779956810933444558,514.913314033,4.041
preprocess_ms,bevfusion_2_7_slow,516,1779956811944726054,515.924595529,3.854
preprocess_ms,bevfusion_2_7_slow,517,1779956812933066083,516.9129355580001,3.468
preprocess_ms,bevfusion_2_7_slow,518,1779956813932140127,517.912009602,4.32
preprocess_ms,bevfusion_2_7_slow,519,1779956814963938213,518.943807688,4.023
preprocess_ms,bevfusion_2_7_slow,520,1779956815930113777,519.9099832520001,4.529
preprocess_ms,bevfusion_2_7_slow,521,1779956816939970607,520.9198400820001,4.116
preprocess_ms,bevfusion_2_7_slow,522,1779956817938764562,521.9186340370001,4.237
preprocess_ms,bevfusion_2_7_slow,523,1779956818944666108,522.9245355830001,3.963
preprocess_ms,bevfusion_2_7_slow,524,1779956819946557890,523.926427365,3.859
preprocess_ms,bevfusion_2_7_slow,525,1779956820976277027,524.956146502,3.819
preprocess_ms,bevfusion_2_7_slow,526,1779956821970335098,525.9502045730001,4.993
preprocess_ms,bevfusion_2_7_slow,527,1779956822963025478,526.9428949530001,3.642
preprocess_ms,bevfusion_2_7_slow,528,1779956823955204494,527.9350739690001,4.294
preprocess_ms,bevfusion_2_7_slow,529,1779956824954662313,528.9345317880001,3.402
preprocess_ms,bevfusion_2_7_slow,530,1779956825953193054,529.933062529,4.429
preprocess_ms,bevfusion_2_7_slow,531,1779956826998311128,530.978180603,3.398
preprocess_ms,bevfusion_2_7_slow,532,1779956827957253777,531.937123252,4.44
preprocess_ms,bevfusion_2_7_slow,533,1779956828952486076,532.932355551,3.613
preprocess_ms,bevfusion_2_7_slow,534,1779956829933940630,533.913810105,4.129
preprocess_ms,bevfusion_2_7_slow,535,1779956830937109978,534.9169794530001,3.428
preprocess_ms,bevfusion_2_7_slow,536,1779956831936578425,535.9164479,4.17
preprocess_ms,bevfusion_2_7_slow,537,1779956832936761291,536.916630766,3.25
preprocess_ms,bevfusion_2_7_slow,538,1779956833970589028,537.950458503,3.919
preprocess_ms,bevfusion_2_7_slow,539,1779956834952883774,538.932753249,4.18
preprocess_ms,bevfusion_2_7_slow,540,1779956835960556669,539.9404261440001,3.25
preprocess_ms,bevfusion_2_7_slow,541,1779956837005045778,540.984915253,4.815
preprocess_ms,bevfusion_2_7_slow,542,1779956837972527776,541.952397251,3.92
preprocess_ms,bevfusion_2_7_slow,543,1779956838942139636,542.9220091110001,3.535
preprocess_ms,bevfusion_2_7_slow,544,1779956839966048871,543.945918346,4.211
preprocess_ms,bevfusion_2_7_slow,545,1779956840937994366,544.917863841,3.716
preprocess_ms,bevfusion_2_7_slow,546,1779956841958052387,545.937921862,4.249
preprocess_ms,bevfusion_2_7_slow,547,1779956842996072213,546.975941688,3.949
preprocess_ms,bevfusion_2_7_slow,548,1779956843959980787,547.939850262,3.906
preprocess_ms,bevfusion_2_7_slow,549,1779956844954219506,548.9340889810001,4.574
preprocess_ms,bevfusion_2_7_slow,550,1779956845944321908,549.924191383,3.893
preprocess_ms,bevfusion_2_7_slow,551,1779956846961036595,550.94090607,4.303
preprocess_ms,bevfusion_2_7_slow,552,1779956847945070318,551.924939793,4.092
preprocess_ms,bevfusion_2_7_slow,553,1779956848979945300,552.959814775,4.084
preprocess_ms,bevfusion_2_7_slow,554,1779956849942126595,553.9219960700001,3.894
preprocess_ms,bevfusion_2_7_slow,555,1779956850944109853,554.9239793280001,3.425
preprocess_ms,bevfusion_2_7_slow,556,1779956851947223470,555.927092945,4.003
preprocess_ms,bevfusion_2_7_slow,557,1779956852970597465,556.9504669400001,3.989
preprocess_ms,bevfusion_2_7_slow,558,1779956853934715462,557.9145849370001,3.874
preprocess_ms,bevfusion_2_7_slow,559,1779956854982581036,558.962450511,3.845
preprocess_ms,bevfusion_2_7_slow,560,1779956855941259552,559.921129027,4.381
preprocess_ms,bevfusion_2_7_slow,561,1779956856953859542,560.933729017,4.811
preprocess_ms,bevfusion_2_7_slow,562,1779956857960637052,561.940506527,5.134
preprocess_ms,bevfusion_2_7_slow,563,1779956858956724976,562.936594451,4.349
preprocess_ms,bevfusion_2_7_slow,564,1779956859975994973,563.955864448,3.556
preprocess_ms,bevfusion_2_7_slow,565,1779956860987606702,564.967476177,3.227
preprocess_ms,bevfusion_2_7_slow,566,1779956861963038234,565.942907709,3.903
preprocess_ms,bevfusion_2_7_slow,567,1779956862962783866,566.942653341,3.939
preprocess_ms,bevfusion_2_7_slow,568,1779956863963689590,567.943559065,4.259
preprocess_ms,bevfusion_2_7_slow,569,1779956864950878630,568.930748105,4.228
preprocess_ms,bevfusion_2_7_slow,570,1779956865945591440,569.925460915,4.002
preprocess_ms,bevfusion_2_7_slow,571,1779956866972622396,570.952491871,4.153
preprocess_ms,bevfusion_2_7_slow,572,1779956867945954030,571.925823505,3.84
preprocess_ms,bevfusion_2_7_slow,573,1779956869020863028,573.000732503,4.641
preprocess_ms,bevfusion_2_7_slow,574,1779956869935455785,573.91532526,3.907
preprocess_ms,bevfusion_2_7_slow,575,1779956870939236606,574.919106081,4.683
preprocess_ms,bevfusion_2_7_slow,576,1779956871948697195,575.92856667,4.724
preprocess_ms,bevfusion_2_7_slow,577,1779956872947054017,576.926923492,3.485
preprocess_ms,bevfusion_2_7_slow,578,1779956873950116328,577.929985803,4.072
preprocess_ms,bevfusion_2_7_slow,579,1779956874963314065,578.9431835400001,3.825
preprocess_ms,bevfusion_2_7_slow,580,1779956875946006439,579.925875914,3.831
preprocess_ms,bevfusion_2_7_slow,581,1779956876969360222,580.9492296970001,4.363
preprocess_ms,bevfusion_2_7_slow,582,1779956877948754324,581.9286237990001,4.553
preprocess_ms,bevfusion_2_7_slow,583,1779956878934794957,582.914664432,4.317
preprocess_ms,bevfusion_2_7_slow,584,1779956879961833346,583.941702821,4.884
preprocess_ms,bevfusion_2_7_slow,585,1779956880935623920,584.915493395,3.734
preprocess_ms,bevfusion_2_7_slow,586,1779956881948075880,585.927945355,4.598
preprocess_ms,bevfusion_2_7_slow,587,1779956882948298391,586.9281678660001,4.168
preprocess_ms,bevfusion_2_7_slow,588,1779956883939912055,587.91978153,4.434
preprocess_ms,bevfusion_2_7_slow,589,1779956884960146518,588.9400159930001,4.0
preprocess_ms,bevfusion_2_7_slow,590,1779956885943084248,589.9229537230001,4.447
preprocess_ms,bevfusion_2_7_slow,591,1779956886945221297,590.9250907720001,3.585
preprocess_ms,bevfusion_2_7_slow,592,1779956887946727314,591.9265967890001,3.884
