metric,bag,sample_index,timestamp_ns,time_from_start_s,latency_ms
total_ms,bevfusion_2_7,0,1779961711091703377,0.0,46.549
total_ms,bevfusion_2_7,1,1779961711139915460,0.048212083,47.69
total_ms,bevfusion_2_7,2,1779961711186601617,0.09489824000000001,45.763
total_ms,bevfusion_2_7,3,1779961711273792733,0.182089356,40.493
total_ms,bevfusion_2_7,4,1779961711400929952,0.309226575,73.36
total_ms,bevfusion_2_7,5,1779961711484351400,0.392648023,44.728
total_ms,bevfusion_2_7,6,1779961711583274022,0.49157064500000003,40.594
total_ms,bevfusion_2_7,7,1779961711678559814,0.586856437,42.269
total_ms,bevfusion_2_7,8,1779961711787976912,0.696273535,41.204
total_ms,bevfusion_2_7,9,1779961711859075749,0.7673723720000001,33.906
total_ms,bevfusion_2_7,10,1779961711957431074,0.8657276970000001,39.142
total_ms,bevfusion_2_7,11,1779961712084503408,0.992800031,39.504
total_ms,bevfusion_2_7,12,1779961712155191912,1.063488535,38.972
total_ms,bevfusion_2_7,13,1779961712244692170,1.152988793,36.68
total_ms,bevfusion_2_7,14,1779961712370748536,1.279045159,36.053
total_ms,bevfusion_2_7,15,1779961712452058145,1.360354768,41.425
total_ms,bevfusion_2_7,16,1779961712578438635,1.4867352580000002,41.233
total_ms,bevfusion_2_7,17,1779961712667388591,1.5756852140000002,37.206
total_ms,bevfusion_2_7,18,1779961712796969016,1.705265639,47.597
total_ms,bevfusion_2_7,19,1779961712868393012,1.776689635,41.228
total_ms,bevfusion_2_7,20,1779961712965185013,1.8734816360000002,38.618
total_ms,bevfusion_2_7,21,1779961713053617843,1.961914466,41.369
total_ms,bevfusion_2_7,22,1779961713146425082,2.054721705,36.694
total_ms,bevfusion_2_7,23,1779961713273114870,2.181411493,40.712
total_ms,bevfusion_2_7,24,1779961713370543342,2.278839965,40.68
total_ms,bevfusion_2_7,25,1779961713449681558,2.357978181,41.136
total_ms,bevfusion_2_7,26,1779961713551235509,2.459532132,39.8
total_ms,bevfusion_2_7,27,1779961713653967618,2.5622642410000003,34.625
total_ms,bevfusion_2_7,28,1779961713793707553,2.702004176,55.366
total_ms,bevfusion_2_7,29,1779961713844924622,2.753221245,36.293
total_ms,bevfusion_2_7,30,1779961713978136668,2.8864332910000003,47.171
total_ms,bevfusion_2_7,31,1779961714099880330,3.008176953,41.042
total_ms,bevfusion_2_7,32,1779961714155849311,3.0641459340000003,41.037
total_ms,bevfusion_2_7,33,1779961714269585563,3.177882186,37.421
total_ms,bevfusion_2_7,34,1779961714351434653,3.259731276,36.623
total_ms,bevfusion_2_7,35,1779961714460981227,3.36927785,41.468
total_ms,bevfusion_2_7,36,1779961714566059190,3.4743558130000003,33.459
total_ms,bevfusion_2_7,37,1779961714659842595,3.5681392180000002,35.536
total_ms,bevfusion_2_7,38,1779961714745726348,3.6540229710000003,37.596
total_ms,bevfusion_2_7,39,1779961714868718852,3.7770154750000002,36.606
total_ms,bevfusion_2_7,40,1779961714971291589,3.8795882120000003,36.721
total_ms,bevfusion_2_7,41,1779961715059066556,3.9673631790000004,36.309
total_ms,bevfusion_2_7,42,1779961715144749482,4.053046105,36.81
total_ms,bevfusion_2_7,43,1779961715253330725,4.161627348000001,33.229
total_ms,bevfusion_2_7,44,1779961715349112060,4.257408683,38.584
total_ms,bevfusion_2_7,45,1779961715448067804,4.356364427,34.594
total_ms,bevfusion_2_7,46,1779961715543165029,4.451461652,31.485
total_ms,bevfusion_2_7,47,1779961715648416368,4.556712991,37.867
total_ms,bevfusion_2_7,48,1779961715791063320,4.699359943,39.409
total_ms,bevfusion_2_7,49,1779961715887109612,4.795406235000001,48.017
total_ms,bevfusion_2_7,50,1779961715956527956,4.864824579,34.455
total_ms,bevfusion_2_7,51,1779961716053700291,4.961996914,36.692
total_ms,bevfusion_2_7,52,1779961716152664256,5.0609608790000005,38.455
total_ms,bevfusion_2_7,53,1779961716266268180,5.174564803,31.975
total_ms,bevfusion_2_7,54,1779961716393787744,5.302084367,42.67
total_ms,bevfusion_2_7,55,1779961716478311457,5.38660808,49.045
total_ms,bevfusion_2_7,56,1779961716562087147,5.470383770000001,40.406
total_ms,bevfusion_2_7,57,1779961716667043076,5.575339699000001,35.557
total_ms,bevfusion_2_7,58,1779961716768217420,5.676514043,38.775
total_ms,bevfusion_2_7,59,1779961716919480568,5.827777191,69.33
total_ms,bevfusion_2_7,60,1779961716985108653,5.893405276,46.528
total_ms,bevfusion_2_7,61,1779961717106971514,6.0152681370000005,71.545
total_ms,bevfusion_2_7,62,1779961717156818628,6.065115251000001,37.644
total_ms,bevfusion_2_7,63,1779961717247507820,6.155804443,39.073
total_ms,bevfusion_2_7,64,1779961717384065572,6.292362195000001,45.847
total_ms,bevfusion_2_7,65,1779961717454888337,6.363184960000001,36.987
total_ms,bevfusion_2_7,66,1779961717599524945,6.507821568000001,41.439
total_ms,bevfusion_2_7,67,1779961717665446045,6.573742668,35.423
total_ms,bevfusion_2_7,68,1779961717749380551,6.657677174000001,36.521
total_ms,bevfusion_2_7,69,1779961717872938776,6.781235399000001,40.636
total_ms,bevfusion_2_7,70,1779961717950736992,6.859033615,38.57
total_ms,bevfusion_2_7,71,1779961718056119341,6.9644159640000005,37.398
total_ms,bevfusion_2_7,72,1779961718191297723,7.099594346000001,43.255
total_ms,bevfusion_2_7,73,1779961718252342007,7.16063863,39.777
total_ms,bevfusion_2_7,74,1779961718372506005,7.280802628000001,40.431
total_ms,bevfusion_2_7,75,1779961718449838173,7.358134796000001,36.092
total_ms,bevfusion_2_7,76,1779961718579002085,7.487298708000001,41.904
total_ms,bevfusion_2_7,77,1779961718654408618,7.562705241000001,37.73
total_ms,bevfusion_2_7,78,1779961718769625566,7.677922189,53.568
total_ms,bevfusion_2_7,79,1779961718847496243,7.755792866,35.034
total_ms,bevfusion_2_7,80,1779961718977988603,7.886285226000001,40.792
total_ms,bevfusion_2_7,81,1779961719054845244,7.963141867000001,35.551
total_ms,bevfusion_2_7,82,1779961719153665377,8.061962000000001,37.056
total_ms,bevfusion_2_7,83,1779961719262347781,8.170644404,35.705
total_ms,bevfusion_2_7,84,1779961719346199778,8.254496401,37.387
total_ms,bevfusion_2_7,85,1779961719459825210,8.368121833,36.636
total_ms,bevfusion_2_7,86,1779961719564111393,8.472408016000001,34.382
total_ms,bevfusion_2_7,87,1779961719646055922,8.554352545,37.487
total_ms,bevfusion_2_7,88,1779961719760154480,8.668451103,39.273
total_ms,bevfusion_2_7,89,1779961719848287278,8.756583901,37.623
total_ms,bevfusion_2_7,90,1779961719973411331,8.881707954000001,37.662
total_ms,bevfusion_2_7,91,1779961720063604761,8.971901384,36.756
total_ms,bevfusion_2_7,92,1779961720155274480,9.063571103000001,37.897
total_ms,bevfusion_2_7,93,1779961720247394967,9.15569159,36.547
total_ms,bevfusion_2_7,94,1779961720352183416,9.260480039,36.229
total_ms,bevfusion_2_7,95,1779961720460138324,9.368434947,34.508
total_ms,bevfusion_2_7,96,1779961720587600952,9.495897575,39.441
total_ms,bevfusion_2_7,97,1779961720655816400,9.564113023,32.683
total_ms,bevfusion_2_7,98,1779961720767046172,9.675342795,34.696
total_ms,bevfusion_2_7,99,1779961720856471876,9.764768499,36.906
total_ms,bevfusion_2_7,100,1779961720970343729,9.878640352000001,37.841
total_ms,bevfusion_2_7,101,1779961721053974045,9.962270668,38.239
total_ms,bevfusion_2_7,102,1779961721152746509,10.061043132,29.91
total_ms,bevfusion_2_7,103,1779961721262395467,10.170692090000001,38.247
total_ms,bevfusion_2_7,104,1779961721356537701,10.264834324,34.685
total_ms,bevfusion_2_7,105,1779961721468317036,10.376613659,43.94
total_ms,bevfusion_2_7,106,1779961721559864529,10.468161152,35.306
total_ms,bevfusion_2_7,107,1779961721650721131,10.559017754000001,34.362
total_ms,bevfusion_2_7,108,1779961721742802748,10.651099371,33.373
total_ms,bevfusion_2_7,109,1779961721847246389,10.755543012,35.766
total_ms,bevfusion_2_7,110,1779961721943814299,10.852110922000001,36.44
total_ms,bevfusion_2_7,111,1779961722067752168,10.976048791,36.682
total_ms,bevfusion_2_7,112,1779961722158162575,11.066459198,33.094
total_ms,bevfusion_2_7,113,1779961722266801838,11.175098461000001,34.979
total_ms,bevfusion_2_7,114,1779961722368736650,11.277033273,39.32
total_ms,bevfusion_2_7,115,1779961722442542918,11.350839541000001,34.654
total_ms,bevfusion_2_7,116,1779961722547279333,11.455575956,35.849
total_ms,bevfusion_2_7,117,1779961722684778041,11.593074664000001,54.791
total_ms,bevfusion_2_7,118,1779961722818062254,11.726358877000001,67.816
total_ms,bevfusion_2_7,119,1779961722909445301,11.817741924,54.209
total_ms,bevfusion_2_7,120,1779961722962427263,11.870723886,33.332
total_ms,bevfusion_2_7,121,1779961723135007574,12.043304197000001,70.692
total_ms,bevfusion_2_7,122,1779961723188085528,12.096382151,52.215
total_ms,bevfusion_2_7,123,1779961723261008509,12.169305132000002,35.525
total_ms,bevfusion_2_7,124,1779961723357757667,12.266054290000001,37.992
total_ms,bevfusion_2_7,125,1779961723464238351,12.372534974,34.394
total_ms,bevfusion_2_7,126,1779961723572332499,12.480629122000002,35.147
total_ms,bevfusion_2_7,127,1779961723687689331,12.595985954000001,71.261
total_ms,bevfusion_2_7,128,1779961723794213351,12.702509974000002,45.257
total_ms,bevfusion_2_7,129,1779961723847165928,12.755462551,35.123
total_ms,bevfusion_2_7,130,1779961723975739831,12.884036454,46.048
total_ms,bevfusion_2_7,131,1779961724052596241,12.960892864000002,33.447
total_ms,bevfusion_2_7,132,1779961724165251892,13.073548515,36.78
total_ms,bevfusion_2_7,133,1779961724256714772,13.165011395,39.985
total_ms,bevfusion_2_7,134,1779961724345926092,13.254222715000001,37.727
total_ms,bevfusion_2_7,135,1779961724451170075,13.359466698,34.635
total_ms,bevfusion_2_7,136,1779961724582433055,13.490729678000001,38.972
total_ms,bevfusion_2_7,137,1779961724694014817,13.602311440000001,46.53
total_ms,bevfusion_2_7,138,1779961724773049076,13.681345699000001,39.985
total_ms,bevfusion_2_7,139,1779961724857060415,13.765357038000001,41.393
total_ms,bevfusion_2_7,140,1779961724944847422,13.853144045,35.668
total_ms,bevfusion_2_7,141,1779961725074506709,13.982803332000001,41.58
total_ms,bevfusion_2_7,142,1779961725179216487,14.087513110000002,38.347
total_ms,bevfusion_2_7,143,1779961725259485394,14.167782017,34.446
total_ms,bevfusion_2_7,144,1779961725400621366,14.308917989000001,51.927
total_ms,bevfusion_2_7,145,1779961725472772771,14.381069394,41.122
total_ms,bevfusion_2_7,146,1779961725552106274,14.460402897000002,36.893
total_ms,bevfusion_2_7,147,1779961725642659369,14.550955992,34.762
total_ms,bevfusion_2_7,148,1779961725781525845,14.689822468000001,34.17
total_ms,bevfusion_2_7,149,1779961725866125129,14.774421752,37.154
total_ms,bevfusion_2_7,150,1779961725950011456,14.858308079,35.398
total_ms,bevfusion_2_7,151,1779961726055629193,14.963925816000001,31.491
total_ms,bevfusion_2_7,152,1779961726173733830,15.082030453000002,38.642
total_ms,bevfusion_2_7,153,1779961726252861167,15.16115779,36.216
total_ms,bevfusion_2_7,154,1779961726356133359,15.264429982000001,39.526
total_ms,bevfusion_2_7,155,1779961726450835921,15.359132544000001,34.491
total_ms,bevfusion_2_7,156,1779961726560904808,15.469201431,44.991
total_ms,bevfusion_2_7,157,1779961726654076123,15.562372746000001,36.545
total_ms,bevfusion_2_7,158,1779961726741131031,15.649427654,32.909
total_ms,bevfusion_2_7,159,1779961726858165095,15.766461718,34.143
total_ms,bevfusion_2_7,160,1779961726942957733,15.851254356,34.538
total_ms,bevfusion_2_7,161,1779961727050730022,15.959026645000002,29.044
total_ms,bevfusion_2_7,162,1779961727153884639,16.062181262,34.301
total_ms,bevfusion_2_7,163,1779961727260860178,16.169156801,32.774
total_ms,bevfusion_2_7,164,1779961727359779485,16.268076108000002,38.794
total_ms,bevfusion_2_7,165,1779961727478340479,16.386637102,35.112
total_ms,bevfusion_2_7,166,1779961727567432271,16.475728894,37.556
total_ms,bevfusion_2_7,167,1779961727657615851,16.565912474,41.739
total_ms,bevfusion_2_7,168,1779961727771664933,16.679961556000002,37.549
total_ms,bevfusion_2_7,169,1779961727868000285,16.776296908000003,39.889
total_ms,bevfusion_2_7,170,1779961727952647971,16.860944594,33.5
total_ms,bevfusion_2_7,171,1779961728064397848,16.972694471,35.821
total_ms,bevfusion_2_7,172,1779961728153166945,17.061463568,38.566
total_ms,bevfusion_2_7,173,1779961728271430687,17.17972731,38.235
total_ms,bevfusion_2_7,174,1779961728382346510,17.290643133,45.609
total_ms,bevfusion_2_7,175,1779961728448938913,17.357235536,39.362
total_ms,bevfusion_2_7,176,1779961728551518940,17.459815563,32.419
total_ms,bevfusion_2_7,177,1779961728653111591,17.561408214,38.637
total_ms,bevfusion_2_7,178,1779961728774888703,17.683185326,40.437
total_ms,bevfusion_2_7,179,1779961728850189634,17.758486257,39.635
total_ms,bevfusion_2_7,180,1779961728952692901,17.860989524,41.47
total_ms,bevfusion_2_7,181,1779961729050416689,17.958713312,36.043
total_ms,bevfusion_2_7,182,1779961729169110469,18.077407092,37.494
total_ms,bevfusion_2_7,183,1779961729252524442,18.160821065,35.346
total_ms,bevfusion_2_7,184,1779961729391957437,18.30025406,44.584
total_ms,bevfusion_2_7,185,1779961729457667000,18.365963623000003,38.755
total_ms,bevfusion_2_7,186,1779961729557515681,18.465812304,44.916
total_ms,bevfusion_2_7,187,1779961729673142938,18.581439561,55.989
total_ms,bevfusion_2_7,188,1779961729746458866,18.654755489000003,34.111
total_ms,bevfusion_2_7,189,1779961729893013914,18.801310537000003,46.187
total_ms,bevfusion_2_7,190,1779961729952971058,18.861267681,37.709
total_ms,bevfusion_2_7,191,1779961730050280377,18.958577000000002,35.85
total_ms,bevfusion_2_7,192,1779961730184975955,19.093272578,39.359
total_ms,bevfusion_2_7,193,1779961730267660246,19.175956869,32.02
total_ms,bevfusion_2_7,194,1779961730383291354,19.291587977000002,45.678
total_ms,bevfusion_2_7,195,1779961730452474310,19.360770933,38.355
total_ms,bevfusion_2_7,196,1779961730551802557,19.46009918,37.455
total_ms,bevfusion_2_7,197,1779961730645272381,19.553569004,34.681
total_ms,bevfusion_2_7,198,1779961730761896138,19.670192761000003,34.961
total_ms,bevfusion_2_7,199,1779961730846895817,19.755192440000002,34.458
total_ms,bevfusion_2_7,200,1779961730956473286,19.864769909,36.359
total_ms,bevfusion_2_7,201,1779961731064730725,19.973027348000002,38.6
total_ms,bevfusion_2_7,202,1779961731184973529,20.093270152000002,38.702
total_ms,bevfusion_2_7,203,1779961731262023714,20.170320337,34.301
total_ms,bevfusion_2_7,204,1779961731368833474,20.277130097,38.877
total_ms,bevfusion_2_7,205,1779961731458448431,20.366745054000003,33.824
total_ms,bevfusion_2_7,206,1779961731565454367,20.473750990000003,34.602
total_ms,bevfusion_2_7,207,1779961731657358910,20.565655533,34.447
total_ms,bevfusion_2_7,208,1779961731748060340,20.656356963,36.67
total_ms,bevfusion_2_7,209,1779961731846121930,20.754418553,33.958
total_ms,bevfusion_2_7,210,1779961731945449459,20.853746082,37.855
total_ms,bevfusion_2_7,211,1779961732050057332,20.958353955,35.345
total_ms,bevfusion_2_7,212,1779961732147695949,21.055992572,38.492
total_ms,bevfusion_2_7,213,1779961732290251901,21.198548524,44.992
total_ms,bevfusion_2_7,214,1779961732383847960,21.292144583000002,44.12
total_ms,bevfusion_2_7,215,1779961732458703738,21.367000361000002,39.84
total_ms,bevfusion_2_7,216,1779961732594807167,21.50310379,49.098
total_ms,bevfusion_2_7,217,1779961732713229651,21.621526274,61.306
total_ms,bevfusion_2_7,218,1779961732783886306,21.692182929,40.389
total_ms,bevfusion_2_7,219,1779961732874813580,21.783110203,40.882
total_ms,bevfusion_2_7,220,1779961732948534568,21.856831191,36.932
total_ms,bevfusion_2_7,221,1779961733090080908,21.998377531000003,44.372
total_ms,bevfusion_2_7,222,1779961733157882865,22.066179488000003,38.925
total_ms,bevfusion_2_7,223,1779961733274855820,22.183152443,39.922
total_ms,bevfusion_2_7,224,1779961733352432929,22.260729552,39.876
total_ms,bevfusion_2_7,225,1779961733451518463,22.359815086,36.627
total_ms,bevfusion_2_7,226,1779961733545268345,22.453564968000002,36.636
total_ms,bevfusion_2_7,227,1779961733664078626,22.572375249,38.468
total_ms,bevfusion_2_7,228,1779961733745542540,22.653839163,35.904
total_ms,bevfusion_2_7,229,1779961733858328722,22.766625345,36.823
total_ms,bevfusion_2_7,230,1779961733948010794,22.856307417,39.732
total_ms,bevfusion_2_7,231,1779961734070751445,22.979048068,38.042
total_ms,bevfusion_2_7,232,1779961734152278955,23.060575578,38.002
total_ms,bevfusion_2_7,233,1779961734297204133,23.205500756000003,48.189
total_ms,bevfusion_2_7,234,1779961734347967106,23.256263729,37.451
total_ms,bevfusion_2_7,235,1779961734476202953,23.384499576000003,44.337
total_ms,bevfusion_2_7,236,1779961734594085747,23.502382370000003,48.04
total_ms,bevfusion_2_7,237,1779961734657581239,23.565877862,38.223
total_ms,bevfusion_2_7,238,1779961734772484478,23.680781101,38.143
total_ms,bevfusion_2_7,239,1779961734853181750,23.761478373000003,37.71
total_ms,bevfusion_2_7,240,1779961734977283289,23.885579912,45.506
total_ms,bevfusion_2_7,241,1779961735091712536,24.000009159,49.776
total_ms,bevfusion_2_7,242,1779961735159986911,24.068283534000003,45.973
total_ms,bevfusion_2_7,243,1779961735307724474,24.216021097000002,64.218
total_ms,bevfusion_2_7,244,1779961735395745466,24.304042089000003,52.059
total_ms,bevfusion_2_7,245,1779961735487239123,24.395535746,51.031
total_ms,bevfusion_2_7,246,1779961735590701015,24.498997638000002,46.59
total_ms,bevfusion_2_7,247,1779961735667232688,24.575529311,43.246
total_ms,bevfusion_2_7,248,1779961735761892243,24.670188866,38.068
total_ms,bevfusion_2_7,249,1779961735878246576,24.786543199,38.597
total_ms,bevfusion_2_7,250,1779961735950997095,24.859293718,37.852
total_ms,bevfusion_2_7,251,1779961736071653129,24.979949752000003,37.994
total_ms,bevfusion_2_7,252,1779961736158382949,25.066679572,39.804
total_ms,bevfusion_2_7,253,1779961736245147636,25.153444259,34.07
total_ms,bevfusion_2_7,254,1779961736370227174,25.278523797000002,42.924
total_ms,bevfusion_2_7,255,1779961736453444578,25.361741201,39.777
total_ms,bevfusion_2_7,256,1779961736558343330,25.466639953,41.906
total_ms,bevfusion_2_7,257,1779961736656176205,25.564472828000003,37.334
total_ms,bevfusion_2_7,258,1779961736762775796,25.671072419,37.905
total_ms,bevfusion_2_7,259,1779961736922037764,25.830334387,68.507
total_ms,bevfusion_2_7,260,1779961736952037781,25.860334404000003,29.013
total_ms,bevfusion_2_7,261,1779961737058564997,25.966861620000003,38.401
total_ms,bevfusion_2_7,262,1779961737172196237,26.080492860000003,38.256
total_ms,bevfusion_2_7,263,1779961737248960862,26.157257485000002,40.134
total_ms,bevfusion_2_7,264,1779961737352526731,26.260823354000003,36.388
total_ms,bevfusion_2_7,265,1779961737452436736,26.360733359,36.196
total_ms,bevfusion_2_7,266,1779961737564335743,26.472632366000003,36.651
total_ms,bevfusion_2_7,267,1779961737680570174,26.588866797,47.266
total_ms,bevfusion_2_7,268,1779961737751764032,26.660060655000002,39.644
total_ms,bevfusion_2_7,269,1779961737844251303,26.752547926000002,36.56
total_ms,bevfusion_2_7,270,1779961737959620654,26.867917277,38.021
total_ms,bevfusion_2_7,271,1779961738059709226,26.968005849,35.632
total_ms,bevfusion_2_7,272,1779961738148769532,27.057066155,36.535
total_ms,bevfusion_2_7,273,1779961738269307326,27.177603949,37.601
total_ms,bevfusion_2_7,274,1779961738353079155,27.261375778,36.972
total_ms,bevfusion_2_7,275,1779961738469727844,27.378024467000003,37.766
total_ms,bevfusion_2_7,276,1779961738559782153,27.468078776000002,37.388
total_ms,bevfusion_2_7,277,1779961738663097793,27.571394416,35.509
total_ms,bevfusion_2_7,278,1779961738750641931,27.658938554000002,33.632
total_ms,bevfusion_2_7,279,1779961738868548876,27.776845499,40.98
total_ms,bevfusion_2_7,280,1779961738978322115,27.886618738000003,38.066
total_ms,bevfusion_2_7,281,1779961739108147907,28.01644453,49.435
total_ms,bevfusion_2_7,282,1779961739186212340,28.094508963000003,42.733
total_ms,bevfusion_2_7,283,1779961739258301396,28.166598019000002,43.132
total_ms,bevfusion_2_7,284,1779961739357872764,28.266169387,38.706
total_ms,bevfusion_2_7,285,1779961739477190600,28.385487223000002,44.421
total_ms,bevfusion_2_7,286,1779961739573199920,28.481496543000002,40.294
total_ms,bevfusion_2_7,287,1779961739670381234,28.578677857000002,61.292
total_ms,bevfusion_2_7,288,1779961739769226751,28.677523374000003,38.578
total_ms,bevfusion_2_7,289,1779961739872805631,28.781102254,42.139
total_ms,bevfusion_2_7,290,1779961739961575569,28.869872192000003,41.945
total_ms,bevfusion_2_7,291,1779961740086138069,28.994434692000002,42.351
total_ms,bevfusion_2_7,292,1779961740166594497,29.07489112,39.715
total_ms,bevfusion_2_7,293,1779961740247790070,29.156086693000002,35.405
total_ms,bevfusion_2_7,294,1779961740384575692,29.292872315,40.402
total_ms,bevfusion_2_7,295,1779961740465938709,29.374235332,34.15
total_ms,bevfusion_2_7,296,1779961740573474448,29.481771071,39.463
total_ms,bevfusion_2_7,297,1779961740652568705,29.560865328000002,37.527
total_ms,bevfusion_2_7,298,1779961740748985345,29.657281968000003,37.897
total_ms,bevfusion_2_7,299,1779961740850374476,29.758671099,41.27
total_ms,bevfusion_2_7,300,1779961740958114050,29.866410673,33.902
total_ms,bevfusion_2_7,301,1779961741069802530,29.978099153000002,37.793
total_ms,bevfusion_2_7,302,1779961741206667870,30.114964493000002,62.249
total_ms,bevfusion_2_7,303,1779961741267174638,30.175471261000002,39.793
total_ms,bevfusion_2_7,304,1779961741388555391,30.296852014000002,45.893
total_ms,bevfusion_2_7,305,1779961741474629330,30.382925953,42.147
total_ms,bevfusion_2_7,306,1779961741594125167,30.502421790000003,46.936
total_ms,bevfusion_2_7,307,1779961741708993416,30.617290039,58.103
total_ms,bevfusion_2_7,308,1779961741762562251,30.670858874,35.631
total_ms,bevfusion_2_7,309,1779961741892805565,30.801102188,50.036
total_ms,bevfusion_2_7,310,1779961741952204062,30.860500685,37.89
total_ms,bevfusion_2_7,311,1779961742073175679,30.981472302,38.964
total_ms,bevfusion_2_7,312,1779961742212536533,31.120833156000003,61.889
total_ms,bevfusion_2_7,313,1779961742288846307,31.197142930000002,46.162
total_ms,bevfusion_2_7,314,1779961742359418204,31.267714827000002,37.123
total_ms,bevfusion_2_7,315,1779961742462689775,31.370986398000003,35.656
total_ms,bevfusion_2_7,316,1779961742560865564,31.469162187000002,35.376
total_ms,bevfusion_2_7,317,1779961742667638323,31.575934946,42.013
total_ms,bevfusion_2_7,318,1779961742772223181,31.680519804000003,39.371
total_ms,bevfusion_2_7,319,1779961742862268256,31.770564879000002,42.14
total_ms,bevfusion_2_7,320,1779961742950423025,31.858719648,38.227
total_ms,bevfusion_2_7,321,1779961743076262835,31.984559458000003,44.11
total_ms,bevfusion_2_7,322,1779961743160457880,32.068754503,37.677
total_ms,bevfusion_2_7,323,1779961743264534920,32.172831543,43.086
total_ms,bevfusion_2_7,324,1779961743356342595,32.264639218,41.668
total_ms,bevfusion_2_7,325,1779961743443204555,32.351501178,35.234
total_ms,bevfusion_2_7,326,1779961743575917845,32.484214468000005,38.773
total_ms,bevfusion_2_7,327,1779961743658641421,32.566938044000004,40.652
total_ms,bevfusion_2_7,328,1779961743766732583,32.675029206000005,38.196
total_ms,bevfusion_2_7,329,1779961743874185115,32.782481738,42.54
total_ms,bevfusion_2_7,330,1779961743978415056,32.886711679,46.075
total_ms,bevfusion_2_7,331,1779961744060486714,32.968783337000005,41.027
total_ms,bevfusion_2_7,332,1779961744152170182,33.060466805000004,38.814
total_ms,bevfusion_2_7,333,1779961744284017967,33.19231459,39.631
total_ms,bevfusion_2_7,334,1779961744366122929,33.274419552000005,38.237
total_ms,bevfusion_2_7,335,1779961744448506340,33.356802963,36.931
total_ms,bevfusion_2_7,336,1779961744579317609,33.487614232,46.439
total_ms,bevfusion_2_7,337,1779961744670000282,33.578296905,37.223
total_ms,bevfusion_2_7,338,1779961744758947247,33.66724387,42.154
total_ms,bevfusion_2_7,339,1779961744860979013,33.769275636,36.055
total_ms,bevfusion_2_7,340,1779961744970449450,33.878746073,43.493
total_ms,bevfusion_2_7,341,1779961745053585639,33.961882262,38.155
total_ms,bevfusion_2_7,342,1779961745154539414,34.062836037000004,36.362
total_ms,bevfusion_2_7,343,1779961745253459011,34.161755634,38.823
total_ms,bevfusion_2_7,344,1779961745361564005,34.269860628,39.604
total_ms,bevfusion_2_7,345,1779961745475059822,34.383356445000004,41.534
total_ms,bevfusion_2_7,346,1779961745587853065,34.496149688,45.033
total_ms,bevfusion_2_7,347,1779961745673296061,34.581592684,37.931
total_ms,bevfusion_2_7,348,1779961745810249342,34.718545965000004,51.541
total_ms,bevfusion_2_7,349,1779961745913919780,34.822216403,61.124
total_ms,bevfusion_2_7,350,1779961745986598042,34.894894665,51.043
total_ms,bevfusion_2_7,351,1779961746062732771,34.971029394000006,42.602
total_ms,bevfusion_2_7,352,1779961746172521897,35.08081852,46.661
total_ms,bevfusion_2_7,353,1779961746263658407,35.17195503,39.384
total_ms,bevfusion_2_7,354,1779961746375900705,35.284197328000005,37.634
total_ms,bevfusion_2_7,355,1779961746485190389,35.393487012,43.454
total_ms,bevfusion_2_7,356,1779961746557825057,35.46612168,40.191
total_ms,bevfusion_2_7,357,1779961746647216518,35.555513141,36.874
total_ms,bevfusion_2_7,358,1779961746777791728,35.686088351,43.632
total_ms,bevfusion_2_7,359,1779961746851529021,35.759825644,38.575
total_ms,bevfusion_2_7,360,1779961746964272744,35.872569367000004,35.82
total_ms,bevfusion_2_7,361,1779961747083715952,35.992012575000004,39.82
total_ms,bevfusion_2_7,362,1779961747162872455,36.071169078000004,34.906
total_ms,bevfusion_2_7,363,1779961747270903159,36.179199782000005,35.752
total_ms,bevfusion_2_7,364,1779961747385606558,36.293903181000005,45.724
total_ms,bevfusion_2_7,365,1779961747460557600,36.368854223,40.931
total_ms,bevfusion_2_7,366,1779961747597735507,36.50603213,46.714
total_ms,bevfusion_2_7,367,1779961747687271020,36.595567643,45.034
total_ms,bevfusion_2_7,368,1779961747786743662,36.695040285000005,47.264
total_ms,bevfusion_2_7,369,1779961747881475449,36.789772072000005,46.845
total_ms,bevfusion_2_7,370,1779961747961547508,36.869844131,42.451
total_ms,bevfusion_2_7,371,1779961748099339938,37.007636561000005,50.683
total_ms,bevfusion_2_7,372,1779961748168507006,37.076803629000004,34.133
total_ms,bevfusion_2_7,373,1779961748279470340,37.187766963,47.079
total_ms,bevfusion_2_7,374,1779961748358906454,37.267203077000005,36.176
total_ms,bevfusion_2_7,375,1779961748465252891,37.373549514000004,39.93
total_ms,bevfusion_2_7,376,1779961748567274101,37.475570724,39.393
total_ms,bevfusion_2_7,377,1779961748653365357,37.561661980000004,37.423
total_ms,bevfusion_2_7,378,1779961748761451158,37.669747781000005,39.833
total_ms,bevfusion_2_7,379,1779961748879949705,37.788246328,38.464
total_ms,bevfusion_2_7,380,1779961748968131026,37.876427649,43.146
total_ms,bevfusion_2_7,381,1779961749079189546,37.987486169,44.046
total_ms,bevfusion_2_7,382,1779961749154625489,38.062922112,39.493
total_ms,bevfusion_2_7,383,1779961749281446561,38.189743184,48.025
total_ms,bevfusion_2_7,384,1779961749364956229,38.273252852000006,50.007
total_ms,bevfusion_2_7,385,1779961749525552304,38.433848927,58.474
total_ms,bevfusion_2_7,386,1779961749585653869,38.493950492,52.158
total_ms,bevfusion_2_7,387,1779961749692148281,38.600444904,46.028
total_ms,bevfusion_2_7,388,1779961749786405810,38.694702433,48.375
total_ms,bevfusion_2_7,389,1779961749888233003,38.796529626,47.81
total_ms,bevfusion_2_7,390,1779961749975281876,38.883578499,40.71
total_ms,bevfusion_2_7,391,1779961750070936699,38.979233322,40.307
total_ms,bevfusion_2_7,392,1779961750151740567,39.06003719,38.316
total_ms,bevfusion_2_7,393,1779961750247583946,39.155880569000004,39.574
total_ms,bevfusion_2_7,394,1779961750347166501,39.255463124,36.505
total_ms,bevfusion_2_7,395,1779961750492105551,39.400402174,45.112
total_ms,bevfusion_2_7,396,1779961750571364651,39.479661274,37.984
total_ms,bevfusion_2_7,397,1779961750684426386,39.592723009000004,46.756
total_ms,bevfusion_2_7,398,1779961750759911440,39.668208063,40.549
total_ms,bevfusion_2_7,399,1779961750851530208,39.759826831000005,38.144
total_ms,bevfusion_2_7,400,1779961750966747515,39.875044138,40.098
total_ms,bevfusion_2_7,401,1779961751064672975,39.972969598000006,37.479
total_ms,bevfusion_2_7,402,1779961751158401777,40.0666984,37.88
total_ms,bevfusion_2_7,403,1779961751266844557,40.175141180000004,40.668
total_ms,bevfusion_2_7,404,1779961751352246610,40.260543233,41.396
total_ms,bevfusion_2_7,405,1779961751464441218,40.372737841,38.442
total_ms,bevfusion_2_7,406,1779961751554247941,40.462544564000005,35.602
total_ms,bevfusion_2_7,407,1779961751659156690,40.567453313,36.163
total_ms,bevfusion_2_7,408,1779961751777147602,40.685444225000005,39.381
total_ms,bevfusion_2_7,409,1779961751860630729,40.768927352000006,35.188
total_ms,bevfusion_2_7,410,1779961751974505246,40.882801869000005,45.359
total_ms,bevfusion_2_7,411,1779961752054294430,40.962591053000004,42.974
total_ms,bevfusion_2_7,412,1779961752148610035,41.056906658,42.159
total_ms,bevfusion_2_7,413,1779961752265594164,41.173890787000005,41.338
total_ms,bevfusion_2_7,414,1779961752372766693,41.281063316,41.347
total_ms,bevfusion_2_7,415,1779961752504525654,41.412822277000004,44.728
total_ms,bevfusion_2_7,416,1779961752567802553,41.476099176000005,36.831
total_ms,bevfusion_2_7,417,1779961752650884010,41.559180633000004,36.543
total_ms,bevfusion_2_7,418,1779961752760666435,41.668963058,40.303
total_ms,bevfusion_2_7,419,1779961752876748496,41.785045119,42.772
total_ms,bevfusion_2_7,420,1779961752976471563,41.884768186,42.156
total_ms,bevfusion_2_7,421,1779961753050294076,41.958590699000005,38.218
total_ms,bevfusion_2_7,422,1779961753165582677,42.0738793,39.025
total_ms,bevfusion_2_7,423,1779961753271689603,42.179986226000004,54.728
total_ms,bevfusion_2_7,424,1779961753364427837,42.27272446,39.513
total_ms,bevfusion_2_7,425,1779961753468929962,42.377226585,39.373
total_ms,bevfusion_2_7,426,1779961753565871649,42.474168272,47.442
total_ms,bevfusion_2_7,427,1779961753673012566,42.581309189,40.093
total_ms,bevfusion_2_7,428,1779961753824305897,42.73260252,73.658
total_ms,bevfusion_2_7,429,1779961753889845299,42.798141922,50.66
total_ms,bevfusion_2_7,430,1779961753985236874,42.893533497,53.297
total_ms,bevfusion_2_7,431,1779961754072905040,42.981201663,38.736
total_ms,bevfusion_2_7,432,1779961754162297647,43.07059427,42.392
total_ms,bevfusion_2_7,433,1779961754262633823,43.170930446,39.644
total_ms,bevfusion_2_7,434,1779961754389204330,43.297500953000004,57.099
total_ms,bevfusion_2_7,435,1779961754454060750,43.362357373,40.799
total_ms,bevfusion_2_7,436,1779961754570374777,43.4786714,40.315
total_ms,bevfusion_2_7,437,1779961754660625510,43.568922133,33.875
total_ms,bevfusion_2_7,438,1779961754777288962,43.685585585000005,44.937
total_ms,bevfusion_2_7,439,1779961754851242398,43.759539021,37.122
total_ms,bevfusion_2_7,440,1779961754975084105,43.883380728000006,47.491
total_ms,bevfusion_2_7,441,1779961755078922778,43.987219401000004,43.228
total_ms,bevfusion_2_7,442,1779961755185466661,44.093763284000005,43.931
total_ms,bevfusion_2_7,443,1779961755273069476,44.181366099,43.708
total_ms,bevfusion_2_7,444,1779961755375887527,44.28418415,44.082
total_ms,bevfusion_2_7,445,1779961755450393624,44.358690247000006,37.12
total_ms,bevfusion_2_7,446,1779961755564788450,44.473085073,39.25
total_ms,bevfusion_2_7,447,1779961755644824734,44.553121357,36.719
total_ms,bevfusion_2_7,448,1779961755777117681,44.685414304000005,43.314
total_ms,bevfusion_2_7,449,1779961755886700499,44.794997122000005,48.656
total_ms,bevfusion_2_7,450,1779961755957482997,44.865779620000005,41.639
total_ms,bevfusion_2_7,451,1779961756070108529,44.978405152,40.558
total_ms,bevfusion_2_7,452,1779961756168717944,45.077014567000006,38.916
total_ms,bevfusion_2_7,453,1779961756270763781,45.179060404000005,43.043
total_ms,bevfusion_2_7,454,1779961756365335827,45.27363245,37.852
total_ms,bevfusion_2_7,455,1779961756462930716,45.371227339,42.318
total_ms,bevfusion_2_7,456,1779961756584293380,45.492590003000004,41.897
total_ms,bevfusion_2_7,457,1779961756665474308,45.573770931000006,36.543
total_ms,bevfusion_2_7,458,1779961756779349201,45.687645824,41.87
total_ms,bevfusion_2_7,459,1779961756861738339,45.770034962000004,42.797
total_ms,bevfusion_2_7,460,1779961756954892361,45.863188984000004,36.657
total_ms,bevfusion_2_7,461,1779961757077923456,45.986220079000006,39.629
total_ms,bevfusion_2_7,462,1779961757162658272,46.070954895,38.37
total_ms,bevfusion_2_7,463,1779961757247413769,46.155710392,37.834
total_ms,bevfusion_2_7,464,1779961757352606630,46.260903253,39.859
total_ms,bevfusion_2_7,465,1779961757451452769,46.359749392000005,38.36
total_ms,bevfusion_2_7,466,1779961757560417945,46.468714568,43.264
total_ms,bevfusion_2_7,467,1779961757670445924,46.578742547000004,40.138
total_ms,bevfusion_2_7,468,1779961757754220831,46.662517454,41.352
total_ms,bevfusion_2_7,469,1779961757851073793,46.759370416,34.942
total_ms,bevfusion_2_7,470,1779961757966713863,46.875010486,43.102
total_ms,bevfusion_2_7,471,1779961758049701501,46.957998124,38.47
total_ms,bevfusion_2_7,472,1779961758185996050,47.094292673000005,51.288
total_ms,bevfusion_2_7,473,1779961758273830614,47.182127237,41.367
total_ms,bevfusion_2_7,474,1779961758404662653,47.312959276,45.511
total_ms,bevfusion_2_7,475,1779961758495145673,47.403442296,54.893
total_ms,bevfusion_2_7,476,1779961758591234691,47.499531314,53.757
total_ms,bevfusion_2_7,477,1779961758658741936,47.567038559000004,41.778
total_ms,bevfusion_2_7,478,1779961758758147049,47.666443672,36.988
total_ms,bevfusion_2_7,479,1779961758858870293,47.767166916,38.238
total_ms,bevfusion_2_7,480,1779961758973404805,47.881701428,45.813
total_ms,bevfusion_2_7,481,1779961759042513496,47.950810119,35.855
total_ms,bevfusion_2_7,482,1779961759166394318,48.074690941,39.156
total_ms,bevfusion_2_7,483,1779961759250291742,48.158588365,37.647
total_ms,bevfusion_2_7,484,1779961759392184723,48.300481346000005,51.719
total_ms,bevfusion_2_7,485,1779961759446592233,48.354888856,36.458
total_ms,bevfusion_2_7,486,1779961759562726250,48.471022873,38.645
total_ms,bevfusion_2_7,487,1779961759661062681,48.569359304,38.659
total_ms,bevfusion_2_7,488,1779961759790359021,48.698655644000006,46.774
total_ms,bevfusion_2_7,489,1779961759904087392,48.812384015000006,57.208
total_ms,bevfusion_2_7,490,1779961759969032475,48.877329098000004,51.502
total_ms,bevfusion_2_7,491,1779961760083659301,48.991955924,48.631
total_ms,bevfusion_2_7,492,1779961760197711958,49.106008581000005,52.385
total_ms,bevfusion_2_7,493,1779961760260627071,49.168923694,48.067
total_ms,bevfusion_2_7,494,1779961760400402084,49.308698707000005,52.005
total_ms,bevfusion_2_7,495,1779961760453920620,49.362217243,42.742
total_ms,bevfusion_2_7,496,1779961760601149313,49.509445936000006,43.678
total_ms,bevfusion_2_7,497,1779961760656130077,49.564426700000006,41.854
total_ms,bevfusion_2_7,498,1779961760763196431,49.671493054,45.214
total_ms,bevfusion_2_7,499,1779961760867828648,49.776125271000005,47.256
total_ms,bevfusion_2_7,500,1779961760948026083,49.856322706,37.892
total_ms,bevfusion_2_7,501,1779961761064286996,49.972583619000005,41.855
total_ms,bevfusion_2_7,502,1779961761163699485,50.071996108,53.13
total_ms,bevfusion_2_7,503,1779961761250287381,50.158584004000005,40.136
total_ms,bevfusion_2_7,504,1779961761353678745,50.261975368,39.805
total_ms,bevfusion_2_7,505,1779961761464624761,50.372921384,39.995
total_ms,bevfusion_2_7,506,1779961761555563910,50.463860533,47.074
total_ms,bevfusion_2_7,507,1779961761663044358,50.571340981000006,35.942
total_ms,bevfusion_2_7,508,1779961761748035863,50.656332486000004,40.428
total_ms,bevfusion_2_7,509,1779961761867426305,50.775722928,40.948
total_ms,bevfusion_2_7,510,1779961761964564234,50.872860857000006,39.241
total_ms,bevfusion_2_7,511,1779961762094202079,51.002498702000004,47.811
total_ms,bevfusion_2_7,512,1779961762167474909,51.075771532000005,38.618
total_ms,bevfusion_2_7,513,1779961762262533800,51.170830423000005,38.876
total_ms,bevfusion_2_7,514,1779961762359975761,51.26827238400001,50.089
total_ms,bevfusion_2_7,515,1779961762448607165,51.356903788000004,39.514
total_ms,bevfusion_2_7,516,1779961762554232641,51.462529264000004,38.585
total_ms,bevfusion_2_7,517,1779961762651928522,51.560225145000004,37.286
total_ms,bevfusion_2_7,518,1779961762754500383,51.662797006000005,36.824
total_ms,bevfusion_2_7,519,1779961762865040278,51.773336901,35.523
total_ms,bevfusion_2_7,520,1779961762959663726,51.867960349,36.42
total_ms,bevfusion_2_7,521,1779961763067057635,51.975354258,36.837
total_ms,bevfusion_2_7,522,1779961763173454187,52.08175081,59.968
total_ms,bevfusion_2_7,523,1779961763245989646,52.154286269,37.57
total_ms,bevfusion_2_7,524,1779961763384702612,52.292999235,49.076
total_ms,bevfusion_2_7,525,1779961763454305199,52.362601822,41.92
total_ms,bevfusion_2_7,526,1779961763565404985,52.473701608000006,40.995
total_ms,bevfusion_2_7,527,1779961763648968936,52.557265559,39.759
total_ms,bevfusion_2_7,528,1779961763799479035,52.707775658,48.139
total_ms,bevfusion_2_7,529,1779961763854268357,52.76256498,38.172
total_ms,bevfusion_2_7,530,1779961763949066448,52.857363071,37.914
total_ms,bevfusion_2_7,531,1779961764055366496,52.963663119,36.479
total_ms,bevfusion_2_7,532,1779961764153967700,53.062264323,39.161
total_ms,bevfusion_2_7,533,1779961764263928420,53.172225043000005,35.79
total_ms,bevfusion_2_7,534,1779961764341411107,53.249707730000004,32.535
total_ms,bevfusion_2_7,535,1779961764473636168,53.381932791000004,39.558
total_ms,bevfusion_2_7,536,1779961764562386190,53.470682813,35.15
total_ms,bevfusion_2_7,537,1779961764685630341,53.593926964000005,38.176
total_ms,bevfusion_2_7,538,1779961764808985774,53.717282397000005,47.871
total_ms,bevfusion_2_7,539,1779961764851590363,53.759886986000005,34.077
total_ms,bevfusion_2_7,540,1779961764942511724,53.850808347000005,36.352
total_ms,bevfusion_2_7,541,1779961765052702893,53.960999516,34.463
total_ms,bevfusion_2_7,542,1779961765205816480,54.114113103,68.005
total_ms,bevfusion_2_7,543,1779961765269060225,54.177356848,36.487
total_ms,bevfusion_2_7,544,1779961765374190545,54.282487168,35.911
total_ms,bevfusion_2_7,545,1779961765500260650,54.40855727300001,41.365
total_ms,bevfusion_2_7,546,1779961765551667113,54.459963736000006,38.756
total_ms,bevfusion_2_7,547,1779961765658821244,54.567117867,36.574
total_ms,bevfusion_2_7,548,1779961765753202801,54.661499424000006,35.409
total_ms,bevfusion_2_7,549,1779961765850428072,54.758724695000005,39.176
total_ms,bevfusion_2_7,550,1779961765950852636,54.859149259000006,36.375
total_ms,bevfusion_2_7,551,1779961766075483094,54.983779717000004,39.453
total_ms,bevfusion_2_7,552,1779961766151807341,55.06010396400001,32.805
total_ms,bevfusion_2_7,553,1779961766258385444,55.166682067,38.971
total_ms,bevfusion_2_7,554,1779961766383134065,55.291430688000005,45.318
total_ms,bevfusion_2_7,555,1779961766444075167,55.35237179000001,33.318
total_ms,bevfusion_2_7,556,1779961766562314077,55.4706107,38.642
total_ms,bevfusion_2_7,557,1779961766655090798,55.563387421,37.949
total_ms,bevfusion_2_7,558,1779961766749429011,55.657725634,37.936
total_ms,bevfusion_2_7,559,1779961766858347937,55.76664456,37.703
total_ms,bevfusion_2_7,560,1779961766978032681,55.886329304,42.185
total_ms,bevfusion_2_7,561,1779961767068338542,55.976635165000005,40.579
total_ms,bevfusion_2_7,562,1779961767153597105,56.061893728,39.797
total_ms,bevfusion_2_7,563,1779961767243090407,56.15138703,34.199
total_ms,bevfusion_2_7,564,1779961767346195684,56.25449230700001,37.672
total_ms,bevfusion_2_7,565,1779961767454115791,56.362412414000005,36.666
total_ms,bevfusion_2_7,566,1779961767558590273,56.466886896000005,40.128
total_ms,bevfusion_2_7,567,1779961767653106305,56.56140292800001,38.197
total_ms,bevfusion_2_7,568,1779961767746208883,56.65450550600001,36.339
total_ms,bevfusion_2_7,569,1779961767860350079,56.768646702000005,33.869
total_ms,bevfusion_2_7,570,1779961767984636330,56.892932953000006,43.258
total_ms,bevfusion_2_7,571,1779961768054429173,56.962725796,40.131
total_ms,bevfusion_2_7,572,1779961768163139595,57.071436218,40.349
total_ms,bevfusion_2_7,573,1779961768278732604,57.187029227000004,36.243
total_ms,bevfusion_2_7,574,1779961768352966445,57.261263068000005,39.12
total_ms,bevfusion_2_7,575,1779961768456566948,57.364863571,39.411
total_ms,bevfusion_2_7,576,1779961768559010708,57.467307331,39.372
total_ms,bevfusion_2_7,577,1779961768667868243,57.576164866000006,42.973
total_ms,bevfusion_2_7,578,1779961768761758673,57.670055296,34.783
total_ms,bevfusion_2_7,579,1779961768905613243,57.813909866,48.25
total_ms,bevfusion_2_7,580,1779961768953595995,57.861892618000006,41.346
total_ms,bevfusion_2_7,581,1779961769053519373,57.961815996000006,35.877
total_ms,bevfusion_2_7,582,1779961769203539087,58.11183571,59.676
total_ms,bevfusion_2_7,583,1779961769249849517,58.15814614000001,36.817
total_ms,bevfusion_2_7,584,1779961769383992115,58.292288738,42.64
total_ms,bevfusion_2_7,585,1779961769453713745,58.36201036800001,37.612
total_ms,bevfusion_2_7,586,1779961769613749957,58.52204658,49.135
total_ms,bevfusion_2_7,587,1779961769650502109,58.55879873200001,34.819
total_ms,bevfusion_2_7,588,1779961769751498129,58.659794752,43.765
total_ms,bevfusion_2_7,589,1779961769876166061,58.784462684000005,42.005
total_ms,bevfusion_2_7,590,1779961769950954576,58.859251199000006,36.633
total_ms,bevfusion_2_7,591,1779961770060604414,58.968901037,36.657
total_ms,bevfusion_2_7,592,1779961770152014541,59.060311164000005,39.998
total_ms,bevfusion_2_7,593,1779961770250477604,59.158774227,37.207
total_ms,bevfusion_2_7,594,1779961770366533345,59.274829968000006,39.048
total_ms,bevfusion_2_7,595,1779961770470572703,59.378869326,39.055
total_ms,bevfusion_2_7,596,1779961770555978212,59.464274835000005,33.982
total_ms,bevfusion_2_7,597,1779961770646957744,59.555254367,31.344
total_ms,bevfusion_2_7_opt,0,1779961323548248953,0.0,31.425
total_ms,bevfusion_2_7_opt,1,1779961323575505494,0.027256541000000002,26.301
total_ms,bevfusion_2_7_opt,2,1779961323627283110,0.07903415700000001,22.514
total_ms,bevfusion_2_7_opt,3,1779961323752389794,0.20414084100000002,22.089
total_ms,bevfusion_2_7_opt,4,1779961323835190115,0.286941162,20.797
total_ms,bevfusion_2_7_opt,5,1779961323927754091,0.379505138,19.577
total_ms,bevfusion_2_7_opt,6,1779961324023122525,0.474873572,23.24
total_ms,bevfusion_2_7_opt,7,1779961324136372823,0.58812387,24.103
total_ms,bevfusion_2_7_opt,8,1779961324231297886,0.683048933,20.975
total_ms,bevfusion_2_7_opt,9,1779961324362081790,0.8138328370000001,31.594
total_ms,bevfusion_2_7_opt,10,1779961324440756050,0.8925070970000001,20.249
total_ms,bevfusion_2_7_opt,11,1779961324527617914,0.979368961,25.57
total_ms,bevfusion_2_7_opt,12,1779961324647890227,1.0996412740000001,22.389
total_ms,bevfusion_2_7_opt,13,1779961324741397783,1.1931488300000002,23.298
total_ms,bevfusion_2_7_opt,14,1779961324858953701,1.310704748,23.379
total_ms,bevfusion_2_7_opt,15,1779961324944415140,1.3961661870000002,21.009
total_ms,bevfusion_2_7_opt,16,1779961325049276775,1.5010278220000002,38.138
total_ms,bevfusion_2_7_opt,17,1779961325128329561,1.580080608,21.658
total_ms,bevfusion_2_7_opt,18,1779961325235143743,1.6868947900000002,24.85
total_ms,bevfusion_2_7_opt,19,1779961325325601704,1.777352751,20.304
total_ms,bevfusion_2_7_opt,20,1779961325419920220,1.8716712670000002,23.976
total_ms,bevfusion_2_7_opt,21,1779961325535994080,1.9877451270000002,19.723
total_ms,bevfusion_2_7_opt,22,1779961325629596473,2.08134752,19.364
total_ms,bevfusion_2_7_opt,23,1779961325729928181,2.181679228,16.988
total_ms,bevfusion_2_7_opt,24,1779961325829098110,2.280849157,18.307
total_ms,bevfusion_2_7_opt,25,1779961325937266050,2.389017097,23.895
total_ms,bevfusion_2_7_opt,26,1779961326031861453,2.4836125,20.198
total_ms,bevfusion_2_7_opt,27,1779961326143440844,2.5951918910000003,27.813
total_ms,bevfusion_2_7_opt,28,1779961326232653967,2.684405014,25.114
total_ms,bevfusion_2_7_opt,29,1779961326351657259,2.803408306,26.165
total_ms,bevfusion_2_7_opt,30,1779961326427275553,2.8790266,21.97
total_ms,bevfusion_2_7_opt,31,1779961326559556947,3.011307994,27.16
total_ms,bevfusion_2_7_opt,32,1779961326644152882,3.0959039290000003,27.006
total_ms,bevfusion_2_7_opt,33,1779961326754469395,3.2062204420000002,25.656
total_ms,bevfusion_2_7_opt,34,1779961326827398250,3.279149297,25.671
total_ms,bevfusion_2_7_opt,35,1779961326921973457,3.373724504,23.787
total_ms,bevfusion_2_7_opt,36,1779961327047720378,3.4994714250000003,24.426
total_ms,bevfusion_2_7_opt,37,1779961327137169089,3.588920136,24.206
total_ms,bevfusion_2_7_opt,38,1779961327253963147,3.705714194,21.351
total_ms,bevfusion_2_7_opt,39,1779961327346803276,3.7985543230000003,24.335
total_ms,bevfusion_2_7_opt,40,1779961327471883902,3.923634949,28.688
total_ms,bevfusion_2_7_opt,41,1779961327555205384,4.006956431,28.184
total_ms,bevfusion_2_7_opt,42,1779961327647532683,4.099283730000001,28.226
total_ms,bevfusion_2_7_opt,43,1779961327745563837,4.197314884,26.305
total_ms,bevfusion_2_7_opt,44,1779961327858663652,4.310414699,32.998
total_ms,bevfusion_2_7_opt,45,1779961327937329804,4.389080851,22.109
total_ms,bevfusion_2_7_opt,46,1779961328036384996,4.488136043,28.723
total_ms,bevfusion_2_7_opt,47,1779961328126715409,4.578466456,23.127
total_ms,bevfusion_2_7_opt,48,1779961328229604854,4.681355901,24.386
total_ms,bevfusion_2_7_opt,49,1779961328333472126,4.785223173,24.619
total_ms,bevfusion_2_7_opt,50,1779961328438975211,4.890726258,29.23
total_ms,bevfusion_2_7_opt,51,1779961328549354743,5.00110579,26.306
total_ms,bevfusion_2_7_opt,52,1779961328625406659,5.077157706,25.798
total_ms,bevfusion_2_7_opt,53,1779961328751049120,5.202800167,24.423
total_ms,bevfusion_2_7_opt,54,1779961328831393728,5.283144775,28.162
total_ms,bevfusion_2_7_opt,55,1779961328947935148,5.399686195,22.728
total_ms,bevfusion_2_7_opt,56,1779961329028204169,5.4799552160000005,21.705
total_ms,bevfusion_2_7_opt,57,1779961329127539835,5.5792908820000005,26.079
total_ms,bevfusion_2_7_opt,58,1779961329232133494,5.683884541,29.36
total_ms,bevfusion_2_7_opt,59,1779961329354464153,5.8062152000000005,26.824
total_ms,bevfusion_2_7_opt,60,1779961329425436640,5.877187687,23.548
total_ms,bevfusion_2_7_opt,61,1779961329541682969,5.993434016,25.175
total_ms,bevfusion_2_7_opt,62,1779961329625164839,6.076915886,21.861
total_ms,bevfusion_2_7_opt,63,1779961329750223383,6.201974430000001,24.157
total_ms,bevfusion_2_7_opt,64,1779961329842991747,6.294742794,24.288
total_ms,bevfusion_2_7_opt,65,1779961329939616251,6.3913672980000005,27.253
total_ms,bevfusion_2_7_opt,66,1779961330054153871,6.505904918000001,24.506
total_ms,bevfusion_2_7_opt,67,1779961330124625077,6.576376124,20.494
total_ms,bevfusion_2_7_opt,68,1779961330245777090,6.697528137000001,25.068
total_ms,bevfusion_2_7_opt,69,1779961330330557038,6.782308085,24.632
total_ms,bevfusion_2_7_opt,70,1779961330421073292,6.872824339,18.959
total_ms,bevfusion_2_7_opt,71,1779961330526072752,6.977823799,27.562
total_ms,bevfusion_2_7_opt,72,1779961330617795766,7.0695468130000005,20.742
total_ms,bevfusion_2_7_opt,73,1779961330739141770,7.190892817000001,31.392
total_ms,bevfusion_2_7_opt,74,1779961330842059184,7.293810231,21.062
total_ms,bevfusion_2_7_opt,75,1779961330956277644,7.408028691,22.607
total_ms,bevfusion_2_7_opt,76,1779961331035072838,7.486823885000001,27.072
total_ms,bevfusion_2_7_opt,77,1779961331140470949,7.592221996,21.701
total_ms,bevfusion_2_7_opt,78,1779961331222855784,7.674606831,23.869
total_ms,bevfusion_2_7_opt,79,1779961331330990475,7.782741522,26.27
total_ms,bevfusion_2_7_opt,80,1779961331435395936,7.887146983,25.048
total_ms,bevfusion_2_7_opt,81,1779961331529672919,7.981423966,24.143
total_ms,bevfusion_2_7_opt,82,1779961331638143209,8.089894256000001,25.105
total_ms,bevfusion_2_7_opt,83,1779961331748654111,8.200405158,24.927
total_ms,bevfusion_2_7_opt,84,1779961331838607895,8.290358942000001,23.037
total_ms,bevfusion_2_7_opt,85,1779961331929530129,8.381281176,27.963
total_ms,bevfusion_2_7_opt,86,1779961332024090282,8.475841329,24.615
total_ms,bevfusion_2_7_opt,87,1779961332134909660,8.586660707,20.431
total_ms,bevfusion_2_7_opt,88,1779961332263968024,8.715719071,24.982
total_ms,bevfusion_2_7_opt,89,1779961332340145431,8.791896478,23.93
total_ms,bevfusion_2_7_opt,90,1779961332440783871,8.892534918,24.985
total_ms,bevfusion_2_7_opt,91,1779961332523691609,8.975442656,21.281
total_ms,bevfusion_2_7_opt,92,1779961332622514400,9.074265447,25.532
total_ms,bevfusion_2_7_opt,93,1779961332732026791,9.183777838000001,25.019
total_ms,bevfusion_2_7_opt,94,1779961332824128105,9.275879152,17.806
total_ms,bevfusion_2_7_opt,95,1779961332939518653,9.3912697,27.057
total_ms,bevfusion_2_7_opt,96,1779961333044298360,9.496049407000001,27.062
total_ms,bevfusion_2_7_opt,97,1779961333151718345,9.603469392000001,21.596
total_ms,bevfusion_2_7_opt,98,1779961333235945655,9.687696702,23.259
total_ms,bevfusion_2_7_opt,99,1779961333335632555,9.787383602,25.472
total_ms,bevfusion_2_7_opt,100,1779961333436637425,9.888388472,27.2
total_ms,bevfusion_2_7_opt,101,1779961333527941184,9.979692231000001,23.629
total_ms,bevfusion_2_7_opt,102,1779961333639852405,10.091603452000001,26.66
total_ms,bevfusion_2_7_opt,103,1779961333730027411,10.181778458,24.374
total_ms,bevfusion_2_7_opt,104,1779961333842351260,10.294102307000001,23.751
total_ms,bevfusion_2_7_opt,105,1779961333964353956,10.416105003,24.148
total_ms,bevfusion_2_7_opt,106,1779961334089976721,10.541727768000001,42.468
total_ms,bevfusion_2_7_opt,107,1779961334150564018,10.602315065,30.534
total_ms,bevfusion_2_7_opt,108,1779961334229667724,10.681418771,20.011
total_ms,bevfusion_2_7_opt,109,1779961334331225299,10.782976346,24.366
total_ms,bevfusion_2_7_opt,110,1779961334450343400,10.902094447000001,22.863
total_ms,bevfusion_2_7_opt,111,1779961334538733251,10.990484298,23.3
total_ms,bevfusion_2_7_opt,112,1779961334639985878,11.091736925000001,26.661
total_ms,bevfusion_2_7_opt,113,1779961334728191277,11.179942324,21.873
total_ms,bevfusion_2_7_opt,114,1779961334823960101,11.275711148000001,23.775
total_ms,bevfusion_2_7_opt,115,1779961334939127271,11.390878318,22.338
total_ms,bevfusion_2_7_opt,116,1779961335036628704,11.488379751,21.477
total_ms,bevfusion_2_7_opt,117,1779961335146527693,11.598278740000001,23.337
total_ms,bevfusion_2_7_opt,118,1779961335224314803,11.67606585,22.208
total_ms,bevfusion_2_7_opt,119,1779961335350182270,11.801933317000001,19.832
total_ms,bevfusion_2_7_opt,120,1779961335449754257,11.901505304,26.347
total_ms,bevfusion_2_7_opt,121,1779961335545125768,11.996876815,24.208
total_ms,bevfusion_2_7_opt,122,1779961335635338187,12.087089234,23.435
total_ms,bevfusion_2_7_opt,123,1779961335738579112,12.190330159,25.416
total_ms,bevfusion_2_7_opt,124,1779961335828487514,12.280238561,26.134
total_ms,bevfusion_2_7_opt,125,1779961335931097417,12.382848464,23.287
total_ms,bevfusion_2_7_opt,126,1779961336022863807,12.474614854,23.006
total_ms,bevfusion_2_7_opt,127,1779961336135606905,12.587357952000001,23.795
total_ms,bevfusion_2_7_opt,128,1779961336230214832,12.681965879000002,23.636
total_ms,bevfusion_2_7_opt,129,1779961336340224066,12.791975113000001,24.603
total_ms,bevfusion_2_7_opt,130,1779961336443926798,12.895677845000002,21.145
total_ms,bevfusion_2_7_opt,131,1779961336555310251,13.007061298,25.36
total_ms,bevfusion_2_7_opt,132,1779961336635558443,13.08730949,24.822
total_ms,bevfusion_2_7_opt,133,1779961336729935553,13.1816866,20.016
total_ms,bevfusion_2_7_opt,134,1779961336818455402,13.270206449000002,19.82
total_ms,bevfusion_2_7_opt,135,1779961336958864393,13.41061544,22.324
total_ms,bevfusion_2_7_opt,136,1779961337053316180,13.505067227000001,25.115
total_ms,bevfusion_2_7_opt,137,1779961337127244340,13.578995387,25.168
total_ms,bevfusion_2_7_opt,138,1779961337245726391,13.697477438000002,27.165
total_ms,bevfusion_2_7_opt,139,1779961337335044724,13.786795771000001,22.112
total_ms,bevfusion_2_7_opt,140,1779961337442278469,13.894029516000002,25.739
total_ms,bevfusion_2_7_opt,141,1779961337546379052,13.998130099,26.587
total_ms,bevfusion_2_7_opt,142,1779961337637895655,14.089646702000001,21.564
total_ms,bevfusion_2_7_opt,143,1779961337738191386,14.189942433,26.576
total_ms,bevfusion_2_7_opt,144,1779961337848146772,14.299897819000002,24.331
total_ms,bevfusion_2_7_opt,145,1779961337928240335,14.379991382,22.704
total_ms,bevfusion_2_7_opt,146,1779961338032943130,14.484694177000002,22.837
total_ms,bevfusion_2_7_opt,147,1779961338128806276,14.580557323,21.102
total_ms,bevfusion_2_7_opt,148,1779961338261234085,14.712985132000002,30.775
total_ms,bevfusion_2_7_opt,149,1779961338325631393,14.77738244,21.499
total_ms,bevfusion_2_7_opt,150,1779961338439141476,14.890892523000002,23.294
total_ms,bevfusion_2_7_opt,151,1779961338531580477,14.983331524,19.642
total_ms,bevfusion_2_7_opt,152,1779961338647362943,15.099113990000001,24.581
total_ms,bevfusion_2_7_opt,153,1779961338746673942,15.198424989000001,25.903
total_ms,bevfusion_2_7_opt,154,1779961338830185295,15.281936342000002,27.618
total_ms,bevfusion_2_7_opt,155,1779961338938508774,15.390259821,22.374
total_ms,bevfusion_2_7_opt,156,1779961339026637665,15.478388712000001,27.857
total_ms,bevfusion_2_7_opt,157,1779961339139854826,15.591605873,23.946
total_ms,bevfusion_2_7_opt,158,1779961339223953114,15.675704161,17.563
total_ms,bevfusion_2_7_opt,159,1779961339324089279,15.775840326,25.339
total_ms,bevfusion_2_7_opt,160,1779961339419334435,15.871085482000002,22.784
total_ms,bevfusion_2_7_opt,161,1779961339548472592,16.000223639,36.646
total_ms,bevfusion_2_7_opt,162,1779961339643733448,16.095484495,22.681
total_ms,bevfusion_2_7_opt,163,1779961339732161650,16.183912697,20.747
total_ms,bevfusion_2_7_opt,164,1779961339856463981,16.308215028,22.934
total_ms,bevfusion_2_7_opt,165,1779961339966093730,16.417844777000003,25.106
total_ms,bevfusion_2_7_opt,166,1779961340036593804,16.488344851,31.139
total_ms,bevfusion_2_7_opt,167,1779961340155841855,16.607592902,28.267
total_ms,bevfusion_2_7_opt,168,1779961340225983550,16.677734597,17.223
total_ms,bevfusion_2_7_opt,169,1779961340319594936,16.771345983,20.756
total_ms,bevfusion_2_7_opt,170,1779961340431790876,16.883541923000003,29.119
total_ms,bevfusion_2_7_opt,171,1779961340527737702,16.979488749,19.465
total_ms,bevfusion_2_7_opt,172,1779961340626908813,17.078659860000002,22.323
total_ms,bevfusion_2_7_opt,173,1779961340735146844,17.186897891,19.552
total_ms,bevfusion_2_7_opt,174,1779961340856993566,17.308744613000002,23.784
total_ms,bevfusion_2_7_opt,175,1779961340972652407,17.424403454,29.885
total_ms,bevfusion_2_7_opt,176,1779961341027923776,17.479674823,22.655
total_ms,bevfusion_2_7_opt,177,1779961341124967631,17.576718678000002,20.416
total_ms,bevfusion_2_7_opt,178,1779961341266141108,17.717892155,28.743
total_ms,bevfusion_2_7_opt,179,1779961341344246466,17.795997513,25.21
total_ms,bevfusion_2_7_opt,180,1779961341437135642,17.888886689,28.682
total_ms,bevfusion_2_7_opt,181,1779961341537678850,17.989429897,24.192
total_ms,bevfusion_2_7_opt,182,1779961341629861217,18.081612264,21.081
total_ms,bevfusion_2_7_opt,183,1779961341750659411,18.202410458000003,27.816
total_ms,bevfusion_2_7_opt,184,1779961341831236209,18.282987256000002,28.864
total_ms,bevfusion_2_7_opt,185,1779961341957263885,18.409014932,26.219
total_ms,bevfusion_2_7_opt,186,1779961342045843150,18.497594197,25.506
total_ms,bevfusion_2_7_opt,187,1779961342153298158,18.605049205,23.757
total_ms,bevfusion_2_7_opt,188,1779961342272098155,18.723849202,29.513
total_ms,bevfusion_2_7_opt,189,1779961342331107873,18.782858920000002,19.831
total_ms,bevfusion_2_7_opt,190,1779961342424880278,18.876631325,20.569
total_ms,bevfusion_2_7_opt,191,1779961342526653159,18.978404206,21.865
total_ms,bevfusion_2_7_opt,192,1779961342632881648,19.084632695,17.361
total_ms,bevfusion_2_7_opt,193,1779961342771051524,19.222802571000003,30.28
total_ms,bevfusion_2_7_opt,194,1779961342825333927,19.277084974,20.48
total_ms,bevfusion_2_7_opt,195,1779961342918502123,19.37025317,15.978
total_ms,bevfusion_2_7_opt,196,1779961343030451393,19.482202440000002,17.71
total_ms,bevfusion_2_7_opt,197,1779961343136114058,19.587865105000002,25.05
total_ms,bevfusion_2_7_opt,198,1779961343232034713,19.683785760000003,16.489
total_ms,bevfusion_2_7_opt,199,1779961343322123417,19.773874464000002,21.605
total_ms,bevfusion_2_7_opt,200,1779961343453503109,19.905254156,20.658
total_ms,bevfusion_2_7_opt,201,1779961343567444968,20.019196015000002,24.154
total_ms,bevfusion_2_7_opt,202,1779961343650635035,20.102386082000002,28.989
total_ms,bevfusion_2_7_opt,203,1779961343732172855,20.183923902,25.499
total_ms,bevfusion_2_7_opt,204,1779961343837501651,20.289252698000002,26.732
total_ms,bevfusion_2_7_opt,205,1779961343925821252,20.377572299,27.397
total_ms,bevfusion_2_7_opt,206,1779961344036534504,20.488285551,22.846
total_ms,bevfusion_2_7_opt,207,1779961344126399579,20.578150626000003,24.887
total_ms,bevfusion_2_7_opt,208,1779961344236248185,20.687999232000003,23.455
total_ms,bevfusion_2_7_opt,209,1779961344338535067,20.790286114,23.973
total_ms,bevfusion_2_7_opt,210,1779961344431002814,20.882753861,27.256
total_ms,bevfusion_2_7_opt,211,1779961344524379056,20.976130103000003,22.172
total_ms,bevfusion_2_7_opt,212,1779961344636386863,21.08813791,24.814
total_ms,bevfusion_2_7_opt,213,1779961344759443659,21.211194706,27.375
total_ms,bevfusion_2_7_opt,214,1779961344856352682,21.308103729000003,25.048
total_ms,bevfusion_2_7_opt,215,1779961344932517943,21.384268990000002,24.511
total_ms,bevfusion_2_7_opt,216,1779961345043625656,21.495376703,25.066
total_ms,bevfusion_2_7_opt,217,1779961345139670175,21.591421222,27.402
total_ms,bevfusion_2_7_opt,218,1779961345247321772,21.699072819,25.869
total_ms,bevfusion_2_7_opt,219,1779961345341296539,21.793047586,25.213
total_ms,bevfusion_2_7_opt,220,1779961345428958604,21.880709651,23.044
total_ms,bevfusion_2_7_opt,221,1779961345529830294,21.981581341000002,25.369
total_ms,bevfusion_2_7_opt,222,1779961345646123763,22.09787481,26.452
total_ms,bevfusion_2_7_opt,223,1779961345753489282,22.205240329000002,27.841
total_ms,bevfusion_2_7_opt,224,1779961345825419406,22.277170453,24.001
total_ms,bevfusion_2_7_opt,225,1779961345965095075,22.416846122000003,33.034
total_ms,bevfusion_2_7_opt,226,1779961346058394723,22.51014577,28.062
total_ms,bevfusion_2_7_opt,227,1779961346139790852,22.591541899000003,31.311
total_ms,bevfusion_2_7_opt,228,1779961346258794398,22.710545445,34.903
total_ms,bevfusion_2_7_opt,229,1779961346330632813,22.782383860000003,26.286
total_ms,bevfusion_2_7_opt,230,1779961346461243100,22.912994147000003,36.654
total_ms,bevfusion_2_7_opt,231,1779961346538125887,22.989876934,25.09
total_ms,bevfusion_2_7_opt,232,1779961346651563132,23.103314179,26.382
total_ms,bevfusion_2_7_opt,233,1779961346735004882,23.186755929,28.804
total_ms,bevfusion_2_7_opt,234,1779961346832235549,23.283986596000002,25.298
total_ms,bevfusion_2_7_opt,235,1779961346951097521,23.402848568000003,26.916
total_ms,bevfusion_2_7_opt,236,1779961347044956687,23.496707734,23.584
total_ms,bevfusion_2_7_opt,237,1779961347136815316,23.588566363,24.761
total_ms,bevfusion_2_7_opt,238,1779961347248376830,23.700127877,28.823
total_ms,bevfusion_2_7_opt,239,1779961347353482913,23.805233960000002,29.522
total_ms,bevfusion_2_7_opt,240,1779961347425073012,23.876824059,21.493
total_ms,bevfusion_2_7_opt,241,1779961347524871165,23.976622212000002,23.713
total_ms,bevfusion_2_7_opt,242,1779961347641193730,24.092944777000003,23.64
total_ms,bevfusion_2_7_opt,243,1779961347747880673,24.199631720000003,33.18
total_ms,bevfusion_2_7_opt,244,1779961347832306236,24.284057283000003,26.054
total_ms,bevfusion_2_7_opt,245,1779961347928543581,24.380294628,25.671
total_ms,bevfusion_2_7_opt,246,1779961348034047414,24.485798461,24.792
total_ms,bevfusion_2_7_opt,247,1779961348166087475,24.617838522000003,26.225
total_ms,bevfusion_2_7_opt,248,1779961348258939582,24.710690629000002,27.847
total_ms,bevfusion_2_7_opt,249,1779961348352179339,24.803930386,26.137
total_ms,bevfusion_2_7_opt,250,1779961348452034594,24.903785641000002,22.036
total_ms,bevfusion_2_7_opt,251,1779961348544327752,24.996078799000003,25.832
total_ms,bevfusion_2_7_opt,252,1779961348625477731,25.077228778000002,20.885
total_ms,bevfusion_2_7_opt,253,1779961348760030420,25.211781467,27.049
total_ms,bevfusion_2_7_opt,254,1779961348826972795,25.278723842,21.56
total_ms,bevfusion_2_7_opt,255,1779961348920911453,25.3726625,21.475
total_ms,bevfusion_2_7_opt,256,1779961349060491823,25.51224287,28.034
total_ms,bevfusion_2_7_opt,257,1779961349130793080,25.582544127000002,22.954
total_ms,bevfusion_2_7_opt,258,1779961349230362990,25.682114037,26.103
total_ms,bevfusion_2_7_opt,259,1779961349325741912,25.777492959,21.32
total_ms,bevfusion_2_7_opt,260,1779961349461107805,25.912858852000003,25.769
total_ms,bevfusion_2_7_opt,261,1779961349557651943,26.00940299,24.211
total_ms,bevfusion_2_7_opt,262,1779961349631126308,26.082877355,20.772
total_ms,bevfusion_2_7_opt,263,1779961349738953184,26.190704231,23.364
total_ms,bevfusion_2_7_opt,264,1779961349836594066,26.288345113000002,28.644
total_ms,bevfusion_2_7_opt,265,1779961349924601052,26.376352099,22.49
total_ms,bevfusion_2_7_opt,266,1779961350047115938,26.498866985000003,24.102
total_ms,bevfusion_2_7_opt,267,1779961350127681627,26.579432674000003,25.98
total_ms,bevfusion_2_7_opt,268,1779961350239135272,26.690886319,26.801
total_ms,bevfusion_2_7_opt,269,1779961350326010876,26.777761923,23.43
total_ms,bevfusion_2_7_opt,270,1779961350433038590,26.884789637,26.577
total_ms,bevfusion_2_7_opt,271,1779961350543029412,26.994780459,26.989
total_ms,bevfusion_2_7_opt,272,1779961350626763315,27.078514362,23.402
total_ms,bevfusion_2_7_opt,273,1779961350741549750,27.193300797000003,22.167
total_ms,bevfusion_2_7_opt,274,1779961350819537332,27.271288379,22.773
total_ms,bevfusion_2_7_opt,275,1779961350942847579,27.394598626,27.866
total_ms,bevfusion_2_7_opt,276,1779961351026904910,27.478655957,24.916
total_ms,bevfusion_2_7_opt,277,1779961351134837495,27.586588542,23.078
total_ms,bevfusion_2_7_opt,278,1779961351240106290,27.691857337000002,20.972
total_ms,bevfusion_2_7_opt,279,1779961351347731127,27.799482174,25.157
total_ms,bevfusion_2_7_opt,280,1779961351436685780,27.888436827000003,24.216
total_ms,bevfusion_2_7_opt,281,1779961351529905992,27.981657039,27.742
total_ms,bevfusion_2_7_opt,282,1779961351632612767,28.084363814000003,19.49
total_ms,bevfusion_2_7_opt,283,1779961351739815111,28.191566158,27.151
total_ms,bevfusion_2_7_opt,284,1779961351822953373,28.274704420000003,22.159
total_ms,bevfusion_2_7_opt,285,1779961351936178317,28.387929364,28.586
total_ms,bevfusion_2_7_opt,286,1779961352046407793,28.498158840000002,24.739
total_ms,bevfusion_2_7_opt,287,1779961352160432219,28.612183266000002,31.261
total_ms,bevfusion_2_7_opt,288,1779961352237176649,28.688927696,23.6
total_ms,bevfusion_2_7_opt,289,1779961352360949361,28.812700408,34.016
total_ms,bevfusion_2_7_opt,290,1779961352450802692,28.902553739000002,23.718
total_ms,bevfusion_2_7_opt,291,1779961352562830536,29.014581583000002,35.428
total_ms,bevfusion_2_7_opt,292,1779961352666278104,29.118029151,28.603
total_ms,bevfusion_2_7_opt,293,1779961352752889760,29.204640807,25.406
total_ms,bevfusion_2_7_opt,294,1779961352832391766,29.284142813000003,25.05
total_ms,bevfusion_2_7_opt,295,1779961352973951285,29.425702332,27.744
total_ms,bevfusion_2_7_opt,296,1779961353070894223,29.52264527,27.678
total_ms,bevfusion_2_7_opt,297,1779961353151508781,29.603259828000002,24.697
total_ms,bevfusion_2_7_opt,298,1779961353246311323,29.698062370000002,28.641
total_ms,bevfusion_2_7_opt,299,1779961353331866673,29.783617720000002,27.899
total_ms,bevfusion_2_7_opt,300,1779961353450575327,29.902326374,24.899
total_ms,bevfusion_2_7_opt,301,1779961353565977704,30.017728751000003,24.826
total_ms,bevfusion_2_7_opt,302,1779961353638968112,30.090719159000002,24.636
total_ms,bevfusion_2_7_opt,303,1779961353763989526,30.215740573,30.418
total_ms,bevfusion_2_7_opt,304,1779961353825838352,30.277589399000004,23.645
total_ms,bevfusion_2_7_opt,305,1779961353938370716,30.390121763000003,31.862
total_ms,bevfusion_2_7_opt,306,1779961354036063928,30.487814975000003,22.549
total_ms,bevfusion_2_7_opt,307,1779961354150164484,30.601915531000003,28.467
total_ms,bevfusion_2_7_opt,308,1779961354247964794,30.699715841000003,24.542
total_ms,bevfusion_2_7_opt,309,1779961354324646432,30.776397479000003,24.662
total_ms,bevfusion_2_7_opt,310,1779961354445509584,30.897260631,27.572
total_ms,bevfusion_2_7_opt,311,1779961354557293327,31.009044374000002,23.343
total_ms,bevfusion_2_7_opt,312,1779961354647240906,31.098991953000002,22.85
total_ms,bevfusion_2_7_opt,313,1779961354736572420,31.188323467000004,35.561
total_ms,bevfusion_2_7_opt,314,1779961354831591873,31.283342920000003,20.125
total_ms,bevfusion_2_7_opt,315,1779961354939061490,31.390812537000002,25.226
total_ms,bevfusion_2_7_opt,316,1779961355023320790,31.475071837,23.081
total_ms,bevfusion_2_7_opt,317,1779961355149529991,31.601281038000003,32.256
total_ms,bevfusion_2_7_opt,318,1779961355225916243,31.677667290000002,22.037
total_ms,bevfusion_2_7_opt,319,1779961355331154858,31.782905905000003,19.287
total_ms,bevfusion_2_7_opt,320,1779961355433886163,31.885637210000002,21.808
total_ms,bevfusion_2_7_opt,321,1779961355546934878,31.998685925000004,25.858
total_ms,bevfusion_2_7_opt,322,1779961355624149602,32.075900649000005,25.407
total_ms,bevfusion_2_7_opt,323,1779961355725834274,32.177585321,24.853
total_ms,bevfusion_2_7_opt,324,1779961355835116459,32.286867506,22.801
total_ms,bevfusion_2_7_opt,325,1779961355927550361,32.379301408,21.16
total_ms,bevfusion_2_7_opt,326,1779961356078479791,32.530230838,28.683
total_ms,bevfusion_2_7_opt,327,1779961356126919737,32.578670784,27.008
total_ms,bevfusion_2_7_opt,328,1779961356256667537,32.708418584,27.525
total_ms,bevfusion_2_7_opt,329,1779961356332459665,32.784210712000004,26.312
total_ms,bevfusion_2_7_opt,330,1779961356426434332,32.878185379,22.976
total_ms,bevfusion_2_7_opt,331,1779961356528448097,32.980199144000004,30.023
total_ms,bevfusion_2_7_opt,332,1779961356632412092,33.084163139000005,20.628
total_ms,bevfusion_2_7_opt,333,1779961356745173117,33.196924164,22.163
total_ms,bevfusion_2_7_opt,334,1779961356845124687,33.296875734000004,27.555
total_ms,bevfusion_2_7_opt,335,1779961356922511890,33.374262937000005,22.261
total_ms,bevfusion_2_7_opt,336,1779961357036820543,33.48857159,21.076
total_ms,bevfusion_2_7_opt,337,1779961357145408349,33.597159396,21.118
total_ms,bevfusion_2_7_opt,338,1779961357232310010,33.684061057,18.32
total_ms,bevfusion_2_7_opt,339,1779961357342211739,33.793962786,23.95
total_ms,bevfusion_2_7_opt,340,1779961357419618456,33.871369503000004,17.933
total_ms,bevfusion_2_7_opt,341,1779961357553320627,34.005071674,27.796
total_ms,bevfusion_2_7_opt,342,1779961357655666266,34.107417313,28.364
total_ms,bevfusion_2_7_opt,343,1779961357746131708,34.197882755,24.664
total_ms,bevfusion_2_7_opt,344,1779961357865353849,34.317104896000004,25.359
total_ms,bevfusion_2_7_opt,345,1779961357960605168,34.412356215,24.996
total_ms,bevfusion_2_7_opt,346,1779961358039379673,34.49113072,25.789
total_ms,bevfusion_2_7_opt,347,1779961358149689618,34.601440665000005,24.454
total_ms,bevfusion_2_7_opt,348,1779961358227064172,34.678815219,24.694
total_ms,bevfusion_2_7_opt,349,1779961358334897992,34.786649039000004,21.734
total_ms,bevfusion_2_7_opt,350,1779961358424508911,34.876259958000006,22.145
total_ms,bevfusion_2_7_opt,351,1779961358527685902,34.979436949000004,21.71
total_ms,bevfusion_2_7_opt,352,1779961358640169274,35.091920321,22.595
total_ms,bevfusion_2_7_opt,353,1779961358754509899,35.206260946,27.371
total_ms,bevfusion_2_7_opt,354,1779961358837598348,35.289349395,23.997
total_ms,bevfusion_2_7_opt,355,1779961358934832607,35.386583654,28.795
total_ms,bevfusion_2_7_opt,356,1779961359023955698,35.475706745000004,21.318
total_ms,bevfusion_2_7_opt,357,1779961359126423862,35.578174909000005,24.474
total_ms,bevfusion_2_7_opt,358,1779961359229096282,35.680847329,25.106
total_ms,bevfusion_2_7_opt,359,1779961359327587691,35.779338738,23.182
total_ms,bevfusion_2_7_opt,360,1779961359430077621,35.881828668000004,26.492
total_ms,bevfusion_2_7_opt,361,1779961359523603979,35.975355026,22.235
total_ms,bevfusion_2_7_opt,362,1779961359655187533,36.106938580000005,25.376
total_ms,bevfusion_2_7_opt,363,1779961359724169232,36.175920279,21.757
total_ms,bevfusion_2_7_opt,364,1779961359823261798,36.275012845,22.487
total_ms,bevfusion_2_7_opt,365,1779961359950843409,36.402594456,26.924
total_ms,bevfusion_2_7_opt,366,1779961360057819359,36.509570406,21.261
total_ms,bevfusion_2_7_opt,367,1779961360144733924,36.596484971,28.041
total_ms,bevfusion_2_7_opt,368,1779961360273380323,36.72513137,29.451
total_ms,bevfusion_2_7_opt,369,1779961360337266215,36.789017262,25.266
total_ms,bevfusion_2_7_opt,370,1779961360429908256,36.881659303,21.611
total_ms,bevfusion_2_7_opt,371,1779961360555851517,37.007602564,26.121
total_ms,bevfusion_2_7_opt,372,1779961360638600676,37.090351723000005,23.627
total_ms,bevfusion_2_7_opt,373,1779961360755695426,37.207446473000005,25.617
total_ms,bevfusion_2_7_opt,374,1779961360849523829,37.301274876,25.562
total_ms,bevfusion_2_7_opt,375,1779961360928607851,37.380358898000004,26.689
total_ms,bevfusion_2_7_opt,376,1779961361039057415,37.490808462000004,21.847
total_ms,bevfusion_2_7_opt,377,1779961361143255503,37.59500655,29.645
total_ms,bevfusion_2_7_opt,378,1779961361245649227,37.697400274,24.045
total_ms,bevfusion_2_7_opt,379,1779961361344365728,37.796116775,24.546
total_ms,bevfusion_2_7_opt,380,1779961361432325769,37.884076816000004,22.948
total_ms,bevfusion_2_7_opt,381,1779961361531357308,37.983108355,25.295
total_ms,bevfusion_2_7_opt,382,1779961361634601582,38.086352629000004,23.215
total_ms,bevfusion_2_7_opt,383,1779961361755788725,38.207539772000004,23.179
total_ms,bevfusion_2_7_opt,384,1779961361840261173,38.292012220000004,23.6
total_ms,bevfusion_2_7_opt,385,1779961361964985842,38.416736889,28.486
total_ms,bevfusion_2_7_opt,386,1779961362045005755,38.496756802,24.149
total_ms,bevfusion_2_7_opt,387,1779961362148722339,38.600473386000004,23.48
total_ms,bevfusion_2_7_opt,388,1779961362256827556,38.708578603,26.414
total_ms,bevfusion_2_7_opt,389,1779961362330239284,38.781990331,29.183
total_ms,bevfusion_2_7_opt,390,1779961362422320124,38.874071171000004,23.682
total_ms,bevfusion_2_7_opt,391,1779961362530436330,38.982187377,29.291
total_ms,bevfusion_2_7_opt,392,1779961362625832386,39.077583433,20.972
total_ms,bevfusion_2_7_opt,393,1779961362769578717,39.221329764000004,28.734
total_ms,bevfusion_2_7_opt,394,1779961362836984413,39.288735460000005,24.957
total_ms,bevfusion_2_7_opt,395,1779961362920377275,39.372128322,22.437
total_ms,bevfusion_2_7_opt,396,1779961363031740764,39.483491811,25.072
total_ms,bevfusion_2_7_opt,397,1779961363152659015,39.604410062,24.384
total_ms,bevfusion_2_7_opt,398,1779961363227359287,39.679110334,20.085
total_ms,bevfusion_2_7_opt,399,1779961363352792855,39.804543902000006,21.599
total_ms,bevfusion_2_7_opt,400,1779961363431090139,39.882841186,21.673
total_ms,bevfusion_2_7_opt,401,1779961363514590922,39.966341969000005,18.842
total_ms,bevfusion_2_7_opt,402,1779961363621310662,40.073061709,21.645
total_ms,bevfusion_2_7_opt,403,1779961363729887451,40.181638498000005,18.374
total_ms,bevfusion_2_7_opt,404,1779961363857269007,40.309020054,26.078
total_ms,bevfusion_2_7_opt,405,1779961363923843365,40.375594412000005,23.206
total_ms,bevfusion_2_7_opt,406,1779961364026417999,40.478169046000005,22.95
total_ms,bevfusion_2_7_opt,407,1779961364133963157,40.585714204000006,23.826
total_ms,bevfusion_2_7_opt,408,1779961364232213861,40.683964908,27.83
total_ms,bevfusion_2_7_opt,409,1779961364321737153,40.7734882,22.493
total_ms,bevfusion_2_7_opt,410,1779961364448654964,40.900406011,25.702
total_ms,bevfusion_2_7_opt,411,1779961364556012209,41.007763256000004,30.252
total_ms,bevfusion_2_7_opt,412,1779961364662158993,41.11391004,31.933
total_ms,bevfusion_2_7_opt,413,1779961364763943964,41.215695011,33.36
total_ms,bevfusion_2_7_opt,414,1779961364844223410,41.295974457,25.685
total_ms,bevfusion_2_7_opt,415,1779961364965415278,41.417166325000004,31.696
total_ms,bevfusion_2_7_opt,416,1779961365062593646,41.514344693000005,35.561
total_ms,bevfusion_2_7_opt,417,1779961365143995549,41.595746596000005,32.442
total_ms,bevfusion_2_7_opt,418,1779961365231750053,41.6835011,30.318
total_ms,bevfusion_2_7_opt,419,1779961365333053210,41.784804257000005,24.655
total_ms,bevfusion_2_7_opt,420,1779961365446839566,41.898590613,26.598
total_ms,bevfusion_2_7_opt,421,1779961365531896334,41.983647381000004,24.752
total_ms,bevfusion_2_7_opt,422,1779961365624411713,42.07616276,22.057
total_ms,bevfusion_2_7_opt,423,1779961365719701314,42.171452361,22.642
total_ms,bevfusion_2_7_opt,424,1779961365875583452,42.327334499,32.937
total_ms,bevfusion_2_7_opt,425,1779961365958000821,42.409751868,28.175
total_ms,bevfusion_2_7_opt,426,1779961366039492639,42.491243686000004,22.75
total_ms,bevfusion_2_7_opt,427,1779961366146785777,42.598536824,28.827
total_ms,bevfusion_2_7_opt,428,1779961366227205966,42.678957013,23.711
total_ms,bevfusion_2_7_opt,429,1779961366345712734,42.797463781000005,24.666
total_ms,bevfusion_2_7_opt,430,1779961366462010439,42.913761486000006,34.641
total_ms,bevfusion_2_7_opt,431,1779961366522663173,42.97441422,19.658
total_ms,bevfusion_2_7_opt,432,1779961366637969506,43.089720553,22.584
total_ms,bevfusion_2_7_opt,433,1779961366738426391,43.190177438,25.43
total_ms,bevfusion_2_7_opt,434,1779961366850981335,43.302732382,27.018
total_ms,bevfusion_2_7_opt,435,1779961366924003905,43.375754952,22.01
total_ms,bevfusion_2_7_opt,436,1779961367026410957,43.478162004000005,24.248
total_ms,bevfusion_2_7_opt,437,1779961367127961948,43.579712995,21.008
total_ms,bevfusion_2_7_opt,438,1779961367245438154,43.697189201,25.159
total_ms,bevfusion_2_7_opt,439,1779961367375536684,43.827287731000006,42.208
total_ms,bevfusion_2_7_opt,440,1779961367448382537,43.900133584,27.233
total_ms,bevfusion_2_7_opt,441,1779961367531873008,43.983624055,26.259
total_ms,bevfusion_2_7_opt,442,1779961367637598810,44.089349857,26.369
total_ms,bevfusion_2_7_opt,443,1779961367728580703,44.18033175,24.629
total_ms,bevfusion_2_7_opt,444,1779961367844694998,44.296446045,24.51
total_ms,bevfusion_2_7_opt,445,1779961367946199638,44.397950685000005,24.621
total_ms,bevfusion_2_7_opt,446,1779961368040691227,44.492442274000005,31.427
total_ms,bevfusion_2_7_opt,447,1779961368146438578,44.598189625,27.133
total_ms,bevfusion_2_7_opt,448,1779961368228495630,44.680246677,25.078
total_ms,bevfusion_2_7_opt,449,1779961368325736722,44.777487769000004,23.967
total_ms,bevfusion_2_7_opt,450,1779961368423604883,44.875355930000005,21.276
total_ms,bevfusion_2_7_opt,451,1779961368563501759,45.015252806,32.287
total_ms,bevfusion_2_7_opt,452,1779961368630891960,45.082643007,27.724
total_ms,bevfusion_2_7_opt,453,1779961368758304777,45.210055824,28.234
total_ms,bevfusion_2_7_opt,454,1779961368824521593,45.27627264,22.556
total_ms,bevfusion_2_7_opt,455,1779961368934877230,45.386628277,22.244
total_ms,bevfusion_2_7_opt,456,1779961369040473655,45.492224702,26.396
total_ms,bevfusion_2_7_opt,457,1779961369129580176,45.581331223,24.641
total_ms,bevfusion_2_7_opt,458,1779961369224663406,45.676414453,21.547
total_ms,bevfusion_2_7_opt,459,1779961369322213229,45.773964276,22.241
total_ms,bevfusion_2_7_opt,460,1779961369455296211,45.907047258000006,27.542
total_ms,bevfusion_2_7_opt,461,1779961369554116928,46.005867975,26.094
total_ms,bevfusion_2_7_opt,462,1779961369645276910,46.097027957,20.47
total_ms,bevfusion_2_7_opt,463,1779961369747142232,46.198893279,26.943
total_ms,bevfusion_2_7_opt,464,1779961369835436354,46.287187401000004,28.484
total_ms,bevfusion_2_7_opt,465,1779961369926404583,46.37815563,27.321
total_ms,bevfusion_2_7_opt,466,1779961370040190642,46.491941689,21.524
total_ms,bevfusion_2_7_opt,467,1779961370135288762,46.587039809000004,23.639
total_ms,bevfusion_2_7_opt,468,1779961370246771374,46.698522421,21.629
total_ms,bevfusion_2_7_opt,469,1779961370328463367,46.780214414,26.637
total_ms,bevfusion_2_7_opt,470,1779961370420733337,46.872484384,21.974
total_ms,bevfusion_2_7_opt,471,1779961370523297682,46.975048729,25.784
total_ms,bevfusion_2_7_opt,472,1779961370647027878,47.098778925000005,40.336
total_ms,bevfusion_2_7_opt,473,1779961370750575100,47.202326147,26.653
total_ms,bevfusion_2_7_opt,474,1779961370873195583,47.32494663,33.599
total_ms,bevfusion_2_7_opt,475,1779961370945789234,47.397540281000005,27.232
total_ms,bevfusion_2_7_opt,476,1779961371036510282,47.488261329000004,25.015
total_ms,bevfusion_2_7_opt,477,1779961371137335624,47.589086671000004,28.827
total_ms,bevfusion_2_7_opt,478,1779961371226423737,47.678174784,19.543
total_ms,bevfusion_2_7_opt,479,1779961371350231086,47.801982133,29.263
total_ms,bevfusion_2_7_opt,480,1779961371428860645,47.880611692,22.003
total_ms,bevfusion_2_7_opt,481,1779961371562401461,48.014152508,29.333
total_ms,bevfusion_2_7_opt,482,1779961371642382494,48.094133541000005,28.647
total_ms,bevfusion_2_7_opt,483,1779961371755598160,48.207349207,30.021
total_ms,bevfusion_2_7_opt,484,1779961371822580427,48.274331474,20.186
total_ms,bevfusion_2_7_opt,485,1779961371927238619,48.378989666,22.81
total_ms,bevfusion_2_7_opt,486,1779961372053531217,48.505282264,24.073
total_ms,bevfusion_2_7_opt,487,1779961372134190192,48.585941239,21.109
total_ms,bevfusion_2_7_opt,488,1779961372238291309,48.690042356000006,24.931
total_ms,bevfusion_2_7_opt,489,1779961372326983370,48.778734417,22.46
total_ms,bevfusion_2_7_opt,490,1779961372423448149,48.875199196000004,21.482
total_ms,bevfusion_2_7_opt,491,1779961372551171656,49.002922703,29.024
total_ms,bevfusion_2_7_opt,492,1779961372624880430,49.07663147700001,23.518
total_ms,bevfusion_2_7_opt,493,1779961372737826494,49.189577541000006,21.726
total_ms,bevfusion_2_7_opt,494,1779961372854349613,49.306100660000006,24.064
total_ms,bevfusion_2_7_opt,495,1779961372946657995,49.398409042000004,26.36
total_ms,bevfusion_2_7_opt,496,1779961373035247219,49.486998266,19.553
total_ms,bevfusion_2_7_opt,497,1779961373120897696,49.572648743,23.584
total_ms,bevfusion_2_7_opt,498,1779961373223625677,49.675376724,25.995
total_ms,bevfusion_2_7_opt,499,1779961373345397922,49.797148969000006,27.804
total_ms,bevfusion_2_7_opt,500,1779961373452185829,49.903936876,28.226
total_ms,bevfusion_2_7_opt,501,1779961373538924908,49.990675955,26.245
total_ms,bevfusion_2_7_opt,502,1779961373627362611,50.079113658000004,28.56
total_ms,bevfusion_2_7_opt,503,1779961373730504085,50.182255132,27.713
total_ms,bevfusion_2_7_opt,504,1779961373826210563,50.277961610000006,22.249
total_ms,bevfusion_2_7_opt,505,1779961373944456445,50.396207492,28.013
total_ms,bevfusion_2_7_opt,506,1779961374039069754,50.490820801000005,23.319
total_ms,bevfusion_2_7_opt,507,1779961374147573420,50.599324467,22.839
total_ms,bevfusion_2_7_opt,508,1779961374222060986,50.673812033000004,20.678
total_ms,bevfusion_2_7_opt,509,1779961374330796139,50.782547186,26.247
total_ms,bevfusion_2_7_opt,510,1779961374438671272,50.890422319,21.681
total_ms,bevfusion_2_7_opt,511,1779961374525271809,50.977022856000005,26.774
total_ms,bevfusion_2_7_opt,512,1779961374645715593,51.09746664,26.448
total_ms,bevfusion_2_7_opt,513,1779961374738213155,51.189964202000006,22.699
total_ms,bevfusion_2_7_opt,514,1779961374853063980,51.304815027000004,22.893
total_ms,bevfusion_2_7_opt,515,1779961374926987491,51.378738538,23.163
total_ms,bevfusion_2_7_opt,516,1779961375030760892,51.482511939000005,21.076
total_ms,bevfusion_2_7_opt,517,1779961375140861750,51.592612797,25.193
total_ms,bevfusion_2_7_opt,518,1779961375253291274,51.705042321,26.99
total_ms,bevfusion_2_7_opt,519,1779961375344946662,51.796697709,26.325
total_ms,bevfusion_2_7_opt,520,1779961375436119742,51.887870789000004,24.036
total_ms,bevfusion_2_7_opt,521,1779961375523655621,51.975406668000005,21.29
total_ms,bevfusion_2_7_opt,522,1779961375615805775,52.067556822,21.212
total_ms,bevfusion_2_7_opt,523,1779961375735734540,52.187485587000005,20.781
total_ms,bevfusion_2_7_opt,524,1779961375821766186,52.273517233,26.382
total_ms,bevfusion_2_7_opt,525,1779961375929800218,52.381551265000006,24.867
total_ms,bevfusion_2_7_opt,526,1779961376015573255,52.467324302,19.925
total_ms,bevfusion_2_7_opt,527,1779961376122750687,52.574501734,22.859
total_ms,bevfusion_2_7_opt,528,1779961376259346926,52.711097973,25.074
total_ms,bevfusion_2_7_opt,529,1779961376351111154,52.802862201,29.439
total_ms,bevfusion_2_7_opt,530,1779961376446887801,52.898638848000004,22.074
total_ms,bevfusion_2_7_opt,531,1779961376534762779,52.98651382600001,24.774
total_ms,bevfusion_2_7_opt,532,1779961376626830344,53.078581391,20.481
total_ms,bevfusion_2_7_opt,533,1779961376731304499,53.183055546000006,19.36
total_ms,bevfusion_2_7_opt,534,1779961376827421406,53.279172453,28.029
total_ms,bevfusion_2_7_opt,535,1779961376947261815,53.399012862000006,22.372
total_ms,bevfusion_2_7_opt,536,1779961377029348027,53.48109907400001,23.745
total_ms,bevfusion_2_7_opt,537,1779961377131103599,53.582854646,21.422
total_ms,bevfusion_2_7_opt,538,1779961377230899234,53.682650281,19.006
total_ms,bevfusion_2_7_opt,539,1779961377335382219,53.787133266000005,19.889
total_ms,bevfusion_2_7_opt,540,1779961377438705126,53.890456173000004,20.873
total_ms,bevfusion_2_7_opt,541,1779961377595080910,54.046831957,50.485
total_ms,bevfusion_2_7_opt,542,1779961377631241264,54.082992311000005,24.709
total_ms,bevfusion_2_7_opt,543,1779961377747775763,54.19952681,19.719
total_ms,bevfusion_2_7_opt,544,1779961377835209487,54.286960534,24.155
total_ms,bevfusion_2_7_opt,545,1779961377923024660,54.374775707000005,23.784
total_ms,bevfusion_2_7_opt,546,1779961378023028597,54.474779644,21.747
total_ms,bevfusion_2_7_opt,547,1779961378127017646,54.578768693,19.588
total_ms,bevfusion_2_7_opt,548,1779961378225397417,54.677148464000005,25.635
total_ms,bevfusion_2_7_opt,549,1779961378316438245,54.768189292,19.409
total_ms,bevfusion_2_7_opt,550,1779961378458172484,54.909923531000004,28.368
total_ms,bevfusion_2_7_opt,551,1779961378548824194,55.000575241,39.721
total_ms,bevfusion_2_7_opt,552,1779961378642550797,55.094301844,23.798
total_ms,bevfusion_2_7_opt,553,1779961378722601274,55.174352321,24.857
total_ms,bevfusion_2_7_opt,554,1779961378852105297,55.303856344,21.554
total_ms,bevfusion_2_7_opt,555,1779961378974980711,55.426731758,28.645
total_ms,bevfusion_2_7_opt,556,1779961379054739221,55.506490268,22.752
total_ms,bevfusion_2_7_opt,557,1779961379158543012,55.610294059000005,23.625
total_ms,bevfusion_2_7_opt,558,1779961379222675068,55.674426115,22.657
total_ms,bevfusion_2_7_opt,559,1779961379332051933,55.783802980000004,19.414
total_ms,bevfusion_2_7_opt,560,1779961379445814683,55.897565730000004,25.587
total_ms,bevfusion_2_7_opt,561,1779961379528348392,55.980099439,22.869
total_ms,bevfusion_2_7_opt,562,1779961379645084130,56.096835177,23.673
total_ms,bevfusion_2_7_opt,563,1779961379739408272,56.191159319,28.006
total_ms,bevfusion_2_7_opt,564,1779961379856378011,56.308129058000006,25.743
total_ms,bevfusion_2_7_opt,565,1779961379938295437,56.390046484,25.29
total_ms,bevfusion_2_7_opt,566,1779961380030487573,56.482238620000004,19.567
total_ms,bevfusion_2_7_opt,567,1779961380154850821,56.606601868000006,25.309
total_ms,bevfusion_2_7_opt,568,1779961380225366577,56.677117624000005,25.072
total_ms,bevfusion_2_7_opt,569,1779961380342285301,56.794036348000006,23.254
total_ms,bevfusion_2_7_opt,570,1779961380426233583,56.87798463,20.594
total_ms,bevfusion_2_7_opt,571,1779961380567032005,57.018783052,23.791
total_ms,bevfusion_2_7_opt,572,1779961380682301484,57.134052531,48.181
total_ms,bevfusion_2_7_opt,573,1779961380741472986,57.19322403300001,24.258
total_ms,bevfusion_2_7_opt,574,1779961380838167631,57.28991867800001,21.35
total_ms,bevfusion_2_7_opt,575,1779961380927472838,57.379223885,19.526
total_ms,bevfusion_2_7_opt,576,1779961381041041217,57.492792264,25.036
total_ms,bevfusion_2_7_opt,577,1779961381120910729,57.572661776000004,23.738
total_ms,bevfusion_2_7_opt,578,1779961381233313531,57.685064578,22.405
total_ms,bevfusion_2_7_opt,579,1779961381360526514,57.812277561,25.74
total_ms,bevfusion_2_7_opt,580,1779961381433556219,57.885307266000005,24.904
total_ms,bevfusion_2_7_opt,581,1779961381548950771,58.000701818,25.428
total_ms,bevfusion_2_7_opt,582,1779961381625306233,58.077057280000005,20.662
total_ms,bevfusion_2_7_opt,583,1779961381726449482,58.178200529,23.675
total_ms,bevfusion_2_7_opt,584,1779961381834110120,58.285861167,22.381
total_ms,bevfusion_2_7_opt,585,1779961381935573650,58.387324697000004,24.423
total_ms,bevfusion_2_7_opt,586,1779961382026195927,58.477946974000005,19.822
total_ms,bevfusion_2_7_opt,587,1779961382129646437,58.58139748400001,25.886
total_ms,bevfusion_2_7_opt,588,1779961382240296715,58.692047762,29.329
total_ms,bevfusion_2_7_opt,589,1779961382329665942,58.781416989,22.137
total_ms,bevfusion_2_7_opt,590,1779961382422664088,58.87441513500001,24.781
total_ms,bevfusion_2_7_opt,591,1779961382531927948,58.983678995000005,18.942
total_ms,bevfusion_2_7_opt,592,1779961382633241697,59.084992744000004,19.853
total_ms,bevfusion_2_7_opt,593,1779961382739085122,59.190836169,30.613
total_ms,bevfusion_2_7_opt,594,1779961382816597985,59.268349032,18.439
total_ms,bevfusion_2_7_opt_slow,0,1779955327399240566,0.0,19.377
total_ms,bevfusion_2_7_opt_slow,1,1779955328370415036,0.97117447,24.695
total_ms,bevfusion_2_7_opt_slow,2,1779955329340834332,1.9415937660000002,19.512
total_ms,bevfusion_2_7_opt_slow,3,1779955330341731293,2.942490727,18.391
total_ms,bevfusion_2_7_opt_slow,4,1779955331358971735,3.9597311690000003,24.992
total_ms,bevfusion_2_7_opt_slow,5,1779955332364295067,4.965054501,20.489
total_ms,bevfusion_2_7_opt_slow,6,1779955333358273040,5.959032474000001,18.492
total_ms,bevfusion_2_7_opt_slow,7,1779955334333516111,6.934275545,22.281
total_ms,bevfusion_2_7_opt_slow,8,1779955335339076424,7.939835858,20.822
total_ms,bevfusion_2_7_opt_slow,9,1779955336344028269,8.944787703000001,22.467
total_ms,bevfusion_2_7_opt_slow,10,1779955337381278029,9.982037463000001,28.85
total_ms,bevfusion_2_7_opt_slow,11,1779955338326486478,10.927245912,19.481
total_ms,bevfusion_2_7_opt_slow,12,1779955339359743113,11.960502547,24.202
total_ms,bevfusion_2_7_opt_slow,13,1779955340361444265,12.962203699000002,19.311
total_ms,bevfusion_2_7_opt_slow,14,1779955341362696345,13.963455779,25.735
total_ms,bevfusion_2_7_opt_slow,15,1779955342377359420,14.978118854000002,23.659
total_ms,bevfusion_2_7_opt_slow,16,1779955343340402544,15.941161978,23.381
total_ms,bevfusion_2_7_opt_slow,17,1779955344359821203,16.960580637,22.935
total_ms,bevfusion_2_7_opt_slow,18,1779955345347265448,17.948024882000002,18.517
total_ms,bevfusion_2_7_opt_slow,19,1779955346328903042,18.929662476,18.829
total_ms,bevfusion_2_7_opt_slow,20,1779955347337053531,19.937812965000003,21.157
total_ms,bevfusion_2_7_opt_slow,21,1779955348339199688,20.939959122,16.388
total_ms,bevfusion_2_7_opt_slow,22,1779955349330887935,21.931647369,17.305
total_ms,bevfusion_2_7_opt_slow,23,1779955350347903415,22.948662849,18.915
total_ms,bevfusion_2_7_opt_slow,24,1779955351372884667,23.973644101,19.105
total_ms,bevfusion_2_7_opt_slow,25,1779955352354834547,24.955593981,19.368
total_ms,bevfusion_2_7_opt_slow,26,1779955353362226089,25.962985523,24.105
total_ms,bevfusion_2_7_opt_slow,27,1779955354380580038,26.981339472000002,23.299
total_ms,bevfusion_2_7_opt_slow,28,1779955355352503875,27.953263309,23.596
total_ms,bevfusion_2_7_opt_slow,29,1779955356386122111,28.986881545000003,24.337
total_ms,bevfusion_2_7_opt_slow,30,1779955357369436481,29.970195915,23.08
total_ms,bevfusion_2_7_opt_slow,31,1779955358350564278,30.951323712,22.91
total_ms,bevfusion_2_7_opt_slow,32,1779955359381668937,31.982428371,23.556
total_ms,bevfusion_2_7_opt_slow,33,1779955360360625327,32.961384761000005,19.812
total_ms,bevfusion_2_7_opt_slow,34,1779955361354070105,33.954829539,24.603
total_ms,bevfusion_2_7_opt_slow,35,1779955362343911944,34.944671378,24.204
total_ms,bevfusion_2_7_opt_slow,36,1779955363400220615,36.000980049,37.871
total_ms,bevfusion_2_7_opt_slow,37,1779955364340337351,36.941096785,18.967
total_ms,bevfusion_2_7_opt_slow,38,1779955365359682954,37.960442388000004,22.742
total_ms,bevfusion_2_7_opt_slow,39,1779955366341107585,38.941867019,19.018
total_ms,bevfusion_2_7_opt_slow,40,1779955367340712835,39.941472269,23.273
total_ms,bevfusion_2_7_opt_slow,41,1779955368342949678,40.943709112,24.49
total_ms,bevfusion_2_7_opt_slow,42,1779955369365061172,41.965820606,18.288
total_ms,bevfusion_2_7_opt_slow,43,1779955370424237462,43.024996896000005,19.769
total_ms,bevfusion_2_7_opt_slow,44,1779955371352032893,43.952792327000004,21.397
total_ms,bevfusion_2_7_opt_slow,45,1779955372350360425,44.951119859,19.573
total_ms,bevfusion_2_7_opt_slow,46,1779955373342458963,45.943218397,24.35
total_ms,bevfusion_2_7_opt_slow,47,1779955374340525602,46.941285036000004,21.199
total_ms,bevfusion_2_7_opt_slow,48,1779955375335398278,47.936157712,19.514
total_ms,bevfusion_2_7_opt_slow,49,1779955376344919468,48.945678902000004,22.574
total_ms,bevfusion_2_7_opt_slow,50,1779955377328655305,49.929414739,18.655
total_ms,bevfusion_2_7_opt_slow,51,1779955378344562820,50.945322254000004,21.831
total_ms,bevfusion_2_7_opt_slow,52,1779955379368613772,51.969373206,18.403
total_ms,bevfusion_2_7_opt_slow,53,1779955380329395401,52.930154835,19.473
total_ms,bevfusion_2_7_opt_slow,54,1779955381331970200,53.932729634000005,19.667
total_ms,bevfusion_2_7_opt_slow,55,1779955382342680686,54.943440120000005,18.778
total_ms,bevfusion_2_7_opt_slow,56,1779955383356851642,55.957611076000006,18.884
total_ms,bevfusion_2_7_opt_slow,57,1779955384368992402,56.969751836,24.976
total_ms,bevfusion_2_7_opt_slow,58,1779955385348334905,57.949094339000006,22.535
total_ms,bevfusion_2_7_opt_slow,59,1779955386345369567,58.946129001,23.397
total_ms,bevfusion_2_7_opt_slow,60,1779955387330410201,59.931169635,18.176
total_ms,bevfusion_2_7_opt_slow,61,1779955388352892082,60.953651516,23.049
total_ms,bevfusion_2_7_opt_slow,62,1779955389371576829,61.972336263,23.76
total_ms,bevfusion_2_7_opt_slow,63,1779955390364771233,62.965530667,18.093
total_ms,bevfusion_2_7_opt_slow,64,1779955391349780857,63.950540291,17.615
total_ms,bevfusion_2_7_opt_slow,65,1779955392339021476,64.93978091000001,24.313
total_ms,bevfusion_2_7_opt_slow,66,1779955393340524791,65.941284225,19.434
total_ms,bevfusion_2_7_opt_slow,67,1779955394328080711,66.92884014500001,17.663
total_ms,bevfusion_2_7_opt_slow,68,1779955395349142897,67.949902331,17.842
total_ms,bevfusion_2_7_opt_slow,69,1779955396365654201,68.96641363500001,19.673
total_ms,bevfusion_2_7_opt_slow,70,1779955397328947716,69.92970715,16.604
total_ms,bevfusion_2_7_opt_slow,71,1779955398332253522,70.933012956,22.658
total_ms,bevfusion_2_7_opt_slow,72,1779955399337437683,71.938197117,21.593
total_ms,bevfusion_2_7_opt_slow,73,1779955400331300093,72.932059527,15.664
total_ms,bevfusion_2_7_opt_slow,74,1779955401335195427,73.935954861,17.81
total_ms,bevfusion_2_7_opt_slow,75,1779955402368845267,74.96960470100001,21.636
total_ms,bevfusion_2_7_opt_slow,76,1779955403353376353,75.954135787,20.609
total_ms,bevfusion_2_7_opt_slow,77,1779955404355304610,76.956064044,19.001
total_ms,bevfusion_2_7_opt_slow,78,1779955405356169308,77.956928742,21.87
total_ms,bevfusion_2_7_opt_slow,79,1779955406362642568,78.96340200200001,23.45
total_ms,bevfusion_2_7_opt_slow,80,1779955407333694681,79.93445411500001,22.414
total_ms,bevfusion_2_7_opt_slow,81,1779955408342206806,80.94296624,19.798
total_ms,bevfusion_2_7_opt_slow,82,1779955409356068383,81.956827817,23.773
total_ms,bevfusion_2_7_opt_slow,83,1779955410334035012,82.93479444600001,21.017
total_ms,bevfusion_2_7_opt_slow,84,1779955411331203681,83.931963115,22.06
total_ms,bevfusion_2_7_opt_slow,85,1779955412328441713,84.929201147,19.035
total_ms,bevfusion_2_7_opt_slow,86,1779955413349904652,85.950664086,18.07
total_ms,bevfusion_2_7_opt_slow,87,1779955414370977015,86.971736449,23.832
total_ms,bevfusion_2_7_opt_slow,88,1779955415331759394,87.932518828,23.509
total_ms,bevfusion_2_7_opt_slow,89,1779955416341966597,88.942726031,24.394
total_ms,bevfusion_2_7_opt_slow,90,1779955417340865559,89.941624993,19.345
total_ms,bevfusion_2_7_opt_slow,91,1779955418331213728,90.931973162,17.882
total_ms,bevfusion_2_7_opt_slow,92,1779955419334527886,91.93528732,20.054
total_ms,bevfusion_2_7_opt_slow,93,1779955420332166435,92.932925869,18.637
total_ms,bevfusion_2_7_opt_slow,94,1779955421341943128,93.94270256200001,17.002
total_ms,bevfusion_2_7_opt_slow,95,1779955422345031171,94.945790605,18.895
total_ms,bevfusion_2_7_opt_slow,96,1779955423341188176,95.94194761,18.431
total_ms,bevfusion_2_7_opt_slow,97,1779955424365715815,96.96647524900001,23.469
total_ms,bevfusion_2_7_opt_slow,98,1779955425363034650,97.963794084,18.315
total_ms,bevfusion_2_7_opt_slow,99,1779955426358271963,98.959031397,21.674
total_ms,bevfusion_2_7_opt_slow,100,1779955427339912586,99.94067202000001,17.327
total_ms,bevfusion_2_7_opt_slow,101,1779955428355868705,100.956628139,18.299
total_ms,bevfusion_2_7_opt_slow,102,1779955429339366025,101.940125459,19.142
total_ms,bevfusion_2_7_opt_slow,103,1779955430336249742,102.937009176,20.058
total_ms,bevfusion_2_7_opt_slow,104,1779955431341697670,103.94245710400001,20.929
total_ms,bevfusion_2_7_opt_slow,105,1779955432328152807,104.928912241,22.141
total_ms,bevfusion_2_7_opt_slow,106,1779955433365083758,105.96584319200001,21.734
total_ms,bevfusion_2_7_opt_slow,107,1779955434368094678,106.968854112,22.974
total_ms,bevfusion_2_7_opt_slow,108,1779955435349472892,107.950232326,22.744
total_ms,bevfusion_2_7_opt_slow,109,1779955436362798281,108.96355771500001,24.073
total_ms,bevfusion_2_7_opt_slow,110,1779955437336491229,109.937250663,23.481
total_ms,bevfusion_2_7_opt_slow,111,1779955438366509120,110.967268554,23.146
total_ms,bevfusion_2_7_opt_slow,112,1779955439364029965,111.96478939900001,20.195
total_ms,bevfusion_2_7_opt_slow,113,1779955440339500314,112.940259748,22.754
total_ms,bevfusion_2_7_opt_slow,114,1779955441340830001,113.94158943500001,19.163
total_ms,bevfusion_2_7_opt_slow,115,1779955442355624467,114.95638390100001,25.491
total_ms,bevfusion_2_7_opt_slow,116,1779955443340362518,115.941121952,18.282
total_ms,bevfusion_2_7_opt_slow,117,1779955444330755936,116.93151537000001,21.373
total_ms,bevfusion_2_7_opt_slow,118,1779955445349431105,117.950190539,20.034
total_ms,bevfusion_2_7_opt_slow,119,1779955446350057935,118.950817369,21.09
total_ms,bevfusion_2_7_opt_slow,120,1779955447358827686,119.95958712000001,22.298
total_ms,bevfusion_2_7_opt_slow,121,1779955448361893875,120.962653309,22.965
total_ms,bevfusion_2_7_opt_slow,122,1779955449344459978,121.94521941200001,18.09
total_ms,bevfusion_2_7_opt_slow,123,1779955450344989871,122.945749305,19.1
total_ms,bevfusion_2_7_opt_slow,124,1779955451349775963,123.95053539700001,18.11
total_ms,bevfusion_2_7_opt_slow,125,1779955452373259445,124.97401887900001,21.02
total_ms,bevfusion_2_7_opt_slow,126,1779955453347085517,125.94784495100001,20.837
total_ms,bevfusion_2_7_opt_slow,127,1779955454338766646,126.93952608000001,17.541
total_ms,bevfusion_2_7_opt_slow,128,1779955455360202941,127.96096237500001,20.666
total_ms,bevfusion_2_7_opt_slow,129,1779955456329618820,128.930378254,16.563
total_ms,bevfusion_2_7_opt_slow,130,1779955457347551810,129.948311244,20.727
total_ms,bevfusion_2_7_opt_slow,131,1779955458324786025,130.925545459,18.903
total_ms,bevfusion_2_7_opt_slow,132,1779955459344169525,131.944928959,19.518
total_ms,bevfusion_2_7_opt_slow,133,1779955460358607170,132.959366604,21.623
total_ms,bevfusion_2_7_opt_slow,134,1779955461348207380,133.94896681400002,15.803
total_ms,bevfusion_2_7_opt_slow,135,1779955462366452610,134.967212044,20.007
total_ms,bevfusion_2_7_opt_slow,136,1779955463339654370,135.940413804,19.371
total_ms,bevfusion_2_7_opt_slow,137,1779955464355398373,136.956157807,23.136
total_ms,bevfusion_2_7_opt_slow,138,1779955465345946784,137.946706218,21.577
total_ms,bevfusion_2_7_opt_slow,139,1779955466362344699,138.963104133,20.699
total_ms,bevfusion_2_7_opt_slow,140,1779955467335174791,139.935934225,17.825
total_ms,bevfusion_2_7_opt_slow,141,1779955468341629431,140.942388865,22.723
total_ms,bevfusion_2_7_opt_slow,142,1779955469325586312,141.926345746,18.29
total_ms,bevfusion_2_7_opt_slow,143,1779955470345098046,142.94585748,25.546
total_ms,bevfusion_2_7_opt_slow,144,1779955471330557223,143.931316657,19.14
total_ms,bevfusion_2_7_opt_slow,145,1779955472348787520,144.949546954,22.112
total_ms,bevfusion_2_7_opt_slow,146,1779955473375330331,145.976089765,19.868
total_ms,bevfusion_2_7_opt_slow,147,1779955474359391292,146.96015072600002,21.707
total_ms,bevfusion_2_7_opt_slow,148,1779955475382613908,147.98337334200002,24.76
total_ms,bevfusion_2_7_opt_slow,149,1779955476346876941,148.947636375,23.675
total_ms,bevfusion_2_7_opt_slow,150,1779955477331499391,149.93225882500002,19.538
total_ms,bevfusion_2_7_opt_slow,151,1779955478342773507,150.943532941,19.807
total_ms,bevfusion_2_7_opt_slow,152,1779955479361609107,151.96236854100002,19.531
total_ms,bevfusion_2_7_opt_slow,153,1779955480346731323,152.947490757,23.292
total_ms,bevfusion_2_7_opt_slow,154,1779955481348249958,153.94900939200002,22.699
total_ms,bevfusion_2_7_opt_slow,155,1779955482373456626,154.97421606,21.009
total_ms,bevfusion_2_7_opt_slow,156,1779955483343453182,155.94421261600002,23.329
total_ms,bevfusion_2_7_opt_slow,157,1779955484368641834,156.969401268,24.501
total_ms,bevfusion_2_7_opt_slow,158,1779955485358970547,157.959729981,17.731
total_ms,bevfusion_2_7_opt_slow,159,1779955486368913609,158.969673043,20.558
total_ms,bevfusion_2_7_opt_slow,160,1779955487334655947,159.935415381,23.85
total_ms,bevfusion_2_7_opt_slow,161,1779955488344806771,160.945566205,18.707
total_ms,bevfusion_2_7_opt_slow,162,1779955489360747739,161.961507173,19.753
total_ms,bevfusion_2_7_opt_slow,163,1779955490351709892,162.952469326,17.42
total_ms,bevfusion_2_7_opt_slow,164,1779955491354803708,163.95556314200002,19.175
total_ms,bevfusion_2_7_opt_slow,165,1779955492333358622,164.93411805600002,17.839
total_ms,bevfusion_2_7_opt_slow,166,1779955493341272812,165.942032246,24.774
total_ms,bevfusion_2_7_opt_slow,167,1779955494368561207,166.96932064100002,22.864
total_ms,bevfusion_2_7_opt_slow,168,1779955495344487424,167.94524685800002,17.153
total_ms,bevfusion_2_7_opt_slow,169,1779955496366141681,168.966901115,18.987
total_ms,bevfusion_2_7_opt_slow,170,1779955497330877085,169.93163651900002,22.351
total_ms,bevfusion_2_7_opt_slow,171,1779955498355044658,170.95580409200002,21.116
total_ms,bevfusion_2_7_opt_slow,172,1779955499356662693,171.957422127,19.614
total_ms,bevfusion_2_7_opt_slow,173,1779955500352754513,172.953513947,24.112
total_ms,bevfusion_2_7_opt_slow,174,1779955501351828767,173.952588201,20.728
total_ms,bevfusion_2_7_opt_slow,175,1779955502353039341,174.95379877500002,20.861
total_ms,bevfusion_2_7_opt_slow,176,1779955503344675126,175.94543456000002,19.515
total_ms,bevfusion_2_7_opt_slow,177,1779955504346752596,176.94751203,22.928
total_ms,bevfusion_2_7_opt_slow,178,1779955505379586064,177.98034549800002,22.839
total_ms,bevfusion_2_7_opt_slow,179,1779955506333797422,178.934556856,22.533
total_ms,bevfusion_2_7_opt_slow,180,1779955507334071011,179.93483044500002,17.963
total_ms,bevfusion_2_7_opt_slow,181,1779955508328496536,180.92925597,22.685
total_ms,bevfusion_2_7_opt_slow,182,1779955509336293745,181.937053179,18.759
total_ms,bevfusion_2_7_opt_slow,183,1779955510369091115,182.969850549,22.706
total_ms,bevfusion_2_7_opt_slow,184,1779955511354334495,183.95509392900001,19.227
total_ms,bevfusion_2_7_opt_slow,185,1779955512341144111,184.941903545,19.18
total_ms,bevfusion_2_7_opt_slow,186,1779955513324840816,185.92560025,16.539
total_ms,bevfusion_2_7_opt_slow,187,1779955514325460289,186.926219723,19.244
total_ms,bevfusion_2_7_opt_slow,188,1779955515342706523,187.943465957,20.509
total_ms,bevfusion_2_7_opt_slow,189,1779955516354872491,188.955631925,17.543
total_ms,bevfusion_2_7_opt_slow,190,1779955517349035792,189.94979522600002,23.919
total_ms,bevfusion_2_7_opt_slow,191,1779955518377041726,190.97780116,20.6
total_ms,bevfusion_2_7_opt_slow,192,1779955519345887646,191.94664708000002,15.394
total_ms,bevfusion_2_7_opt_slow,193,1779955520338685842,192.93944527600001,16.774
total_ms,bevfusion_2_7_opt_slow,194,1779955521327708783,193.92846821700002,15.938
total_ms,bevfusion_2_7_opt_slow,195,1779955522348832854,194.94959228800002,21.2
total_ms,bevfusion_2_7_opt_slow,196,1779955523331596434,195.932355868,16.028
total_ms,bevfusion_2_7_opt_slow,197,1779955524347982065,196.94874149900002,23.242
total_ms,bevfusion_2_7_opt_slow,198,1779955525343943521,197.94470295500003,16.427
total_ms,bevfusion_2_7_opt_slow,199,1779955526343992706,198.94475214000002,18.624
total_ms,bevfusion_2_7_opt_slow,200,1779955527340531011,199.94129044500002,18.464
total_ms,bevfusion_2_7_opt_slow,201,1779955528350253068,200.95101250200003,17.449
total_ms,bevfusion_2_7_opt_slow,202,1779955529332292848,201.933052282,21.721
total_ms,bevfusion_2_7_opt_slow,203,1779955530359944818,202.960704252,24.104
total_ms,bevfusion_2_7_opt_slow,204,1779955531337642551,203.938401985,19.218
total_ms,bevfusion_2_7_opt_slow,205,1779955532355202411,204.95596184500002,18.006
total_ms,bevfusion_2_7_opt_slow,206,1779955533348631544,205.94939097800003,19.238
total_ms,bevfusion_2_7_opt_slow,207,1779955534351869032,206.95262846600002,18.523
total_ms,bevfusion_2_7_opt_slow,208,1779955535336249434,207.93700886800002,19.77
total_ms,bevfusion_2_7_opt_slow,209,1779955536331683301,208.93244273500002,22.102
total_ms,bevfusion_2_7_opt_slow,210,1779955537345357704,209.946117138,18.537
total_ms,bevfusion_2_7_opt_slow,211,1779955538343757197,210.944516631,19.992
total_ms,bevfusion_2_7_opt_slow,212,1779955539368936747,211.96969618100002,22.375
total_ms,bevfusion_2_7_opt_slow,213,1779955540347774376,212.94853381000001,17.244
total_ms,bevfusion_2_7_opt_slow,214,1779955541336627442,213.937386876,22.716
total_ms,bevfusion_2_7_opt_slow,215,1779955542369960356,214.97071979,20.14
total_ms,bevfusion_2_7_opt_slow,216,1779955543344349257,215.945108691,16.844
total_ms,bevfusion_2_7_opt_slow,217,1779955544341006639,216.94176607300003,22.753
total_ms,bevfusion_2_7_opt_slow,218,1779955545346468155,217.94722758900002,20.077
total_ms,bevfusion_2_7_opt_slow,219,1779955546366360687,218.96712012100002,20.214
total_ms,bevfusion_2_7_opt_slow,220,1779955547348325341,219.94908477500002,18.781
total_ms,bevfusion_2_7_opt_slow,221,1779955548332600932,220.93336036600002,19.436
total_ms,bevfusion_2_7_opt_slow,222,1779955549329749179,221.930508613,23.444
total_ms,bevfusion_2_7_opt_slow,223,1779955550329091775,222.92985120900002,18.857
total_ms,bevfusion_2_7_opt_slow,224,1779955551383169514,223.98392894800003,22.113
total_ms,bevfusion_2_7_opt_slow,225,1779955552355258898,224.956018332,22.901
total_ms,bevfusion_2_7_opt_slow,226,1779955553341500267,225.942259701,20.098
total_ms,bevfusion_2_7_opt_slow,227,1779955554358548618,226.959308052,20.57
total_ms,bevfusion_2_7_opt_slow,228,1779955555366173176,227.96693261000001,20.128
total_ms,bevfusion_2_7_opt_slow,229,1779955556341274628,228.942034062,24.352
total_ms,bevfusion_2_7_opt_slow,230,1779955557348963349,229.94972278300003,18.07
total_ms,bevfusion_2_7_opt_slow,231,1779955558333419734,230.93417916800001,21.258
total_ms,bevfusion_2_7_opt_slow,232,1779955559330653010,231.93141244400002,18.928
total_ms,bevfusion_2_7_opt_slow,233,1779955560337497778,232.93825721200002,19.349
total_ms,bevfusion_2_7_opt_slow,234,1779955561364398537,233.96515797100002,21.177
total_ms,bevfusion_2_7_opt_slow,235,1779955562359244634,234.96000406800002,22.206
total_ms,bevfusion_2_7_opt_slow,236,1779955563370285845,235.971045279,19.365
total_ms,bevfusion_2_7_opt_slow,237,1779955564357390693,236.958150127,22.415
total_ms,bevfusion_2_7_opt_slow,238,1779955565351545519,237.952304953,18.873
total_ms,bevfusion_2_7_opt_slow,239,1779955566342879847,238.943639281,19.734
total_ms,bevfusion_2_7_opt_slow,240,1779955567380361280,239.981120714,22.976
total_ms,bevfusion_2_7_opt_slow,241,1779955568345289701,240.946049135,22.855
total_ms,bevfusion_2_7_opt_slow,242,1779955569373518898,241.974278332,20.139
total_ms,bevfusion_2_7_opt_slow,243,1779955570338139074,242.93889850800002,20.088
total_ms,bevfusion_2_7_opt_slow,244,1779955571359623636,243.96038307,24.488
total_ms,bevfusion_2_7_opt_slow,245,1779955572343082347,244.943841781,20.862
total_ms,bevfusion_2_7_opt_slow,246,1779955573346568629,245.94732806300001,21.637
total_ms,bevfusion_2_7_opt_slow,247,1779955574370543903,246.97130333700002,20.489
total_ms,bevfusion_2_7_opt_slow,248,1779955575349552061,247.95031149500002,22.03
total_ms,bevfusion_2_7_opt_slow,249,1779955576339058471,248.939817905,19.874
total_ms,bevfusion_2_7_opt_slow,250,1779955577331478580,249.932238014,19.154
total_ms,bevfusion_2_7_opt_slow,251,1779955578372079272,250.972838706,21.639
total_ms,bevfusion_2_7_opt_slow,252,1779955579344463907,251.945223341,18.632
total_ms,bevfusion_2_7_opt_slow,253,1779955580362281594,252.96304102800002,18.396
total_ms,bevfusion_2_7_opt_slow,254,1779955581327879306,253.92863874000003,21.576
total_ms,bevfusion_2_7_opt_slow,255,1779955582339197960,254.939957394,20.472
total_ms,bevfusion_2_7_opt_slow,256,1779955583361284610,255.962044044,18.307
total_ms,bevfusion_2_7_opt_slow,257,1779955584325746648,256.926506082,18.234
total_ms,bevfusion_2_7_opt_slow,258,1779955585331536085,257.93229551900004,17.734
total_ms,bevfusion_2_7_opt_slow,259,1779955586352313719,258.953073153,20.563
total_ms,bevfusion_2_7_opt_slow,260,1779955587341921143,259.94268057700003,24.101
total_ms,bevfusion_2_7_opt_slow,261,1779955588356168546,260.95692798,22.426
total_ms,bevfusion_2_7_opt_slow,262,1779955589333365880,261.934125314,18.088
total_ms,bevfusion_2_7_opt_slow,263,1779955590343325219,262.944084653,20.754
total_ms,bevfusion_2_7_opt_slow,264,1779955591346656438,263.947415872,18.301
total_ms,bevfusion_2_7_opt_slow,265,1779955592356562576,264.95732201000004,21.991
total_ms,bevfusion_2_7_opt_slow,266,1779955593346555341,265.947314775,25.047
total_ms,bevfusion_2_7_opt_slow,267,1779955594355036077,266.955795511,20.483
total_ms,bevfusion_2_7_opt_slow,268,1779955595334301480,267.935060914,19.145
total_ms,bevfusion_2_7_opt_slow,269,1779955596335492175,268.936251609,19.302
total_ms,bevfusion_2_7_opt_slow,270,1779955597364918708,269.965678142,19.118
total_ms,bevfusion_2_7_opt_slow,271,1779955598367974260,270.96873369400004,19.81
total_ms,bevfusion_2_7_opt_slow,272,1779955599342088534,271.942847968,18.938
total_ms,bevfusion_2_7_opt_slow,273,1779955600354439317,272.955198751,22.125
total_ms,bevfusion_2_7_opt_slow,274,1779955601328839262,273.929598696,19.045
total_ms,bevfusion_2_7_opt_slow,275,1779955602342882641,274.943642075,19.565
total_ms,bevfusion_2_7_opt_slow,276,1779955603352417987,275.953177421,18.117
total_ms,bevfusion_2_7_opt_slow,277,1779955604359002214,276.95976164800004,22.567
total_ms,bevfusion_2_7_opt_slow,278,1779955605357272038,277.958031472,18.221
total_ms,bevfusion_2_7_opt_slow,279,1779955606349254946,278.95001438,22.72
total_ms,bevfusion_2_7_opt_slow,280,1779955607346428673,279.94718810700004,23.826
total_ms,bevfusion_2_7_opt_slow,281,1779955608357391463,280.958150897,23.323
total_ms,bevfusion_2_7_opt_slow,282,1779955609358520821,281.959280255,21.165
total_ms,bevfusion_2_7_opt_slow,283,1779955610357918996,282.95867843,17.802
total_ms,bevfusion_2_7_opt_slow,284,1779955611339632330,283.940391764,22.212
total_ms,bevfusion_2_7_opt_slow,285,1779955612331656009,284.932415443,18.138
total_ms,bevfusion_2_7_opt_slow,286,1779955613333028879,285.93378831300004,19.212
total_ms,bevfusion_2_7_opt_slow,287,1779955614343966878,286.944726312,22.644
total_ms,bevfusion_2_7_opt_slow,288,1779955615376085738,287.976845172,22.196
total_ms,bevfusion_2_7_opt_slow,289,1779955616337537645,288.938297079,19.32
total_ms,bevfusion_2_7_opt_slow,290,1779955617349236600,289.94999603400004,20.353
total_ms,bevfusion_2_7_opt_slow,291,1779955618354123598,290.954883032,18.186
total_ms,bevfusion_2_7_opt_slow,292,1779955619353374604,291.954134038,22.074
total_ms,bevfusion_2_7_opt_slow,293,1779955620351724745,292.952484179,24.267
total_ms,bevfusion_2_7_opt_slow,294,1779955621338046401,293.93880583500004,23.927
total_ms,bevfusion_2_7_opt_slow,295,1779955622386955261,294.987714695,23.627
total_ms,bevfusion_2_7_opt_slow,296,1779955623327736153,295.92849558700004,17.655
total_ms,bevfusion_2_7_opt_slow,297,1779955624360241314,296.961000748,16.625
total_ms,bevfusion_2_7_opt_slow,298,1779955625334620955,297.93538038900004,22.801
total_ms,bevfusion_2_7_opt_slow,299,1779955626345939995,298.94669942900003,24.825
total_ms,bevfusion_2_7_opt_slow,300,1779955627371755189,299.972514623,20.33
total_ms,bevfusion_2_7_opt_slow,301,1779955628374405279,300.975164713,22.673
total_ms,bevfusion_2_7_opt_slow,302,1779955629353820934,301.954580368,18.571
total_ms,bevfusion_2_7_opt_slow,303,1779955630329106404,302.929865838,21.486
total_ms,bevfusion_2_7_opt_slow,304,1779955631356192627,303.95695206100004,22.879
total_ms,bevfusion_2_7_opt_slow,305,1779955632364820823,304.965580257,23.571
total_ms,bevfusion_2_7_opt_slow,306,1779955633354160581,305.954920015,22.465
total_ms,bevfusion_2_7_opt_slow,307,1779955634354820695,306.955580129,22.228
total_ms,bevfusion_2_7_opt_slow,308,1779955635350648577,307.951408011,23.802
total_ms,bevfusion_2_7_opt_slow,309,1779955636331059140,308.93181857400003,18.941
total_ms,bevfusion_2_7_opt_slow,310,1779955637362786851,309.963546285,22.957
total_ms,bevfusion_2_7_opt_slow,311,1779955638347453446,310.94821288,23.478
total_ms,bevfusion_2_7_opt_slow,312,1779955639332246841,311.933006275,21.688
total_ms,bevfusion_2_7_opt_slow,313,1779955640339901042,312.940660476,23.621
total_ms,bevfusion_2_7_opt_slow,314,1779955641341675350,313.942434784,22.075
total_ms,bevfusion_2_7_opt_slow,315,1779955642344267058,314.945026492,21.758
total_ms,bevfusion_2_7_opt_slow,316,1779955643348598254,315.949357688,23.401
total_ms,bevfusion_2_7_opt_slow,317,1779955644343831814,316.944591248,23.944
total_ms,bevfusion_2_7_opt_slow,318,1779955645376495305,317.97725473900005,21.36
total_ms,bevfusion_2_7_opt_slow,319,1779955646350944080,318.95170351400003,23.433
total_ms,bevfusion_2_7_opt_slow,320,1779955647341761268,319.942520702,18.69
total_ms,bevfusion_2_7_opt_slow,321,1779955648354566815,320.955326249,20.443
total_ms,bevfusion_2_7_opt_slow,322,1779955649331677771,321.93243720500004,23.096
total_ms,bevfusion_2_7_opt_slow,323,1779955650338721372,322.939480806,17.807
total_ms,bevfusion_2_7_opt_slow,324,1779955651346378860,323.947138294,19.204
total_ms,bevfusion_2_7_opt_slow,325,1779955652338113413,324.938872847,21.302
total_ms,bevfusion_2_7_opt_slow,326,1779955653362811361,325.963570795,23.007
total_ms,bevfusion_2_7_opt_slow,327,1779955654340254442,326.941013876,18.701
total_ms,bevfusion_2_7_opt_slow,328,1779955655342331062,327.943090496,22.959
total_ms,bevfusion_2_7_opt_slow,329,1779955656378170824,328.97893025800005,35.705
total_ms,bevfusion_2_7_opt_slow,330,1779955657344070884,329.944830318,19.928
total_ms,bevfusion_2_7_opt_slow,331,1779955658344238734,330.94499816800004,22.681
total_ms,bevfusion_2_7_opt_slow,332,1779955659340920973,331.94168040700004,24.243
total_ms,bevfusion_2_7_opt_slow,333,1779955660378941570,332.97970100400005,19.885
total_ms,bevfusion_2_7_opt_slow,334,1779955661351923702,333.952683136,17.085
total_ms,bevfusion_2_7_opt_slow,335,1779955662346186621,334.946946055,23.52
total_ms,bevfusion_2_7_opt_slow,336,1779955663369507545,335.97026697900003,16.664
total_ms,bevfusion_2_7_opt_slow,337,1779955664359336628,336.96009606200005,21.928
total_ms,bevfusion_2_7_opt_slow,338,1779955665367072549,337.967831983,23.712
total_ms,bevfusion_2_7_opt_slow,339,1779955666341853857,338.94261329100004,18.65
total_ms,bevfusion_2_7_opt_slow,340,1779955667406841960,340.007601394,20.168
total_ms,bevfusion_2_7_opt_slow,341,1779955668333132823,340.933892257,22.799
total_ms,bevfusion_2_7_opt_slow,342,1779955669351384126,341.95214356,21.109
total_ms,bevfusion_2_7_opt_slow,343,1779955670374931801,342.975691235,22.543
total_ms,bevfusion_2_7_opt_slow,344,1779955671353673148,343.95443258200004,18.404
total_ms,bevfusion_2_7_opt_slow,345,1779955672339462706,344.94022214,20.689
total_ms,bevfusion_2_7_opt_slow,346,1779955673365851775,345.966611209,18.656
total_ms,bevfusion_2_7_opt_slow,347,1779955674348433525,346.949192959,23.606
total_ms,bevfusion_2_7_opt_slow,348,1779955675341533573,347.94229300700005,19.957
total_ms,bevfusion_2_7_opt_slow,349,1779955676327444689,348.928204123,19.295
total_ms,bevfusion_2_7_opt_slow,350,1779955677377781813,349.978541247,29.411
total_ms,bevfusion_2_7_opt_slow,351,1779955678345490504,350.946249938,20.281
total_ms,bevfusion_2_7_opt_slow,352,1779955679351461219,351.95222065300004,18.9
total_ms,bevfusion_2_7_opt_slow,353,1779955680380769916,352.98152935,29.186
total_ms,bevfusion_2_7_opt_slow,354,1779955681343574614,353.94433404800003,18.457
total_ms,bevfusion_2_7_opt_slow,355,1779955682353549263,354.95430869700004,23.709
total_ms,bevfusion_2_7_opt_slow,356,1779955683348522258,355.949281692,24.813
total_ms,bevfusion_2_7_opt_slow,357,1779955684391432249,356.99219168300004,29.948
total_ms,bevfusion_2_7_opt_slow,358,1779955685353457453,357.95421688700003,22.289
total_ms,bevfusion_2_7_opt_slow,359,1779955686347962909,358.94872234300004,18.91
total_ms,bevfusion_2_7_opt_slow,360,1779955687346530195,359.947289629,25.587
total_ms,bevfusion_2_7_opt_slow,361,1779955688359605811,360.96036524500005,20.793
total_ms,bevfusion_2_7_opt_slow,362,1779955689364691663,361.965451097,22.922
total_ms,bevfusion_2_7_opt_slow,363,1779955690332320874,362.933080308,22.813
total_ms,bevfusion_2_7_opt_slow,364,1779955691338190175,363.938949609,20.448
total_ms,bevfusion_2_7_opt_slow,365,1779955692343629791,364.944389225,24.123
total_ms,bevfusion_2_7_opt_slow,366,1779955693331605784,365.93236521800003,23.075
total_ms,bevfusion_2_7_opt_slow,367,1779955694343583707,366.94434314100005,24.051
total_ms,bevfusion_2_7_opt_slow,368,1779955695342197558,367.942956992,22.89
total_ms,bevfusion_2_7_opt_slow,369,1779955696341341885,368.942101319,23.515
total_ms,bevfusion_2_7_opt_slow,370,1779955697359894270,369.96065370400004,18.58
total_ms,bevfusion_2_7_opt_slow,371,1779955698333396349,370.93415578300005,19.643
total_ms,bevfusion_2_7_opt_slow,372,1779955699339502043,371.94026147700004,19.819
total_ms,bevfusion_2_7_opt_slow,373,1779955700337036353,372.937795787,22.188
total_ms,bevfusion_2_7_opt_slow,374,1779955701336216926,373.93697636,19.763
total_ms,bevfusion_2_7_opt_slow,375,1779955702342928515,374.94368794900004,21.919
total_ms,bevfusion_2_7_opt_slow,376,1779955703347928329,375.948687763,24.707
total_ms,bevfusion_2_7_opt_slow,377,1779955704354662288,376.95542172200004,22.382
total_ms,bevfusion_2_7_opt_slow,378,1779955705332222770,377.93298220400004,22.652
total_ms,bevfusion_2_7_opt_slow,379,1779955706339606687,378.940366121,22.949
total_ms,bevfusion_2_7_opt_slow,380,1779955707361932700,379.962692134,18.058
total_ms,bevfusion_2_7_opt_slow,381,1779955708332650850,380.93341028400005,18.17
total_ms,bevfusion_2_7_opt_slow,382,1779955709363661276,381.96442071,19.622
total_ms,bevfusion_2_7_opt_slow,383,1779955710346267330,382.94702676400004,21.781
total_ms,bevfusion_2_7_opt_slow,384,1779955711328514759,383.929274193,18.848
total_ms,bevfusion_2_7_opt_slow,385,1779955712370496527,384.971255961,18.965
total_ms,bevfusion_2_7_opt_slow,386,1779955713377512758,385.978272192,23.397
total_ms,bevfusion_2_7_opt_slow,387,1779955714353863643,386.954623077,17.462
total_ms,bevfusion_2_7_opt_slow,388,1779955715348847590,387.94960702400004,21.296
total_ms,bevfusion_2_7_opt_slow,389,1779955716346130074,388.946889508,23.516
total_ms,bevfusion_2_7_opt_slow,390,1779955717351332033,389.952091467,23.258
total_ms,bevfusion_2_7_opt_slow,391,1779955718346074535,390.946833969,24.175
total_ms,bevfusion_2_7_opt_slow,392,1779955719359250369,391.96000980300005,18.359
total_ms,bevfusion_2_7_opt_slow,393,1779955720355604577,392.956364011,20.084
total_ms,bevfusion_2_7_opt_slow,394,1779955721346904936,393.94766437000004,25.124
total_ms,bevfusion_2_7_opt_slow,395,1779955722370332196,394.97109163000005,22.462
total_ms,bevfusion_2_7_opt_slow,396,1779955723348123475,395.948882909,22.2
total_ms,bevfusion_2_7_opt_slow,397,1779955724333113570,396.933873004,20.133
total_ms,bevfusion_2_7_opt_slow,398,1779955725342359463,397.94311889700003,23.216
total_ms,bevfusion_2_7_opt_slow,399,1779955726347267309,398.948026743,19.175
total_ms,bevfusion_2_7_opt_slow,400,1779955727358739246,399.95949868,25.225
total_ms,bevfusion_2_7_opt_slow,401,1779955728333469709,400.93422914300004,22.831
total_ms,bevfusion_2_7_opt_slow,402,1779955729385147380,401.98590681400003,18.161
total_ms,bevfusion_2_7_opt_slow,403,1779955730354307661,402.955067095,24.158
total_ms,bevfusion_2_7_opt_slow,404,1779955731365148246,403.96590768000004,20.402
total_ms,bevfusion_2_7_opt_slow,405,1779955732341611504,404.942370938,22.188
total_ms,bevfusion_2_7_opt_slow,406,1779955733339969892,405.94072932600005,22.99
total_ms,bevfusion_2_7_opt_slow,407,1779955734343205212,406.94396464600004,20.698
total_ms,bevfusion_2_7_opt_slow,408,1779955735369469598,407.970229032,21.993
total_ms,bevfusion_2_7_opt_slow,409,1779955736333195573,408.933955007,21.342
total_ms,bevfusion_2_7_opt_slow,410,1779955737347403860,409.94816329400004,22.853
total_ms,bevfusion_2_7_opt_slow,411,1779955738355302619,410.95606205300004,19.712
total_ms,bevfusion_2_7_opt_slow,412,1779955739341984220,411.942743654,23.426
total_ms,bevfusion_2_7_opt_slow,413,1779955740341127644,412.94188707800004,21.389
total_ms,bevfusion_2_7_opt_slow,414,1779955741354520062,413.955279496,21.229
total_ms,bevfusion_2_7_opt_slow,415,1779955742367025687,414.967785121,19.708
total_ms,bevfusion_2_7_opt_slow,416,1779955743376194218,415.976953652,20.936
total_ms,bevfusion_2_7_opt_slow,417,1779955744358638609,416.959398043,20.157
total_ms,bevfusion_2_7_opt_slow,418,1779955745346459164,417.947218598,20.867
total_ms,bevfusion_2_7_opt_slow,419,1779955746360224212,418.96098364600005,23.087
total_ms,bevfusion_2_7_opt_slow,420,1779955747362906578,419.96366601200003,19.329
total_ms,bevfusion_2_7_opt_slow,421,1779955748370652047,420.971411481,23.22
total_ms,bevfusion_2_7_opt_slow,422,1779955749351951823,421.95271125700003,22.47
total_ms,bevfusion_2_7_opt_slow,423,1779955750328147987,422.928907421,18.831
total_ms,bevfusion_2_7_opt_slow,424,1779955751346030810,423.946790244,20.493
total_ms,bevfusion_2_7_opt_slow,425,1779955752345339955,424.94609938900004,23.044
total_ms,bevfusion_2_7_opt_slow,426,1779955753340346316,425.94110575,20.918
total_ms,bevfusion_2_7_opt_slow,427,1779955754335930568,426.93669000200003,18.528
total_ms,bevfusion_2_7_opt_slow,428,1779955755370847179,427.971606613,19.446
total_ms,bevfusion_2_7_opt_slow,429,1779955756352666091,428.953425525,24.079
total_ms,bevfusion_2_7_opt_slow,430,1779955757328775912,429.929535346,18.623
total_ms,bevfusion_2_7_opt_slow,431,1779955758342593767,430.94335320100004,20.367
total_ms,bevfusion_2_7_opt_slow,432,1779955759341619115,431.942378549,18.786
total_ms,bevfusion_2_7_opt_slow,433,1779955760361379265,432.96213869900004,23.081
total_ms,bevfusion_2_7_opt_slow,434,1779955761353421524,433.95418095800005,23.172
total_ms,bevfusion_2_7_opt_slow,435,1779955762365518728,434.96627816200004,19.85
total_ms,bevfusion_2_7_opt_slow,436,1779955763344612211,435.945371645,20.3
total_ms,bevfusion_2_7_opt_slow,437,1779955764357862627,436.958622061,23.03
total_ms,bevfusion_2_7_opt_slow,438,1779955765399594574,438.00035400800004,23.954
total_ms,bevfusion_2_7_opt_slow,439,1779955766345672320,438.946431754,20.068
total_ms,bevfusion_2_7_opt_slow,440,1779955767344180274,439.94493970800005,24.577
total_ms,bevfusion_2_7_opt_slow,441,1779955768382545682,440.98330511600005,20.538
total_ms,bevfusion_2_7_opt_slow,442,1779955769375809978,441.976569412,22.55
total_ms,bevfusion_2_7_opt_slow,443,1779955770375245740,442.976005174,21.445
total_ms,bevfusion_2_7_opt_slow,444,1779955771326523755,443.92728318900004,17.94
total_ms,bevfusion_2_7_opt_slow,445,1779955772344636122,444.94539555600005,19.22
total_ms,bevfusion_2_7_opt_slow,446,1779955773349294641,445.950054075,23.582
total_ms,bevfusion_2_7_opt_slow,447,1779955774344612796,446.94537223000003,22.285
total_ms,bevfusion_2_7_opt_slow,448,1779955775329832863,447.93059229700003,18.883
total_ms,bevfusion_2_7_opt_slow,449,1779955776329974763,448.93073419700005,18.321
total_ms,bevfusion_2_7_opt_slow,450,1779955777333813596,449.93457303,22.321
total_ms,bevfusion_2_7_opt_slow,451,1779955778343202534,450.94396196800005,18.887
total_ms,bevfusion_2_7_opt_slow,452,1779955779350156962,451.950916396,23.624
total_ms,bevfusion_2_7_opt_slow,453,1779955780337321446,452.93808088000003,21.528
total_ms,bevfusion_2_7_opt_slow,454,1779955781334310951,453.935070385,24.513
total_ms,bevfusion_2_7_opt_slow,455,1779955782348988872,454.949748306,21.151
total_ms,bevfusion_2_7_opt_slow,456,1779955783338385071,455.939144505,17.804
total_ms,bevfusion_2_7_opt_slow,457,1779955784347913271,456.94867270500004,21.675
total_ms,bevfusion_2_7_opt_slow,458,1779955785342587461,457.94334689500005,22.958
total_ms,bevfusion_2_7_opt_slow,459,1779955786333498258,458.934257692,20.22
total_ms,bevfusion_2_7_opt_slow,460,1779955787349584241,459.95034367500006,20.872
total_ms,bevfusion_2_7_opt_slow,461,1779955788347068841,460.947828275,19.897
total_ms,bevfusion_2_7_opt_slow,462,1779955789360447684,461.961207118,19.0
total_ms,bevfusion_2_7_opt_slow,463,1779955790329106065,462.929865499,17.967
total_ms,bevfusion_2_7_opt_slow,464,1779955791364174523,463.964933957,22.97
total_ms,bevfusion_2_7_opt_slow,465,1779955792330804488,464.931563922,18.437
total_ms,bevfusion_2_7_opt_slow,466,1779955793368228586,465.96898802000004,22.657
total_ms,bevfusion_2_7_opt_slow,467,1779955794333036125,466.93379555900003,19.429
total_ms,bevfusion_2_7_opt_slow,468,1779955795354411279,467.95517071300003,18.729
total_ms,bevfusion_2_7_opt_slow,469,1779955796345247369,468.94600680300005,24.077
total_ms,bevfusion_2_7_opt_slow,470,1779955797335805924,469.93656535800005,19.143
total_ms,bevfusion_2_7_opt_slow,471,1779955798346089164,470.94684859800003,19.408
total_ms,bevfusion_2_7_opt_slow,472,1779955799374396739,471.975156173,23.169
total_ms,bevfusion_2_7_opt_slow,473,1779955800344460010,472.94521944400003,19.2
total_ms,bevfusion_2_7_opt_slow,474,1779955801355060241,473.95581967500004,19.569
total_ms,bevfusion_2_7_opt_slow,475,1779955802357080130,474.95783956400004,20.028
total_ms,bevfusion_2_7_opt_slow,476,1779955803334205652,475.93496508600003,19.555
total_ms,bevfusion_2_7_opt_slow,477,1779955804337276249,476.938035683,20.33
total_ms,bevfusion_2_7_opt_slow,478,1779955805338512588,477.939272022,21.241
total_ms,bevfusion_2_7_opt_slow,479,1779955806347096092,478.947855526,19.034
total_ms,bevfusion_2_7_opt_slow,480,1779955807337370456,479.93812989,17.745
total_ms,bevfusion_2_7_opt_slow,481,1779955808350518030,480.95127746400004,24.154
total_ms,bevfusion_2_7_opt_slow,482,1779955809337546491,481.938305925,21.309
total_ms,bevfusion_2_7_opt_slow,483,1779955810350390763,482.951150197,22.509
total_ms,bevfusion_2_7_opt_slow,484,1779955811336213318,483.93697275200003,20.463
total_ms,bevfusion_2_7_opt_slow,485,1779955812372653087,484.97341252100006,22.427
total_ms,bevfusion_2_7_opt_slow,486,1779955813345723035,485.94648246900005,23.049
total_ms,bevfusion_2_7_opt_slow,487,1779955814344766709,486.94552614300005,20.014
total_ms,bevfusion_2_7_opt_slow,488,1779955815373973607,487.97473304100004,23.477
total_ms,bevfusion_2_7_opt_slow,489,1779955816345810684,488.946570118,19.872
total_ms,bevfusion_2_7_opt_slow,490,1779955817353853876,489.95461331,21.671
total_ms,bevfusion_2_7_opt_slow,491,1779955818362320176,490.96307961,22.705
total_ms,bevfusion_2_7_opt_slow,492,1779955819336353671,491.93711310500004,18.612
total_ms,bevfusion_2_7_opt_slow,493,1779955820356310455,492.957069889,23.413
total_ms,bevfusion_2_7_opt_slow,494,1779955821350298541,493.951057975,22.523
total_ms,bevfusion_2_7_opt_slow,495,1779955822328450201,494.929209635,17.455
total_ms,bevfusion_2_7_opt_slow,496,1779955823368792331,495.969551765,18.75
total_ms,bevfusion_2_7_opt_slow,497,1779955824375163707,496.975923141,19.745
total_ms,bevfusion_2_7_opt_slow,498,1779955825373896331,497.974655765,18.649
total_ms,bevfusion_2_7_opt_slow,499,1779955826347660651,498.948420085,22.854
total_ms,bevfusion_2_7_opt_slow,500,1779955827359856430,499.96061586400003,24.052
total_ms,bevfusion_2_7_opt_slow,501,1779955828367548427,500.968307861,21.065
total_ms,bevfusion_2_7_opt_slow,502,1779955829365754700,501.966514134,24.161
total_ms,bevfusion_2_7_opt_slow,503,1779955830328722017,502.929481451,18.802
total_ms,bevfusion_2_7_opt_slow,504,1779955831354084132,503.954843566,23.595
total_ms,bevfusion_2_7_opt_slow,505,1779955832335902124,504.936661558,22.051
total_ms,bevfusion_2_7_opt_slow,506,1779955833364882462,505.965641896,21.142
total_ms,bevfusion_2_7_opt_slow,507,1779955834361456449,506.96221588300006,17.467
total_ms,bevfusion_2_7_opt_slow,508,1779955835358949783,507.959709217,23.642
total_ms,bevfusion_2_7_opt_slow,509,1779955836339856812,508.94061624600005,19.456
total_ms,bevfusion_2_7_opt_slow,510,1779955837335907336,509.93666677000004,22.594
total_ms,bevfusion_2_7_opt_slow,511,1779955838334291410,510.93505084400005,23.115
total_ms,bevfusion_2_7_opt_slow,512,1779955839332736067,511.93349550100004,18.468
total_ms,bevfusion_2_7_opt_slow,513,1779955840334433698,512.935193132,22.062
total_ms,bevfusion_2_7_opt_slow,514,1779955841379169754,513.979929188,18.392
total_ms,bevfusion_2_7_opt_slow,515,1779955842331751070,514.932510504,19.17
total_ms,bevfusion_2_7_opt_slow,516,1779955843350521468,515.951280902,17.021
total_ms,bevfusion_2_7_opt_slow,517,1779955844338526491,516.939285925,21.767
total_ms,bevfusion_2_7_opt_slow,518,1779955845341270387,517.942029821,22.417
total_ms,bevfusion_2_7_opt_slow,519,1779955846335216056,518.93597549,22.523
total_ms,bevfusion_2_7_opt_slow,520,1779955847362646686,519.9634061200001,22.872
total_ms,bevfusion_2_7_opt_slow,521,1779955848380429120,520.981188554,24.586
total_ms,bevfusion_2_7_opt_slow,522,1779955849328790936,521.92955037,17.708
total_ms,bevfusion_2_7_opt_slow,523,1779955850370193023,522.9709524570001,19.086
total_ms,bevfusion_2_7_opt_slow,524,1779955851334894463,523.9356538970001,22.096
total_ms,bevfusion_2_7_opt_slow,525,1779955852343666757,524.944426191,20.826
total_ms,bevfusion_2_7_opt_slow,526,1779955853346572651,525.9473320850001,20.441
total_ms,bevfusion_2_7_opt_slow,527,1779955854351107978,526.9518674120001,22.971
total_ms,bevfusion_2_7_opt_slow,528,1779955855367559735,527.968319169,18.456
total_ms,bevfusion_2_7_opt_slow,529,1779955856359650816,528.96041025,23.859
total_ms,bevfusion_2_7_opt_slow,530,1779955857345196677,529.945956111,18.812
total_ms,bevfusion_2_7_opt_slow,531,1779955858368553436,530.9693128700001,19.921
total_ms,bevfusion_2_7_opt_slow,532,1779955859349382772,531.950142206,20.509
total_ms,bevfusion_2_7_opt_slow,533,1779955860364235690,532.964995124,19.37
total_ms,bevfusion_2_7_opt_slow,534,1779955861352865127,533.9536245610001,21.791
total_ms,bevfusion_2_7_opt_slow,535,1779955862343627604,534.9443870380001,18.822
total_ms,bevfusion_2_7_opt_slow,536,1779955863349296528,535.9500559620001,22.411
total_ms,bevfusion_2_7_opt_slow,537,1779955864340102753,536.940862187,18.928
total_ms,bevfusion_2_7_opt_slow,538,1779955865335837792,537.936597226,19.953
total_ms,bevfusion_2_7_opt_slow,539,1779955866371026200,538.9717856340001,21.844
total_ms,bevfusion_2_7_opt_slow,540,1779955867343435547,539.944194981,18.306
total_ms,bevfusion_2_7_opt_slow,541,1779955868349436206,540.9501956400001,21.528
total_ms,bevfusion_2_7_opt_slow,542,1779955869357702603,541.958462037,23.787
total_ms,bevfusion_2_7_opt_slow,543,1779955870387578280,542.9883377140001,22.58
total_ms,bevfusion_2_7_opt_slow,544,1779955871345765110,543.946524544,19.513
total_ms,bevfusion_2_7_opt_slow,545,1779955872344081377,544.9448408110001,22.782
total_ms,bevfusion_2_7_opt_slow,546,1779955873343376967,545.944136401,19.148
total_ms,bevfusion_2_7_opt_slow,547,1779955874337503907,546.938263341,17.234
total_ms,bevfusion_2_7_opt_slow,548,1779955875333062897,547.933822331,18.831
total_ms,bevfusion_2_7_opt_slow,549,1779955876392287358,548.9930467920001,18.994
total_ms,bevfusion_2_7_opt_slow,550,1779955877385024237,549.985783671,22.743
total_ms,bevfusion_2_7_opt_slow,551,1779955878354257867,550.955017301,21.34
total_ms,bevfusion_2_7_opt_slow,552,1779955879343456413,551.944215847,18.697
total_ms,bevfusion_2_7_opt_slow,553,1779955880347216770,552.947976204,19.133
total_ms,bevfusion_2_7_opt_slow,554,1779955881349807697,553.9505671310001,23.188
total_ms,bevfusion_2_7_opt_slow,555,1779955882348453721,554.949213155,22.359
total_ms,bevfusion_2_7_opt_slow,556,1779955883358459656,555.95921909,22.559
total_ms,bevfusion_2_7_opt_slow,557,1779955884343562122,556.9443215560001,18.69
total_ms,bevfusion_2_7_opt_slow,558,1779955885339986563,557.940745997,18.411
total_ms,bevfusion_2_7_opt_slow,559,1779955886344573781,558.945333215,20.541
total_ms,bevfusion_2_7_opt_slow,560,1779955887337229750,559.937989184,18.459
total_ms,bevfusion_2_7_opt_slow,561,1779955888355505816,560.95626525,21.29
total_ms,bevfusion_2_7_opt_slow,562,1779955889342957553,561.943716987,21.106
total_ms,bevfusion_2_7_opt_slow,563,1779955890348616649,562.9493760830001,19.633
total_ms,bevfusion_2_7_opt_slow,564,1779955891352921947,563.953681381,17.475
total_ms,bevfusion_2_7_opt_slow,565,1779955892330603078,564.9313625120001,18.453
total_ms,bevfusion_2_7_opt_slow,566,1779955893345016824,565.945776258,20.164
total_ms,bevfusion_2_7_opt_slow,567,1779955894348151493,566.948910927,21.455
total_ms,bevfusion_2_7_opt_slow,568,1779955895374122080,567.974881514,21.297
total_ms,bevfusion_2_7_opt_slow,569,1779955896362163515,568.962922949,19.302
total_ms,bevfusion_2_7_opt_slow,570,1779955897382549102,569.983308536,19.775
total_ms,bevfusion_2_7_opt_slow,571,1779955898343479634,570.944239068,19.429
total_ms,bevfusion_2_7_opt_slow,572,1779955899362514480,571.9632739140001,23.433
total_ms,bevfusion_2_7_opt_slow,573,1779955900336975368,572.937734802,18.554
total_ms,bevfusion_2_7_opt_slow,574,1779955901376483307,573.977242741,20.417
total_ms,bevfusion_2_7_opt_slow,575,1779955902435892543,575.036651977,21.057
total_ms,bevfusion_2_7_opt_slow,576,1779955903330637801,575.9313972350001,18.517
total_ms,bevfusion_2_7_opt_slow,577,1779955904344374324,576.945133758,23.892
total_ms,bevfusion_2_7_opt_slow,578,1779955905341425356,577.94218479,18.988
total_ms,bevfusion_2_7_opt_slow,579,1779955906371334917,578.972094351,18.278
total_ms,bevfusion_2_7_opt_slow,580,1779955907343748404,579.944507838,24.252
total_ms,bevfusion_2_7_opt_slow,581,1779955908360537501,580.9612969350001,20.215
total_ms,bevfusion_2_7_opt_slow,582,1779955909367901590,581.9686610240001,20.634
total_ms,bevfusion_2_7_opt_slow,583,1779955910371838731,582.972598165,20.36
total_ms,bevfusion_2_7_opt_slow,584,1779955911347354183,583.948113617,21.099
total_ms,bevfusion_2_7_opt_slow,585,1779955912324877601,584.925637035,17.746
total_ms,bevfusion_2_7_opt_slow,586,1779955913330881676,585.93164111,19.472
total_ms,bevfusion_2_7_opt_slow,587,1779955914336330437,586.937089871,21.75
total_ms,bevfusion_2_7_opt_slow,588,1779955915340809940,587.941569374,17.956
total_ms,bevfusion_2_7_opt_slow,589,1779955916354914360,588.9556737940001,18.487
total_ms,bevfusion_2_7_opt_slow,590,1779955917342379921,589.9431393550001,22.107
total_ms,bevfusion_2_7_opt_slow,591,1779955918343098580,590.943858014,21.229
total_ms,bevfusion_2_7_opt_slow,592,1779955919365001573,591.9657610070001,19.754
total_ms,bevfusion_2_7_opt_slow,593,1779955920345670240,592.946429674,25.685
total_ms,bevfusion_2_7_opt_slow,594,1779955921345835369,593.946594803,22.658
total_ms,bevfusion_2_7_slow,0,1779956296019541792,0.0,66.247
total_ms,bevfusion_2_7_slow,1,1779956296965651992,0.9461102,30.36
total_ms,bevfusion_2_7_slow,2,1779956297954087458,1.9345456660000002,32.576
total_ms,bevfusion_2_7_slow,3,1779956298938431071,2.918889279,34.202
total_ms,bevfusion_2_7_slow,4,1779956299931825396,3.912283604,35.077
total_ms,bevfusion_2_7_slow,5,1779956300935213680,4.915671888,30.515
total_ms,bevfusion_2_7_slow,6,1779956301931094414,5.911552622,31.57
total_ms,bevfusion_2_7_slow,7,1779956302943787823,6.924246031,31.038
total_ms,bevfusion_2_7_slow,8,1779956303973442270,7.953900478,35.421
total_ms,bevfusion_2_7_slow,9,1779956304929721513,8.910179721,30.796
total_ms,bevfusion_2_7_slow,10,1779956305959811450,9.940269658,36.801
total_ms,bevfusion_2_7_slow,11,1779956306962165067,10.942623275,31.807
total_ms,bevfusion_2_7_slow,12,1779956307939630984,11.920089192,35.889
total_ms,bevfusion_2_7_slow,13,1779956308944309580,12.924767788,36.162
total_ms,bevfusion_2_7_slow,14,1779956309933683458,13.914141666,33.524
total_ms,bevfusion_2_7_slow,15,1779956310933917872,14.91437608,31.332
total_ms,bevfusion_2_7_slow,16,1779956311947053508,15.927511716000001,34.828
total_ms,bevfusion_2_7_slow,17,1779956312933957061,16.914415269000003,31.434
total_ms,bevfusion_2_7_slow,18,1779956313961506573,17.941964781,37.561
total_ms,bevfusion_2_7_slow,19,1779956314977370651,18.957828859000003,35.588
total_ms,bevfusion_2_7_slow,20,1779956315971322004,19.951780212000003,34.763
total_ms,bevfusion_2_7_slow,21,1779956316951817416,20.932275624000003,28.871
total_ms,bevfusion_2_7_slow,22,1779956317975150869,21.955609077000002,33.048
total_ms,bevfusion_2_7_slow,23,1779956318976754576,22.957212784000003,36.294
total_ms,bevfusion_2_7_slow,24,1779956319940092916,23.920551124000003,36.244
total_ms,bevfusion_2_7_slow,25,1779956320951312506,24.931770714000002,34.557
total_ms,bevfusion_2_7_slow,26,1779956321977038728,25.957496936000002,36.778
total_ms,bevfusion_2_7_slow,27,1779956322971879353,26.952337561,31.519
total_ms,bevfusion_2_7_slow,28,1779956323943664705,27.924122913,37.119
total_ms,bevfusion_2_7_slow,29,1779956324949187149,28.929645357000002,32.97
total_ms,bevfusion_2_7_slow,30,1779956325947871714,29.928329922000003,35.255
total_ms,bevfusion_2_7_slow,31,1779956326940764546,30.921222754000002,35.479
total_ms,bevfusion_2_7_slow,32,1779956327933197458,31.913655666,35.431
total_ms,bevfusion_2_7_slow,33,1779956328944733508,32.925191716,35.458
total_ms,bevfusion_2_7_slow,34,1779956329933345317,33.913803525,33.738
total_ms,bevfusion_2_7_slow,35,1779956330938895106,34.919353314000006,33.594
total_ms,bevfusion_2_7_slow,36,1779956331976690378,35.957148586,38.801
total_ms,bevfusion_2_7_slow,37,1779956332939314500,36.919772708,36.717
total_ms,bevfusion_2_7_slow,38,1779956333973316848,37.953775056000005,37.993
total_ms,bevfusion_2_7_slow,39,1779956334971830282,38.95228849,32.137
total_ms,bevfusion_2_7_slow,40,1779956335940594870,39.921053078,30.681
total_ms,bevfusion_2_7_slow,41,1779956336938331496,40.918789704000005,29.572
total_ms,bevfusion_2_7_slow,42,1779956337957119362,41.93757757,35.751
total_ms,bevfusion_2_7_slow,43,1779956338957191763,42.937649971000006,38.816
total_ms,bevfusion_2_7_slow,44,1779956339934052026,43.914510234000005,30.508
total_ms,bevfusion_2_7_slow,45,1779956340948415642,44.92887385,31.37
total_ms,bevfusion_2_7_slow,46,1779956341971172572,45.95163078,43.404
total_ms,bevfusion_2_7_slow,47,1779956342956392501,46.936850709000005,43.533
total_ms,bevfusion_2_7_slow,48,1779956343933807091,47.914265299,34.289
total_ms,bevfusion_2_7_slow,49,1779956344948230678,48.928688886,33.799
total_ms,bevfusion_2_7_slow,50,1779956345945642519,49.926100727000005,29.5
total_ms,bevfusion_2_7_slow,51,1779956346960877460,50.941335668,33.645
total_ms,bevfusion_2_7_slow,52,1779956347938234225,51.918692433000004,35.582
total_ms,bevfusion_2_7_slow,53,1779956348930838389,52.911296597,30.203
total_ms,bevfusion_2_7_slow,54,1779956349941925287,53.922383495000005,33.019
total_ms,bevfusion_2_7_slow,55,1779956350942988372,54.923446580000004,37.075
total_ms,bevfusion_2_7_slow,56,1779956351973540195,55.953998403,33.469
total_ms,bevfusion_2_7_slow,57,1779956352963478162,56.94393637,35.208
total_ms,bevfusion_2_7_slow,58,1779956353942091057,57.922549265,30.988
total_ms,bevfusion_2_7_slow,59,1779956354984745361,58.965203569,32.333
total_ms,bevfusion_2_7_slow,60,1779956355940191712,59.92064992,34.016
total_ms,bevfusion_2_7_slow,61,1779956356940354462,60.920812670000004,28.191
total_ms,bevfusion_2_7_slow,62,1779956357966522798,61.946981006,30.76
total_ms,bevfusion_2_7_slow,63,1779956358930555105,62.911013313000005,32.78
total_ms,bevfusion_2_7_slow,64,1779956359947769399,63.928227607000004,36.005
total_ms,bevfusion_2_7_slow,65,1779956360960424487,64.940882695,34.563
total_ms,bevfusion_2_7_slow,66,1779956361935941094,65.916399302,34.222
total_ms,bevfusion_2_7_slow,67,1779956362938017363,66.918475571,34.844
total_ms,bevfusion_2_7_slow,68,1779956363943859038,67.924317246,37.823
total_ms,bevfusion_2_7_slow,69,1779956364955197804,68.93565601200001,34.018
total_ms,bevfusion_2_7_slow,70,1779956365954222686,69.93468089400001,33.452
total_ms,bevfusion_2_7_slow,71,1779956366976646383,70.957104591,38.18
total_ms,bevfusion_2_7_slow,72,1779956367941288959,71.921747167,37.802
total_ms,bevfusion_2_7_slow,73,1779956368941264793,72.921723001,32.77
total_ms,bevfusion_2_7_slow,74,1779956369990320899,73.970779107,34.475
total_ms,bevfusion_2_7_slow,75,1779956370938857921,74.91931612900001,33.989
total_ms,bevfusion_2_7_slow,76,1779956371940135167,75.92059337500001,35.07
total_ms,bevfusion_2_7_slow,77,1779956372969387657,76.949845865,30.375
total_ms,bevfusion_2_7_slow,78,1779956373951856755,77.93231496300001,31.472
total_ms,bevfusion_2_7_slow,79,1779956374940313391,78.920771599,30.07
total_ms,bevfusion_2_7_slow,80,1779956375932728536,79.913186744,30.706
total_ms,bevfusion_2_7_slow,81,1779956376939886691,80.920344899,34.171
total_ms,bevfusion_2_7_slow,82,1779956377966536855,81.946995063,31.515
total_ms,bevfusion_2_7_slow,83,1779956378933239171,82.913697379,31.67
total_ms,bevfusion_2_7_slow,84,1779956379922682018,83.903140226,30.098
total_ms,bevfusion_2_7_slow,85,1779956380953992153,84.934450361,33.517
total_ms,bevfusion_2_7_slow,86,1779956381953436204,85.933894412,30.262
total_ms,bevfusion_2_7_slow,87,1779956382936816509,86.91727471700001,29.806
total_ms,bevfusion_2_7_slow,88,1779956383951004602,87.93146281,37.301
total_ms,bevfusion_2_7_slow,89,1779956384933160977,88.913619185,31.299
total_ms,bevfusion_2_7_slow,90,1779956385972072121,89.95253032900001,31.12
total_ms,bevfusion_2_7_slow,91,1779956386938003701,90.918461909,35.715
total_ms,bevfusion_2_7_slow,92,1779956387946816116,91.92727432400001,33.905
total_ms,bevfusion_2_7_slow,93,1779956388969612589,92.95007079700001,34.477
total_ms,bevfusion_2_7_slow,94,1779956389969006239,93.94946444700001,36.376
total_ms,bevfusion_2_7_slow,95,1779956390960989517,94.941447725,35.865
total_ms,bevfusion_2_7_slow,96,1779956391938691664,95.919149872,30.879
total_ms,bevfusion_2_7_slow,97,1779956392928867998,96.909326206,34.407
total_ms,bevfusion_2_7_slow,98,1779956393974472665,97.95493087300001,31.05
total_ms,bevfusion_2_7_slow,99,1779956394961454018,98.941912226,30.358
total_ms,bevfusion_2_7_slow,100,1779956395941681740,99.92213994800001,34.415
total_ms,bevfusion_2_7_slow,101,1779956396936412564,100.91687077200001,35.833
total_ms,bevfusion_2_7_slow,102,1779956397934437234,101.914895442,29.063
total_ms,bevfusion_2_7_slow,103,1779956398935642813,102.916101021,35.325
total_ms,bevfusion_2_7_slow,104,1779956399949500198,103.92995840600001,35.604
total_ms,bevfusion_2_7_slow,105,1779956400957331423,104.937789631,37.086
total_ms,bevfusion_2_7_slow,106,1779956401956620786,105.937078994,33.538
total_ms,bevfusion_2_7_slow,107,1779956402939039226,106.91949743400001,35.629
total_ms,bevfusion_2_7_slow,108,1779956403932446187,107.91290439500001,33.745
total_ms,bevfusion_2_7_slow,109,1779956404979956860,108.960415068,32.856
total_ms,bevfusion_2_7_slow,110,1779956405968214361,109.94867256900001,35.875
total_ms,bevfusion_2_7_slow,111,1779956406933597305,110.91405551300001,27.544
total_ms,bevfusion_2_7_slow,112,1779956407935751973,111.91621018100001,31.178
total_ms,bevfusion_2_7_slow,113,1779956408944066746,112.924524954,27.658
total_ms,bevfusion_2_7_slow,114,1779956409944813155,113.92527136300001,28.605
total_ms,bevfusion_2_7_slow,115,1779956410951908756,114.93236696400001,29.571
total_ms,bevfusion_2_7_slow,116,1779956411927795812,115.90825402,29.478
total_ms,bevfusion_2_7_slow,117,1779956412929425522,116.90988373,30.823
total_ms,bevfusion_2_7_slow,118,1779956413954868150,117.93532635800001,31.929
total_ms,bevfusion_2_7_slow,119,1779956414933063449,118.913521657,29.509
total_ms,bevfusion_2_7_slow,120,1779956415923161931,119.90362013900001,28.669
total_ms,bevfusion_2_7_slow,121,1779956416947896225,120.92835443300001,30.91
total_ms,bevfusion_2_7_slow,122,1779956417939122095,121.919580303,33.484
total_ms,bevfusion_2_7_slow,123,1779956418952584591,122.933042799,31.389
total_ms,bevfusion_2_7_slow,124,1779956419951004201,123.931462409,30.462
total_ms,bevfusion_2_7_slow,125,1779956420935804778,124.916262986,27.998
total_ms,bevfusion_2_7_slow,126,1779956421945977317,125.926435525,36.686
total_ms,bevfusion_2_7_slow,127,1779956422935080470,126.915538678,31.362
total_ms,bevfusion_2_7_slow,128,1779956423941182937,127.92164114500001,26.441
total_ms,bevfusion_2_7_slow,129,1779956424924713888,128.905172096,30.454
total_ms,bevfusion_2_7_slow,130,1779956425940946615,129.92140482300002,26.747
total_ms,bevfusion_2_7_slow,131,1779956426959584044,130.940042252,34.852
total_ms,bevfusion_2_7_slow,132,1779956427954133356,131.93459156400002,32.051
total_ms,bevfusion_2_7_slow,133,1779956428938487287,132.918945495,29.747
total_ms,bevfusion_2_7_slow,134,1779956429933053580,133.91351178800002,31.025
total_ms,bevfusion_2_7_slow,135,1779956430980812733,134.961270941,32.315
total_ms,bevfusion_2_7_slow,136,1779956431942240638,135.922698846,31.982
total_ms,bevfusion_2_7_slow,137,1779956432963495631,136.94395383900002,34.315
total_ms,bevfusion_2_7_slow,138,1779956433936152574,137.91661078200002,32.456
total_ms,bevfusion_2_7_slow,139,1779956434974363198,138.954821406,37.612
total_ms,bevfusion_2_7_slow,140,1779956435954713623,139.93517183100002,31.959
total_ms,bevfusion_2_7_slow,141,1779956436969231177,140.949689385,28.74
total_ms,bevfusion_2_7_slow,142,1779956437928241512,141.90869972000002,27.273
total_ms,bevfusion_2_7_slow,143,1779956438976999557,142.95745776500002,33.801
total_ms,bevfusion_2_7_slow,144,1779956439953375971,143.933834179,33.489
total_ms,bevfusion_2_7_slow,145,1779956440939800972,144.92025918000002,32.819
total_ms,bevfusion_2_7_slow,146,1779956441952574874,145.933033082,30.286
total_ms,bevfusion_2_7_slow,147,1779956442940897354,146.921355562,29.828
total_ms,bevfusion_2_7_slow,148,1779956443930699794,147.911158002,28.213
total_ms,bevfusion_2_7_slow,149,1779956444939145938,148.919604146,30.301
total_ms,bevfusion_2_7_slow,150,1779956445941293844,149.92175205200002,32.451
total_ms,bevfusion_2_7_slow,151,1779956446934907481,150.915365689,31.207
total_ms,bevfusion_2_7_slow,152,1779956447941324241,151.921782449,32.393
total_ms,bevfusion_2_7_slow,153,1779956448945139877,152.92559808500002,33.483
total_ms,bevfusion_2_7_slow,154,1779956449964317538,153.944775746,32.098
total_ms,bevfusion_2_7_slow,155,1779956450935896701,154.916354909,30.098
total_ms,bevfusion_2_7_slow,156,1779956451951620509,155.932078717,29.904
total_ms,bevfusion_2_7_slow,157,1779956452936854439,156.91731264700002,29.85
total_ms,bevfusion_2_7_slow,158,1779956453930306445,157.910764653,29.625
total_ms,bevfusion_2_7_slow,159,1779956454938061853,158.918520061,30.403
total_ms,bevfusion_2_7_slow,160,1779956455959674443,159.940132651,32.279
total_ms,bevfusion_2_7_slow,161,1779956456963905673,160.94436388100002,33.325
total_ms,bevfusion_2_7_slow,162,1779956457957758595,161.93821680300002,31.463
total_ms,bevfusion_2_7_slow,163,1779956458936440384,162.91689859200002,30.784
total_ms,bevfusion_2_7_slow,164,1779956459940548469,163.921006677,32.559
total_ms,bevfusion_2_7_slow,165,1779956460964249787,164.94470799500002,36.403
total_ms,bevfusion_2_7_slow,166,1779956461938020146,165.918478354,31.949
total_ms,bevfusion_2_7_slow,167,1779956462972139755,166.95259796300002,39.004
total_ms,bevfusion_2_7_slow,168,1779956463953483895,167.93394210300002,36.096
total_ms,bevfusion_2_7_slow,169,1779956464976339426,168.956797634,33.821
total_ms,bevfusion_2_7_slow,170,1779956465938309513,169.91876772100002,33.311
total_ms,bevfusion_2_7_slow,171,1779956466949194371,170.92965257900002,31.6
total_ms,bevfusion_2_7_slow,172,1779956467953557910,171.93401611800002,33.108
total_ms,bevfusion_2_7_slow,173,1779956468976648372,172.95710658000002,35.481
total_ms,bevfusion_2_7_slow,174,1779956469941277302,173.92173551000002,31.369
total_ms,bevfusion_2_7_slow,175,1779956470951530804,174.931989012,36.642
total_ms,bevfusion_2_7_slow,176,1779956471949592310,175.930050518,33.145
total_ms,bevfusion_2_7_slow,177,1779956472928670936,176.90912914400002,30.964
total_ms,bevfusion_2_7_slow,178,1779956473940531636,177.92098984400002,35.395
total_ms,bevfusion_2_7_slow,179,1779956474972310207,178.952768415,37.685
total_ms,bevfusion_2_7_slow,180,1779956475941908924,179.922367132,29.987
total_ms,bevfusion_2_7_slow,181,1779956476954769812,180.93522802,35.616
total_ms,bevfusion_2_7_slow,182,1779956477931955206,181.912413414,29.698
total_ms,bevfusion_2_7_slow,183,1779956478942036930,182.92249513800002,30.817
total_ms,bevfusion_2_7_slow,184,1779956479953089088,183.933547296,29.869
total_ms,bevfusion_2_7_slow,185,1779956480925542454,184.90600066200003,30.488
total_ms,bevfusion_2_7_slow,186,1779956481968264606,185.948722814,34.796
total_ms,bevfusion_2_7_slow,187,1779956482942369963,186.92282817100002,35.403
total_ms,bevfusion_2_7_slow,188,1779956483942981628,187.923439836,31.221
total_ms,bevfusion_2_7_slow,189,1779956484946937138,188.92739534600003,34.777
total_ms,bevfusion_2_7_slow,190,1779956485950414724,189.930872932,33.859
total_ms,bevfusion_2_7_slow,191,1779956486945105335,190.925563543,33.971
total_ms,bevfusion_2_7_slow,192,1779956487932023351,191.912481559,33.109
total_ms,bevfusion_2_7_slow,193,1779956488944557724,192.925015932,33.469
total_ms,bevfusion_2_7_slow,194,1779956489939873817,193.92033202500002,34.532
total_ms,bevfusion_2_7_slow,195,1779956490944459125,194.92491733300002,36.033
total_ms,bevfusion_2_7_slow,196,1779956491954226463,195.934684671,37.251
total_ms,bevfusion_2_7_slow,197,1779956492943955855,196.924414063,29.481
total_ms,bevfusion_2_7_slow,198,1779956493935686943,197.91614515100002,29.761
total_ms,bevfusion_2_7_slow,199,1779956494937281169,198.917739377,37.471
total_ms,bevfusion_2_7_slow,200,1779956495935573325,199.91603153300002,31.749
total_ms,bevfusion_2_7_slow,201,1779956496950847736,200.931305944,34.018
total_ms,bevfusion_2_7_slow,202,1779956497939998875,201.920457083,32.412
total_ms,bevfusion_2_7_slow,203,1779956498936228141,202.916686349,31.275
total_ms,bevfusion_2_7_slow,204,1779956499967864781,203.94832298900002,32.544
total_ms,bevfusion_2_7_slow,205,1779956500957516029,204.93797423700002,29.849
total_ms,bevfusion_2_7_slow,206,1779956501933732528,205.91419073600002,30.251
total_ms,bevfusion_2_7_slow,207,1779956502929948857,206.91040706500002,31.738
total_ms,bevfusion_2_7_slow,208,1779956503972123416,207.952581624,30.144
total_ms,bevfusion_2_7_slow,209,1779956504942848119,208.923306327,31.419
total_ms,bevfusion_2_7_slow,210,1779956505965208911,209.945667119,33.146
total_ms,bevfusion_2_7_slow,211,1779956506946495563,210.926953771,29.314
total_ms,bevfusion_2_7_slow,212,1779956507947720852,211.92817906000002,39.521
total_ms,bevfusion_2_7_slow,213,1779956508985116395,212.96557460300002,31.262
total_ms,bevfusion_2_7_slow,214,1779956509930766960,213.91122516800002,35.588
total_ms,bevfusion_2_7_slow,215,1779956510966139683,214.946597891,32.829
total_ms,bevfusion_2_7_slow,216,1779956511975116202,215.95557441000003,34.651
total_ms,bevfusion_2_7_slow,217,1779956512949135984,216.92959419200002,32.326
total_ms,bevfusion_2_7_slow,218,1779956513967947888,217.948406096,31.087
total_ms,bevfusion_2_7_slow,219,1779956514965612658,218.946070866,35.386
total_ms,bevfusion_2_7_slow,220,1779956515960883455,219.941341663,33.288
total_ms,bevfusion_2_7_slow,221,1779956516937292829,220.91775103700002,33.404
total_ms,bevfusion_2_7_slow,222,1779956517974949047,221.955407255,36.724
total_ms,bevfusion_2_7_slow,223,1779956518977259525,222.957717733,32.922
total_ms,bevfusion_2_7_slow,224,1779956519969207820,223.94966602800002,35.335
total_ms,bevfusion_2_7_slow,225,1779956520957373979,224.93783218700003,38.378
total_ms,bevfusion_2_7_slow,226,1779956521939286756,225.91974496400002,33.916
total_ms,bevfusion_2_7_slow,227,1779956522962332741,226.94279094900003,35.067
total_ms,bevfusion_2_7_slow,228,1779956523952041326,227.93249953400002,34.062
total_ms,bevfusion_2_7_slow,229,1779956524932959767,228.91341797500002,31.302
total_ms,bevfusion_2_7_slow,230,1779956525930878791,229.911336999,35.26
total_ms,bevfusion_2_7_slow,231,1779956526977691392,230.9581496,36.799
total_ms,bevfusion_2_7_slow,232,1779956527942534815,231.922993023,38.883
total_ms,bevfusion_2_7_slow,233,1779956528971192700,232.951650908,32.042
total_ms,bevfusion_2_7_slow,234,1779956529948344764,233.92880297200003,31.847
total_ms,bevfusion_2_7_slow,235,1779956530988697759,234.969155967,35.156
total_ms,bevfusion_2_7_slow,236,1779956531932126694,235.91258490200002,31.77
total_ms,bevfusion_2_7_slow,237,1779956532968367121,236.94882532900002,38.024
total_ms,bevfusion_2_7_slow,238,1779956533950976075,237.93143428300002,35.522
total_ms,bevfusion_2_7_slow,239,1779956534953719749,238.934177957,37.455
total_ms,bevfusion_2_7_slow,240,1779956535959892803,239.94035101100002,36.255
total_ms,bevfusion_2_7_slow,241,1779956536932128238,240.912586446,31.027
total_ms,bevfusion_2_7_slow,242,1779956537940931490,241.921389698,32.248
total_ms,bevfusion_2_7_slow,243,1779956538943423082,242.92388129000003,31.903
total_ms,bevfusion_2_7_slow,244,1779956539940824592,243.92128280000003,31.26
total_ms,bevfusion_2_7_slow,245,1779956540947855115,244.92831332300003,35.259
total_ms,bevfusion_2_7_slow,246,1779956541968276212,245.94873442000002,31.986
total_ms,bevfusion_2_7_slow,247,1779956542939466375,246.919924583,29.981
total_ms,bevfusion_2_7_slow,248,1779956543938582104,247.91904031200002,33.608
total_ms,bevfusion_2_7_slow,249,1779956544950380359,248.93083856700002,29.719
total_ms,bevfusion_2_7_slow,250,1779956545976174706,249.956632914,32.33
total_ms,bevfusion_2_7_slow,251,1779956546941851534,250.922309742,31.628
total_ms,bevfusion_2_7_slow,252,1779956547929766712,251.91022492000002,30.968
total_ms,bevfusion_2_7_slow,253,1779956548938048347,252.91850655500002,31.104
total_ms,bevfusion_2_7_slow,254,1779956549967415906,253.94787411400003,35.016
total_ms,bevfusion_2_7_slow,255,1779956550933878602,254.91433681,34.864
total_ms,bevfusion_2_7_slow,256,1779956551937551985,255.91801019300001,29.642
total_ms,bevfusion_2_7_slow,257,1779956552946015687,256.926473895,30.471
total_ms,bevfusion_2_7_slow,258,1779956553959271657,257.939729865,33.266
total_ms,bevfusion_2_7_slow,259,1779956554933769627,258.914227835,29.523
total_ms,bevfusion_2_7_slow,260,1779956555935358742,259.91581695,31.558
total_ms,bevfusion_2_7_slow,261,1779956556942926356,260.923384564,31.146
total_ms,bevfusion_2_7_slow,262,1779956557972812641,261.95327084900003,34.244
total_ms,bevfusion_2_7_slow,263,1779956558941861961,262.922320169,35.658
total_ms,bevfusion_2_7_slow,264,1779956559939954319,263.920412527,31.953
total_ms,bevfusion_2_7_slow,265,1779956560935319237,264.915777445,32.655
total_ms,bevfusion_2_7_slow,266,1779956561937643774,265.918101982,30.627
total_ms,bevfusion_2_7_slow,267,1779956562956347342,266.93680555000003,34.638
total_ms,bevfusion_2_7_slow,268,1779956563969108305,267.94956651300004,31.971
total_ms,bevfusion_2_7_slow,269,1779956564960224874,268.940683082,34.608
total_ms,bevfusion_2_7_slow,270,1779956565941635330,269.922093538,31.901
total_ms,bevfusion_2_7_slow,271,1779956566955193399,270.935651607,33.107
total_ms,bevfusion_2_7_slow,272,1779956567933757327,271.91421553500004,34.939
total_ms,bevfusion_2_7_slow,273,1779956568950715198,272.931173406,36.519
total_ms,bevfusion_2_7_slow,274,1779956569959385253,273.939843461,32.666
total_ms,bevfusion_2_7_slow,275,1779956570931745718,274.912203926,30.245
total_ms,bevfusion_2_7_slow,276,1779956571966543131,275.947001339,32.212
total_ms,bevfusion_2_7_slow,277,1779956572953223556,276.933681764,31.914
total_ms,bevfusion_2_7_slow,278,1779956573950649932,277.93110814,36.681
total_ms,bevfusion_2_7_slow,279,1779956574952440764,278.93289897200003,33.812
total_ms,bevfusion_2_7_slow,280,1779956575944162897,279.924621105,32.508
total_ms,bevfusion_2_7_slow,281,1779956576988435490,280.96889369800004,37.226
total_ms,bevfusion_2_7_slow,282,1779956577974071162,281.95452937000005,37.966
total_ms,bevfusion_2_7_slow,283,1779956578964773453,282.94523166100004,38.889
total_ms,bevfusion_2_7_slow,284,1779956579973678014,283.95413622200005,33.144
total_ms,bevfusion_2_7_slow,285,1779956580948195005,284.928653213,36.835
total_ms,bevfusion_2_7_slow,286,1779956581966756798,285.947215006,34.151
total_ms,bevfusion_2_7_slow,287,1779956582940769727,286.921227935,34.495
total_ms,bevfusion_2_7_slow,288,1779956583966667948,287.947126156,34.996
total_ms,bevfusion_2_7_slow,289,1779956584943416503,288.923874711,35.65
total_ms,bevfusion_2_7_slow,290,1779956585955966604,289.93642481200004,36.442
total_ms,bevfusion_2_7_slow,291,1779956586944075087,290.924533295,31.052
total_ms,bevfusion_2_7_slow,292,1779956587934163033,291.914621241,32.002
total_ms,bevfusion_2_7_slow,293,1779956588974009991,292.954468199,34.117
total_ms,bevfusion_2_7_slow,294,1779956589934731007,293.915189215,35.053
total_ms,bevfusion_2_7_slow,295,1779956590974860371,294.955318579,37.578
total_ms,bevfusion_2_7_slow,296,1779956591929874949,295.910333157,30.578
total_ms,bevfusion_2_7_slow,297,1779956592937976226,296.918434434,36.117
total_ms,bevfusion_2_7_slow,298,1779956593937195058,297.917653266,30.888
total_ms,bevfusion_2_7_slow,299,1779956594956438302,298.93689651,32.576
total_ms,bevfusion_2_7_slow,300,1779956595937148802,299.91760701000004,31.106
total_ms,bevfusion_2_7_slow,301,1779956596935225703,300.91568391100003,35.867
total_ms,bevfusion_2_7_slow,302,1779956597957469779,301.937927987,34.112
total_ms,bevfusion_2_7_slow,303,1779956598962369957,302.94282816500004,33.975
total_ms,bevfusion_2_7_slow,304,1779956599952628526,303.933086734,36.011
total_ms,bevfusion_2_7_slow,305,1779956600949361862,304.92982007,35.978
total_ms,bevfusion_2_7_slow,306,1779956601943629194,305.924087402,31.825
total_ms,bevfusion_2_7_slow,307,1779956602938216889,306.918675097,34.994
total_ms,bevfusion_2_7_slow,308,1779956603959564841,307.94002304900005,34.547
total_ms,bevfusion_2_7_slow,309,1779956604951643053,308.932101261,35.024
total_ms,bevfusion_2_7_slow,310,1779956605958967295,309.939425503,33.635
total_ms,bevfusion_2_7_slow,311,1779956606934576747,310.915034955,30.956
total_ms,bevfusion_2_7_slow,312,1779956607941102717,311.921560925,35.984
total_ms,bevfusion_2_7_slow,313,1779956608946105472,312.92656368,37.669
total_ms,bevfusion_2_7_slow,314,1779956609941877556,313.922335764,32.068
total_ms,bevfusion_2_7_slow,315,1779956610942739547,314.92319775500005,34.284
total_ms,bevfusion_2_7_slow,316,1779956611950087867,315.930546075,31.75
total_ms,bevfusion_2_7_slow,317,1779956612958575938,316.93903414600004,31.893
total_ms,bevfusion_2_7_slow,318,1779956613938877193,317.919335401,33.42
total_ms,bevfusion_2_7_slow,319,1779956614972707544,318.953165752,30.395
total_ms,bevfusion_2_7_slow,320,1779956615932890573,319.913348781,34.789
total_ms,bevfusion_2_7_slow,321,1779956616963893899,320.94435210700004,32.517
total_ms,bevfusion_2_7_slow,322,1779956617979040354,321.959498562,32.646
total_ms,bevfusion_2_7_slow,323,1779956618956543236,322.93700144400003,37.448
total_ms,bevfusion_2_7_slow,324,1779956619942505246,323.922963454,37.088
total_ms,bevfusion_2_7_slow,325,1779956620942103643,324.922561851,35.623
total_ms,bevfusion_2_7_slow,326,1779956621942704878,325.92316308600005,35.883
total_ms,bevfusion_2_7_slow,327,1779956622968931515,326.949389723,41.135
total_ms,bevfusion_2_7_slow,328,1779956623970215551,327.95067375900004,36.338
total_ms,bevfusion_2_7_slow,329,1779956624945027943,328.92548615100003,31.269
total_ms,bevfusion_2_7_slow,330,1779956625937744795,329.91820300300003,36.326
total_ms,bevfusion_2_7_slow,331,1779956626944279447,330.924737655,31.775
total_ms,bevfusion_2_7_slow,332,1779956627957153955,331.93761216300004,32.496
total_ms,bevfusion_2_7_slow,333,1779956628948936016,332.929394224,35.37
total_ms,bevfusion_2_7_slow,334,1779956629946015020,333.926473228,34.823
total_ms,bevfusion_2_7_slow,335,1779956630961261494,334.941719702,33.55
total_ms,bevfusion_2_7_slow,336,1779956631967644847,335.94810305500005,33.319
total_ms,bevfusion_2_7_slow,337,1779956632959579675,336.940037883,33.205
total_ms,bevfusion_2_7_slow,338,1779956633948874390,337.92933259800003,38.272
total_ms,bevfusion_2_7_slow,339,1779956634954079234,338.934537442,34.727
total_ms,bevfusion_2_7_slow,340,1779956635935662560,339.91612076800004,31.997
total_ms,bevfusion_2_7_slow,341,1779956636971198628,340.95165683600004,31.748
total_ms,bevfusion_2_7_slow,342,1779956637934099854,341.914558062,32.037
total_ms,bevfusion_2_7_slow,343,1779956638966116991,342.946575199,35.589
total_ms,bevfusion_2_7_slow,344,1779956639952230723,343.93268893100003,35.175
total_ms,bevfusion_2_7_slow,345,1779956640954528696,344.934986904,37.096
total_ms,bevfusion_2_7_slow,346,1779956641979727089,345.960185297,37.55
total_ms,bevfusion_2_7_slow,347,1779956642929687970,346.91014617800005,34.495
total_ms,bevfusion_2_7_slow,348,1779956643953865215,347.934323423,34.515
total_ms,bevfusion_2_7_slow,349,1779956644950157587,348.930615795,33.054
total_ms,bevfusion_2_7_slow,350,1779956645951565451,349.93202365900004,34.877
total_ms,bevfusion_2_7_slow,351,1779956646955126671,350.93558487900003,33.638
total_ms,bevfusion_2_7_slow,352,1779956647944332728,351.924790936,34.212
total_ms,bevfusion_2_7_slow,353,1779956648972232306,352.95269051400004,29.795
total_ms,bevfusion_2_7_slow,354,1779956649975206533,353.955664741,39.58
total_ms,bevfusion_2_7_slow,355,1779956650932323642,354.91278185000004,34.492
total_ms,bevfusion_2_7_slow,356,1779956651953826521,355.934284729,37.433
total_ms,bevfusion_2_7_slow,357,1779956652950110109,356.930568317,31.276
total_ms,bevfusion_2_7_slow,358,1779956653969365795,357.949824003,32.992
total_ms,bevfusion_2_7_slow,359,1779956654967238797,358.947697005,38.329
total_ms,bevfusion_2_7_slow,360,1779956655945618453,359.926076661,31.625
total_ms,bevfusion_2_7_slow,361,1779956656932623365,360.913081573,34.123
total_ms,bevfusion_2_7_slow,362,1779956657936582766,361.91704097400003,32.423
total_ms,bevfusion_2_7_slow,363,1779956658978206794,362.95866500200003,33.759
total_ms,bevfusion_2_7_slow,364,1779956659954665384,363.935123592,33.866
total_ms,bevfusion_2_7_slow,365,1779956660942699858,364.92315806600004,31.807
total_ms,bevfusion_2_7_slow,366,1779956661970210315,365.95066852300005,31.185
total_ms,bevfusion_2_7_slow,367,1779956662944849498,366.925307706,36.71
total_ms,bevfusion_2_7_slow,368,1779956663960897402,367.94135561,33.647
total_ms,bevfusion_2_7_slow,369,1779956664936051364,368.916509572,31.555
total_ms,bevfusion_2_7_slow,370,1779956665948722637,369.929180845,38.646
total_ms,bevfusion_2_7_slow,371,1779956666961969573,370.94242778100005,32.521
total_ms,bevfusion_2_7_slow,372,1779956667949596977,371.930055185,39.672
total_ms,bevfusion_2_7_slow,373,1779956668948049157,372.92850736500003,36.655
total_ms,bevfusion_2_7_slow,374,1779956669970179828,373.95063803600004,30.353
total_ms,bevfusion_2_7_slow,375,1779956670981521335,374.96197954300004,37.897
total_ms,bevfusion_2_7_slow,376,1779956671925929840,375.906388048,30.995
total_ms,bevfusion_2_7_slow,377,1779956672939196628,376.919654836,35.285
total_ms,bevfusion_2_7_slow,378,1779956673973834004,377.95429221200004,32.436
total_ms,bevfusion_2_7_slow,379,1779956674932958334,378.91341654200005,31.293
total_ms,bevfusion_2_7_slow,380,1779956675937647731,379.91810593900004,32.215
total_ms,bevfusion_2_7_slow,381,1779956676948587128,380.929045336,33.141
total_ms,bevfusion_2_7_slow,382,1779956677933740791,381.914198999,35.679
total_ms,bevfusion_2_7_slow,383,1779956678989364509,382.969822717,37.343
total_ms,bevfusion_2_7_slow,384,1779956679944551668,383.92500987600005,33.454
total_ms,bevfusion_2_7_slow,385,1779956680958928678,384.939386886,35.72
total_ms,bevfusion_2_7_slow,386,1779956681950439687,385.93089789500004,33.413
total_ms,bevfusion_2_7_slow,387,1779956682943654859,386.924113067,36.254
total_ms,bevfusion_2_7_slow,388,1779956683933128645,387.913586853,35.827
total_ms,bevfusion_2_7_slow,389,1779956684968433907,388.94889211500004,33.899
total_ms,bevfusion_2_7_slow,390,1779956685941779851,389.92223805900005,37.194
total_ms,bevfusion_2_7_slow,391,1779956686980984702,390.96144291,37.788
total_ms,bevfusion_2_7_slow,392,1779956687945331614,391.925789822,37.042
total_ms,bevfusion_2_7_slow,393,1779956688951034870,392.931493078,40.447
total_ms,bevfusion_2_7_slow,394,1779956689948269704,393.928727912,32.685
total_ms,bevfusion_2_7_slow,395,1779956690934921040,394.915379248,34.058
total_ms,bevfusion_2_7_slow,396,1779956691935804971,395.916263179,30.273
total_ms,bevfusion_2_7_slow,397,1779956692951306329,396.93176453700005,33.268
total_ms,bevfusion_2_7_slow,398,1779956693933515348,397.91397355600003,34.717
total_ms,bevfusion_2_7_slow,399,1779956694936962922,398.91742113000004,36.449
total_ms,bevfusion_2_7_slow,400,1779956695955527766,399.935985974,35.635
total_ms,bevfusion_2_7_slow,401,1779956696949835479,400.930293687,32.841
total_ms,bevfusion_2_7_slow,402,1779956697969787828,401.950246036,33.432
total_ms,bevfusion_2_7_slow,403,1779956698973388175,402.95384638300004,35.477
total_ms,bevfusion_2_7_slow,404,1779956699936275280,403.91673348800003,36.726
total_ms,bevfusion_2_7_slow,405,1779956700961983429,404.942441637,33.369
total_ms,bevfusion_2_7_slow,406,1779956701964343290,405.944801498,36.192
total_ms,bevfusion_2_7_slow,407,1779956702934901499,406.91535970700005,33.194
total_ms,bevfusion_2_7_slow,408,1779956703944830990,407.92528919800003,32.591
total_ms,bevfusion_2_7_slow,409,1779956704953637809,408.934096017,36.154
total_ms,bevfusion_2_7_slow,410,1779956705971199974,409.951658182,33.611
total_ms,bevfusion_2_7_slow,411,1779956706943759492,410.92421770000004,36.467
total_ms,bevfusion_2_7_slow,412,1779956707953212648,411.93367085600005,32.954
total_ms,bevfusion_2_7_slow,413,1779956708939728815,412.92018702300004,35.933
total_ms,bevfusion_2_7_slow,414,1779956709955732773,413.93619098100004,34.619
total_ms,bevfusion_2_7_slow,415,1779956710964959046,414.945417254,40.291
total_ms,bevfusion_2_7_slow,416,1779956711955278406,415.935736614,39.188
total_ms,bevfusion_2_7_slow,417,1779956712966312762,416.94677097000005,36.496
total_ms,bevfusion_2_7_slow,418,1779956713944190980,417.92464918800005,32.719
total_ms,bevfusion_2_7_slow,419,1779956714961799788,418.942257996,36.529
total_ms,bevfusion_2_7_slow,420,1779956715942690777,419.923148985,39.656
total_ms,bevfusion_2_7_slow,421,1779956716950489092,420.9309473,38.257
total_ms,bevfusion_2_7_slow,422,1779956717939318810,421.91977701800005,34.305
total_ms,bevfusion_2_7_slow,423,1779956718971587412,422.95204562000004,39.017
total_ms,bevfusion_2_7_slow,424,1779956719971105020,423.95156322800005,33.04
total_ms,bevfusion_2_7_slow,425,1779956720932702499,424.91316070700003,33.606
total_ms,bevfusion_2_7_slow,426,1779956721943812785,425.92427099300005,35.863
total_ms,bevfusion_2_7_slow,427,1779956722951544285,426.932002493,36.773
total_ms,bevfusion_2_7_slow,428,1779956723937972641,427.918430849,36.207
total_ms,bevfusion_2_7_slow,429,1779956724970044924,428.95050313200005,38.061
total_ms,bevfusion_2_7_slow,430,1779956725944074830,429.92453303800005,33.825
total_ms,bevfusion_2_7_slow,431,1779956726968949780,430.949407988,33.834
total_ms,bevfusion_2_7_slow,432,1779956727956182760,431.936640968,35.681
total_ms,bevfusion_2_7_slow,433,1779956728951208951,432.931667159,39.359
total_ms,bevfusion_2_7_slow,434,1779956729944303073,433.92476128100003,35.061
total_ms,bevfusion_2_7_slow,435,1779956730958592338,434.93905054600003,35.209
total_ms,bevfusion_2_7_slow,436,1779956731994606273,435.975064481,35.484
total_ms,bevfusion_2_7_slow,437,1779956732948278306,436.92873651400004,35.113
total_ms,bevfusion_2_7_slow,438,1779956733962008986,437.942467194,36.269
total_ms,bevfusion_2_7_slow,439,1779956734956309940,438.93676814800006,34.15
total_ms,bevfusion_2_7_slow,440,1779956735947377483,439.92783569100004,34.768
total_ms,bevfusion_2_7_slow,441,1779956736947738136,440.928196344,34.392
total_ms,bevfusion_2_7_slow,442,1779956737928443488,441.90890169600004,33.102
total_ms,bevfusion_2_7_slow,443,1779956738955045809,442.935504017,38.987
total_ms,bevfusion_2_7_slow,444,1779956739946586209,443.92704441700005,34.017
total_ms,bevfusion_2_7_slow,445,1779956740962892544,444.943350752,32.024
total_ms,bevfusion_2_7_slow,446,1779956741933713618,445.91417182600003,32.753
total_ms,bevfusion_2_7_slow,447,1779956742934538556,446.914996764,33.037
total_ms,bevfusion_2_7_slow,448,1779956743936744170,447.917202378,34.398
total_ms,bevfusion_2_7_slow,449,1779956744945716761,448.92617496900004,32.039
total_ms,bevfusion_2_7_slow,450,1779956745980259554,449.960717762,39.293
total_ms,bevfusion_2_7_slow,451,1779956746931986573,450.91244478100003,32.247
total_ms,bevfusion_2_7_slow,452,1779956747932478672,451.91293688,34.866
total_ms,bevfusion_2_7_slow,453,1779956748953626004,452.934084212,36.048
total_ms,bevfusion_2_7_slow,454,1779956749969334403,453.949792611,37.691
total_ms,bevfusion_2_7_slow,455,1779956750985066591,454.96552479900004,43.263
total_ms,bevfusion_2_7_slow,456,1779956751942422874,455.922881082,36.509
total_ms,bevfusion_2_7_slow,457,1779956752971444548,456.95190275600004,35.439
total_ms,bevfusion_2_7_slow,458,1779956753947903584,457.92836179200003,32.75
total_ms,bevfusion_2_7_slow,459,1779956754951416666,458.931874874,35.349
total_ms,bevfusion_2_7_slow,460,1779956755937448923,459.91790713100005,32.911
total_ms,bevfusion_2_7_slow,461,1779956756943024133,460.923482341,36.375
total_ms,bevfusion_2_7_slow,462,1779956757951571962,461.93203017,37.065
total_ms,bevfusion_2_7_slow,463,1779956758939319353,462.91977756100005,39.886
total_ms,bevfusion_2_7_slow,464,1779956759951859662,463.93231787,36.806
total_ms,bevfusion_2_7_slow,465,1779956760944440516,464.924898724,36.081
total_ms,bevfusion_2_7_slow,466,1779956761958534936,465.93899314400005,36.675
total_ms,bevfusion_2_7_slow,467,1779956762947679983,466.928138191,35.457
total_ms,bevfusion_2_7_slow,468,1779956763943024602,467.92348281000005,38.922
total_ms,bevfusion_2_7_slow,469,1779956764959948838,468.940407046,38.384
total_ms,bevfusion_2_7_slow,470,1779956765996319402,469.97677761000006,33.33
total_ms,bevfusion_2_7_slow,471,1779956766945412469,470.92587067700003,33.428
total_ms,bevfusion_2_7_slow,472,1779956767941205949,471.921664157,34.312
total_ms,bevfusion_2_7_slow,473,1779956768944155341,472.924613549,39.668
total_ms,bevfusion_2_7_slow,474,1779956769948658674,473.929116882,38.665
total_ms,bevfusion_2_7_slow,475,1779956770940702732,474.92116094000005,32.403
total_ms,bevfusion_2_7_slow,476,1779956771962293918,475.942752126,34.486
total_ms,bevfusion_2_7_slow,477,1779956772952245789,476.93270399700003,32.673
total_ms,bevfusion_2_7_slow,478,1779956773964990921,477.94544912900005,35.612
total_ms,bevfusion_2_7_slow,479,1779956774950555076,478.931013284,37.96
total_ms,bevfusion_2_7_slow,480,1779956775946393782,479.92685199000005,36.673
total_ms,bevfusion_2_7_slow,481,1779956776945544626,480.92600283400003,31.585
total_ms,bevfusion_2_7_slow,482,1779956777936472459,481.91693066700003,36.668
total_ms,bevfusion_2_7_slow,483,1779956778947285228,482.927743436,34.922
total_ms,bevfusion_2_7_slow,484,1779956779962590992,483.9430492,36.824
total_ms,bevfusion_2_7_slow,485,1779956780946031618,484.926489826,32.837
total_ms,bevfusion_2_7_slow,486,1779956781942658973,485.923117181,33.924
total_ms,bevfusion_2_7_slow,487,1779956782957477291,486.93793549900005,41.583
total_ms,bevfusion_2_7_slow,488,1779956783952256437,487.93271464500003,31.486
total_ms,bevfusion_2_7_slow,489,1779956784962716122,488.94317433000003,33.794
total_ms,bevfusion_2_7_slow,490,1779956785937703626,489.91816183400005,35.533
total_ms,bevfusion_2_7_slow,491,1779956786959111613,490.939569821,34.615
total_ms,bevfusion_2_7_slow,492,1779956787948773963,491.929232171,33.945
total_ms,bevfusion_2_7_slow,493,1779956788974478602,492.95493681000005,38.41
total_ms,bevfusion_2_7_slow,494,1779956789952746534,493.93320474200004,38.664
total_ms,bevfusion_2_7_slow,495,1779956790949185225,494.929643433,35.956
total_ms,bevfusion_2_7_slow,496,1779956791953683041,495.93414124900005,39.285
total_ms,bevfusion_2_7_slow,497,1779956792985546061,496.96600426900005,34.352
total_ms,bevfusion_2_7_slow,498,1779956793968136481,497.948594689,37.292
total_ms,bevfusion_2_7_slow,499,1779956794960453090,498.940911298,33.375
total_ms,bevfusion_2_7_slow,500,1779956795938765973,499.919224181,32.894
total_ms,bevfusion_2_7_slow,501,1779956796929767174,500.910225382,34.497
total_ms,bevfusion_2_7_slow,502,1779956797945599024,501.926057232,35.577
total_ms,bevfusion_2_7_slow,503,1779956798947816305,502.928274513,40.126
total_ms,bevfusion_2_7_slow,504,1779956799982092209,503.96255041700005,37.448
total_ms,bevfusion_2_7_slow,505,1779956800938183803,504.91864201100003,32.921
total_ms,bevfusion_2_7_slow,506,1779956801970376251,505.950834459,32.179
total_ms,bevfusion_2_7_slow,507,1779956802960457095,506.94091530300005,31.977
total_ms,bevfusion_2_7_slow,508,1779956803936670221,507.91712842900006,30.695
total_ms,bevfusion_2_7_slow,509,1779956804938782392,508.9192406,38.657
total_ms,bevfusion_2_7_slow,510,1779956805937816005,509.918274213,31.529
total_ms,bevfusion_2_7_slow,511,1779956806970110120,510.95056832800003,36.864
total_ms,bevfusion_2_7_slow,512,1779956807953566533,511.93402474100003,33.078
total_ms,bevfusion_2_7_slow,513,1779956808955046259,512.935504467,35.904
total_ms,bevfusion_2_7_slow,514,1779956809963141926,513.943600134,39.825
total_ms,bevfusion_2_7_slow,515,1779956810933431021,514.913889229,34.896
total_ms,bevfusion_2_7_slow,516,1779956811944693910,515.925152118,35.161
total_ms,bevfusion_2_7_slow,517,1779956812933085528,516.9135437360001,32.679
total_ms,bevfusion_2_7_slow,518,1779956813932143240,517.912601448,31.357
total_ms,bevfusion_2_7_slow,519,1779956814963929214,518.944387422,41.586
total_ms,bevfusion_2_7_slow,520,1779956815930091408,519.910549616,33.583
total_ms,bevfusion_2_7_slow,521,1779956816939929035,520.920387243,36.07
total_ms,bevfusion_2_7_slow,522,1779956817938768161,521.9192263690001,32.589
total_ms,bevfusion_2_7_slow,523,1779956818944621204,522.9250794120001,33.174
total_ms,bevfusion_2_7_slow,524,1779956819946471514,523.9269297220001,32.626
total_ms,bevfusion_2_7_slow,525,1779956820976280263,524.956738471,30.789
total_ms,bevfusion_2_7_slow,526,1779956821970338951,525.950797159,32.571
total_ms,bevfusion_2_7_slow,527,1779956822962993335,526.943451543,39.891
total_ms,bevfusion_2_7_slow,528,1779956823955208539,527.935666747,35.568
total_ms,bevfusion_2_7_slow,529,1779956824954612739,528.935070947,34.895
total_ms,bevfusion_2_7_slow,530,1779956825953132538,529.933590746,37.27
total_ms,bevfusion_2_7_slow,531,1779956826998298058,530.978756266,35.341
total_ms,bevfusion_2_7_slow,532,1779956827957231173,531.937689381,37.769
total_ms,bevfusion_2_7_slow,533,1779956828952474514,532.932932722,38.408
total_ms,bevfusion_2_7_slow,534,1779956829933925202,533.91438341,31.138
total_ms,bevfusion_2_7_slow,535,1779956830937028970,534.917487178,31.81
total_ms,bevfusion_2_7_slow,536,1779956831936583684,535.917041892,31.215
total_ms,bevfusion_2_7_slow,537,1779956832936731068,536.917189276,31.436
total_ms,bevfusion_2_7_slow,538,1779956833970597394,537.951055602,32.869
total_ms,bevfusion_2_7_slow,539,1779956834952852375,538.933310583,37.798
total_ms,bevfusion_2_7_slow,540,1779956835960560614,539.941018822,33.393
total_ms,bevfusion_2_7_slow,541,1779956837004994544,540.985452752,38.069
total_ms,bevfusion_2_7_slow,542,1779956837972511102,541.9529693100001,31.024
total_ms,bevfusion_2_7_slow,543,1779956838942072469,542.922530677,35.985
total_ms,bevfusion_2_7_slow,544,1779956839966026075,543.946484283,34.038
total_ms,bevfusion_2_7_slow,545,1779956840938002219,544.918460427,31.851
total_ms,bevfusion_2_7_slow,546,1779956841958056521,545.9385147290001,33.55
total_ms,bevfusion_2_7_slow,547,1779956842996075511,546.976533719,36.806
total_ms,bevfusion_2_7_slow,548,1779956843959988130,547.940446338,30.431
total_ms,bevfusion_2_7_slow,549,1779956844954196200,548.934654408,37.397
total_ms,bevfusion_2_7_slow,550,1779956845944256851,549.924715059,32.553
total_ms,bevfusion_2_7_slow,551,1779956846960922246,550.9413804540001,40.191
total_ms,bevfusion_2_7_slow,552,1779956847945094614,551.925552822,31.369
total_ms,bevfusion_2_7_slow,553,1779956848979897116,552.960355324,33.939
total_ms,bevfusion_2_7_slow,554,1779956849942136000,553.9225942080001,31.994
total_ms,bevfusion_2_7_slow,555,1779956850944068889,554.924527097,34.41
total_ms,bevfusion_2_7_slow,556,1779956851947198150,555.927656358,31.883
total_ms,bevfusion_2_7_slow,557,1779956852970586370,556.951044578,33.622
total_ms,bevfusion_2_7_slow,558,1779956853934723581,557.915181789,32.682
total_ms,bevfusion_2_7_slow,559,1779956854982588595,558.963046803,32.295
total_ms,bevfusion_2_7_slow,560,1779956855941265167,559.921723375,31.964
total_ms,bevfusion_2_7_slow,561,1779956856953867642,560.93432585,36.107
total_ms,bevfusion_2_7_slow,562,1779956857960642547,561.941100755,39.504
total_ms,bevfusion_2_7_slow,563,1779956858956728783,562.9371869910001,35.74
total_ms,bevfusion_2_7_slow,564,1779956859975961699,563.956419907,35.74
total_ms,bevfusion_2_7_slow,565,1779956860987558514,564.968016722,40.206
total_ms,bevfusion_2_7_slow,566,1779956861963016231,565.943474439,36.965
total_ms,bevfusion_2_7_slow,567,1779956862962788590,566.943246798,32.724
total_ms,bevfusion_2_7_slow,568,1779956863963670460,567.9441286680001,34.112
total_ms,bevfusion_2_7_slow,569,1779956864950883758,568.931341966,37.89
total_ms,bevfusion_2_7_slow,570,1779956865945547796,569.926006004,33.339
total_ms,bevfusion_2_7_slow,571,1779956866972626283,570.953084491,33.068
total_ms,bevfusion_2_7_slow,572,1779956867945962297,571.926420505,32.954
total_ms,bevfusion_2_7_slow,573,1779956869020866442,573.00132465,39.657
total_ms,bevfusion_2_7_slow,574,1779956869935446840,573.915905048,35.401
total_ms,bevfusion_2_7_slow,575,1779956870939214464,574.919672672,33.517
total_ms,bevfusion_2_7_slow,576,1779956871948622247,575.9290804550001,39.991
total_ms,bevfusion_2_7_slow,577,1779956872947000995,576.927459203,37.208
total_ms,bevfusion_2_7_slow,578,1779956873950053884,577.9305120920001,38.314
total_ms,bevfusion_2_7_slow,579,1779956874963014178,578.943472386,34.961
total_ms,bevfusion_2_7_slow,580,1779956875946014294,579.926472502,32.472
total_ms,bevfusion_2_7_slow,581,1779956876969369361,580.949827569,34.282
total_ms,bevfusion_2_7_slow,582,1779956877948757871,581.9292160790001,33.409
total_ms,bevfusion_2_7_slow,583,1779956878934799707,582.915257915,35.319
total_ms,bevfusion_2_7_slow,584,1779956879961780125,583.9422383330001,41.086
total_ms,bevfusion_2_7_slow,585,1779956880935631656,584.916089864,32.166
total_ms,bevfusion_2_7_slow,586,1779956881948060900,585.928519108,34.721
total_ms,bevfusion_2_7_slow,587,1779956882948282201,586.928740409,35.196
total_ms,bevfusion_2_7_slow,588,1779956883939920109,587.9203783170001,33.837
total_ms,bevfusion_2_7_slow,589,1779956884960154076,588.940612284,32.592
total_ms,bevfusion_2_7_slow,590,1779956885943088196,589.923546404,36.952
total_ms,bevfusion_2_7_slow,591,1779956886945229494,590.925687702,34.435
total_ms,bevfusion_2_7_slow,592,1779956887946714135,591.927172343,39.168
