metric,bag,sample_index,timestamp_ns,time_from_start_s,latency_ms
preprocess_ms,2_7_bag_slow,0,1779956296020130525,0.0,5.107
preprocess_ms,2_7_bag_slow,1,1779956296965643482,0.945512957,5.018
preprocess_ms,2_7_bag_slow,2,1779956297954083791,1.933953266,3.463
preprocess_ms,2_7_bag_slow,3,1779956298938423718,2.9182931930000002,3.645
preprocess_ms,2_7_bag_slow,4,1779956299931863833,3.911733308,4.611
preprocess_ms,2_7_bag_slow,5,1779956300935207344,4.915076819,3.153
preprocess_ms,2_7_bag_slow,6,1779956301931086623,5.910956098000001,3.293
preprocess_ms,2_7_bag_slow,7,1779956302943784192,6.923653667000001,3.914
preprocess_ms,2_7_bag_slow,8,1779956303973476663,7.953346138000001,3.425
preprocess_ms,2_7_bag_slow,9,1779956304929717016,8.909586491,3.215
preprocess_ms,2_7_bag_slow,10,1779956305959883700,9.939753175,4.728
preprocess_ms,2_7_bag_slow,11,1779956306962179540,10.942049015,3.572
preprocess_ms,2_7_bag_slow,12,1779956307939690538,11.919560013,2.441
preprocess_ms,2_7_bag_slow,13,1779956308944322869,12.924192344000001,4.171
preprocess_ms,2_7_bag_slow,14,1779956309933704033,13.913573508,3.439
preprocess_ms,2_7_bag_slow,15,1779956310933913522,14.913782997,3.503
preprocess_ms,2_7_bag_slow,16,1779956311947049217,15.926918692000001,4.626
preprocess_ms,2_7_bag_slow,17,1779956312933953812,16.913823287,3.619
preprocess_ms,2_7_bag_slow,18,1779956313961581146,17.941450621,3.37
preprocess_ms,2_7_bag_slow,19,1779956314977390923,18.957260398000003,3.347
preprocess_ms,2_7_bag_slow,20,1779956315971368482,19.951237957,3.869
preprocess_ms,2_7_bag_slow,21,1779956316951813277,20.931682752,3.194
preprocess_ms,2_7_bag_slow,22,1779956317975171349,21.955040824,4.343
preprocess_ms,2_7_bag_slow,23,1779956318976748651,22.956618126000002,4.8
preprocess_ms,2_7_bag_slow,24,1779956319940134724,23.920004199,3.888
preprocess_ms,2_7_bag_slow,25,1779956320951308787,24.931178262000003,4.104
preprocess_ms,2_7_bag_slow,26,1779956321977094351,25.956963826000003,4.246
preprocess_ms,2_7_bag_slow,27,1779956322971910513,26.951779988000002,4.164
preprocess_ms,2_7_bag_slow,28,1779956323943656952,27.923526427000002,3.64
preprocess_ms,2_7_bag_slow,29,1779956324949182430,28.929051905,4.602
preprocess_ms,2_7_bag_slow,30,1779956325947868117,29.927737592000003,4.591
preprocess_ms,2_7_bag_slow,31,1779956326940761399,30.920630874,3.798
preprocess_ms,2_7_bag_slow,32,1779956327933245748,31.913115223000002,3.863
preprocess_ms,2_7_bag_slow,33,1779956328944729832,32.924599307,3.935
preprocess_ms,2_7_bag_slow,34,1779956329933369602,33.913239077,3.779
preprocess_ms,2_7_bag_slow,35,1779956330938886988,34.918756463,3.9
preprocess_ms,2_7_bag_slow,36,1779956331976753574,35.956623049,3.905
preprocess_ms,2_7_bag_slow,37,1779956332939343459,36.919212934,4.155
preprocess_ms,2_7_bag_slow,38,1779956333973336156,37.953205631,4.682
preprocess_ms,2_7_bag_slow,39,1779956334971889738,38.951759213,3.232
preprocess_ms,2_7_bag_slow,40,1779956335940586266,39.920455741000005,4.586
preprocess_ms,2_7_bag_slow,41,1779956336938326337,40.918195812,4.008
preprocess_ms,2_7_bag_slow,42,1779956337957114315,41.93698379,4.096
preprocess_ms,2_7_bag_slow,43,1779956338957362429,42.937231904,3.656
preprocess_ms,2_7_bag_slow,44,1779956339934048384,43.913917859,3.93
preprocess_ms,2_7_bag_slow,45,1779956340948412316,44.928281791,4.432
preprocess_ms,2_7_bag_slow,46,1779956341971216346,45.951085821,3.465
preprocess_ms,2_7_bag_slow,47,1779956342956400811,46.936270286,4.765
preprocess_ms,2_7_bag_slow,48,1779956343933842473,47.913711948,4.722
preprocess_ms,2_7_bag_slow,49,1779956344948271254,48.928140729000006,4.124
preprocess_ms,2_7_bag_slow,50,1779956345945637116,49.925506591,3.529
preprocess_ms,2_7_bag_slow,51,1779956346961021654,50.940891129,4.161
preprocess_ms,2_7_bag_slow,52,1779956347938287181,51.918156656,4.437
preprocess_ms,2_7_bag_slow,53,1779956348930834357,52.910703832,4.09
preprocess_ms,2_7_bag_slow,54,1779956349941919849,53.921789324,4.508
preprocess_ms,2_7_bag_slow,55,1779956350943018815,54.92288829,4.744
preprocess_ms,2_7_bag_slow,56,1779956351973571374,55.953440849,3.7
preprocess_ms,2_7_bag_slow,57,1779956352963502484,56.943371959000004,4.15
preprocess_ms,2_7_bag_slow,58,1779956353942083196,57.92195267100001,3.334
preprocess_ms,2_7_bag_slow,59,1779956354984741621,58.964611096000006,3.697
preprocess_ms,2_7_bag_slow,60,1779956355940213026,59.920082501,5.245
preprocess_ms,2_7_bag_slow,61,1779956356940348947,60.920218422000005,3.469
preprocess_ms,2_7_bag_slow,62,1779956357966513963,61.946383438000005,4.485
preprocess_ms,2_7_bag_slow,63,1779956358930546802,62.910416277,4.436
preprocess_ms,2_7_bag_slow,64,1779956359947822108,63.927691583000005,3.818
preprocess_ms,2_7_bag_slow,65,1779956360960483150,64.940352625,3.35
preprocess_ms,2_7_bag_slow,66,1779956361936143513,65.916012988,3.353
preprocess_ms,2_7_bag_slow,67,1779956362938165392,66.918034867,3.804
preprocess_ms,2_7_bag_slow,68,1779956363943854865,67.92372434,1.902
preprocess_ms,2_7_bag_slow,69,1779956364955211449,68.935080924,4.958
preprocess_ms,2_7_bag_slow,70,1779956365954218932,69.934088407,3.383
preprocess_ms,2_7_bag_slow,71,1779956366976698638,70.956568113,5.035
preprocess_ms,2_7_bag_slow,72,1779956367941344250,71.921213725,3.376
preprocess_ms,2_7_bag_slow,73,1779956368941285538,72.921155013,4.707
preprocess_ms,2_7_bag_slow,74,1779956369990355313,73.97022478800001,1.895
preprocess_ms,2_7_bag_slow,75,1779956370938871977,74.918741452,2.482
preprocess_ms,2_7_bag_slow,76,1779956371940127151,75.919996626,4.927
preprocess_ms,2_7_bag_slow,77,1779956372969380219,76.949249694,3.947
preprocess_ms,2_7_bag_slow,78,1779956373951877526,77.931747001,3.954
preprocess_ms,2_7_bag_slow,79,1779956374940305523,78.92017499800001,4.472
preprocess_ms,2_7_bag_slow,80,1779956375932737444,79.912606919,3.997
preprocess_ms,2_7_bag_slow,81,1779956376939916485,80.91978596,3.783
preprocess_ms,2_7_bag_slow,82,1779956377966570523,81.946439998,3.973
preprocess_ms,2_7_bag_slow,83,1779956378933234566,82.91310404100001,4.316
preprocess_ms,2_7_bag_slow,84,1779956379922679035,83.90254851,3.878
preprocess_ms,2_7_bag_slow,85,1779956380954018473,84.933887948,3.496
preprocess_ms,2_7_bag_slow,86,1779956381953449620,85.933319095,3.814
preprocess_ms,2_7_bag_slow,87,1779956382936962361,86.916831836,3.224
preprocess_ms,2_7_bag_slow,88,1779956383951134129,87.93100360400001,5.108
preprocess_ms,2_7_bag_slow,89,1779956384933225145,88.91309462000001,4.127
preprocess_ms,2_7_bag_slow,90,1779956385972068151,89.951937626,3.576
preprocess_ms,2_7_bag_slow,91,1779956386938058334,90.917927809,3.123
preprocess_ms,2_7_bag_slow,92,1779956387946827934,91.926697409,4.674
preprocess_ms,2_7_bag_slow,93,1779956388969662622,92.949532097,4.425
preprocess_ms,2_7_bag_slow,94,1779956389969059348,93.948928823,3.941
preprocess_ms,2_7_bag_slow,95,1779956390961000871,94.94087034600001,3.988
preprocess_ms,2_7_bag_slow,96,1779956391938754258,95.918623733,3.932
preprocess_ms,2_7_bag_slow,97,1779956392928900895,96.90877037,3.814
preprocess_ms,2_7_bag_slow,98,1779956393974467484,97.954336959,3.953
preprocess_ms,2_7_bag_slow,99,1779956394961596367,98.941465842,3.314
preprocess_ms,2_7_bag_slow,100,1779956395941737823,99.92160729800001,4.437
preprocess_ms,2_7_bag_slow,101,1779956396936653353,100.91652282800001,4.013
preprocess_ms,2_7_bag_slow,102,1779956397934431274,101.914300749,3.471
preprocess_ms,2_7_bag_slow,103,1779956398935851958,102.915721433,3.058
preprocess_ms,2_7_bag_slow,104,1779956399949535463,103.929404938,4.168
preprocess_ms,2_7_bag_slow,105,1779956400957387864,104.93725733900001,4.646
preprocess_ms,2_7_bag_slow,106,1779956401956617112,105.936486587,4.826
preprocess_ms,2_7_bag_slow,107,1779956402939049867,106.91891934200001,4.23
preprocess_ms,2_7_bag_slow,108,1779956403932474956,107.91234443100001,3.948
preprocess_ms,2_7_bag_slow,109,1779956404979952459,108.959821934,4.863
preprocess_ms,2_7_bag_slow,110,1779956405968227985,109.94809746000001,3.146
preprocess_ms,2_7_bag_slow,111,1779956406933589770,110.91345924500001,4.167
preprocess_ms,2_7_bag_slow,112,1779956407935796779,111.915666254,5.018
preprocess_ms,2_7_bag_slow,113,1779956408944062878,112.92393235300001,3.476
preprocess_ms,2_7_bag_slow,114,1779956409944809618,113.92467909300001,4.338
preprocess_ms,2_7_bag_slow,115,1779956410951941166,114.93181064100001,3.698
preprocess_ms,2_7_bag_slow,116,1779956411927791891,115.90766136600001,3.665
preprocess_ms,2_7_bag_slow,117,1779956412929416916,116.90928639100001,3.227
preprocess_ms,2_7_bag_slow,118,1779956413955012603,117.934882078,4.526
preprocess_ms,2_7_bag_slow,119,1779956414933055607,118.912925082,4.558
preprocess_ms,2_7_bag_slow,120,1779956415923178344,119.90304781900001,4.627
preprocess_ms,2_7_bag_slow,121,1779956416947888807,120.92775828200001,4.366
preprocess_ms,2_7_bag_slow,122,1779956417939138280,121.91900775500001,3.883
preprocess_ms,2_7_bag_slow,123,1779956418952640039,122.932509514,4.332
preprocess_ms,2_7_bag_slow,124,1779956419950997569,123.93086704400001,4.076
preprocess_ms,2_7_bag_slow,125,1779956420935801794,124.91567126900001,4.474
preprocess_ms,2_7_bag_slow,126,1779956421946001606,125.92587108100001,4.179
preprocess_ms,2_7_bag_slow,127,1779956422935075808,126.91494528300001,3.738
preprocess_ms,2_7_bag_slow,128,1779956423941179046,127.921048521,3.525
preprocess_ms,2_7_bag_slow,129,1779956424924735893,128.904605368,3.873
preprocess_ms,2_7_bag_slow,130,1779956425940971526,129.920841001,3.616
preprocess_ms,2_7_bag_slow,131,1779956426959613226,130.939482701,4.248
preprocess_ms,2_7_bag_slow,132,1779956427954181039,131.934050514,3.865
preprocess_ms,2_7_bag_slow,133,1779956428938510307,132.91837978200002,4.825
preprocess_ms,2_7_bag_slow,134,1779956429933046048,133.912915523,3.92
preprocess_ms,2_7_bag_slow,135,1779956430980828413,134.960697888,4.79
preprocess_ms,2_7_bag_slow,136,1779956431942282511,135.92215198600002,4.629
preprocess_ms,2_7_bag_slow,137,1779956432963777104,136.94364657900002,4.036
preprocess_ms,2_7_bag_slow,138,1779956433936205123,137.916074598,3.721
preprocess_ms,2_7_bag_slow,139,1779956434974422465,138.95429194000002,4.806
preprocess_ms,2_7_bag_slow,140,1779956435954752178,139.93462165300002,4.091
preprocess_ms,2_7_bag_slow,141,1779956436969223211,140.949092686,3.73
preprocess_ms,2_7_bag_slow,142,1779956437928238098,141.908107573,3.737
preprocess_ms,2_7_bag_slow,143,1779956438977066018,142.956935493,4.037
preprocess_ms,2_7_bag_slow,144,1779956439953436875,143.93330635,4.522
preprocess_ms,2_7_bag_slow,145,1779956440939817121,144.91968659600002,3.294
preprocess_ms,2_7_bag_slow,146,1779956441952566374,145.932435849,3.406
preprocess_ms,2_7_bag_slow,147,1779956442940889470,146.92075894500002,4.389
preprocess_ms,2_7_bag_slow,148,1779956443930691695,147.91056117000002,4.043
preprocess_ms,2_7_bag_slow,149,1779956444939284859,148.919154334,4.558
preprocess_ms,2_7_bag_slow,150,1779956445941338655,149.92120813,4.072
preprocess_ms,2_7_bag_slow,151,1779956446934947939,150.914817414,4.335
preprocess_ms,2_7_bag_slow,152,1779956447941356545,151.92122602,4.795
preprocess_ms,2_7_bag_slow,153,1779956448945135799,152.925005274,4.032
preprocess_ms,2_7_bag_slow,154,1779956449964377815,153.94424729000002,3.094
preprocess_ms,2_7_bag_slow,155,1779956450935947295,154.91581677000002,3.754
preprocess_ms,2_7_bag_slow,156,1779956451951644659,155.931514134,3.954
preprocess_ms,2_7_bag_slow,157,1779956452936913978,156.91678345300002,3.352
preprocess_ms,2_7_bag_slow,158,1779956453930302702,157.91017217700002,3.334
preprocess_ms,2_7_bag_slow,159,1779956454938228705,158.91809818000002,4.282
preprocess_ms,2_7_bag_slow,160,1779956455959692983,159.939562458,4.274
preprocess_ms,2_7_bag_slow,161,1779956456963931267,160.943800742,3.437
preprocess_ms,2_7_bag_slow,162,1779956457957750819,161.937620294,3.677
preprocess_ms,2_7_bag_slow,163,1779956458936435188,162.916304663,4.419
preprocess_ms,2_7_bag_slow,164,1779956459940544192,163.92041366700002,3.922
preprocess_ms,2_7_bag_slow,165,1779956460964241342,164.94411081700002,5.016
preprocess_ms,2_7_bag_slow,166,1779956461938123770,165.91799324500002,3.501
preprocess_ms,2_7_bag_slow,167,1779956462972156534,166.952026009,4.566
preprocess_ms,2_7_bag_slow,168,1779956463953523921,167.933393396,4.433
preprocess_ms,2_7_bag_slow,169,1779956464976335012,168.956204487,4.616
preprocess_ms,2_7_bag_slow,170,1779956465938353984,169.91822345900002,4.069
preprocess_ms,2_7_bag_slow,171,1779956466949186824,170.92905629900002,3.581
preprocess_ms,2_7_bag_slow,172,1779956467953550490,171.933419965,4.209
preprocess_ms,2_7_bag_slow,173,1779956468976660907,172.956530382,4.416
preprocess_ms,2_7_bag_slow,174,1779956469941289828,173.92115930300002,4.036
preprocess_ms,2_7_bag_slow,175,1779956470951588734,174.931458209,4.623
preprocess_ms,2_7_bag_slow,176,1779956471949585129,175.929454604,3.055
preprocess_ms,2_7_bag_slow,177,1779956472928724222,176.90859369700001,3.791
preprocess_ms,2_7_bag_slow,178,1779956473940554672,177.920424147,3.888
preprocess_ms,2_7_bag_slow,179,1779956474972342118,178.95221159300002,5.232
preprocess_ms,2_7_bag_slow,180,1779956475941905021,179.921774496,4.735
preprocess_ms,2_7_bag_slow,181,1779956476954800792,180.934670267,4.317
preprocess_ms,2_7_bag_slow,182,1779956477931950026,181.91181950100002,3.501
preprocess_ms,2_7_bag_slow,183,1779956478942095500,182.921964975,3.977
preprocess_ms,2_7_bag_slow,184,1779956479953103675,183.93297315,3.373
preprocess_ms,2_7_bag_slow,185,1779956480925553559,184.90542303400002,3.358
preprocess_ms,2_7_bag_slow,186,1779956481968312368,185.94818184300001,3.384
preprocess_ms,2_7_bag_slow,187,1779956482942410512,186.92227998700002,3.347
preprocess_ms,2_7_bag_slow,188,1779956483942977854,187.922847329,4.483
preprocess_ms,2_7_bag_slow,189,1779956484946969323,188.926838798,3.915
preprocess_ms,2_7_bag_slow,190,1779956485950411212,189.93028068700002,3.445
preprocess_ms,2_7_bag_slow,191,1779956486945118113,190.92498758800002,5.154
preprocess_ms,2_7_bag_slow,192,1779956487932055467,191.911924942,4.797
preprocess_ms,2_7_bag_slow,193,1779956488944599743,192.924469218,3.914
preprocess_ms,2_7_bag_slow,194,1779956489939898681,193.919768156,3.951
preprocess_ms,2_7_bag_slow,195,1779956490944515081,194.924384556,4.717
preprocess_ms,2_7_bag_slow,196,1779956491954263109,195.93413258400003,4.952
preprocess_ms,2_7_bag_slow,197,1779956492943951387,196.923820862,3.418
preprocess_ms,2_7_bag_slow,198,1779956493935678986,197.91554846100001,3.673
preprocess_ms,2_7_bag_slow,199,1779956494937277273,198.91714674800002,4.463
preprocess_ms,2_7_bag_slow,200,1779956495935568402,199.91543787700002,3.58
preprocess_ms,2_7_bag_slow,201,1779956496950842140,200.930711615,4.056
preprocess_ms,2_7_bag_slow,202,1779956497940012745,201.91988222,4.212
preprocess_ms,2_7_bag_slow,203,1779956498936258222,202.916127697,4.913
preprocess_ms,2_7_bag_slow,204,1779956499967990103,203.94785957800002,3.213
preprocess_ms,2_7_bag_slow,205,1779956500957512773,204.937382248,4.152
preprocess_ms,2_7_bag_slow,206,1779956501933729586,205.913599061,4.085
preprocess_ms,2_7_bag_slow,207,1779956502929940415,206.90980989000002,3.454
preprocess_ms,2_7_bag_slow,208,1779956503972115512,207.951984987,4.176
preprocess_ms,2_7_bag_slow,209,1779956504942844656,208.92271413100002,5.379
preprocess_ms,2_7_bag_slow,210,1779956505965273237,209.945142712,3.542
preprocess_ms,2_7_bag_slow,211,1779956506946486969,210.92635644400002,3.837
preprocess_ms,2_7_bag_slow,212,1779956507947755913,211.92762538800002,4.409
preprocess_ms,2_7_bag_slow,213,1779956508985112857,212.964982332,4.443
preprocess_ms,2_7_bag_slow,214,1779956509930763378,213.910632853,4.799
preprocess_ms,2_7_bag_slow,215,1779956510966151724,214.946021199,4.536
preprocess_ms,2_7_bag_slow,216,1779956511975111800,215.95498127500002,4.166
preprocess_ms,2_7_bag_slow,217,1779956512949132128,216.92900160300002,3.964
preprocess_ms,2_7_bag_slow,218,1779956513967962575,217.94783205000002,4.498
preprocess_ms,2_7_bag_slow,219,1779956514965666238,218.94553571300003,4.983
preprocess_ms,2_7_bag_slow,220,1779956515960904863,219.940774338,4.068
preprocess_ms,2_7_bag_slow,221,1779956516937336681,220.91720615600002,4.706
preprocess_ms,2_7_bag_slow,222,1779956517974945116,221.954814591,4.661
preprocess_ms,2_7_bag_slow,223,1779956518977269697,222.957139172,3.988
preprocess_ms,2_7_bag_slow,224,1779956519969241562,223.94911103700002,4.532
preprocess_ms,2_7_bag_slow,225,1779956520957428953,224.93729842800002,3.577
preprocess_ms,2_7_bag_slow,226,1779956521939337550,225.91920702500002,4.784
preprocess_ms,2_7_bag_slow,227,1779956522962396106,226.94226558100002,3.63
preprocess_ms,2_7_bag_slow,228,1779956523952037600,227.93190707500003,3.817
preprocess_ms,2_7_bag_slow,229,1779956524933011200,228.91288067500003,3.339
preprocess_ms,2_7_bag_slow,230,1779956525930874691,229.910744166,4.35
preprocess_ms,2_7_bag_slow,231,1779956526977746291,230.957615766,3.261
preprocess_ms,2_7_bag_slow,232,1779956527942530097,231.92239957200002,3.865
preprocess_ms,2_7_bag_slow,233,1779956528971187566,232.951057041,4.632
preprocess_ms,2_7_bag_slow,234,1779956529948366471,233.928235946,4.367
preprocess_ms,2_7_bag_slow,235,1779956530988976798,234.96884627300003,4.312
preprocess_ms,2_7_bag_slow,236,1779956531932137512,235.912006987,3.685
preprocess_ms,2_7_bag_slow,237,1779956532968363967,236.948233442,4.753
preprocess_ms,2_7_bag_slow,238,1779956533951015017,237.93088449200002,4.406
preprocess_ms,2_7_bag_slow,239,1779956534953788110,238.93365758500002,4.086
preprocess_ms,2_7_bag_slow,240,1779956535959930416,239.939799891,4.217
preprocess_ms,2_7_bag_slow,241,1779956536932119342,240.911988817,3.575
preprocess_ms,2_7_bag_slow,242,1779956537940927827,241.920797302,3.489
preprocess_ms,2_7_bag_slow,243,1779956538943414968,242.92328444300003,5.327
preprocess_ms,2_7_bag_slow,244,1779956539940844989,243.920714464,4.444
preprocess_ms,2_7_bag_slow,245,1779956540947867357,244.92773683200002,4.53
preprocess_ms,2_7_bag_slow,246,1779956541968316810,245.94818628500002,4.434
preprocess_ms,2_7_bag_slow,247,1779956542939458337,246.919327812,3.425
preprocess_ms,2_7_bag_slow,248,1779956543938830786,247.91870026100003,4.01
preprocess_ms,2_7_bag_slow,249,1779956544950377261,248.93024673600002,3.646
preprocess_ms,2_7_bag_slow,250,1779956545976166387,249.95603586200002,4.353
preprocess_ms,2_7_bag_slow,251,1779956546941847569,250.92171704400002,4.067
preprocess_ms,2_7_bag_slow,252,1779956547929790826,251.909660301,3.338
preprocess_ms,2_7_bag_slow,253,1779956548938044070,252.917913545,3.338
preprocess_ms,2_7_bag_slow,254,1779956549967481402,253.94735087700002,4.724
preprocess_ms,2_7_bag_slow,255,1779956550933958500,254.913827975,3.908
preprocess_ms,2_7_bag_slow,256,1779956551937548079,255.91741755400002,3.907
preprocess_ms,2_7_bag_slow,257,1779956552946011016,256.92588049100004,3.759
preprocess_ms,2_7_bag_slow,258,1779956553959292946,257.939162421,3.482
preprocess_ms,2_7_bag_slow,259,1779956554933784059,258.913653534,3.388
preprocess_ms,2_7_bag_slow,260,1779956555935354461,259.915223936,3.587
preprocess_ms,2_7_bag_slow,261,1779956556942974112,260.922843587,4.832
preprocess_ms,2_7_bag_slow,262,1779956557972808479,261.952677954,4.299
preprocess_ms,2_7_bag_slow,263,1779956558941895039,262.921764514,3.225
preprocess_ms,2_7_bag_slow,264,1779956559939985612,263.91985508700003,4.815
preprocess_ms,2_7_bag_slow,265,1779956560935316262,264.915185737,3.776
preprocess_ms,2_7_bag_slow,266,1779956561937639682,265.91750915700004,3.593
preprocess_ms,2_7_bag_slow,267,1779956562956360510,266.936229985,3.466
preprocess_ms,2_7_bag_slow,268,1779956563969119557,267.94898903200004,3.881
preprocess_ms,2_7_bag_slow,269,1779956564960274839,268.940144314,5.147
preprocess_ms,2_7_bag_slow,270,1779956565941628040,269.921497515,4.486
preprocess_ms,2_7_bag_slow,271,1779956566955210202,270.93507967700003,3.921
preprocess_ms,2_7_bag_slow,272,1779956567933752496,271.913621971,3.961
preprocess_ms,2_7_bag_slow,273,1779956568950709795,272.93057927,4.602
preprocess_ms,2_7_bag_slow,274,1779956569959377408,273.939246883,4.195
preprocess_ms,2_7_bag_slow,275,1779956570931784196,274.911653671,3.821
preprocess_ms,2_7_bag_slow,276,1779956571966558835,275.94642831000004,3.861
preprocess_ms,2_7_bag_slow,277,1779956572953220300,276.93308977500004,4.178
preprocess_ms,2_7_bag_slow,278,1779956573950682746,277.930552221,4.608
preprocess_ms,2_7_bag_slow,279,1779956574952473267,278.932342742,4.117
preprocess_ms,2_7_bag_slow,280,1779956575944216784,279.92408625900003,3.916
preprocess_ms,2_7_bag_slow,281,1779956576988456916,280.968326391,3.663
preprocess_ms,2_7_bag_slow,282,1779956577974165961,281.954035436,4.506
preprocess_ms,2_7_bag_slow,283,1779956578965067244,282.944936719,4.834
preprocess_ms,2_7_bag_slow,284,1779956579973674467,283.953543942,3.825
preprocess_ms,2_7_bag_slow,285,1779956580948261441,284.92813091600004,3.174
preprocess_ms,2_7_bag_slow,286,1779956581966811151,285.94668062600005,4.531
preprocess_ms,2_7_bag_slow,287,1779956582940796982,286.92066645700004,3.514
preprocess_ms,2_7_bag_slow,288,1779956583966685586,287.946555061,4.11
preprocess_ms,2_7_bag_slow,289,1779956584943467908,288.92333738300005,4.103
preprocess_ms,2_7_bag_slow,290,1779956585955958665,289.93582814,4.267
preprocess_ms,2_7_bag_slow,291,1779956586944070181,290.923939656,4.003
preprocess_ms,2_7_bag_slow,292,1779956587934158817,291.914028292,3.268
preprocess_ms,2_7_bag_slow,293,1779956588974024656,292.953894131,4.305
preprocess_ms,2_7_bag_slow,294,1779956589934784143,293.91465361800005,3.66
preprocess_ms,2_7_bag_slow,295,1779956590974852087,294.95472156200003,4.652
preprocess_ms,2_7_bag_slow,296,1779956591929907221,295.909776696,3.324
preprocess_ms,2_7_bag_slow,297,1779956592937972101,296.917841576,4.393
preprocess_ms,2_7_bag_slow,298,1779956593937204292,297.91707376700003,4.081
preprocess_ms,2_7_bag_slow,299,1779956594956459438,298.936328913,3.591
preprocess_ms,2_7_bag_slow,300,1779956595937145611,299.917015086,1.987
preprocess_ms,2_7_bag_slow,301,1779956596935260812,300.915130287,3.695
preprocess_ms,2_7_bag_slow,302,1779956597957466784,301.937336259,3.351
preprocess_ms,2_7_bag_slow,303,1779956598962395713,302.942265188,3.556
preprocess_ms,2_7_bag_slow,304,1779956599952621396,303.932490871,3.78
preprocess_ms,2_7_bag_slow,305,1779956600949353912,304.92922338700004,4.593
preprocess_ms,2_7_bag_slow,306,1779956601943663034,305.92353250900004,5.646
preprocess_ms,2_7_bag_slow,307,1779956602938209023,306.918078498,3.404
preprocess_ms,2_7_bag_slow,308,1779956603959608634,307.939478109,4.017
preprocess_ms,2_7_bag_slow,309,1779956604951660605,308.93153008,3.913
preprocess_ms,2_7_bag_slow,310,1779956605958963681,309.93883315600004,4.216
preprocess_ms,2_7_bag_slow,311,1779956606934631618,310.914501093,3.992
preprocess_ms,2_7_bag_slow,312,1779956607941123984,311.92099345900004,3.776
preprocess_ms,2_7_bag_slow,313,1779956608946117447,312.925986922,4.377
preprocess_ms,2_7_bag_slow,314,1779956609941869861,313.92173933600003,3.799
preprocess_ms,2_7_bag_slow,315,1779956610942761518,314.92263099300004,3.884
preprocess_ms,2_7_bag_slow,316,1779956611950108696,315.929978171,3.359
preprocess_ms,2_7_bag_slow,317,1779956612958572203,316.938441678,4.484
preprocess_ms,2_7_bag_slow,318,1779956613938895281,317.91876475600003,4.491
preprocess_ms,2_7_bag_slow,319,1779956614972740054,318.95260952900003,3.684
preprocess_ms,2_7_bag_slow,320,1779956615932900587,319.912770062,3.908
preprocess_ms,2_7_bag_slow,321,1779956616963945696,320.94381517100004,3.532
preprocess_ms,2_7_bag_slow,322,1779956617979032715,321.95890219,2.464
preprocess_ms,2_7_bag_slow,323,1779956618956598840,322.936468315,4.209
preprocess_ms,2_7_bag_slow,324,1779956619942572615,323.92244209,4.089
preprocess_ms,2_7_bag_slow,325,1779956620942096087,324.921965562,3.817
preprocess_ms,2_7_bag_slow,326,1779956621942696843,325.922566318,3.093
preprocess_ms,2_7_bag_slow,327,1779956622968989193,326.948858668,4.901
preprocess_ms,2_7_bag_slow,328,1779956623970283142,327.950152617,4.186
preprocess_ms,2_7_bag_slow,329,1779956624945052926,328.924922401,4.046
preprocess_ms,2_7_bag_slow,330,1779956625937771879,329.917641354,4.159
preprocess_ms,2_7_bag_slow,331,1779956626944302541,330.924172016,4.245
preprocess_ms,2_7_bag_slow,332,1779956627957150248,331.93701972300005,4.611
preprocess_ms,2_7_bag_slow,333,1779956628948932440,332.928801915,4.783
preprocess_ms,2_7_bag_slow,334,1779956629946025515,333.92589499,4.683
preprocess_ms,2_7_bag_slow,335,1779956630961253758,334.94112323300004,5.099
preprocess_ms,2_7_bag_slow,336,1779956631967636450,335.94750592500003,3.71
preprocess_ms,2_7_bag_slow,337,1779956632959571093,336.939440568,3.896
preprocess_ms,2_7_bag_slow,338,1779956633948870165,337.92873964,4.707
preprocess_ms,2_7_bag_slow,339,1779956634954074861,338.933944336,4.383
preprocess_ms,2_7_bag_slow,340,1779956635935654619,339.91552409400003,4.463
preprocess_ms,2_7_bag_slow,341,1779956636971190799,340.95106027400004,4.127
preprocess_ms,2_7_bag_slow,342,1779956637934110344,341.913979819,4.213
preprocess_ms,2_7_bag_slow,343,1779956638966219388,342.946088863,4.89
preprocess_ms,2_7_bag_slow,344,1779956639952227784,343.93209725900005,4.008
preprocess_ms,2_7_bag_slow,345,1779956640954525239,344.934394714,4.022
preprocess_ms,2_7_bag_slow,346,1779956641979719064,345.95958853900004,4.023
preprocess_ms,2_7_bag_slow,347,1779956642929680586,346.909550061,3.748
preprocess_ms,2_7_bag_slow,348,1779956643953861009,347.933730484,4.089
preprocess_ms,2_7_bag_slow,349,1779956644950178237,348.93004771200003,4.106
preprocess_ms,2_7_bag_slow,350,1779956645951557536,349.93142701100004,3.704
preprocess_ms,2_7_bag_slow,351,1779956646955153108,350.93502258300003,4.262
preprocess_ms,2_7_bag_slow,352,1779956647944380369,351.92424984400003,4.238
preprocess_ms,2_7_bag_slow,353,1779956648972224776,352.952094251,3.757
preprocess_ms,2_7_bag_slow,354,1779956649975262101,353.95513157600004,5.81
preprocess_ms,2_7_bag_slow,355,1779956650932364683,354.91223415800005,4.294
preprocess_ms,2_7_bag_slow,356,1779956651953822619,355.93369209400004,3.739
preprocess_ms,2_7_bag_slow,357,1779956652950102591,356.929972066,4.301
preprocess_ms,2_7_bag_slow,358,1779956653969391517,357.949260992,5.146
preprocess_ms,2_7_bag_slow,359,1779956654967267681,358.947137156,4.641
preprocess_ms,2_7_bag_slow,360,1779956655945654101,359.92552357600005,4.718
preprocess_ms,2_7_bag_slow,361,1779956656932675373,360.91254484800004,3.938
preprocess_ms,2_7_bag_slow,362,1779956657936578772,361.916448247,3.825
preprocess_ms,2_7_bag_slow,363,1779956658978228798,362.958098273,4.494
preprocess_ms,2_7_bag_slow,364,1779956659954661663,363.934531138,4.091
preprocess_ms,2_7_bag_slow,365,1779956660942696351,364.92256582600004,4.081
preprocess_ms,2_7_bag_slow,366,1779956661970295874,365.95016534900003,4.502
preprocess_ms,2_7_bag_slow,367,1779956662944881733,366.92475120800003,3.98
preprocess_ms,2_7_bag_slow,368,1779956663960889517,367.94075899200004,3.781
preprocess_ms,2_7_bag_slow,369,1779956664936070622,368.91594009700003,3.161
preprocess_ms,2_7_bag_slow,370,1779956665948718979,369.928588454,3.663
preprocess_ms,2_7_bag_slow,371,1779956666962010797,370.94188027200005,3.905
preprocess_ms,2_7_bag_slow,372,1779956667949588279,371.929457754,4.765
preprocess_ms,2_7_bag_slow,373,1779956668948064665,372.92793414000005,4.336
preprocess_ms,2_7_bag_slow,374,1779956669970211673,373.95008114800004,4.146
preprocess_ms,2_7_bag_slow,375,1779956670981574030,374.96144350500003,3.992
preprocess_ms,2_7_bag_slow,376,1779956671926077984,375.905947459,3.495
preprocess_ms,2_7_bag_slow,377,1779956672939243040,376.91911251500005,4.75
preprocess_ms,2_7_bag_slow,378,1779956673973863993,377.953733468,4.062
preprocess_ms,2_7_bag_slow,379,1779956674932979047,378.91284852200005,4.137
preprocess_ms,2_7_bag_slow,380,1779956675937679742,379.91754921700004,4.018
preprocess_ms,2_7_bag_slow,381,1779956676948579377,380.92844885200003,4.801
preprocess_ms,2_7_bag_slow,382,1779956677933791533,381.913661008,3.471
preprocess_ms,2_7_bag_slow,383,1779956678989356593,382.969226068,3.909
preprocess_ms,2_7_bag_slow,384,1779956679944612503,383.924481978,4.633
preprocess_ms,2_7_bag_slow,385,1779956680958990717,384.93886019200005,3.545
preprocess_ms,2_7_bag_slow,386,1779956681950488328,385.93035780300005,4.61
preprocess_ms,2_7_bag_slow,387,1779956682943650567,386.923520042,3.659
preprocess_ms,2_7_bag_slow,388,1779956683933142304,387.91301177900004,3.502
preprocess_ms,2_7_bag_slow,389,1779956684968427595,388.94829707,4.097
preprocess_ms,2_7_bag_slow,390,1779956685941788368,389.92165784300005,3.436
preprocess_ms,2_7_bag_slow,391,1779956686981030568,390.96090004300004,4.599
preprocess_ms,2_7_bag_slow,392,1779956687945365501,391.925234976,4.644
preprocess_ms,2_7_bag_slow,393,1779956688951052233,392.930921708,4.293
preprocess_ms,2_7_bag_slow,394,1779956689948261107,393.92813058200005,4.146
preprocess_ms,2_7_bag_slow,395,1779956690934917822,394.91478729700003,3.561
preprocess_ms,2_7_bag_slow,396,1779956691935801166,395.915670641,4.4
preprocess_ms,2_7_bag_slow,397,1779956692951300798,396.931170273,4.296
preprocess_ms,2_7_bag_slow,398,1779956693933569752,397.913439227,3.994
preprocess_ms,2_7_bag_slow,399,1779956694936958623,398.91682809800005,4.29
preprocess_ms,2_7_bag_slow,400,1779956695955545326,399.93541480100004,4.529
preprocess_ms,2_7_bag_slow,401,1779956696949830785,400.92970026,4.308
preprocess_ms,2_7_bag_slow,402,1779956697969809094,401.949678569,4.041
preprocess_ms,2_7_bag_slow,403,1779956698973385053,402.953254528,5.742
preprocess_ms,2_7_bag_slow,404,1779956699936302876,403.916172351,4.229
preprocess_ms,2_7_bag_slow,405,1779956700962006314,404.94187578900005,5.092
preprocess_ms,2_7_bag_slow,406,1779956701964385171,405.94425464600005,4.448
preprocess_ms,2_7_bag_slow,407,1779956702934956827,406.91482630200005,3.175
preprocess_ms,2_7_bag_slow,408,1779956703944862593,407.924732068,4.137
preprocess_ms,2_7_bag_slow,409,1779956704953678507,408.93354798200005,4.463
preprocess_ms,2_7_bag_slow,410,1779956705971220194,409.951089669,4.114
preprocess_ms,2_7_bag_slow,411,1779956706943790072,410.923659547,4.301
preprocess_ms,2_7_bag_slow,412,1779956707953221396,411.93309087100005,3.097
preprocess_ms,2_7_bag_slow,413,1779956708939794136,412.91966361100003,3.965
preprocess_ms,2_7_bag_slow,414,1779956709955727784,413.935597259,3.977
preprocess_ms,2_7_bag_slow,415,1779956710965014813,414.944884288,3.742
preprocess_ms,2_7_bag_slow,416,1779956711955270558,415.93514003300004,4.52
preprocess_ms,2_7_bag_slow,417,1779956712966330626,416.94620010100004,4.724
preprocess_ms,2_7_bag_slow,418,1779956713944212792,417.924082267,3.731
preprocess_ms,2_7_bag_slow,419,1779956714961858005,418.94172748000005,4.044
preprocess_ms,2_7_bag_slow,420,1779956715942720760,419.92259023500003,4.415
preprocess_ms,2_7_bag_slow,421,1779956716950598059,420.930467534,4.681
preprocess_ms,2_7_bag_slow,422,1779956717939310847,421.91918032200005,3.887
preprocess_ms,2_7_bag_slow,423,1779956718971579530,422.95144900500003,2.707
preprocess_ms,2_7_bag_slow,424,1779956719971100920,423.950970395,4.492
preprocess_ms,2_7_bag_slow,425,1779956720932698665,424.91256814,3.902
preprocess_ms,2_7_bag_slow,426,1779956721943808752,425.92367822700004,4.341
preprocess_ms,2_7_bag_slow,427,1779956722951540336,426.93140981100004,4.732
preprocess_ms,2_7_bag_slow,428,1779956723937994643,427.917864118,3.98
preprocess_ms,2_7_bag_slow,429,1779956724970096162,428.94996563700005,4.063
preprocess_ms,2_7_bag_slow,430,1779956725944071166,429.923940641,3.38
preprocess_ms,2_7_bag_slow,431,1779956726969011395,430.94888087000004,4.178
preprocess_ms,2_7_bag_slow,432,1779956727956273473,431.93614294800005,4.026
preprocess_ms,2_7_bag_slow,433,1779956728951274629,432.93114410400005,4.854
preprocess_ms,2_7_bag_slow,434,1779956729944295620,433.92416509500003,4.611
preprocess_ms,2_7_bag_slow,435,1779956730958587266,434.93845674100004,4.749
preprocess_ms,2_7_bag_slow,436,1779956731994602436,435.974471911,3.713
preprocess_ms,2_7_bag_slow,437,1779956732948275189,436.928144664,4.003
preprocess_ms,2_7_bag_slow,438,1779956733962043270,437.941912745,4.104
preprocess_ms,2_7_bag_slow,439,1779956734956363902,438.936233377,3.805
preprocess_ms,2_7_bag_slow,440,1779956735947389457,439.92725893200003,5.234
preprocess_ms,2_7_bag_slow,441,1779956736947733544,440.927603019,3.988
preprocess_ms,2_7_bag_slow,442,1779956737928439897,441.908309372,4.44
preprocess_ms,2_7_bag_slow,443,1779956738955072417,442.93494189200004,4.031
preprocess_ms,2_7_bag_slow,444,1779956739946595133,443.926464608,3.709
preprocess_ms,2_7_bag_slow,445,1779956740962889169,444.94275864400004,4.158
preprocess_ms,2_7_bag_slow,446,1779956741933763749,445.913633224,4.082
preprocess_ms,2_7_bag_slow,447,1779956742934534898,446.914404373,4.726
preprocess_ms,2_7_bag_slow,448,1779956743936739904,447.916609379,4.716
preprocess_ms,2_7_bag_slow,449,1779956744945725406,448.92559488100005,4.32
preprocess_ms,2_7_bag_slow,450,1779956745980256002,449.960125477,4.523
preprocess_ms,2_7_bag_slow,451,1779956746931978501,450.91184797600005,3.412
preprocess_ms,2_7_bag_slow,452,1779956747932470000,451.912339475,4.155
preprocess_ms,2_7_bag_slow,453,1779956748953621342,452.933490817,4.108
preprocess_ms,2_7_bag_slow,454,1779956749969325537,453.949195012,4.553
preprocess_ms,2_7_bag_slow,455,1779956750985139717,454.965009192,4.715
preprocess_ms,2_7_bag_slow,456,1779956751942575926,455.922445401,3.749
preprocess_ms,2_7_bag_slow,457,1779956752971495025,456.9513645,4.947
preprocess_ms,2_7_bag_slow,458,1779956753947934431,457.927803906,3.674
preprocess_ms,2_7_bag_slow,459,1779956754951440262,458.93130973700005,4.559
preprocess_ms,2_7_bag_slow,460,1779956755937441328,459.917310803,4.339
preprocess_ms,2_7_bag_slow,461,1779956756943080492,460.922949967,3.783
preprocess_ms,2_7_bag_slow,462,1779956757951568102,461.93143757700005,5.136
preprocess_ms,2_7_bag_slow,463,1779956758939311495,462.91918097,4.144
preprocess_ms,2_7_bag_slow,464,1779956759951913238,463.931782713,4.341
preprocess_ms,2_7_bag_slow,465,1779956760944452963,464.92432243800005,4.028
preprocess_ms,2_7_bag_slow,466,1779956761958525810,465.938395285,4.762
preprocess_ms,2_7_bag_slow,467,1779956762947671643,466.927541118,3.781
preprocess_ms,2_7_bag_slow,468,1779956763943048462,467.922917937,4.739
preprocess_ms,2_7_bag_slow,469,1779956764960007099,468.93987657400004,4.276
preprocess_ms,2_7_bag_slow,470,1779956765996330541,469.976200016,4.21
preprocess_ms,2_7_bag_slow,471,1779956766945404235,470.92527371000006,3.818
preprocess_ms,2_7_bag_slow,472,1779956767941237624,471.92110709900004,4.052
preprocess_ms,2_7_bag_slow,473,1779956768944196069,472.92406554400003,4.511
preprocess_ms,2_7_bag_slow,474,1779956769948695786,473.928565261,4.656
preprocess_ms,2_7_bag_slow,475,1779956770940694548,474.92056402300005,4.102
preprocess_ms,2_7_bag_slow,476,1779956771962286442,475.94215591700004,3.878
preprocess_ms,2_7_bag_slow,477,1779956772952269252,476.93213872700005,3.808
preprocess_ms,2_7_bag_slow,478,1779956773965019698,477.94488917300004,4.261
preprocess_ms,2_7_bag_slow,479,1779956774950549744,478.93041921900004,4.692
preprocess_ms,2_7_bag_slow,480,1779956775946466282,479.926335757,3.755
preprocess_ms,2_7_bag_slow,481,1779956776945539909,480.92540938400003,3.434
preprocess_ms,2_7_bag_slow,482,1779956777936481245,481.91635072,4.58
preprocess_ms,2_7_bag_slow,483,1779956778947280306,482.927149781,4.743
preprocess_ms,2_7_bag_slow,484,1779956779962632888,483.942502363,3.889
preprocess_ms,2_7_bag_slow,485,1779956780946058344,484.92592781900004,4.592
preprocess_ms,2_7_bag_slow,486,1779956781942679439,485.922548914,4.451
preprocess_ms,2_7_bag_slow,487,1779956782957840312,486.937709787,4.523
preprocess_ms,2_7_bag_slow,488,1779956783952248408,487.93211788300005,3.508
preprocess_ms,2_7_bag_slow,489,1779956784962744465,488.94261394000006,4.142
preprocess_ms,2_7_bag_slow,490,1779956785937718779,489.917588254,4.399
preprocess_ms,2_7_bag_slow,491,1779956786959107824,490.93897729900004,4.342
preprocess_ms,2_7_bag_slow,492,1779956787948818414,491.928687889,4.889
preprocess_ms,2_7_bag_slow,493,1779956788974508278,492.954377753,3.766
preprocess_ms,2_7_bag_slow,494,1779956789952758937,493.93262841200004,5.181
preprocess_ms,2_7_bag_slow,495,1779956790949242549,494.929112024,4.525
preprocess_ms,2_7_bag_slow,496,1779956791953679658,495.93354913300004,4.083
preprocess_ms,2_7_bag_slow,497,1779956792985592000,496.96546147500004,3.756
preprocess_ms,2_7_bag_slow,498,1779956793968187807,497.94805728200004,3.379
preprocess_ms,2_7_bag_slow,499,1779956794960449416,498.940318891,4.408
preprocess_ms,2_7_bag_slow,500,1779956795938817469,499.91868694400006,3.6
preprocess_ms,2_7_bag_slow,501,1779956796929763145,500.90963262,4.439
preprocess_ms,2_7_bag_slow,502,1779956797945590262,501.92545973700004,4.024
preprocess_ms,2_7_bag_slow,503,1779956798947891790,502.927761265,4.119
preprocess_ms,2_7_bag_slow,504,1779956799982087932,503.96195740700006,4.408
preprocess_ms,2_7_bag_slow,505,1779956800938179142,504.918048617,4.061
preprocess_ms,2_7_bag_slow,506,1779956801970390280,505.95025975500005,3.438
preprocess_ms,2_7_bag_slow,507,1779956802960451980,506.94032145500006,4.189
preprocess_ms,2_7_bag_slow,508,1779956803936666718,507.916536193,3.53
preprocess_ms,2_7_bag_slow,509,1779956804938804634,508.91867410900005,3.563
preprocess_ms,2_7_bag_slow,510,1779956805937811950,509.917681425,4.09
preprocess_ms,2_7_bag_slow,511,1779956806970208020,510.950077495,4.344
preprocess_ms,2_7_bag_slow,512,1779956807953562905,511.93343238000006,3.884
preprocess_ms,2_7_bag_slow,513,1779956808955038084,512.9349075590001,4.475
preprocess_ms,2_7_bag_slow,514,1779956809963157711,513.943027186,3.717
preprocess_ms,2_7_bag_slow,515,1779956810933444558,514.913314033,4.041
preprocess_ms,2_7_bag_slow,516,1779956811944726054,515.924595529,3.854
preprocess_ms,2_7_bag_slow,517,1779956812933066083,516.9129355580001,3.468
preprocess_ms,2_7_bag_slow,518,1779956813932140127,517.912009602,4.32
preprocess_ms,2_7_bag_slow,519,1779956814963938213,518.943807688,4.023
preprocess_ms,2_7_bag_slow,520,1779956815930113777,519.9099832520001,4.529
preprocess_ms,2_7_bag_slow,521,1779956816939970607,520.9198400820001,4.116
preprocess_ms,2_7_bag_slow,522,1779956817938764562,521.9186340370001,4.237
preprocess_ms,2_7_bag_slow,523,1779956818944666108,522.9245355830001,3.963
preprocess_ms,2_7_bag_slow,524,1779956819946557890,523.926427365,3.859
preprocess_ms,2_7_bag_slow,525,1779956820976277027,524.956146502,3.819
preprocess_ms,2_7_bag_slow,526,1779956821970335098,525.9502045730001,4.993
preprocess_ms,2_7_bag_slow,527,1779956822963025478,526.9428949530001,3.642
preprocess_ms,2_7_bag_slow,528,1779956823955204494,527.9350739690001,4.294
preprocess_ms,2_7_bag_slow,529,1779956824954662313,528.9345317880001,3.402
preprocess_ms,2_7_bag_slow,530,1779956825953193054,529.933062529,4.429
preprocess_ms,2_7_bag_slow,531,1779956826998311128,530.978180603,3.398
preprocess_ms,2_7_bag_slow,532,1779956827957253777,531.937123252,4.44
preprocess_ms,2_7_bag_slow,533,1779956828952486076,532.932355551,3.613
preprocess_ms,2_7_bag_slow,534,1779956829933940630,533.913810105,4.129
preprocess_ms,2_7_bag_slow,535,1779956830937109978,534.9169794530001,3.428
preprocess_ms,2_7_bag_slow,536,1779956831936578425,535.9164479,4.17
preprocess_ms,2_7_bag_slow,537,1779956832936761291,536.916630766,3.25
preprocess_ms,2_7_bag_slow,538,1779956833970589028,537.950458503,3.919
preprocess_ms,2_7_bag_slow,539,1779956834952883774,538.932753249,4.18
preprocess_ms,2_7_bag_slow,540,1779956835960556669,539.9404261440001,3.25
preprocess_ms,2_7_bag_slow,541,1779956837005045778,540.984915253,4.815
preprocess_ms,2_7_bag_slow,542,1779956837972527776,541.952397251,3.92
preprocess_ms,2_7_bag_slow,543,1779956838942139636,542.9220091110001,3.535
preprocess_ms,2_7_bag_slow,544,1779956839966048871,543.945918346,4.211
preprocess_ms,2_7_bag_slow,545,1779956840937994366,544.917863841,3.716
preprocess_ms,2_7_bag_slow,546,1779956841958052387,545.937921862,4.249
preprocess_ms,2_7_bag_slow,547,1779956842996072213,546.975941688,3.949
preprocess_ms,2_7_bag_slow,548,1779956843959980787,547.939850262,3.906
preprocess_ms,2_7_bag_slow,549,1779956844954219506,548.9340889810001,4.574
preprocess_ms,2_7_bag_slow,550,1779956845944321908,549.924191383,3.893
preprocess_ms,2_7_bag_slow,551,1779956846961036595,550.94090607,4.303
preprocess_ms,2_7_bag_slow,552,1779956847945070318,551.924939793,4.092
preprocess_ms,2_7_bag_slow,553,1779956848979945300,552.959814775,4.084
preprocess_ms,2_7_bag_slow,554,1779956849942126595,553.9219960700001,3.894
preprocess_ms,2_7_bag_slow,555,1779956850944109853,554.9239793280001,3.425
preprocess_ms,2_7_bag_slow,556,1779956851947223470,555.927092945,4.003
preprocess_ms,2_7_bag_slow,557,1779956852970597465,556.9504669400001,3.989
preprocess_ms,2_7_bag_slow,558,1779956853934715462,557.9145849370001,3.874
preprocess_ms,2_7_bag_slow,559,1779956854982581036,558.962450511,3.845
preprocess_ms,2_7_bag_slow,560,1779956855941259552,559.921129027,4.381
preprocess_ms,2_7_bag_slow,561,1779956856953859542,560.933729017,4.811
preprocess_ms,2_7_bag_slow,562,1779956857960637052,561.940506527,5.134
preprocess_ms,2_7_bag_slow,563,1779956858956724976,562.936594451,4.349
preprocess_ms,2_7_bag_slow,564,1779956859975994973,563.955864448,3.556
preprocess_ms,2_7_bag_slow,565,1779956860987606702,564.967476177,3.227
preprocess_ms,2_7_bag_slow,566,1779956861963038234,565.942907709,3.903
preprocess_ms,2_7_bag_slow,567,1779956862962783866,566.942653341,3.939
preprocess_ms,2_7_bag_slow,568,1779956863963689590,567.943559065,4.259
preprocess_ms,2_7_bag_slow,569,1779956864950878630,568.930748105,4.228
preprocess_ms,2_7_bag_slow,570,1779956865945591440,569.925460915,4.002
preprocess_ms,2_7_bag_slow,571,1779956866972622396,570.952491871,4.153
preprocess_ms,2_7_bag_slow,572,1779956867945954030,571.925823505,3.84
preprocess_ms,2_7_bag_slow,573,1779956869020863028,573.000732503,4.641
preprocess_ms,2_7_bag_slow,574,1779956869935455785,573.91532526,3.907
preprocess_ms,2_7_bag_slow,575,1779956870939236606,574.919106081,4.683
preprocess_ms,2_7_bag_slow,576,1779956871948697195,575.92856667,4.724
preprocess_ms,2_7_bag_slow,577,1779956872947054017,576.926923492,3.485
preprocess_ms,2_7_bag_slow,578,1779956873950116328,577.929985803,4.072
preprocess_ms,2_7_bag_slow,579,1779956874963314065,578.9431835400001,3.825
preprocess_ms,2_7_bag_slow,580,1779956875946006439,579.925875914,3.831
preprocess_ms,2_7_bag_slow,581,1779956876969360222,580.9492296970001,4.363
preprocess_ms,2_7_bag_slow,582,1779956877948754324,581.9286237990001,4.553
preprocess_ms,2_7_bag_slow,583,1779956878934794957,582.914664432,4.317
preprocess_ms,2_7_bag_slow,584,1779956879961833346,583.941702821,4.884
preprocess_ms,2_7_bag_slow,585,1779956880935623920,584.915493395,3.734
preprocess_ms,2_7_bag_slow,586,1779956881948075880,585.927945355,4.598
preprocess_ms,2_7_bag_slow,587,1779956882948298391,586.9281678660001,4.168
preprocess_ms,2_7_bag_slow,588,1779956883939912055,587.91978153,4.434
preprocess_ms,2_7_bag_slow,589,1779956884960146518,588.9400159930001,4.0
preprocess_ms,2_7_bag_slow,590,1779956885943084248,589.9229537230001,4.447
preprocess_ms,2_7_bag_slow,591,1779956886945221297,590.9250907720001,3.585
preprocess_ms,2_7_bag_slow,592,1779956887946727314,591.9265967890001,3.884
preprocess_ms,2_7_new_plugin_bag,0,1779954819392531097,0.0,2.27
preprocess_ms,2_7_new_plugin_bag,1,1779954819465248753,0.072717656,6.458
preprocess_ms,2_7_new_plugin_bag,2,1779954819558438941,0.165907844,4.148
preprocess_ms,2_7_new_plugin_bag,3,1779954819661276926,0.268745829,5.759
preprocess_ms,2_7_new_plugin_bag,4,1779954819769547023,0.377015926,4.6
preprocess_ms,2_7_new_plugin_bag,5,1779954819876296820,0.48376572300000004,8.649
preprocess_ms,2_7_new_plugin_bag,6,1779954820001554423,0.6090233260000001,1.983
preprocess_ms,2_7_new_plugin_bag,7,1779954820134548945,0.742017848,5.809
preprocess_ms,2_7_new_plugin_bag,8,1779954820179343960,0.7868128630000001,3.107
preprocess_ms,2_7_new_plugin_bag,9,1779954820321814238,0.9292831410000001,8.771
preprocess_ms,2_7_new_plugin_bag,10,1779954820367072767,0.97454167,4.401
preprocess_ms,2_7_new_plugin_bag,11,1779954820495951445,1.103420348,6.257
preprocess_ms,2_7_new_plugin_bag,12,1779954820556662688,1.164131591,5.588
preprocess_ms,2_7_new_plugin_bag,13,1779954820645968597,1.2534375,7.695
preprocess_ms,2_7_new_plugin_bag,14,1779954820776408513,1.383877416,4.802
preprocess_ms,2_7_new_plugin_bag,15,1779954820934948640,1.542417543,13.578
preprocess_ms,2_7_new_plugin_bag,16,1779954821022570512,1.6300394150000002,4.981
preprocess_ms,2_7_new_plugin_bag,17,1779954821088315134,1.6957840370000001,7.162
preprocess_ms,2_7_new_plugin_bag,18,1779954821171299597,1.7787685000000002,5.537
preprocess_ms,2_7_new_plugin_bag,19,1779954821395876588,2.003345491,5.501
preprocess_ms,2_7_new_plugin_bag,20,1779954821556812588,2.164281491,8.018
preprocess_ms,2_7_new_plugin_bag,21,1779954821668367617,2.2758365200000004,3.017
preprocess_ms,2_7_new_plugin_bag,22,1779954821955864449,2.5633333520000003,17.01
preprocess_ms,2_7_new_plugin_bag,23,1779954822053459370,2.660928273,1.904
preprocess_ms,2_7_new_plugin_bag,24,1779954822196360724,2.8038296270000003,13.153
preprocess_ms,2_7_new_plugin_bag,25,1779954822279682803,2.887151706,4.769
preprocess_ms,2_7_new_plugin_bag,26,1779954822433848841,3.041317744,5.524
preprocess_ms,2_7_new_plugin_bag,27,1779954822522693843,3.1301627460000003,6.419
preprocess_ms,2_7_new_plugin_bag,28,1779954822688079968,3.2955488710000003,6.499
preprocess_ms,2_7_new_plugin_bag,29,1779954822836172596,3.4436414990000004,5.071
preprocess_ms,2_7_new_plugin_bag,30,1779954822928372574,3.5358414770000004,2.442
preprocess_ms,2_7_new_plugin_bag,31,1779954823021852394,3.629321297,4.18
preprocess_ms,2_7_new_plugin_bag,32,1779954823114091551,3.721560454,2.179
preprocess_ms,2_7_new_plugin_bag,33,1779954823193490745,3.800959648,3.983
preprocess_ms,2_7_new_plugin_bag,34,1779954823358250542,3.9657194450000004,3.802
preprocess_ms,2_7_new_plugin_bag,35,1779954823440715278,4.048184181,2.242
preprocess_ms,2_7_new_plugin_bag,36,1779954823504444774,4.111913677,3.02
preprocess_ms,2_7_new_plugin_bag,37,1779954823564518386,4.1719872890000005,2.08
preprocess_ms,2_7_new_plugin_bag,38,1779954823647874965,4.255343868000001,6.486
preprocess_ms,2_7_new_plugin_bag,39,1779954823708415683,4.315884586,11.448
preprocess_ms,2_7_new_plugin_bag,40,1779954823816323830,4.423792733,3.517
preprocess_ms,2_7_new_plugin_bag,41,1779954823877842731,4.485311634,8.021
preprocess_ms,2_7_new_plugin_bag,42,1779954824063006479,4.670475382,5.338
preprocess_ms,2_7_new_plugin_bag,43,1779954824145683899,4.753152802000001,8.826
preprocess_ms,2_7_new_plugin_bag,44,1779954824214270025,4.821738928,7.264
preprocess_ms,2_7_new_plugin_bag,45,1779954824349167041,4.956635944,9.031
preprocess_ms,2_7_new_plugin_bag,46,1779954824419104917,5.02657382,3.092
preprocess_ms,2_7_new_plugin_bag,47,1779954824507944577,5.11541348,3.59
preprocess_ms,2_7_new_plugin_bag,48,1779954824599304314,5.206773217,2.052
preprocess_ms,2_7_new_plugin_bag,49,1779954824643871072,5.2513399750000005,3.742
preprocess_ms,2_7_new_plugin_bag,50,1779954824737783639,5.345252542000001,8.831
preprocess_ms,2_7_new_plugin_bag,51,1779954824887743729,5.495212632,12.065
preprocess_ms,2_7_new_plugin_bag,52,1779954824968145167,5.57561407,4.073
preprocess_ms,2_7_new_plugin_bag,53,1779954825037745842,5.6452147450000005,5.794
preprocess_ms,2_7_new_plugin_bag,54,1779954825119203431,5.726672334000001,2.163
preprocess_ms,2_7_new_plugin_bag,55,1779954825237254310,5.844723213,3.878
preprocess_ms,2_7_new_plugin_bag,56,1779954825298490533,5.905959436000001,3.907
preprocess_ms,2_7_new_plugin_bag,57,1779954825354045017,5.961513920000001,3.746
preprocess_ms,2_7_new_plugin_bag,58,1779954825445625526,6.053094429000001,22.153
preprocess_ms,2_7_new_plugin_bag,59,1779954825532458813,6.139927716000001,6.041
preprocess_ms,2_7_new_plugin_bag,60,1779954825616264620,6.223733523000001,10.451
preprocess_ms,2_7_new_plugin_bag,61,1779954825665025856,6.272494759000001,4.753
preprocess_ms,2_7_new_plugin_bag,62,1779954825740973161,6.348442064,4.696
preprocess_ms,2_7_new_plugin_bag,63,1779954825850771295,6.458240198,5.595
preprocess_ms,2_7_new_plugin_bag,64,1779954825954907199,6.562376102,4.288
preprocess_ms,2_7_new_plugin_bag,65,1779954826052262480,6.6597313830000004,5.838
preprocess_ms,2_7_new_plugin_bag,66,1779954826137188080,6.7446569830000005,3.409
preprocess_ms,2_7_new_plugin_bag,67,1779954826230749282,6.838218185000001,1.741
preprocess_ms,2_7_new_plugin_bag,68,1779954826349782888,6.957251791,6.054
preprocess_ms,2_7_new_plugin_bag,69,1779954826473166085,7.080634988000001,6.045
preprocess_ms,2_7_new_plugin_bag,70,1779954826548337741,7.155806644,4.119
preprocess_ms,2_7_new_plugin_bag,71,1779954826667467612,7.274936515,12.45
preprocess_ms,2_7_new_plugin_bag,72,1779954826750339270,7.3578081730000005,6.298
preprocess_ms,2_7_new_plugin_bag,73,1779954826865962004,7.473430907000001,6.824
preprocess_ms,2_7_new_plugin_bag,74,1779954826971823620,7.579292523,7.297
preprocess_ms,2_7_new_plugin_bag,75,1779954827064977460,7.672446363000001,2.435
preprocess_ms,2_7_new_plugin_bag,76,1779954827169259717,7.77672862,9.179
preprocess_ms,2_7_new_plugin_bag,77,1779954827272377678,7.879846581000001,4.672
preprocess_ms,2_7_new_plugin_bag,78,1779954827372104432,7.979573335,6.719
preprocess_ms,2_7_new_plugin_bag,79,1779954827438051335,8.045520238,4.347
preprocess_ms,2_7_new_plugin_bag,80,1779954827563097721,8.170566624000001,6.174
preprocess_ms,2_7_new_plugin_bag,81,1779954827642612472,8.250081375,7.089
preprocess_ms,2_7_new_plugin_bag,82,1779954827739223593,8.346692496000001,6.583
preprocess_ms,2_7_new_plugin_bag,83,1779954827839662152,8.447131055,5.092
preprocess_ms,2_7_new_plugin_bag,84,1779954827941503061,8.548971964,6.289
preprocess_ms,2_7_new_plugin_bag,85,1779954828096998438,8.704467341,5.508
preprocess_ms,2_7_new_plugin_bag,86,1779954828156908062,8.764376965,4.738
preprocess_ms,2_7_new_plugin_bag,87,1779954828239550761,8.847019664000001,8.295
preprocess_ms,2_7_new_plugin_bag,88,1779954828344721756,8.952190659000001,4.509
preprocess_ms,2_7_new_plugin_bag,89,1779954828451098526,9.058567429,3.384
preprocess_ms,2_7_new_plugin_bag,90,1779954828554479543,9.161948446,5.19
preprocess_ms,2_7_new_plugin_bag,91,1779954828638165515,9.245634418,4.756
preprocess_ms,2_7_new_plugin_bag,92,1779954828728490394,9.335959297,5.409
preprocess_ms,2_7_new_plugin_bag,93,1779954828854195700,9.461664603000001,5.539
preprocess_ms,2_7_new_plugin_bag,94,1779954828972912685,9.580381588,4.941
preprocess_ms,2_7_new_plugin_bag,95,1779954829060284577,9.66775348,7.275
preprocess_ms,2_7_new_plugin_bag,96,1779954829155928889,9.763397792000001,4.932
preprocess_ms,2_7_new_plugin_bag,97,1779954829255132055,9.862600958,7.385
preprocess_ms,2_7_new_plugin_bag,98,1779954829349994846,9.957463749,5.476
preprocess_ms,2_7_new_plugin_bag,99,1779954829428621612,10.036090515000001,6.082
preprocess_ms,2_7_new_plugin_bag,100,1779954829531315710,10.138784613,5.91
preprocess_ms,2_7_new_plugin_bag,101,1779954829692638888,10.300107791,5.58
preprocess_ms,2_7_new_plugin_bag,102,1779954829733040136,10.340509039,5.957
preprocess_ms,2_7_new_plugin_bag,103,1779954829829308681,10.436777584000001,4.394
preprocess_ms,2_7_new_plugin_bag,104,1779954829928482172,10.535951075,3.965
preprocess_ms,2_7_new_plugin_bag,105,1779954830060030691,10.667499594,1.934
preprocess_ms,2_7_new_plugin_bag,106,1779954830126604134,10.734073037,5.578
preprocess_ms,2_7_new_plugin_bag,107,1779954830225113288,10.832582191,5.497
preprocess_ms,2_7_new_plugin_bag,108,1779954830321374129,10.928843032000001,3.669
preprocess_ms,2_7_new_plugin_bag,109,1779954830460784330,11.068253233,5.238
preprocess_ms,2_7_new_plugin_bag,110,1779954830536407396,11.143876299,4.797
preprocess_ms,2_7_new_plugin_bag,111,1779954830631077648,11.238546551,5.854
preprocess_ms,2_7_new_plugin_bag,112,1779954830749301331,11.356770234,5.8
preprocess_ms,2_7_new_plugin_bag,113,1779954830829536732,11.437005635,2.028
preprocess_ms,2_7_new_plugin_bag,114,1779954830946911534,11.554380437,4.711
preprocess_ms,2_7_new_plugin_bag,115,1779954831033483307,11.64095221,4.59
preprocess_ms,2_7_new_plugin_bag,116,1779954831143379870,11.750848773000001,7.358
preprocess_ms,2_7_new_plugin_bag,117,1779954831268605771,11.876074674000002,5.766
preprocess_ms,2_7_new_plugin_bag,118,1779954831372647926,11.980116829,8.234
preprocess_ms,2_7_new_plugin_bag,119,1779954831445141208,12.052610111,4.945
preprocess_ms,2_7_new_plugin_bag,120,1779954831546758110,12.154227013000002,2.906
preprocess_ms,2_7_new_plugin_bag,121,1779954831670012215,12.277481118,8.632
preprocess_ms,2_7_new_plugin_bag,122,1779954831774850140,12.382319043,3.333
preprocess_ms,2_7_new_plugin_bag,123,1779954831857682192,12.465151095000001,5.233
preprocess_ms,2_7_new_plugin_bag,124,1779954831933144366,12.540613269000001,4.591
preprocess_ms,2_7_new_plugin_bag,125,1779954832067702832,12.675171735000001,7.521
preprocess_ms,2_7_new_plugin_bag,126,1779954832131392598,12.738861501,4.716
preprocess_ms,2_7_new_plugin_bag,127,1779954832234813818,12.842282721,1.912
preprocess_ms,2_7_new_plugin_bag,128,1779954832347601055,12.955069958000001,4.639
preprocess_ms,2_7_new_plugin_bag,129,1779954832434411911,13.041880814,6.483
preprocess_ms,2_7_new_plugin_bag,130,1779954832538532777,13.146001680000001,6.039
preprocess_ms,2_7_new_plugin_bag,131,1779954832631935253,13.239404156,3.747
preprocess_ms,2_7_new_plugin_bag,132,1779954832747800962,13.355269865,5.344
preprocess_ms,2_7_new_plugin_bag,133,1779954832853404378,13.460873281000001,6.756
preprocess_ms,2_7_new_plugin_bag,134,1779954832925091041,13.532559944,8.518
preprocess_ms,2_7_new_plugin_bag,135,1779954833056232888,13.663701791000001,4.558
preprocess_ms,2_7_new_plugin_bag,136,1779954833140864371,13.748333274,4.634
preprocess_ms,2_7_new_plugin_bag,137,1779954833275181270,13.882650173,8.947
preprocess_ms,2_7_new_plugin_bag,138,1779954833332561549,13.940030452,5.422
preprocess_ms,2_7_new_plugin_bag,139,1779954833455530452,14.062999355,4.962
preprocess_ms,2_7_new_plugin_bag,140,1779954833571061048,14.178529951000002,4.39
preprocess_ms,2_7_new_plugin_bag,141,1779954833635772624,14.243241527,2.1
preprocess_ms,2_7_new_plugin_bag,142,1779954833748844851,14.356313754,5.886
preprocess_ms,2_7_new_plugin_bag,143,1779954833897468011,14.504936914000002,6.868
preprocess_ms,2_7_new_plugin_bag,144,1779954833975076955,14.582545858000001,7.313
preprocess_ms,2_7_new_plugin_bag,145,1779954834055081538,14.662550441,6.24
preprocess_ms,2_7_new_plugin_bag,146,1779954834160560382,14.768029285,4.978
preprocess_ms,2_7_new_plugin_bag,147,1779954834246289368,14.853758271,2.734
preprocess_ms,2_7_new_plugin_bag,148,1779954834363501641,14.970970544,6.876
preprocess_ms,2_7_new_plugin_bag,149,1779954834497939201,15.105408104,1.96
preprocess_ms,2_7_new_plugin_bag,150,1779954834582479831,15.189948734000001,6.988
preprocess_ms,2_7_new_plugin_bag,151,1779954834666700721,15.274169624,6.283
preprocess_ms,2_7_new_plugin_bag,152,1779954834752156138,15.359625041000001,4.738
preprocess_ms,2_7_new_plugin_bag,153,1779954834859176124,15.466645027,4.736
preprocess_ms,2_7_new_plugin_bag,154,1779954834958087074,15.565555977,2.824
preprocess_ms,2_7_new_plugin_bag,155,1779954835088089602,15.695558505000001,5.845
preprocess_ms,2_7_new_plugin_bag,156,1779954835155107338,15.762576241000001,4.806
preprocess_ms,2_7_new_plugin_bag,157,1779954835291461940,15.898930843,5.907
preprocess_ms,2_7_new_plugin_bag,158,1779954835364115119,15.971584022000002,8.319
preprocess_ms,2_7_new_plugin_bag,159,1779954835430985613,16.038454516,6.425
preprocess_ms,2_7_new_plugin_bag,160,1779954835544892893,16.152361796,5.174
preprocess_ms,2_7_new_plugin_bag,161,1779954835643357620,16.250826523,4.5
preprocess_ms,2_7_new_plugin_bag,162,1779954835757919043,16.365387946000002,6.605
preprocess_ms,2_7_new_plugin_bag,163,1779954835826068847,16.43353775,5.325
preprocess_ms,2_7_new_plugin_bag,164,1779954835995835728,16.603304631,11.94
preprocess_ms,2_7_new_plugin_bag,165,1779954836030426489,16.637895392,4.29
preprocess_ms,2_7_new_plugin_bag,166,1779954836155541362,16.763010265000002,5.82
preprocess_ms,2_7_new_plugin_bag,167,1779954836231470968,16.838939871,4.52
preprocess_ms,2_7_new_plugin_bag,168,1779954836352438128,16.959907031,5.991
preprocess_ms,2_7_new_plugin_bag,169,1779954836499868181,17.107337084,5.644
preprocess_ms,2_7_new_plugin_bag,170,1779954836539363856,17.146832759000002,2.475
preprocess_ms,2_7_new_plugin_bag,171,1779954836640992993,17.248461896000002,7.112
preprocess_ms,2_7_new_plugin_bag,172,1779954836724128303,17.331597206,5.348
preprocess_ms,2_7_new_plugin_bag,173,1779954836835497020,17.442965923000003,5.817
preprocess_ms,2_7_new_plugin_bag,174,1779954836943491855,17.550960758000002,1.742
preprocess_ms,2_7_new_plugin_bag,175,1779954837059325179,17.666794082000003,6.766
preprocess_ms,2_7_new_plugin_bag,176,1779954837142945878,17.750414781,4.026
preprocess_ms,2_7_new_plugin_bag,177,1779954837231209683,17.838678586,7.0
preprocess_ms,2_7_new_plugin_bag,178,1779954837344937394,17.952406297,3.84
preprocess_ms,2_7_new_plugin_bag,179,1779954837428494246,18.035963149,4.937
preprocess_ms,2_7_new_plugin_bag,180,1779954837545028791,18.152497694,5.133
preprocess_ms,2_7_new_plugin_bag,181,1779954837626420171,18.233889074,3.687
preprocess_ms,2_7_new_plugin_bag,182,1779954837746757765,18.354226668000003,2.812
preprocess_ms,2_7_new_plugin_bag,183,1779954837825314778,18.432783681,1.727
preprocess_ms,2_7_new_plugin_bag,184,1779954837943355263,18.550824166,4.97
preprocess_ms,2_7_new_plugin_bag,185,1779954838052920734,18.660389637,5.549
preprocess_ms,2_7_new_plugin_bag,186,1779954838136761386,18.744230289,5.701
preprocess_ms,2_7_new_plugin_bag,187,1779954838230396116,18.837865019000002,6.197
preprocess_ms,2_7_new_plugin_bag,188,1779954838355074351,18.962543254,5.671
preprocess_ms,2_7_new_plugin_bag,189,1779954838457705350,19.065174253000002,4.507
preprocess_ms,2_7_new_plugin_bag,190,1779954838542230295,19.149699198,4.34
preprocess_ms,2_7_new_plugin_bag,191,1779954838661348311,19.268817214000002,5.641
preprocess_ms,2_7_new_plugin_bag,192,1779954838754532044,19.362000947000002,5.031
preprocess_ms,2_7_new_plugin_bag,193,1779954838830137865,19.437606768000002,4.065
preprocess_ms,2_7_new_plugin_bag,194,1779954838946191168,19.553660071,6.349
preprocess_ms,2_7_new_plugin_bag,195,1779954839060283203,19.667752106000002,2.043
preprocess_ms,2_7_new_plugin_bag,196,1779954839132752579,19.740221482000003,4.514
preprocess_ms,2_7_new_plugin_bag,197,1779954839229901189,19.837370092,5.177
preprocess_ms,2_7_new_plugin_bag,198,1779954839342909695,19.950378598,4.103
preprocess_ms,2_7_new_plugin_bag,199,1779954839462034458,20.069503361000002,4.896
preprocess_ms,2_7_new_plugin_bag,200,1779954839536930026,20.144398929,6.385
preprocess_ms,2_7_new_plugin_bag,201,1779954839679219211,20.286688114,1.902
preprocess_ms,2_7_new_plugin_bag,202,1779954839755999683,20.363468586,7.316
preprocess_ms,2_7_new_plugin_bag,203,1779954839861467245,20.468936148,4.689
preprocess_ms,2_7_new_plugin_bag,204,1779954839991709773,20.599178676,18.836
preprocess_ms,2_7_new_plugin_bag,205,1779954840036197280,20.643666183,4.751
preprocess_ms,2_7_new_plugin_bag,206,1779954840144691263,20.752160166000003,5.69
preprocess_ms,2_7_new_plugin_bag,207,1779954840236474238,20.843943141,5.754
preprocess_ms,2_7_new_plugin_bag,208,1779954840334890793,20.942359696,3.819
preprocess_ms,2_7_new_plugin_bag,209,1779954840444320645,21.051789548000002,5.466
preprocess_ms,2_7_new_plugin_bag,210,1779954840578074534,21.185543437,4.777
preprocess_ms,2_7_new_plugin_bag,211,1779954840639458819,21.246927722000002,6.359
preprocess_ms,2_7_new_plugin_bag,212,1779954840730954918,21.338423821000003,4.172
preprocess_ms,2_7_new_plugin_bag,213,1779954840858618386,21.466087289,5.982
preprocess_ms,2_7_new_plugin_bag,214,1779954840948913753,21.556382656,4.457
preprocess_ms,2_7_new_plugin_bag,215,1779954841035799430,21.643268333,6.422
preprocess_ms,2_7_new_plugin_bag,216,1779954841180197567,21.78766647,7.446
preprocess_ms,2_7_new_plugin_bag,217,1779954841280206948,21.887675851,4.935
preprocess_ms,2_7_new_plugin_bag,218,1779954841349019137,21.95648804,4.984
preprocess_ms,2_7_new_plugin_bag,219,1779954841448164564,22.055633467,5.665
preprocess_ms,2_7_new_plugin_bag,220,1779954841541689268,22.149158171,5.402
preprocess_ms,2_7_new_plugin_bag,221,1779954841679012422,22.286481325,5.129
preprocess_ms,2_7_new_plugin_bag,222,1779954841764158550,22.371627453000002,6.451
preprocess_ms,2_7_new_plugin_bag,223,1779954841837783998,22.445252901,3.94
preprocess_ms,2_7_new_plugin_bag,224,1779954841953297387,22.56076629,6.534
preprocess_ms,2_7_new_plugin_bag,225,1779954842032971657,22.640440560000002,3.408
preprocess_ms,2_7_new_plugin_bag,226,1779954842133657900,22.741126803,3.323
preprocess_ms,2_7_new_plugin_bag,227,1779954842240299274,22.847768177000003,7.608
preprocess_ms,2_7_new_plugin_bag,228,1779954842328908420,22.936377323000002,4.766
preprocess_ms,2_7_new_plugin_bag,229,1779954842454000598,23.061469501,5.628
preprocess_ms,2_7_new_plugin_bag,230,1779954842590583139,23.198052042,3.08
preprocess_ms,2_7_new_plugin_bag,231,1779954842637811588,23.245280491000003,2.095
preprocess_ms,2_7_new_plugin_bag,232,1779954842734200548,23.341669451,6.348
preprocess_ms,2_7_new_plugin_bag,233,1779954842830380444,23.437849347,3.501
preprocess_ms,2_7_new_plugin_bag,234,1779954842940358614,23.547827517,3.773
preprocess_ms,2_7_new_plugin_bag,235,1779954843043820849,23.651289752,5.2
preprocess_ms,2_7_new_plugin_bag,236,1779954843130030563,23.737499466000003,5.509
preprocess_ms,2_7_new_plugin_bag,237,1779954843231480459,23.838949362,1.906
preprocess_ms,2_7_new_plugin_bag,238,1779954843355993925,23.963462828,5.078
preprocess_ms,2_7_new_plugin_bag,239,1779954843438725334,24.046194237,8.609
preprocess_ms,2_7_new_plugin_bag,240,1779954843533695906,24.141164809000003,4.218
preprocess_ms,2_7_new_plugin_bag,241,1779954843636622055,24.244090958,5.374
preprocess_ms,2_7_new_plugin_bag,242,1779954843736834456,24.344303359,4.549
preprocess_ms,2_7_new_plugin_bag,243,1779954843845376958,24.452845861,4.697
preprocess_ms,2_7_new_plugin_bag,244,1779954843943514147,24.550983050000003,5.685
preprocess_ms,2_7_new_plugin_bag,245,1779954844036947525,24.644416428000003,5.174
preprocess_ms,2_7_new_plugin_bag,246,1779954844154880123,24.762349026000003,4.323
preprocess_ms,2_7_new_plugin_bag,247,1779954844238010186,24.845479089,5.963
preprocess_ms,2_7_new_plugin_bag,248,1779954844343877286,24.951346189000002,5.51
preprocess_ms,2_7_new_plugin_bag,249,1779954844456234394,25.063703297,5.499
preprocess_ms,2_7_new_plugin_bag,250,1779954844527499642,25.134968545000003,4.305
preprocess_ms,2_7_new_plugin_bag,251,1779954844674187942,25.281656845,5.429
preprocess_ms,2_7_new_plugin_bag,252,1779954844754071401,25.361540304000002,5.205
preprocess_ms,2_7_new_plugin_bag,253,1779954844839927645,25.447396548,4.146
preprocess_ms,2_7_new_plugin_bag,254,1779954844936359958,25.543828861,6.781
preprocess_ms,2_7_new_plugin_bag,255,1779954845073187555,25.680656458,8.093
preprocess_ms,2_7_new_plugin_bag,256,1779954845136833637,25.744302540000003,5.029
preprocess_ms,2_7_new_plugin_bag,257,1779954845248307440,25.855776343000002,4.913
preprocess_ms,2_7_new_plugin_bag,258,1779954845382664472,25.990133375000003,4.42
preprocess_ms,2_7_new_plugin_bag,259,1779954845451355330,26.058824233000003,4.611
preprocess_ms,2_7_new_plugin_bag,260,1779954845545013986,26.152482889,3.927
preprocess_ms,2_7_new_plugin_bag,261,1779954845677839322,26.285308225,4.781
preprocess_ms,2_7_new_plugin_bag,262,1779954845743817435,26.351286338,4.941
preprocess_ms,2_7_new_plugin_bag,263,1779954845842010066,26.449478969,5.765
preprocess_ms,2_7_new_plugin_bag,264,1779954845942047356,26.549516259,4.958
preprocess_ms,2_7_new_plugin_bag,265,1779954846058467998,26.665936901000002,6.027
preprocess_ms,2_7_new_plugin_bag,266,1779954846171752638,26.779221541000002,4.635
preprocess_ms,2_7_new_plugin_bag,267,1779954846251015991,26.858484894,4.368
preprocess_ms,2_7_new_plugin_bag,268,1779954846360164259,26.967633162000002,4.582
preprocess_ms,2_7_new_plugin_bag,269,1779954846428902288,27.036371191,6.159
preprocess_ms,2_7_new_plugin_bag,270,1779954846534897557,27.14236646,6.471
preprocess_ms,2_7_new_plugin_bag,271,1779954846628307458,27.235776361000003,6.379
preprocess_ms,2_7_new_plugin_bag,272,1779954846740640741,27.348109644,5.993
preprocess_ms,2_7_new_plugin_bag,273,1779954846828721349,27.436190252000003,5.067
preprocess_ms,2_7_new_plugin_bag,274,1779954846985770731,27.593239634000003,8.682
preprocess_ms,2_7_new_plugin_bag,275,1779954847062058325,27.669527228000003,3.19
preprocess_ms,2_7_new_plugin_bag,276,1779954847162188028,27.769656931,5.742
preprocess_ms,2_7_new_plugin_bag,277,1779954847273219191,27.880688094000003,8.418
preprocess_ms,2_7_new_plugin_bag,278,1779954847357686470,27.965155373,4.48
preprocess_ms,2_7_new_plugin_bag,279,1779954847460932651,28.068401554,6.677
preprocess_ms,2_7_new_plugin_bag,280,1779954847596972703,28.204441606000003,7.713
preprocess_ms,2_7_new_plugin_bag,281,1779954847645434167,28.252903070000002,1.932
preprocess_ms,2_7_new_plugin_bag,282,1779954847797473388,28.404942291,6.071
preprocess_ms,2_7_new_plugin_bag,283,1779954847839797239,28.447266142,6.173
preprocess_ms,2_7_new_plugin_bag,284,1779954847963953677,28.57142258,4.849
preprocess_ms,2_7_new_plugin_bag,285,1779954848058827012,28.666295915000003,6.173
preprocess_ms,2_7_new_plugin_bag,286,1779954848189019850,28.796488753000002,3.727
preprocess_ms,2_7_new_plugin_bag,287,1779954848252128766,28.859597669000003,6.555
preprocess_ms,2_7_new_plugin_bag,288,1779954848329764820,28.937233723000002,5.118
preprocess_ms,2_7_new_plugin_bag,289,1779954848435321246,29.042790149,3.512
preprocess_ms,2_7_new_plugin_bag,290,1779954848545123811,29.152592714,4.333
preprocess_ms,2_7_new_plugin_bag,291,1779954848645499130,29.252968033000002,5.301
preprocess_ms,2_7_new_plugin_bag,292,1779954848738710320,29.346179223000004,4.43
preprocess_ms,2_7_new_plugin_bag,293,1779954848857479701,29.464948604000003,3.23
preprocess_ms,2_7_new_plugin_bag,294,1779954848958037376,29.565506279,5.416
preprocess_ms,2_7_new_plugin_bag,295,1779954849029181597,29.636650500000002,3.031
preprocess_ms,2_7_new_plugin_bag,296,1779954849148017309,29.755486212,6.662
preprocess_ms,2_7_new_plugin_bag,297,1779954849233720870,29.841189773000004,5.359
preprocess_ms,2_7_new_plugin_bag,298,1779954849334571312,29.942040215000002,5.752
preprocess_ms,2_7_new_plugin_bag,299,1779954849435295287,30.042764190000003,5.12
preprocess_ms,2_7_new_plugin_bag,300,1779954849572040487,30.179509390000003,5.484
preprocess_ms,2_7_new_plugin_bag,301,1779954849657505760,30.264974663,7.061
preprocess_ms,2_7_new_plugin_bag,302,1779954849735501614,30.342970517,4.96
preprocess_ms,2_7_new_plugin_bag,303,1779954849870866162,30.478335065000003,5.757
preprocess_ms,2_7_new_plugin_bag,304,1779954849972434718,30.579903621000003,4.517
preprocess_ms,2_7_new_plugin_bag,305,1779954850048773400,30.656242303000003,4.804
preprocess_ms,2_7_new_plugin_bag,306,1779954850146051387,30.75352029,5.425
preprocess_ms,2_7_new_plugin_bag,307,1779954850253999806,30.861468709,4.596
preprocess_ms,2_7_new_plugin_bag,308,1779954850331310506,30.938779409000002,3.573
preprocess_ms,2_7_new_plugin_bag,309,1779954850475815166,31.083284069,5.142
preprocess_ms,2_7_new_plugin_bag,310,1779954850536776022,31.144244925000002,5.479
preprocess_ms,2_7_new_plugin_bag,311,1779954850637925249,31.245394152000003,5.368
preprocess_ms,2_7_new_plugin_bag,312,1779954850735161226,31.342630129000003,5.527
preprocess_ms,2_7_new_plugin_bag,313,1779954850836273536,31.443742439,9.241
preprocess_ms,2_7_new_plugin_bag,314,1779954850940931782,31.548400685,3.744
preprocess_ms,2_7_new_plugin_bag,315,1779954851049811907,31.657280810000003,4.464
preprocess_ms,2_7_new_plugin_bag,316,1779954851158750151,31.766219054,3.812
preprocess_ms,2_7_new_plugin_bag,317,1779954851236387091,31.843855994000002,4.689
preprocess_ms,2_7_new_plugin_bag,318,1779954851355931155,31.963400058,6.764
preprocess_ms,2_7_new_plugin_bag,319,1779954851437510203,32.044979106,4.73
preprocess_ms,2_7_new_plugin_bag,320,1779954851548427790,32.155896693,5.929
preprocess_ms,2_7_new_plugin_bag,321,1779954851635638032,32.243106935,4.187
preprocess_ms,2_7_new_plugin_bag,322,1779954851756245826,32.363714729,5.072
preprocess_ms,2_7_new_plugin_bag,323,1779954851865199282,32.472668185,7.526
preprocess_ms,2_7_new_plugin_bag,324,1779954851942438049,32.549906952,2.02
preprocess_ms,2_7_new_plugin_bag,325,1779954852080723395,32.688192298000004,7.106
preprocess_ms,2_7_new_plugin_bag,326,1779954852131423097,32.738892,4.767
preprocess_ms,2_7_new_plugin_bag,327,1779954852240747581,32.848216484000005,7.349
preprocess_ms,2_7_new_plugin_bag,328,1779954852365475835,32.972944738,5.538
preprocess_ms,2_7_new_plugin_bag,329,1779954852456819093,33.064287996000004,5.197
preprocess_ms,2_7_new_plugin_bag,330,1779954852536165136,33.143634039000005,6.47
preprocess_ms,2_7_new_plugin_bag,331,1779954852644392074,33.251860977,4.801
preprocess_ms,2_7_new_plugin_bag,332,1779954852782621085,33.390089988,5.177
preprocess_ms,2_7_new_plugin_bag,333,1779954852829710384,33.437179287,2.482
preprocess_ms,2_7_new_plugin_bag,334,1779954852946555160,33.554024063,4.812
preprocess_ms,2_7_new_plugin_bag,335,1779954853057968775,33.665437678,2.09
preprocess_ms,2_7_new_plugin_bag,336,1779954853141902910,33.749371813,3.37
preprocess_ms,2_7_new_plugin_bag,337,1779954853231983335,33.839452238,5.404
preprocess_ms,2_7_new_plugin_bag,338,1779954853368950483,33.976419386,1.959
preprocess_ms,2_7_new_plugin_bag,339,1779954853459163710,34.066632613,5.058
preprocess_ms,2_7_new_plugin_bag,340,1779954853554301792,34.161770695,7.318
preprocess_ms,2_7_new_plugin_bag,341,1779954853682876128,34.290345031,7.417
preprocess_ms,2_7_new_plugin_bag,342,1779954853769947588,34.377416491000005,1.856
preprocess_ms,2_7_new_plugin_bag,343,1779954853878603667,34.486072570000005,4.184
preprocess_ms,2_7_new_plugin_bag,344,1779954853997757831,34.605226734000006,8.92
preprocess_ms,2_7_new_plugin_bag,345,1779954854058646036,34.666114939,6.565
preprocess_ms,2_7_new_plugin_bag,346,1779954854149849285,34.757318188,7.015
preprocess_ms,2_7_new_plugin_bag,347,1779954854237199151,34.844668054,5.294
preprocess_ms,2_7_new_plugin_bag,348,1779954854357936306,34.965405209000004,4.584
preprocess_ms,2_7_new_plugin_bag,349,1779954854432698266,35.040167169,4.954
preprocess_ms,2_7_new_plugin_bag,350,1779954854554172167,35.16164107,5.257
preprocess_ms,2_7_new_plugin_bag,351,1779954854678298112,35.285767015000005,9.972
preprocess_ms,2_7_new_plugin_bag,352,1779954854727860184,35.335329087000005,4.934
preprocess_ms,2_7_new_plugin_bag,353,1779954854859203997,35.4666729,17.204
preprocess_ms,2_7_new_plugin_bag,354,1779954854954975916,35.562444819,6.449
preprocess_ms,2_7_new_plugin_bag,355,1779954855038084410,35.645553313,4.817
preprocess_ms,2_7_new_plugin_bag,356,1779954855153356793,35.760825696000005,2.637
preprocess_ms,2_7_new_plugin_bag,357,1779954855299205850,35.906674753000004,7.31
preprocess_ms,2_7_new_plugin_bag,358,1779954855368473854,35.975942757000006,7.661
preprocess_ms,2_7_new_plugin_bag,359,1779954855479007272,36.086476175,19.895
preprocess_ms,2_7_new_plugin_bag,360,1779954855546280299,36.153749202,4.796
preprocess_ms,2_7_new_plugin_bag,361,1779954855668619282,36.276088185,4.639
preprocess_ms,2_7_new_plugin_bag,362,1779954855743509634,36.350978537,6.175
preprocess_ms,2_7_new_plugin_bag,363,1779954855840638347,36.44810725,5.426
preprocess_ms,2_7_new_plugin_bag,364,1779954855970651390,36.578120293000005,5.436
preprocess_ms,2_7_new_plugin_bag,365,1779954856072762984,36.680231887000005,5.097
preprocess_ms,2_7_new_plugin_bag,366,1779954856139812524,36.747281427000004,7.52
preprocess_ms,2_7_new_plugin_bag,367,1779954856305490406,36.912959309,5.649
preprocess_ms,2_7_new_plugin_bag,368,1779954856344504648,36.951973551,6.052
preprocess_ms,2_7_new_plugin_bag,369,1779954856468124182,37.075593085,6.579
preprocess_ms,2_7_new_plugin_bag,370,1779954856556981813,37.164450716000005,5.34
preprocess_ms,2_7_new_plugin_bag,371,1779954856646746710,37.254215613,4.615
preprocess_ms,2_7_new_plugin_bag,372,1779954856746189084,37.353657987000005,4.498
preprocess_ms,2_7_new_plugin_bag,373,1779954856862176010,37.469644913,4.711
preprocess_ms,2_7_new_plugin_bag,374,1779954856931658018,37.539126921000005,3.447
preprocess_ms,2_7_new_plugin_bag,375,1779954857034174466,37.641643369,6.008
preprocess_ms,2_7_new_plugin_bag,376,1779954857138838362,37.746307265000006,7.004
preprocess_ms,2_7_new_plugin_bag,377,1779954857230236577,37.837705480000004,6.076
preprocess_ms,2_7_new_plugin_bag,378,1779954857330155694,37.937624597,4.209
preprocess_ms,2_7_new_plugin_bag,379,1779954857432625659,38.040094562,5.024
preprocess_ms,2_7_new_plugin_bag,380,1779954857553743369,38.161212272,4.743
preprocess_ms,2_7_new_plugin_bag,381,1779954857643942790,38.251411693,5.615
preprocess_ms,2_7_new_plugin_bag,382,1779954857756305839,38.363774742000004,5.997
preprocess_ms,2_7_new_plugin_bag,383,1779954857853763762,38.461232665000004,6.761
preprocess_ms,2_7_new_plugin_bag,384,1779954857983301780,38.590770683,5.173
preprocess_ms,2_7_new_plugin_bag,385,1779954858065197583,38.672666486000004,4.931
preprocess_ms,2_7_new_plugin_bag,386,1779954858159258906,38.766727809,2.907
preprocess_ms,2_7_new_plugin_bag,387,1779954858263202423,38.870671326,5.455
preprocess_ms,2_7_new_plugin_bag,388,1779954858367168719,38.974637622,5.433
preprocess_ms,2_7_new_plugin_bag,389,1779954858453402821,39.060871724,5.55
preprocess_ms,2_7_new_plugin_bag,390,1779954858556712058,39.164180961,5.545
preprocess_ms,2_7_new_plugin_bag,391,1779954858645124036,39.252592939,5.678
preprocess_ms,2_7_new_plugin_bag,392,1779954858733252872,39.340721775000006,5.784
preprocess_ms,2_7_new_plugin_bag,393,1779954858853805129,39.461274032000006,6.314
preprocess_ms,2_7_new_plugin_bag,394,1779954858977029237,39.58449814,5.327
preprocess_ms,2_7_new_plugin_bag,395,1779954859033686072,39.641154975,5.926
preprocess_ms,2_7_new_plugin_bag,396,1779954859133248896,39.740717799,5.048
preprocess_ms,2_7_new_plugin_bag,397,1779954859261901821,39.869370724,4.079
preprocess_ms,2_7_new_plugin_bag,398,1779954859373577984,39.981046887000005,4.963
preprocess_ms,2_7_new_plugin_bag,399,1779954859441315071,40.048783974,4.455
preprocess_ms,2_7_new_plugin_bag,400,1779954859538202248,40.145671151,4.913
preprocess_ms,2_7_new_plugin_bag,401,1779954859683087769,40.290556672,6.326
preprocess_ms,2_7_new_plugin_bag,402,1779954859738886144,40.346355047,4.628
preprocess_ms,2_7_new_plugin_bag,403,1779954859836079783,40.443548686,4.133
preprocess_ms,2_7_new_plugin_bag,404,1779954859953629268,40.561098171000005,5.867
preprocess_ms,2_7_new_plugin_bag,405,1779954860100130787,40.70759969,7.048
preprocess_ms,2_7_new_plugin_bag,406,1779954860141039390,40.748508293,4.793
preprocess_ms,2_7_new_plugin_bag,407,1779954860277543028,40.885011931,4.205
preprocess_ms,2_7_new_plugin_bag,408,1779954860375673992,40.983142895,7.192
preprocess_ms,2_7_new_plugin_bag,409,1779954860445282033,41.052750936,5.66
preprocess_ms,2_7_new_plugin_bag,410,1779954860560925820,41.168394723000006,1.999
preprocess_ms,2_7_new_plugin_bag,411,1779954860638726835,41.246195738000004,4.117
preprocess_ms,2_7_new_plugin_bag,412,1779954860803553325,41.411022228,4.992
preprocess_ms,2_7_new_plugin_bag,413,1779954860869367481,41.476836384,6.264
preprocess_ms,2_7_new_plugin_bag,414,1779954860948338670,41.555807573,3.84
preprocess_ms,2_7_new_plugin_bag,415,1779954861043409236,41.650878139,4.605
preprocess_ms,2_7_new_plugin_bag,416,1779954861156734816,41.764203719,3.794
preprocess_ms,2_7_new_plugin_bag,417,1779954861229370131,41.836839034,4.557
preprocess_ms,2_7_new_plugin_bag,418,1779954861364500297,41.971969200000004,5.355
preprocess_ms,2_7_new_plugin_bag,419,1779954861439188550,42.046657453,5.268
preprocess_ms,2_7_new_plugin_bag,420,1779954861546434755,42.153903658000004,6.347
preprocess_ms,2_7_new_plugin_bag,421,1779954861658903581,42.266372484,4.597
preprocess_ms,2_7_new_plugin_bag,422,1779954861753198081,42.360666984000005,4.589
preprocess_ms,2_7_new_plugin_bag,423,1779954861838398798,42.445867701000005,4.231
preprocess_ms,2_7_new_plugin_bag,424,1779954861956438189,42.563907092,4.07
preprocess_ms,2_7_new_plugin_bag,425,1779954862038482065,42.645950968,1.93
preprocess_ms,2_7_new_plugin_bag,426,1779954862168632966,42.776101869,4.917
preprocess_ms,2_7_new_plugin_bag,427,1779954862241243916,42.848712819,5.443
preprocess_ms,2_7_new_plugin_bag,428,1779954862336692813,42.944161716,3.462
preprocess_ms,2_7_new_plugin_bag,429,1779954862435983958,43.043452861000006,4.847
preprocess_ms,2_7_new_plugin_bag,430,1779954862559385781,43.166854684,3.943
preprocess_ms,2_7_new_plugin_bag,431,1779954862659514472,43.266983375,6.823
preprocess_ms,2_7_new_plugin_bag,432,1779954862763825560,43.371294463000005,6.163
preprocess_ms,2_7_new_plugin_bag,433,1779954862839731540,43.447200443,5.14
preprocess_ms,2_7_new_plugin_bag,434,1779954862935302110,43.542771013,5.081
preprocess_ms,2_7_new_plugin_bag,435,1779954863043578465,43.651047368,5.438
preprocess_ms,2_7_new_plugin_bag,436,1779954863153771993,43.761240896000004,4.379
preprocess_ms,2_7_new_plugin_bag,437,1779954863264654244,43.872123147,5.481
preprocess_ms,2_7_new_plugin_bag,438,1779954863358037481,43.965506384,5.745
preprocess_ms,2_7_new_plugin_bag,439,1779954863449935666,44.057404569000006,5.872
preprocess_ms,2_7_new_plugin_bag,440,1779954863575073689,44.182542592000004,5.883
preprocess_ms,2_7_new_plugin_bag,441,1779954863650282386,44.257751289000005,5.599
preprocess_ms,2_7_new_plugin_bag,442,1779954863738943864,44.346412767000004,5.277
preprocess_ms,2_7_new_plugin_bag,443,1779954863856683062,44.464151965,6.532
preprocess_ms,2_7_new_plugin_bag,444,1779954863950932863,44.558401766,6.605
preprocess_ms,2_7_new_plugin_bag,445,1779954864062539993,44.670008896000006,2.066
preprocess_ms,2_7_new_plugin_bag,446,1779954864135882452,44.743351355,5.097
preprocess_ms,2_7_new_plugin_bag,447,1779954864246476504,44.853945407000005,5.061
preprocess_ms,2_7_new_plugin_bag,448,1779954864338965609,44.946434512,5.744
preprocess_ms,2_7_new_plugin_bag,449,1779954864463892449,45.071361352000004,3.732
preprocess_ms,2_7_new_plugin_bag,450,1779954864559612349,45.167081252,6.508
preprocess_ms,2_7_new_plugin_bag,451,1779954864647205089,45.254673992,5.539
preprocess_ms,2_7_new_plugin_bag,452,1779954864807715506,45.415184409000005,5.989
preprocess_ms,2_7_new_plugin_bag,453,1779954864842918809,45.450387712,2.032
preprocess_ms,2_7_new_plugin_bag,454,1779954864954859735,45.562328638000004,6.678
preprocess_ms,2_7_new_plugin_bag,455,1779954865064255363,45.671724266000005,7.427
preprocess_ms,2_7_new_plugin_bag,456,1779954865153677417,45.76114632,5.154
preprocess_ms,2_7_new_plugin_bag,457,1779954865235445632,45.842914535000006,3.891
preprocess_ms,2_7_new_plugin_bag,458,1779954865363985844,45.971454747,4.387
preprocess_ms,2_7_new_plugin_bag,459,1779954865482904725,46.090373628,6.136
preprocess_ms,2_7_new_plugin_bag,460,1779954865546781048,46.154249951000004,9.016
preprocess_ms,2_7_new_plugin_bag,461,1779954865654574396,46.262043299000005,4.286
preprocess_ms,2_7_new_plugin_bag,462,1779954865739865616,46.347334519,8.581
preprocess_ms,2_7_new_plugin_bag,463,1779954865836273332,46.443742235,5.581
preprocess_ms,2_7_new_plugin_bag,464,1779954865929574509,46.537043412,3.762
preprocess_ms,2_7_new_plugin_bag,465,1779954866059641450,46.667110353000005,6.501
preprocess_ms,2_7_new_plugin_bag,466,1779954866156514614,46.763983517,15.388
preprocess_ms,2_7_new_plugin_bag,467,1779954866257887328,46.865356231,5.019
preprocess_ms,2_7_new_plugin_bag,468,1779954866350145288,46.957614191000005,6.633
preprocess_ms,2_7_new_plugin_bag,469,1779954866502631299,47.110100202000005,6.563
preprocess_ms,2_7_new_plugin_bag,470,1779954866560719464,47.168188367000006,5.189
preprocess_ms,2_7_new_plugin_bag,471,1779954866672656021,47.280124924000006,4.948
preprocess_ms,2_7_new_plugin_bag,472,1779954866779837034,47.387305937,5.243
preprocess_ms,2_7_new_plugin_bag,473,1779954866857245895,47.464714798,6.057
preprocess_ms,2_7_new_plugin_bag,474,1779954866957785116,47.565254019,7.042
preprocess_ms,2_7_new_plugin_bag,475,1779954867052991816,47.660460719,5.263
preprocess_ms,2_7_new_plugin_bag,476,1779954867164325504,47.771794407,2.056
preprocess_ms,2_7_new_plugin_bag,477,1779954867272279857,47.879748760000005,4.856
preprocess_ms,2_7_new_plugin_bag,478,1779954867340416206,47.947885109000005,6.413
preprocess_ms,2_7_new_plugin_bag,479,1779954867433773404,48.041242307000005,5.533
preprocess_ms,2_7_new_plugin_bag,480,1779954867572210096,48.179678999000004,5.876
preprocess_ms,2_7_new_plugin_bag,481,1779954867665589110,48.273058013,6.41
preprocess_ms,2_7_new_plugin_bag,482,1779954867774161891,48.381630794,3.253
preprocess_ms,2_7_new_plugin_bag,483,1779954867841023029,48.448491932,8.031
preprocess_ms,2_7_new_plugin_bag,484,1779954867934985374,48.542454277000004,4.975
preprocess_ms,2_7_new_plugin_bag,485,1779954868057729103,48.665198006000004,4.793
preprocess_ms,2_7_new_plugin_bag,486,1779954868164841246,48.772310149000006,5.925
preprocess_ms,2_7_new_plugin_bag,487,1779954868266042306,48.873511209,8.411
preprocess_ms,2_7_new_plugin_bag,488,1779954868354624171,48.962093074,2.002
preprocess_ms,2_7_new_plugin_bag,489,1779954868491429332,49.098898235,6.056
preprocess_ms,2_7_new_plugin_bag,490,1779954868542272682,49.149741585,4.011
preprocess_ms,2_7_new_plugin_bag,491,1779954868653701724,49.261170627000006,5.566
preprocess_ms,2_7_new_plugin_bag,492,1779954868778281025,49.385749928,3.308
preprocess_ms,2_7_new_plugin_bag,493,1779954868838803583,49.446272486000005,6.45
preprocess_ms,2_7_new_plugin_bag,494,1779954868931157495,49.538626398000005,4.569
preprocess_ms,2_7_new_plugin_bag,495,1779954869031090604,49.638559507000004,5.926
preprocess_ms,2_7_new_plugin_bag,496,1779954869157442379,49.764911282,5.685
preprocess_ms,2_7_new_plugin_bag,497,1779954869244587632,49.852056535,5.56
preprocess_ms,2_7_new_plugin_bag,498,1779954869356447288,49.963916191,4.437
preprocess_ms,2_7_new_plugin_bag,499,1779954869460508312,50.067977215000006,4.775
preprocess_ms,2_7_new_plugin_bag,500,1779954869565991264,50.173460167,5.774
preprocess_ms,2_7_new_plugin_bag,501,1779954869649403519,50.256872422,4.85
preprocess_ms,2_7_new_plugin_bag,502,1779954869740259521,50.347728424,5.415
preprocess_ms,2_7_new_plugin_bag,503,1779954869840820705,50.448289608,4.563
preprocess_ms,2_7_new_plugin_bag,504,1779954869963067668,50.570536571000005,5.498
preprocess_ms,2_7_new_plugin_bag,505,1779954870055728254,50.663197157000006,5.904
preprocess_ms,2_7_new_plugin_bag,506,1779954870184155706,50.791624609,8.045
preprocess_ms,2_7_new_plugin_bag,507,1779954870253118444,50.860587347000006,5.749
preprocess_ms,2_7_new_plugin_bag,508,1779954870362365392,50.969834295000005,6.513
preprocess_ms,2_7_new_plugin_bag,509,1779954870430213607,51.03768251,4.552
preprocess_ms,2_7_new_plugin_bag,510,1779954870559828703,51.167297606000005,6.713
preprocess_ms,2_7_new_plugin_bag,511,1779954870632337810,51.239806713,5.114
preprocess_ms,2_7_new_plugin_bag,512,1779954870734003777,51.34147268,4.904
preprocess_ms,2_7_new_plugin_bag,513,1779954870830891187,51.43836009,4.32
preprocess_ms,2_7_new_plugin_bag,514,1779954870938284640,51.545753543000004,5.422
preprocess_ms,2_7_new_plugin_bag,515,1779954871042875719,51.650344622000006,6.078
preprocess_ms,2_7_new_plugin_bag,516,1779954871150162750,51.757631653000004,5.324
preprocess_ms,2_7_new_plugin_bag,517,1779954871251852422,51.859321325,5.129
preprocess_ms,2_7_new_plugin_bag,518,1779954871342098658,51.949567561,5.588
preprocess_ms,2_7_new_plugin_bag,519,1779954871451875848,52.059344751000005,4.791
preprocess_ms,2_7_new_plugin_bag,520,1779954871558315876,52.165784779000006,7.127
preprocess_ms,2_7_new_plugin_bag,521,1779954871671984023,52.279452926000005,6.552
preprocess_ms,2_7_new_plugin_bag,522,1779954871732457273,52.339926176000006,7.544
preprocess_ms,2_7_new_plugin_bag,523,1779954871846946177,52.454415080000004,4.387
preprocess_ms,2_7_new_plugin_bag,524,1779954871939900521,52.547369424,4.611
preprocess_ms,2_7_new_plugin_bag,525,1779954872069494397,52.676963300000004,6.687
preprocess_ms,2_7_new_plugin_bag,526,1779954872148097849,52.755566752,3.733
preprocess_ms,2_7_new_plugin_bag,527,1779954872251082000,52.858550903,6.18
preprocess_ms,2_7_new_plugin_bag,528,1779954872382301599,52.989770502000006,5.401
preprocess_ms,2_7_new_plugin_bag,529,1779954872468308337,53.07577724,5.321
preprocess_ms,2_7_new_plugin_bag,530,1779954872531410549,53.138879452000005,5.275
preprocess_ms,2_7_new_plugin_bag,531,1779954872631382632,53.238851535,6.533
preprocess_ms,2_7_new_plugin_bag,532,1779954872739314276,53.346783179000006,5.604
preprocess_ms,2_7_new_plugin_bag,533,1779954872859754657,53.46722356,5.913
preprocess_ms,2_7_new_plugin_bag,534,1779954872968342004,53.575810907000005,6.536
preprocess_ms,2_7_new_plugin_bag,535,1779954873062410481,53.669879384000005,5.326
preprocess_ms,2_7_new_plugin_bag,536,1779954873152285624,53.759754527000005,5.891
preprocess_ms,2_7_new_plugin_bag,537,1779954873285767509,53.893236412,5.044
preprocess_ms,2_7_new_plugin_bag,538,1779954873350560160,53.958029063000005,6.162
preprocess_ms,2_7_new_plugin_bag,539,1779954873439352761,54.04682166400001,3.929
preprocess_ms,2_7_new_plugin_bag,540,1779954873536182921,54.143651824,5.008
preprocess_ms,2_7_new_plugin_bag,541,1779954873642824739,54.250293642,5.348
preprocess_ms,2_7_new_plugin_bag,542,1779954873769903684,54.377372587,4.84
preprocess_ms,2_7_new_plugin_bag,543,1779954873868744225,54.476213128000005,5.332
preprocess_ms,2_7_new_plugin_bag,544,1779954873939799714,54.547268617,5.949
preprocess_ms,2_7_new_plugin_bag,545,1779954874055717235,54.663186138,6.066
preprocess_ms,2_7_new_plugin_bag,546,1779954874139644487,54.74711339,7.634
preprocess_ms,2_7_new_plugin_bag,547,1779954874241096266,54.848565169000004,5.016
preprocess_ms,2_7_new_plugin_bag,548,1779954874371064383,54.978533286,2.885
preprocess_ms,2_7_new_plugin_bag,549,1779954874452883818,55.060352721,5.616
preprocess_ms,2_7_new_plugin_bag,550,1779954874535521767,55.14299067,6.754
preprocess_ms,2_7_new_plugin_bag,551,1779954874643719631,55.251188534,6.048
preprocess_ms,2_7_new_plugin_bag,552,1779954874748636229,55.356105132,6.092
preprocess_ms,2_7_new_plugin_bag,553,1779954874886381310,55.493850213,5.04
preprocess_ms,2_7_new_plugin_bag,554,1779954874936681269,55.544150172,6.617
preprocess_ms,2_7_new_plugin_bag,555,1779954875065293868,55.672762771,4.81
preprocess_ms,2_7_new_plugin_bag,556,1779954875129847569,55.737316472,4.013
preprocess_ms,2_7_new_plugin_bag,557,1779954875250689711,55.858158614000004,4.192
preprocess_ms,2_7_new_plugin_bag,558,1779954875376710620,55.984179523,5.888
preprocess_ms,2_7_new_plugin_bag,559,1779954875438306650,56.045775553000006,5.258
preprocess_ms,2_7_new_plugin_bag,560,1779954875545489444,56.152958347,3.59
preprocess_ms,2_7_new_plugin_bag,561,1779954875663735904,56.271204807000004,6.508
preprocess_ms,2_7_new_plugin_bag,562,1779954875782288554,56.389757457,3.144
preprocess_ms,2_7_new_plugin_bag,563,1779954875869090717,56.47655962,3.678
preprocess_ms,2_7_new_plugin_bag,564,1779954875953144136,56.560613039,5.078
preprocess_ms,2_7_new_plugin_bag,565,1779954876066010430,56.673479333,5.96
preprocess_ms,2_7_new_plugin_bag,566,1779954876150538438,56.758007341,5.714
preprocess_ms,2_7_new_plugin_bag,567,1779954876267854969,56.875323872,6.879
preprocess_ms,2_7_new_plugin_bag,568,1779954876336533170,56.944002073,4.423
preprocess_ms,2_7_new_plugin_bag,569,1779954876446348798,57.05381770100001,3.803
preprocess_ms,2_7_new_plugin_bag,570,1779954876564831139,57.172300042,4.936
preprocess_ms,2_7_new_plugin_bag,571,1779954876681915729,57.289384632,4.142
preprocess_ms,2_7_new_plugin_bag,572,1779954876741377511,57.348846414,5.373
preprocess_ms,2_7_new_plugin_bag,573,1779954876883592973,57.491061876,6.894
preprocess_ms,2_7_new_plugin_bag,574,1779954876975281367,57.582750270000005,4.888
preprocess_ms,2_7_new_plugin_bag,575,1779954877055112574,57.662581477,6.163
preprocess_ms,2_7_new_plugin_bag,576,1779954877165311245,57.772780148,5.863
preprocess_ms,2_7_new_plugin_bag,577,1779954877228910996,57.836379899,4.818
preprocess_ms,2_7_new_plugin_bag_2,0,1779961608395041292,0.0,4.105
preprocess_ms,2_7_new_plugin_bag_2,1,1779961608507196803,0.11215551100000001,4.549
preprocess_ms,2_7_new_plugin_bag_2,2,1779961608603062229,0.20802093700000002,4.648
preprocess_ms,2_7_new_plugin_bag_2,3,1779961608698768084,0.303726792,4.916
preprocess_ms,2_7_new_plugin_bag_2,4,1779961608808193829,0.41315253700000004,5.391
preprocess_ms,2_7_new_plugin_bag_2,5,1779961608895944926,0.500903634,4.305
preprocess_ms,2_7_new_plugin_bag_2,6,1779961609027017989,0.631976697,4.779
preprocess_ms,2_7_new_plugin_bag_2,7,1779961609091277190,0.6962358980000001,5.046
preprocess_ms,2_7_new_plugin_bag_2,8,1779961609192563139,0.7975218470000001,4.226
preprocess_ms,2_7_new_plugin_bag_2,9,1779961609318928668,0.923887376,4.117
preprocess_ms,2_7_new_plugin_bag_2,10,1779961609389663018,0.9946217260000001,4.257
preprocess_ms,2_7_new_plugin_bag_2,11,1779961609512321062,1.1172797700000001,3.949
preprocess_ms,2_7_new_plugin_bag_2,12,1779961609605270904,1.210229612,4.353
preprocess_ms,2_7_new_plugin_bag_2,13,1779961609692754578,1.297713286,4.224
preprocess_ms,2_7_new_plugin_bag_2,14,1779961609808930381,1.413889089,4.417
preprocess_ms,2_7_new_plugin_bag_2,15,1779961609908787341,1.513746049,4.28
preprocess_ms,2_7_new_plugin_bag_2,16,1779961609999280095,1.604238803,5.136
preprocess_ms,2_7_new_plugin_bag_2,17,1779961610095172487,1.7001311950000002,5.621
preprocess_ms,2_7_new_plugin_bag_2,18,1779961610194409491,1.7993681990000001,3.507
preprocess_ms,2_7_new_plugin_bag_2,19,1779961610315965835,1.9209245430000002,4.908
preprocess_ms,2_7_new_plugin_bag_2,20,1779961610407975785,2.012934493,7.139
preprocess_ms,2_7_new_plugin_bag_2,21,1779961610516033404,2.120992112,4.876
preprocess_ms,2_7_new_plugin_bag_2,22,1779961610635873501,2.240832209,4.698
preprocess_ms,2_7_new_plugin_bag_2,23,1779961610715415325,2.3203740330000002,4.387
preprocess_ms,2_7_new_plugin_bag_2,24,1779961610818486374,2.423445082,5.813
preprocess_ms,2_7_new_plugin_bag_2,25,1779961610910082434,2.5150411420000003,6.648
preprocess_ms,2_7_new_plugin_bag_2,26,1779961610992362184,2.5973208920000004,5.169
preprocess_ms,2_7_new_plugin_bag_2,27,1779961611097283676,2.7022423840000003,1.928
preprocess_ms,2_7_new_plugin_bag_2,28,1779961611229647901,2.834606609,4.767
preprocess_ms,2_7_new_plugin_bag_2,29,1779961611332218170,2.9371768780000003,5.172
preprocess_ms,2_7_new_plugin_bag_2,30,1779961611417688024,3.022646732,6.873
preprocess_ms,2_7_new_plugin_bag_2,31,1779961611527175403,3.132134111,4.507
preprocess_ms,2_7_new_plugin_bag_2,32,1779961611634798402,3.23975711,4.771
preprocess_ms,2_7_new_plugin_bag_2,33,1779961611762559778,3.3675184860000003,25.135
preprocess_ms,2_7_new_plugin_bag_2,34,1779961611831650538,3.436609246,5.043
preprocess_ms,2_7_new_plugin_bag_2,35,1779961611977226981,3.582185689,5.314
preprocess_ms,2_7_new_plugin_bag_2,36,1779961612034470124,3.639428832,4.637
preprocess_ms,2_7_new_plugin_bag_2,37,1779961612105631371,3.710590079,3.257
preprocess_ms,2_7_new_plugin_bag_2,38,1779961612203405661,3.8083643690000004,5.056
preprocess_ms,2_7_new_plugin_bag_2,39,1779961612283557964,3.888516672,2.451
preprocess_ms,2_7_new_plugin_bag_2,40,1779961612431567707,4.036526415,4.019
preprocess_ms,2_7_new_plugin_bag_2,41,1779961612525339942,4.13029865,9.387
preprocess_ms,2_7_new_plugin_bag_2,42,1779961612610391524,4.2153502320000005,7.125
preprocess_ms,2_7_new_plugin_bag_2,43,1779961612690818285,4.2957769930000005,4.162
preprocess_ms,2_7_new_plugin_bag_2,44,1779961612821061226,4.426019934,5.159
preprocess_ms,2_7_new_plugin_bag_2,45,1779961612941391166,4.546349874000001,2.46
preprocess_ms,2_7_new_plugin_bag_2,46,1779961613023026046,4.627984754,7.198
preprocess_ms,2_7_new_plugin_bag_2,47,1779961613104951749,4.709910457,4.23
preprocess_ms,2_7_new_plugin_bag_2,48,1779961613201881587,4.806840295000001,4.407
preprocess_ms,2_7_new_plugin_bag_2,49,1779961613350299730,4.955258438,4.531
preprocess_ms,2_7_new_plugin_bag_2,50,1779961613458086526,5.0630452340000005,9.069
preprocess_ms,2_7_new_plugin_bag_2,51,1779961613493970955,5.098929663000001,3.883
preprocess_ms,2_7_new_plugin_bag_2,52,1779961613587274866,5.192233574,4.253
preprocess_ms,2_7_new_plugin_bag_2,53,1779961613697053876,5.302012584000001,4.221
preprocess_ms,2_7_new_plugin_bag_2,54,1779961613794642570,5.3996012780000004,4.168
preprocess_ms,2_7_new_plugin_bag_2,55,1779961613891868134,5.496826842,4.321
preprocess_ms,2_7_new_plugin_bag_2,56,1779961614026933490,5.631892198,6.547
preprocess_ms,2_7_new_plugin_bag_2,57,1779961614095486621,5.700445329000001,4.552
preprocess_ms,2_7_new_plugin_bag_2,58,1779961614212195199,5.817153907000001,5.305
preprocess_ms,2_7_new_plugin_bag_2,59,1779961614300069450,5.905028158,6.583
preprocess_ms,2_7_new_plugin_bag_2,60,1779961614390536669,5.995495377,5.75
preprocess_ms,2_7_new_plugin_bag_2,61,1779961614524259257,6.1292179650000005,6.112
preprocess_ms,2_7_new_plugin_bag_2,62,1779961614625838806,6.230797514000001,7.229
preprocess_ms,2_7_new_plugin_bag_2,63,1779961614710285443,6.315244151000001,5.462
preprocess_ms,2_7_new_plugin_bag_2,64,1779961614809261830,6.414220538,4.858
preprocess_ms,2_7_new_plugin_bag_2,65,1779961614891378405,6.496337113,5.11
preprocess_ms,2_7_new_plugin_bag_2,66,1779961615030918126,6.635876834,3.012
preprocess_ms,2_7_new_plugin_bag_2,67,1779961615131059497,6.736018205000001,5.082
preprocess_ms,2_7_new_plugin_bag_2,68,1779961615205141396,6.810100104,5.192
preprocess_ms,2_7_new_plugin_bag_2,69,1779961615291240593,6.896199301,4.352
preprocess_ms,2_7_new_plugin_bag_2,70,1779961615404699139,7.009657847000001,4.263
preprocess_ms,2_7_new_plugin_bag_2,71,1779961615484678325,7.089637033000001,5.893
preprocess_ms,2_7_new_plugin_bag_2,72,1779961615611055853,7.216014561000001,3.97
preprocess_ms,2_7_new_plugin_bag_2,73,1779961615706070721,7.311029429,5.496
preprocess_ms,2_7_new_plugin_bag_2,74,1779961615805578845,7.410537553,4.499
preprocess_ms,2_7_new_plugin_bag_2,75,1779961615893318208,7.498276916000001,6.382
preprocess_ms,2_7_new_plugin_bag_2,76,1779961616008092330,7.613051038,4.526
preprocess_ms,2_7_new_plugin_bag_2,77,1779961616088575354,7.693534062,4.05
preprocess_ms,2_7_new_plugin_bag_2,78,1779961616187775651,7.792734359000001,5.972
preprocess_ms,2_7_new_plugin_bag_2,79,1779961616282333042,7.88729175,4.357
preprocess_ms,2_7_new_plugin_bag_2,80,1779961616396117099,8.001075807000001,4.448
preprocess_ms,2_7_new_plugin_bag_2,81,1779961616488254593,8.093213301,3.457
preprocess_ms,2_7_new_plugin_bag_2,82,1779961616633689703,8.238648411,5.35
preprocess_ms,2_7_new_plugin_bag_2,83,1779961616715258076,8.320216784000001,4.59
preprocess_ms,2_7_new_plugin_bag_2,84,1779961616808754977,8.413713685000001,1.801
preprocess_ms,2_7_new_plugin_bag_2,85,1779961616886081183,8.491039891,6.302
preprocess_ms,2_7_new_plugin_bag_2,86,1779961617033502530,8.638461238,5.967
preprocess_ms,2_7_new_plugin_bag_2,87,1779961617099350179,8.704308887,5.417
preprocess_ms,2_7_new_plugin_bag_2,88,1779961617225613955,8.830572663,4.515
preprocess_ms,2_7_new_plugin_bag_2,89,1779961617297605309,8.902564017000001,5.871
preprocess_ms,2_7_new_plugin_bag_2,90,1779961617401447119,9.006405827,5.177
preprocess_ms,2_7_new_plugin_bag_2,91,1779961617486161068,9.091119776000001,5.395
preprocess_ms,2_7_new_plugin_bag_2,92,1779961617591987639,9.196946347,3.543
preprocess_ms,2_7_new_plugin_bag_2,93,1779961617678468626,9.283427334,3.936
preprocess_ms,2_7_new_plugin_bag_2,94,1779961617785717323,9.390676031,3.57
preprocess_ms,2_7_new_plugin_bag_2,95,1779961617897602930,9.502561638000001,5.145
preprocess_ms,2_7_new_plugin_bag_2,96,1779961618012891175,9.617849883,7.781
preprocess_ms,2_7_new_plugin_bag_2,97,1779961618095009501,9.699968209000001,5.272
preprocess_ms,2_7_new_plugin_bag_2,98,1779961618227653654,9.832612362,5.933
preprocess_ms,2_7_new_plugin_bag_2,99,1779961618292665683,9.897624391,5.246
preprocess_ms,2_7_new_plugin_bag_2,100,1779961618397636214,10.002594922,6.541
preprocess_ms,2_7_new_plugin_bag_2,101,1779961618488799240,10.093757948,5.598
preprocess_ms,2_7_new_plugin_bag_2,102,1779961618616895087,10.221853795000001,5.075
preprocess_ms,2_7_new_plugin_bag_2,103,1779961618682429031,10.287387739000001,6.174
preprocess_ms,2_7_new_plugin_bag_2,104,1779961618789689012,10.39464772,4.665
preprocess_ms,2_7_new_plugin_bag_2,105,1779961618906731193,10.511689901,3.896
preprocess_ms,2_7_new_plugin_bag_2,106,1779961618992326989,10.597285697,5.193
preprocess_ms,2_7_new_plugin_bag_2,107,1779961619100848485,10.705807193,4.486
preprocess_ms,2_7_new_plugin_bag_2,108,1779961619222647118,10.827605826000001,5.261
preprocess_ms,2_7_new_plugin_bag_2,109,1779961619306674514,10.911633222,6.363
preprocess_ms,2_7_new_plugin_bag_2,110,1779961619386486088,10.991444796000001,3.988
preprocess_ms,2_7_new_plugin_bag_2,111,1779961619486718417,11.091677125,5.276
preprocess_ms,2_7_new_plugin_bag_2,112,1779961619587080487,11.192039195000001,3.778
preprocess_ms,2_7_new_plugin_bag_2,113,1779961619686405417,11.291364125000001,4.437
preprocess_ms,2_7_new_plugin_bag_2,114,1779961619792249514,11.397208222000001,5.149
preprocess_ms,2_7_new_plugin_bag_2,115,1779961619920786741,11.525745449,4.156
preprocess_ms,2_7_new_plugin_bag_2,116,1779961619984714144,11.589672852000001,4.302
preprocess_ms,2_7_new_plugin_bag_2,117,1779961620079384772,11.68434348,4.813
preprocess_ms,2_7_new_plugin_bag_2,118,1779961620219739980,11.824698688000002,7.8
preprocess_ms,2_7_new_plugin_bag_2,119,1779961620287935465,11.892894173,4.806
preprocess_ms,2_7_new_plugin_bag_2,120,1779961620380969995,11.985928703,5.044
preprocess_ms,2_7_new_plugin_bag_2,121,1779961620482350430,12.087309138,5.041
preprocess_ms,2_7_new_plugin_bag_2,122,1779961620582860825,12.187819533,7.608
preprocess_ms,2_7_new_plugin_bag_2,123,1779961620738195604,12.343154312000001,5.488
preprocess_ms,2_7_new_plugin_bag_2,124,1779961620795376801,12.400335509000001,4.381
preprocess_ms,2_7_new_plugin_bag_2,125,1779961620905108474,12.510067182,5.176
preprocess_ms,2_7_new_plugin_bag_2,126,1779961620997537722,12.60249643,3.799
preprocess_ms,2_7_new_plugin_bag_2,127,1779961621119064609,12.724023317,4.27
preprocess_ms,2_7_new_plugin_bag_2,128,1779961621206911974,12.811870682,4.17
preprocess_ms,2_7_new_plugin_bag_2,129,1779961621343481080,12.948439788,5.768
preprocess_ms,2_7_new_plugin_bag_2,130,1779961621423169809,13.028128517,5.189
preprocess_ms,2_7_new_plugin_bag_2,131,1779961621495286464,13.100245172000001,3.87
preprocess_ms,2_7_new_plugin_bag_2,132,1779961621605746754,13.210705462,5.807
preprocess_ms,2_7_new_plugin_bag_2,133,1779961621709483604,13.314442312,7.693
preprocess_ms,2_7_new_plugin_bag_2,134,1779961621792257374,13.397216082000002,5.585
preprocess_ms,2_7_new_plugin_bag_2,135,1779961621921828649,13.526787357000002,5.638
preprocess_ms,2_7_new_plugin_bag_2,136,1779961621991286007,13.596244715000001,5.603
preprocess_ms,2_7_new_plugin_bag_2,137,1779961622084148755,13.689107463000001,6.296
preprocess_ms,2_7_new_plugin_bag_2,138,1779961622195131494,13.800090202000002,3.748
preprocess_ms,2_7_new_plugin_bag_2,139,1779961622309901804,13.914860512,5.77
preprocess_ms,2_7_new_plugin_bag_2,140,1779961622396227833,14.001186541000001,4.405
preprocess_ms,2_7_new_plugin_bag_2,141,1779961622496586190,14.101544898,5.239
preprocess_ms,2_7_new_plugin_bag_2,142,1779961622630540333,14.235499041,4.761
preprocess_ms,2_7_new_plugin_bag_2,143,1779961622682112617,14.287071325000001,3.383
preprocess_ms,2_7_new_plugin_bag_2,144,1779961622800646533,14.405605241000002,5.017
preprocess_ms,2_7_new_plugin_bag_2,145,1779961622899617979,14.504576687,4.198
preprocess_ms,2_7_new_plugin_bag_2,146,1779961622990909472,14.59586818,6.06
preprocess_ms,2_7_new_plugin_bag_2,147,1779961623094820732,14.69977944,4.529
preprocess_ms,2_7_new_plugin_bag_2,148,1779961623215598871,14.820557579,5.212
preprocess_ms,2_7_new_plugin_bag_2,149,1779961623319130449,14.924089157000001,5.506
preprocess_ms,2_7_new_plugin_bag_2,150,1779961623386613989,14.991572697,6.469
preprocess_ms,2_7_new_plugin_bag_2,151,1779961623482139090,15.087097798,3.543
preprocess_ms,2_7_new_plugin_bag_2,152,1779961623632328236,15.237286944000001,4.606
preprocess_ms,2_7_new_plugin_bag_2,153,1779961623690801062,15.29575977,4.429
preprocess_ms,2_7_new_plugin_bag_2,154,1779961623783866282,15.388824990000002,4.617
preprocess_ms,2_7_new_plugin_bag_2,155,1779961623931005638,15.535964346,4.576
preprocess_ms,2_7_new_plugin_bag_2,156,1779961624016497736,15.621456444000001,6.014
preprocess_ms,2_7_new_plugin_bag_2,157,1779961624126811809,15.731770517000001,7.497
preprocess_ms,2_7_new_plugin_bag_2,158,1779961624233999440,15.838958148000001,4.612
preprocess_ms,2_7_new_plugin_bag_2,159,1779961624290580270,15.895538978000001,4.233
preprocess_ms,2_7_new_plugin_bag_2,160,1779961624425085461,16.030044169,6.274
preprocess_ms,2_7_new_plugin_bag_2,161,1779961624508328486,16.113287194,6.432
preprocess_ms,2_7_new_plugin_bag_2,162,1779961624634645030,16.239603738,5.209
preprocess_ms,2_7_new_plugin_bag_2,163,1779961624719328117,16.324286825,5.53
preprocess_ms,2_7_new_plugin_bag_2,164,1779961624803320281,16.408278989,4.801
preprocess_ms,2_7_new_plugin_bag_2,165,1779961624901013068,16.505971776000003,3.888
preprocess_ms,2_7_new_plugin_bag_2,166,1779961624980756164,16.585714872,4.036
preprocess_ms,2_7_new_plugin_bag_2,167,1779961625110419180,16.715377888000003,5.511
preprocess_ms,2_7_new_plugin_bag_2,168,1779961625187321062,16.79227977,10.604
preprocess_ms,2_7_new_plugin_bag_2,169,1779961625329437584,16.934396292000002,4.544
preprocess_ms,2_7_new_plugin_bag_2,170,1779961625431188851,17.036147559,4.333
preprocess_ms,2_7_new_plugin_bag_2,171,1779961625489212162,17.094170870000003,3.765
preprocess_ms,2_7_new_plugin_bag_2,172,1779961625583622779,17.188581487,6.618
preprocess_ms,2_7_new_plugin_bag_2,173,1779961625692513465,17.297472173000003,4.422
preprocess_ms,2_7_new_plugin_bag_2,174,1779961625802798043,17.407756751,4.928
preprocess_ms,2_7_new_plugin_bag_2,175,1779961625902792649,17.507751357,5.025
preprocess_ms,2_7_new_plugin_bag_2,176,1779961625991937763,17.596896471,5.77
preprocess_ms,2_7_new_plugin_bag_2,177,1779961626098159118,17.703117826,5.563
preprocess_ms,2_7_new_plugin_bag_2,178,1779961626196469456,17.801428164,3.251
preprocess_ms,2_7_new_plugin_bag_2,179,1779961626292815678,17.897774386000002,3.772
preprocess_ms,2_7_new_plugin_bag_2,180,1779961626431107006,18.036065714,3.444
preprocess_ms,2_7_new_plugin_bag_2,181,1779961626508401165,18.113359873,4.199
preprocess_ms,2_7_new_plugin_bag_2,182,1779961626593942136,18.198900844,4.835
preprocess_ms,2_7_new_plugin_bag_2,183,1779961626699812927,18.304771635,3.554
preprocess_ms,2_7_new_plugin_bag_2,184,1779961626792953826,18.397912534,3.338
preprocess_ms,2_7_new_plugin_bag_2,185,1779961626888592370,18.493551078,3.724
preprocess_ms,2_7_new_plugin_bag_2,186,1779961626981707622,18.58666633,3.586
preprocess_ms,2_7_new_plugin_bag_2,187,1779961627090602773,18.695561481000002,5.145
preprocess_ms,2_7_new_plugin_bag_2,188,1779961627178207310,18.783166018000003,3.947
preprocess_ms,2_7_new_plugin_bag_2,189,1779961627331474758,18.936433466,5.667
preprocess_ms,2_7_new_plugin_bag_2,190,1779961627426720579,19.031679287000003,6.742
preprocess_ms,2_7_new_plugin_bag_2,191,1779961627492235373,19.097194081,5.386
preprocess_ms,2_7_new_plugin_bag_2,192,1779961627585903373,19.190862081000002,4.081
preprocess_ms,2_7_new_plugin_bag_2,193,1779961627690018289,19.294976997000003,5.315
preprocess_ms,2_7_new_plugin_bag_2,194,1779961627805515861,19.410474569,5.808
preprocess_ms,2_7_new_plugin_bag_2,195,1779961627882012673,19.486971381,4.301
preprocess_ms,2_7_new_plugin_bag_2,196,1779961627982647524,19.587606232000002,5.134
preprocess_ms,2_7_new_plugin_bag_2,197,1779961628106584250,19.711542958000003,3.244
preprocess_ms,2_7_new_plugin_bag_2,198,1779961628195065910,19.800024618000002,5.206
preprocess_ms,2_7_new_plugin_bag_2,199,1779961628287159781,19.892118489,7.604
preprocess_ms,2_7_new_plugin_bag_2,200,1779961628404252580,20.009211288,5.306
preprocess_ms,2_7_new_plugin_bag_2,201,1779961628490908025,20.095866733,5.988
preprocess_ms,2_7_new_plugin_bag_2,202,1779961628595401842,20.200360550000003,4.455
preprocess_ms,2_7_new_plugin_bag_2,203,1779961628707465688,20.312424396,5.008
preprocess_ms,2_7_new_plugin_bag_2,204,1779961628832550132,20.43750884,5.192
preprocess_ms,2_7_new_plugin_bag_2,205,1779961628922383808,20.527342516,2.738
preprocess_ms,2_7_new_plugin_bag_2,206,1779961629036691659,20.641650367,7.141
preprocess_ms,2_7_new_plugin_bag_2,207,1779961629098978582,20.703937290000002,3.919
preprocess_ms,2_7_new_plugin_bag_2,208,1779961629230757335,20.835716043,19.546
preprocess_ms,2_7_new_plugin_bag_2,209,1779961629296295602,20.901254310000002,6.707
preprocess_ms,2_7_new_plugin_bag_2,210,1779961629407594030,21.012552738,5.483
preprocess_ms,2_7_new_plugin_bag_2,211,1779961629525990303,21.130949011000002,5.672
preprocess_ms,2_7_new_plugin_bag_2,212,1779961629627874228,21.232832936,4.603
preprocess_ms,2_7_new_plugin_bag_2,213,1779961629713122026,21.318080734000002,7.28
preprocess_ms,2_7_new_plugin_bag_2,214,1779961629816766726,21.421725434000003,10.307
preprocess_ms,2_7_new_plugin_bag_2,215,1779961629886152732,21.49111144,6.153
preprocess_ms,2_7_new_plugin_bag_2,216,1779961629995245405,21.600204113,5.222
preprocess_ms,2_7_new_plugin_bag_2,217,1779961630113030191,21.717988899,6.992
preprocess_ms,2_7_new_plugin_bag_2,218,1779961630204798174,21.809756882000002,6.797
preprocess_ms,2_7_new_plugin_bag_2,219,1779961630310715229,21.915673937,4.573
preprocess_ms,2_7_new_plugin_bag_2,220,1779961630413280784,22.018239492000003,4.58
preprocess_ms,2_7_new_plugin_bag_2,221,1779961630521160016,22.126118724,8.603
preprocess_ms,2_7_new_plugin_bag_2,222,1779961630601402682,22.20636139,5.573
preprocess_ms,2_7_new_plugin_bag_2,223,1779961630701560808,22.306519516,5.584
preprocess_ms,2_7_new_plugin_bag_2,224,1779961630800005245,22.404963953000003,4.84
preprocess_ms,2_7_new_plugin_bag_2,225,1779961630919323336,22.524282044000003,9.722
preprocess_ms,2_7_new_plugin_bag_2,226,1779961631006184097,22.611142805,5.706
preprocess_ms,2_7_new_plugin_bag_2,227,1779961631136139599,22.741098307,6.485
preprocess_ms,2_7_new_plugin_bag_2,228,1779961631197732159,22.802690867000003,5.844
preprocess_ms,2_7_new_plugin_bag_2,229,1779961631329027732,22.93398644,7.297
preprocess_ms,2_7_new_plugin_bag_2,230,1779961631404174619,23.009133327,5.183
preprocess_ms,2_7_new_plugin_bag_2,231,1779961631509873727,23.114832435,5.208
preprocess_ms,2_7_new_plugin_bag_2,232,1779961631626055926,23.231014634,7.155
preprocess_ms,2_7_new_plugin_bag_2,233,1779961631719971120,23.324929828000002,5.137
preprocess_ms,2_7_new_plugin_bag_2,234,1779961631810748996,23.415707704000003,7.072
preprocess_ms,2_7_new_plugin_bag_2,235,1779961631908521821,23.513480529000002,4.444
preprocess_ms,2_7_new_plugin_bag_2,236,1779961632014843860,23.619802568,5.417
preprocess_ms,2_7_new_plugin_bag_2,237,1779961632088223720,23.693182428,5.259
preprocess_ms,2_7_new_plugin_bag_2,238,1779961632205789190,23.810747898000002,5.752
preprocess_ms,2_7_new_plugin_bag_2,239,1779961632297479361,23.902438069000002,5.044
preprocess_ms,2_7_new_plugin_bag_2,240,1779961632387073548,23.992032256,5.432
preprocess_ms,2_7_new_plugin_bag_2,241,1779961632488026498,24.092985206,4.607
preprocess_ms,2_7_new_plugin_bag_2,242,1779961632589443550,24.194402258,5.201
preprocess_ms,2_7_new_plugin_bag_2,243,1779961632706914539,24.311873247,6.214
preprocess_ms,2_7_new_plugin_bag_2,244,1779961632793740037,24.398698745,3.824
preprocess_ms,2_7_new_plugin_bag_2,245,1779961632932960533,24.537919241,6.305
preprocess_ms,2_7_new_plugin_bag_2,246,1779961633036678993,24.641637701,7.301
preprocess_ms,2_7_new_plugin_bag_2,247,1779961633092834648,24.697793356000002,4.778
preprocess_ms,2_7_new_plugin_bag_2,248,1779961633205519582,24.810478290000002,3.658
preprocess_ms,2_7_new_plugin_bag_2,249,1779961633298072877,24.903031585,4.862
preprocess_ms,2_7_new_plugin_bag_2,250,1779961633416156587,25.021115295,8.054
preprocess_ms,2_7_new_plugin_bag_2,251,1779961633502379599,25.107338307000003,5.377
preprocess_ms,2_7_new_plugin_bag_2,252,1779961633621903658,25.226862366000002,7.241
preprocess_ms,2_7_new_plugin_bag_2,253,1779961633726371722,25.33133043,9.839
preprocess_ms,2_7_new_plugin_bag_2,254,1779961633788994071,25.393952779000003,3.899
preprocess_ms,2_7_new_plugin_bag_2,255,1779961633912254254,25.517212962000002,5.26
preprocess_ms,2_7_new_plugin_bag_2,256,1779961633995498125,25.600456833000003,8.342
preprocess_ms,2_7_new_plugin_bag_2,257,1779961634111658227,25.716616935,7.365
preprocess_ms,2_7_new_plugin_bag_2,258,1779961634193263508,25.798222216000003,4.974
preprocess_ms,2_7_new_plugin_bag_2,259,1779961634319442098,25.924400806,6.387
preprocess_ms,2_7_new_plugin_bag_2,260,1779961634388590943,25.993549651000002,4.274
preprocess_ms,2_7_new_plugin_bag_2,261,1779961634492354753,26.097313461000002,8.191
preprocess_ms,2_7_new_plugin_bag_2,262,1779961634620018521,26.224977229,8.103
preprocess_ms,2_7_new_plugin_bag_2,263,1779961634699835218,26.304793926000002,5.432
preprocess_ms,2_7_new_plugin_bag_2,264,1779961634788191371,26.393150079,4.252
preprocess_ms,2_7_new_plugin_bag_2,265,1779961634886780172,26.491738880000003,4.206
preprocess_ms,2_7_new_plugin_bag_2,266,1779961635004090290,26.609048998000002,5.664
preprocess_ms,2_7_new_plugin_bag_2,267,1779961635104554885,26.709513593,5.757
preprocess_ms,2_7_new_plugin_bag_2,268,1779961635237258210,26.842216918000002,6.873
preprocess_ms,2_7_new_plugin_bag_2,269,1779961635294438841,26.899397549000003,5.333
preprocess_ms,2_7_new_plugin_bag_2,270,1779961635401125161,27.006083869,5.583
preprocess_ms,2_7_new_plugin_bag_2,271,1779961635508297292,27.113256000000003,4.293
preprocess_ms,2_7_new_plugin_bag_2,272,1779961635593345115,27.198303823000003,5.252
preprocess_ms,2_7_new_plugin_bag_2,273,1779961635686898985,27.291857693,6.497
preprocess_ms,2_7_new_plugin_bag_2,274,1779961635805375762,27.410334470000002,5.938
preprocess_ms,2_7_new_plugin_bag_2,275,1779961635903310128,27.508268836000003,4.332
preprocess_ms,2_7_new_plugin_bag_2,276,1779961635997240156,27.602198864000002,5.87
preprocess_ms,2_7_new_plugin_bag_2,277,1779961636087023079,27.691981787000003,7.775
preprocess_ms,2_7_new_plugin_bag_2,278,1779961636198581672,27.80354038,4.346
preprocess_ms,2_7_new_plugin_bag_2,279,1779961636292518177,27.897476885000003,4.599
preprocess_ms,2_7_new_plugin_bag_2,280,1779961636427257208,28.032215916000002,5.636
preprocess_ms,2_7_new_plugin_bag_2,281,1779961636508862524,28.113821232000003,7.363
preprocess_ms,2_7_new_plugin_bag_2,282,1779961636617594505,28.222553213,5.664
preprocess_ms,2_7_new_plugin_bag_2,283,1779961636731249194,28.336207902,5.439
preprocess_ms,2_7_new_plugin_bag_2,284,1779961636796624497,28.401583205,5.562
preprocess_ms,2_7_new_plugin_bag_2,285,1779961636921252089,28.526210797,5.397
preprocess_ms,2_7_new_plugin_bag_2,286,1779961636993596409,28.598555117,8.242
preprocess_ms,2_7_new_plugin_bag_2,287,1779961637137632139,28.742590847000002,7.15
preprocess_ms,2_7_new_plugin_bag_2,288,1779961637225209413,28.830168121000003,5.749
preprocess_ms,2_7_new_plugin_bag_2,289,1779961637338931632,28.943890340000003,5.954
preprocess_ms,2_7_new_plugin_bag_2,290,1779961637437293628,29.042252336,7.554
preprocess_ms,2_7_new_plugin_bag_2,291,1779961637504718489,29.109677197000003,5.162
preprocess_ms,2_7_new_plugin_bag_2,292,1779961637618017571,29.222976279,4.113
preprocess_ms,2_7_new_plugin_bag_2,293,1779961637744036908,29.348995616000003,5.302
preprocess_ms,2_7_new_plugin_bag_2,294,1779961637816874071,29.421832779000002,6.132
preprocess_ms,2_7_new_plugin_bag_2,295,1779961637904627805,29.509586513000002,4.726
preprocess_ms,2_7_new_plugin_bag_2,296,1779961637990579778,29.595538486000002,4.754
preprocess_ms,2_7_new_plugin_bag_2,297,1779961638101376742,29.70633545,4.934
preprocess_ms,2_7_new_plugin_bag_2,298,1779961638200371095,29.805329803000003,5.438
preprocess_ms,2_7_new_plugin_bag_2,299,1779961638296653603,29.901612311,5.198
preprocess_ms,2_7_new_plugin_bag_2,300,1779961638387747314,29.992706022,5.825
preprocess_ms,2_7_new_plugin_bag_2,301,1779961638486138309,30.091097017000003,4.183
preprocess_ms,2_7_new_plugin_bag_2,302,1779961638603553795,30.208512503,4.105
preprocess_ms,2_7_new_plugin_bag_2,303,1779961638683852919,30.288811627,7.728
preprocess_ms,2_7_new_plugin_bag_2,304,1779961638793664423,30.398623131,6.087
preprocess_ms,2_7_new_plugin_bag_2,305,1779961638902055904,30.507014612000003,5.041
preprocess_ms,2_7_new_plugin_bag_2,306,1779961639016322085,30.621280793,6.112
preprocess_ms,2_7_new_plugin_bag_2,307,1779961639099842898,30.704801606,4.422
preprocess_ms,2_7_new_plugin_bag_2,308,1779961639203136716,30.808095424,4.254
preprocess_ms,2_7_new_plugin_bag_2,309,1779961639288443260,30.893401968000003,3.865
preprocess_ms,2_7_new_plugin_bag_2,310,1779961639423315326,31.028274034000003,4.709
preprocess_ms,2_7_new_plugin_bag_2,311,1779961639510198598,31.115157306,4.623
preprocess_ms,2_7_new_plugin_bag_2,312,1779961639591683272,31.196641980000003,5.819
preprocess_ms,2_7_new_plugin_bag_2,313,1779961639681200889,31.286159597,4.529
preprocess_ms,2_7_new_plugin_bag_2,314,1779961639803274347,31.408233055000004,5.179
preprocess_ms,2_7_new_plugin_bag_2,315,1779961639938358429,31.543317137000003,5.655
preprocess_ms,2_7_new_plugin_bag_2,316,1779961639998481999,31.603440707,7.351
preprocess_ms,2_7_new_plugin_bag_2,317,1779961640131264773,31.736223481000003,8.957
preprocess_ms,2_7_new_plugin_bag_2,318,1779961640212653740,31.817612448000002,8.091
preprocess_ms,2_7_new_plugin_bag_2,319,1779961640330274659,31.935233367000002,5.557
preprocess_ms,2_7_new_plugin_bag_2,320,1779961640397684599,32.002643307,3.527
preprocess_ms,2_7_new_plugin_bag_2,321,1779961640494866947,32.099825655000004,4.133
preprocess_ms,2_7_new_plugin_bag_2,322,1779961640615938182,32.22089689,5.817
preprocess_ms,2_7_new_plugin_bag_2,323,1779961640699044515,32.304003223,4.275
preprocess_ms,2_7_new_plugin_bag_2,324,1779961640817267527,32.422226235000004,6.773
preprocess_ms,2_7_new_plugin_bag_2,325,1779961640904856604,32.509815312,4.391
preprocess_ms,2_7_new_plugin_bag_2,326,1779961641018597578,32.623556286,7.03
preprocess_ms,2_7_new_plugin_bag_2,327,1779961641120880176,32.725838884000005,4.428
preprocess_ms,2_7_new_plugin_bag_2,328,1779961641219390496,32.824349204,6.931
preprocess_ms,2_7_new_plugin_bag_2,329,1779961641297775850,32.902734558,5.415
preprocess_ms,2_7_new_plugin_bag_2,330,1779961641407137212,33.01209592,5.302
preprocess_ms,2_7_new_plugin_bag_2,331,1779961641503145925,33.108104633,4.324
preprocess_ms,2_7_new_plugin_bag_2,332,1779961641608567225,33.213525933,8.9
preprocess_ms,2_7_new_plugin_bag_2,333,1779961641693083059,33.298041767,6.082
preprocess_ms,2_7_new_plugin_bag_2,334,1779961641838388948,33.443347656,6.114
preprocess_ms,2_7_new_plugin_bag_2,335,1779961641923015368,33.527974076,5.04
preprocess_ms,2_7_new_plugin_bag_2,336,1779961642006227332,33.61118604,4.649
preprocess_ms,2_7_new_plugin_bag_2,337,1779961642094100741,33.699059449,6.248
preprocess_ms,2_7_new_plugin_bag_2,338,1779961642206843936,33.811802644000004,4.667
preprocess_ms,2_7_new_plugin_bag_2,339,1779961642291872957,33.896831665,4.916
preprocess_ms,2_7_new_plugin_bag_2,340,1779961642437011793,34.041970501,10.604
preprocess_ms,2_7_new_plugin_bag_2,341,1779961642552711460,34.157670168,4.475
preprocess_ms,2_7_new_plugin_bag_2,342,1779961642626642220,34.231600928,2.961
preprocess_ms,2_7_new_plugin_bag_2,343,1779961642732091263,34.337049971,4.328
preprocess_ms,2_7_new_plugin_bag_2,344,1779961642801225394,34.406184102000005,4.886
preprocess_ms,2_7_new_plugin_bag_2,345,1779961642948787016,34.553745724,17.217
preprocess_ms,2_7_new_plugin_bag_2,346,1779961643034497983,34.639456691,4.097
preprocess_ms,2_7_new_plugin_bag_2,347,1779961643099396506,34.704355214,5.175
preprocess_ms,2_7_new_plugin_bag_2,348,1779961643205847466,34.810806174,4.171
preprocess_ms,2_7_new_plugin_bag_2,349,1779961643314683677,34.919642385,7.502
preprocess_ms,2_7_new_plugin_bag_2,350,1779961643408787298,35.013746006000005,5.546
preprocess_ms,2_7_new_plugin_bag_2,351,1779961643511589713,35.116548421000005,3.218
preprocess_ms,2_7_new_plugin_bag_2,352,1779961643593194379,35.198153087,4.384
preprocess_ms,2_7_new_plugin_bag_2,353,1779961643688809704,35.293768412000006,5.264
preprocess_ms,2_7_new_plugin_bag_2,354,1779961643832400667,35.437359375,4.817
preprocess_ms,2_7_new_plugin_bag_2,355,1779961643905426575,35.510385283000005,6.048
preprocess_ms,2_7_new_plugin_bag_2,356,1779961643995115141,35.600073849000005,4.843
preprocess_ms,2_7_new_plugin_bag_2,357,1779961644089106400,35.694065108000004,7.374
preprocess_ms,2_7_new_plugin_bag_2,358,1779961644212436956,35.817395664,22.35
preprocess_ms,2_7_new_plugin_bag_2,359,1779961644317420159,35.922378867,5.355
preprocess_ms,2_7_new_plugin_bag_2,360,1779961644392178567,35.997137275,3.836
preprocess_ms,2_7_new_plugin_bag_2,361,1779961644494077617,36.099036325,5.374
preprocess_ms,2_7_new_plugin_bag_2,362,1779961644595013606,36.199972314,4.588
preprocess_ms,2_7_new_plugin_bag_2,363,1779961644717484296,36.322443004,6.352
preprocess_ms,2_7_new_plugin_bag_2,364,1779961644791248897,36.396207605,9.743
preprocess_ms,2_7_new_plugin_bag_2,365,1779961644882329831,36.487288539000005,4.779
preprocess_ms,2_7_new_plugin_bag_2,366,1779961644997247486,36.602206194000004,7.272
preprocess_ms,2_7_new_plugin_bag_2,367,1779961645137271736,36.742230444,6.119
preprocess_ms,2_7_new_plugin_bag_2,368,1779961645220908185,36.825866893000004,5.314
preprocess_ms,2_7_new_plugin_bag_2,369,1779961645310828851,36.915787559,8.076
preprocess_ms,2_7_new_plugin_bag_2,370,1779961645398633608,37.003592316,5.595
preprocess_ms,2_7_new_plugin_bag_2,371,1779961645523141756,37.128100464,6.025
preprocess_ms,2_7_new_plugin_bag_2,372,1779961645594704193,37.199662901,4.578
preprocess_ms,2_7_new_plugin_bag_2,373,1779961645699896882,37.30485559,5.662
preprocess_ms,2_7_new_plugin_bag_2,374,1779961645807254778,37.412213486,6.533
preprocess_ms,2_7_new_plugin_bag_2,375,1779961645891858733,37.496817441000005,7.144
preprocess_ms,2_7_new_plugin_bag_2,376,1779961645994092700,37.599051408,10.615
preprocess_ms,2_7_new_plugin_bag_2,377,1779961646103934681,37.708893389,6.015
preprocess_ms,2_7_new_plugin_bag_2,378,1779961646186641111,37.791599819000005,2.204
preprocess_ms,2_7_new_plugin_bag_2,379,1779961646317634166,37.922592874,5.545
preprocess_ms,2_7_new_plugin_bag_2,380,1779961646403884049,38.008842757000004,9.164
preprocess_ms,2_7_new_plugin_bag_2,381,1779961646502436104,38.107394812,5.842
preprocess_ms,2_7_new_plugin_bag_2,382,1779961646615274558,38.220233266,6.201
preprocess_ms,2_7_new_plugin_bag_2,383,1779961646689306492,38.294265200000005,5.673
preprocess_ms,2_7_new_plugin_bag_2,384,1779961646794715807,38.399674515,5.86
preprocess_ms,2_7_new_plugin_bag_2,385,1779961646887618556,38.492577264000005,8.555
preprocess_ms,2_7_new_plugin_bag_2,386,1779961647012098341,38.617057049,3.652
preprocess_ms,2_7_new_plugin_bag_2,387,1779961647122252383,38.727211091,4.329
preprocess_ms,2_7_new_plugin_bag_2,388,1779961647218630043,38.823588751,5.286
preprocess_ms,2_7_new_plugin_bag_2,389,1779961647336543634,38.941502342,5.463
preprocess_ms,2_7_new_plugin_bag_2,390,1779961647419238729,39.024197437000005,18.443
preprocess_ms,2_7_new_plugin_bag_2,391,1779961647489696113,39.094654821,4.389
preprocess_ms,2_7_new_plugin_bag_2,392,1779961647586833723,39.191792431,8.762
preprocess_ms,2_7_new_plugin_bag_2,393,1779961647717525819,39.322484527,6.578
preprocess_ms,2_7_new_plugin_bag_2,394,1779961647820980381,39.425939089,6.883
preprocess_ms,2_7_new_plugin_bag_2,395,1779961647923801209,39.528759917,7.252
preprocess_ms,2_7_new_plugin_bag_2,396,1779961648015473853,39.620432561,5.15
preprocess_ms,2_7_new_plugin_bag_2,397,1779961648135958926,39.740917634000006,4.988
preprocess_ms,2_7_new_plugin_bag_2,398,1779961648222985725,39.827944433,5.407
preprocess_ms,2_7_new_plugin_bag_2,399,1779961648304804486,39.909763194,3.766
preprocess_ms,2_7_new_plugin_bag_2,400,1779961648395689829,40.000648537000004,5.659
preprocess_ms,2_7_new_plugin_bag_2,401,1779961648502869552,40.107828260000005,3.957
preprocess_ms,2_7_new_plugin_bag_2,402,1779961648607764180,40.212722888,4.476
preprocess_ms,2_7_new_plugin_bag_2,403,1779961648703907512,40.308866220000006,5.067
preprocess_ms,2_7_new_plugin_bag_2,404,1779961648840727125,40.445685833000006,5.469
preprocess_ms,2_7_new_plugin_bag_2,405,1779961648921352072,40.52631078,7.297
preprocess_ms,2_7_new_plugin_bag_2,406,1779961649027301161,40.632259869,16.097
preprocess_ms,2_7_new_plugin_bag_2,407,1779961649116799261,40.721757969,11.753
preprocess_ms,2_7_new_plugin_bag_2,408,1779961649214026435,40.818985143,5.42
preprocess_ms,2_7_new_plugin_bag_2,409,1779961649315995293,40.920954001000005,6.099
preprocess_ms,2_7_new_plugin_bag_2,410,1779961649454584043,41.059542751,7.549
preprocess_ms,2_7_new_plugin_bag_2,411,1779961649511858180,41.116816888,4.238
preprocess_ms,2_7_new_plugin_bag_2,412,1779961649626833711,41.231792419,7.482
preprocess_ms,2_7_new_plugin_bag_2,413,1779961649698507216,41.303465924,4.829
preprocess_ms,2_7_new_plugin_bag_2,414,1779961649803095010,41.408053718000005,4.425
preprocess_ms,2_7_new_plugin_bag_2,415,1779961649895042913,41.500001621,5.75
preprocess_ms,2_7_new_plugin_bag_2,416,1779961650030366034,41.635324742,5.297
preprocess_ms,2_7_new_plugin_bag_2,417,1779961650122092367,41.727051075000006,5.067
preprocess_ms,2_7_new_plugin_bag_2,418,1779961650197391531,41.802350239000006,4.527
preprocess_ms,2_7_new_plugin_bag_2,419,1779961650293753627,41.898712335000006,6.792
preprocess_ms,2_7_new_plugin_bag_2,420,1779961650421226463,42.026185171,16.076
preprocess_ms,2_7_new_plugin_bag_2,421,1779961650495140815,42.100099523000004,5.082
preprocess_ms,2_7_new_plugin_bag_2,422,1779961650642611801,42.247570509,8.604
preprocess_ms,2_7_new_plugin_bag_2,423,1779961650688926566,42.293885274000004,4.27
preprocess_ms,2_7_new_plugin_bag_2,424,1779961650813945232,42.41890394,5.392
preprocess_ms,2_7_new_plugin_bag_2,425,1779961650911064189,42.516022897,6.068
preprocess_ms,2_7_new_plugin_bag_2,426,1779961651005777703,42.610736411000005,3.932
preprocess_ms,2_7_new_plugin_bag_2,427,1779961651108942296,42.713901004,5.477
preprocess_ms,2_7_new_plugin_bag_2,428,1779961651204297852,42.80925656,5.357
preprocess_ms,2_7_new_plugin_bag_2,429,1779961651307825384,42.912784092,4.737
preprocess_ms,2_7_new_plugin_bag_2,430,1779961651391789631,42.996748339,5.416
preprocess_ms,2_7_new_plugin_bag_2,431,1779961651495738926,43.100697634,6.134
preprocess_ms,2_7_new_plugin_bag_2,432,1779961651616603660,43.221562368,6.26
preprocess_ms,2_7_new_plugin_bag_2,433,1779961651700353397,43.305312105000006,5.029
preprocess_ms,2_7_new_plugin_bag_2,434,1779961651794329681,43.399288389000006,4.249
preprocess_ms,2_7_new_plugin_bag_2,435,1779961651887908388,43.492867096000005,7.708
preprocess_ms,2_7_new_plugin_bag_2,436,1779961652015600784,43.620559492000005,5.344
preprocess_ms,2_7_new_plugin_bag_2,437,1779961652099168041,43.704126749000004,5.626
preprocess_ms,2_7_new_plugin_bag_2,438,1779961652194878810,43.799837518000004,3.405
preprocess_ms,2_7_new_plugin_bag_2,439,1779961652310984051,43.915942759,4.608
preprocess_ms,2_7_new_plugin_bag_2,440,1779961652390344385,43.995303093000004,5.802
preprocess_ms,2_7_new_plugin_bag_2,441,1779961652519427087,44.124385795,5.453
preprocess_ms,2_7_new_plugin_bag_2,442,1779961652611604449,44.216563157,4.099
preprocess_ms,2_7_new_plugin_bag_2,443,1779961652703454892,44.3084136,4.819
preprocess_ms,2_7_new_plugin_bag_2,444,1779961652790853371,44.395812079,4.012
preprocess_ms,2_7_new_plugin_bag_2,445,1779961652904866199,44.509824907,5.645
preprocess_ms,2_7_new_plugin_bag_2,446,1779961652993062597,44.598021305,2.019
preprocess_ms,2_7_new_plugin_bag_2,447,1779961653133282627,44.738241335000005,5.329
preprocess_ms,2_7_new_plugin_bag_2,448,1779961653213978464,44.818937172000005,5.681
preprocess_ms,2_7_new_plugin_bag_2,449,1779961653321456745,44.926415453000004,5.527
preprocess_ms,2_7_new_plugin_bag_2,450,1779961653415218920,45.020177628000006,5.32
preprocess_ms,2_7_new_plugin_bag_2,451,1779961653485583648,45.090542356,5.409
preprocess_ms,2_7_new_plugin_bag_2,452,1779961653611663044,45.216621752,8.307
preprocess_ms,2_7_new_plugin_bag_2,453,1779961653700330756,45.305289464000005,5.03
preprocess_ms,2_7_new_plugin_bag_2,454,1779961653789044792,45.394003500000004,3.773
preprocess_ms,2_7_new_plugin_bag_2,455,1779961653919962511,45.524921219,6.018
preprocess_ms,2_7_new_plugin_bag_2,456,1779961654004264685,45.609223393,6.874
preprocess_ms,2_7_new_plugin_bag_2,457,1779961654103257204,45.708215912,6.258
preprocess_ms,2_7_new_plugin_bag_2,458,1779961654219900771,45.824859479000004,4.823
preprocess_ms,2_7_new_plugin_bag_2,459,1779961654288346190,45.893304898000004,3.97
preprocess_ms,2_7_new_plugin_bag_2,460,1779961654408105860,46.013064568000004,3.723
preprocess_ms,2_7_new_plugin_bag_2,461,1779961654496200131,46.101158839,5.359
preprocess_ms,2_7_new_plugin_bag_2,462,1779961654589592674,46.194551382,4.874
preprocess_ms,2_7_new_plugin_bag_2,463,1779961654713927047,46.318885755000004,6.939
preprocess_ms,2_7_new_plugin_bag_2,464,1779961654822471939,46.427430647,4.473
preprocess_ms,2_7_new_plugin_bag_2,465,1779961654889549075,46.494507783,5.649
preprocess_ms,2_7_new_plugin_bag_2,466,1779961655009622387,46.614581095000005,5.164
preprocess_ms,2_7_new_plugin_bag_2,467,1779961655089596313,46.694555021000006,5.712
preprocess_ms,2_7_new_plugin_bag_2,468,1779961655211842000,46.816800708,5.539
preprocess_ms,2_7_new_plugin_bag_2,469,1779961655317165985,46.922124693,5.307
preprocess_ms,2_7_new_plugin_bag_2,470,1779961655432214045,47.037172753,5.181
preprocess_ms,2_7_new_plugin_bag_2,471,1779961655505201594,47.110160302000004,5.406
preprocess_ms,2_7_new_plugin_bag_2,472,1779961655618739188,47.223697896000004,7.146
preprocess_ms,2_7_new_plugin_bag_2,473,1779961655687513286,47.292471994,6.994
preprocess_ms,2_7_new_plugin_bag_2,474,1779961655799759769,47.404718477,4.914
preprocess_ms,2_7_new_plugin_bag_2,475,1779961655937852595,47.542811303,5.216
preprocess_ms,2_7_new_plugin_bag_2,476,1779961656030476725,47.635435433000005,5.971
preprocess_ms,2_7_new_plugin_bag_2,477,1779961656114919608,47.719878316000006,6.746
preprocess_ms,2_7_new_plugin_bag_2,478,1779961656210049452,47.815008160000005,5.285
preprocess_ms,2_7_new_plugin_bag_2,479,1779961656308775120,47.913733828000005,5.407
preprocess_ms,2_7_new_plugin_bag_2,480,1779961656432900793,48.037859501,5.087
preprocess_ms,2_7_new_plugin_bag_2,481,1779961656498684294,48.103643002000005,6.653
preprocess_ms,2_7_new_plugin_bag_2,482,1779961656607818275,48.212776983000005,5.914
preprocess_ms,2_7_new_plugin_bag_2,483,1779961656705864633,48.310823341,5.022
preprocess_ms,2_7_new_plugin_bag_2,484,1779961656846418829,48.451377537000006,19.223
preprocess_ms,2_7_new_plugin_bag_2,485,1779961656888241438,48.493200146,5.791
preprocess_ms,2_7_new_plugin_bag_2,486,1779961657009868726,48.614827434000006,5.8
preprocess_ms,2_7_new_plugin_bag_2,487,1779961657097965418,48.702924126000006,4.309
preprocess_ms,2_7_new_plugin_bag_2,488,1779961657198500785,48.803459493000005,4.09
preprocess_ms,2_7_new_plugin_bag_2,489,1779961657285271713,48.890230421000005,5.118
preprocess_ms,2_7_new_plugin_bag_2,490,1779961657413554184,49.018512892000004,6.359
preprocess_ms,2_7_new_plugin_bag_2,491,1779961657487375233,49.092333941,5.154
preprocess_ms,2_7_new_plugin_bag_2,492,1779961657583975492,49.188934200000006,4.266
preprocess_ms,2_7_new_plugin_bag_2,493,1779961657686147466,49.29110617400001,4.002
preprocess_ms,2_7_new_plugin_bag_2,494,1779961657790154447,49.395113155000004,8.996
preprocess_ms,2_7_new_plugin_bag_2,495,1779961657881811425,49.486770133,4.096
preprocess_ms,2_7_new_plugin_bag_2,496,1779961657994084487,49.599043195,4.226
preprocess_ms,2_7_new_plugin_bag_2,497,1779961658106226193,49.711184901,5.873
preprocess_ms,2_7_new_plugin_bag_2,498,1779961658227808514,49.832767222,4.606
preprocess_ms,2_7_new_plugin_bag_2,499,1779961658308074195,49.913032903,5.553
preprocess_ms,2_7_new_plugin_bag_2,500,1779961658413956833,50.018915541000005,3.623
preprocess_ms,2_7_new_plugin_bag_2,501,1779961658486805675,50.091764383000005,7.128
preprocess_ms,2_7_new_plugin_bag_2,502,1779961658606648999,50.211607707000006,11.173
preprocess_ms,2_7_new_plugin_bag_2,503,1779961658708746314,50.313705022,4.911
preprocess_ms,2_7_new_plugin_bag_2,504,1779961658792205246,50.397163954,8.505
preprocess_ms,2_7_new_plugin_bag_2,505,1779961658943002952,50.547961660000006,4.038
preprocess_ms,2_7_new_plugin_bag_2,506,1779961658998925884,50.603884592,5.174
preprocess_ms,2_7_new_plugin_bag_2,507,1779961659116634065,50.721592773000005,6.825
preprocess_ms,2_7_new_plugin_bag_2,508,1779961659185333947,50.790292655,4.415
preprocess_ms,2_7_new_plugin_bag_2,509,1779961659319223953,50.924182661,5.337
preprocess_ms,2_7_new_plugin_bag_2,510,1779961659404493042,51.009451750000004,5.3
preprocess_ms,2_7_new_plugin_bag_2,511,1779961659493559231,51.098517939000004,3.765
preprocess_ms,2_7_new_plugin_bag_2,512,1779961659590743164,51.195701872,4.625
preprocess_ms,2_7_new_plugin_bag_2,513,1779961659699774498,51.304733206,4.314
preprocess_ms,2_7_new_plugin_bag_2,514,1779961659795491136,51.400449844,4.818
preprocess_ms,2_7_new_plugin_bag_2,515,1779961659908148713,51.513107421,5.404
preprocess_ms,2_7_new_plugin_bag_2,516,1779961659985214163,51.590172871,5.622
preprocess_ms,2_7_new_plugin_bag_2,517,1779961660099669551,51.704628259,6.52
preprocess_ms,2_7_new_plugin_bag_2,518,1779961660212410778,51.817369486000004,4.343
preprocess_ms,2_7_new_plugin_bag_2,519,1779961660327677223,51.932635931,5.65
preprocess_ms,2_7_new_plugin_bag_2,520,1779961660402590852,52.00754956,5.08
preprocess_ms,2_7_new_plugin_bag_2,521,1779961660486264547,52.091223255,6.423
preprocess_ms,2_7_new_plugin_bag_2,522,1779961660582697472,52.187656180000005,5.503
preprocess_ms,2_7_new_plugin_bag_2,523,1779961660685823632,52.29078234,4.071
preprocess_ms,2_7_new_plugin_bag_2,524,1779961660795596496,52.400555204,4.776
preprocess_ms,2_7_new_plugin_bag_2,525,1779961660885842292,52.490801000000005,5.62
preprocess_ms,2_7_new_plugin_bag_2,526,1779961661040010353,52.644969061000005,4.429
preprocess_ms,2_7_new_plugin_bag_2,527,1779961661134475443,52.739434151000005,5.616
preprocess_ms,2_7_new_plugin_bag_2,528,1779961661223737525,52.828696233,7.01
preprocess_ms,2_7_new_plugin_bag_2,529,1779961661338222909,52.943181617,5.98
preprocess_ms,2_7_new_plugin_bag_2,530,1779961661399039771,53.003998479,7.121
preprocess_ms,2_7_new_plugin_bag_2,531,1779961661531021391,53.135980099,6.084
preprocess_ms,2_7_new_plugin_bag_2,532,1779961661599338510,53.204297218,5.251
preprocess_ms,2_7_new_plugin_bag_2,533,1779961661689059652,53.29401836,5.479
preprocess_ms,2_7_new_plugin_bag_2,534,1779961661787636699,53.392595407,3.863
preprocess_ms,2_7_new_plugin_bag_2,535,1779961661902182618,53.507141326,3.963
preprocess_ms,2_7_new_plugin_bag_2,536,1779961661995081168,53.600039876000004,4.116
preprocess_ms,2_7_new_plugin_bag_2,537,1779961662083918558,53.688877266000006,4.979
preprocess_ms,2_7_new_plugin_bag_2,538,1779961662187709150,53.792667858,4.679
preprocess_ms,2_7_new_plugin_bag_2,539,1779961662294934832,53.89989354,7.065
preprocess_ms,2_7_new_plugin_bag_2,540,1779961662420030328,54.024989036,5.574
preprocess_ms,2_7_new_plugin_bag_2,541,1779961662485614384,54.09057309200001,5.72
preprocess_ms,2_7_new_plugin_bag_2,542,1779961662594699539,54.199658247,4.598
preprocess_ms,2_7_new_plugin_bag_2,543,1779961662727038662,54.33199737,16.258
preprocess_ms,2_7_new_plugin_bag_2,544,1779961662796143736,54.401102444,5.418
preprocess_ms,2_7_new_plugin_bag_2,545,1779961662892146248,54.497104956,5.736
preprocess_ms,2_7_new_plugin_bag_2,546,1779961663009863885,54.61482259300001,5.099
preprocess_ms,2_7_new_plugin_bag_2,547,1779961663080624523,54.685583231,4.28
preprocess_ms,2_7_new_plugin_bag_2,548,1779961663188501230,54.793459938000005,5.294
preprocess_ms,2_7_new_plugin_bag_2,549,1779961663292336512,54.897295220000004,5.169
preprocess_ms,2_7_new_plugin_bag_2,550,1779961663436667826,55.041626534,4.767
preprocess_ms,2_7_new_plugin_bag_2,551,1779961663499567666,55.104526374,5.94
preprocess_ms,2_7_new_plugin_bag_2,552,1779961663596127964,55.201086672,5.953
preprocess_ms,2_7_new_plugin_bag_2,553,1779961663698431414,55.303390122,5.394
preprocess_ms,2_7_new_plugin_bag_2,554,1779961663794627645,55.399586353000004,4.11
preprocess_ms,2_7_new_plugin_bag_2,555,1779961663896314318,55.50127302600001,4.408
preprocess_ms,2_7_new_plugin_bag_2,556,1779961664022470382,55.62742909000001,4.624
preprocess_ms,2_7_new_plugin_bag_2,557,1779961664093444965,55.698403673,4.278
preprocess_ms,2_7_new_plugin_bag_2,558,1779961664219933085,55.824891793000006,3.851
preprocess_ms,2_7_new_plugin_bag_2,559,1779961664320712013,55.925670721,5.032
preprocess_ms,2_7_new_plugin_bag_2,560,1779961664409597689,56.01455639700001,4.282
preprocess_ms,2_7_new_plugin_bag_2,561,1779961664488487534,56.093446242000006,6.215
preprocess_ms,2_7_new_plugin_bag_2,562,1779961664604747907,56.209706615,6.185
preprocess_ms,2_7_new_plugin_bag_2,563,1779961664697444734,56.302403442000006,3.806
preprocess_ms,2_7_new_plugin_bag_2,564,1779961664809603103,56.414561811000006,3.412
preprocess_ms,2_7_new_plugin_bag_2,565,1779961664913676942,56.51863565,4.057
preprocess_ms,2_7_new_plugin_bag_2,566,1779961665044602193,56.649560901,4.969
preprocess_ms,2_7_new_plugin_bag_2,567,1779961665096596911,56.701555619000004,4.119
preprocess_ms,2_7_new_plugin_bag_2,568,1779961665238925296,56.843884004,14.325
preprocess_ms,2_7_new_plugin_bag_2,569,1779961665313089196,56.918047904000005,7.219
preprocess_ms,2_7_new_plugin_bag_2,570,1779961665417109336,57.022068044,4.222
preprocess_ms,2_7_new_plugin_bag_2,571,1779961665505238603,57.110197311,4.605
preprocess_ms,2_7_new_plugin_bag_2,572,1779961665604966780,57.209925488,5.046
preprocess_ms,2_7_new_plugin_bag_2,573,1779961665716549366,57.321508074,3.992
preprocess_ms,2_7_new_plugin_bag_2,574,1779961665791163272,57.396121980000004,8.62
preprocess_ms,2_7_new_plugin_bag_2,575,1779961665912780056,57.517738764,5.539
preprocess_ms,2_7_new_plugin_bag_2,576,1779961666020880464,57.625839172000006,3.743
preprocess_ms,2_7_new_plugin_bag_2,577,1779961666134594773,57.739553481,4.836
preprocess_ms,2_7_new_plugin_bag_2,578,1779961666199819015,57.804777723,4.765
preprocess_ms,2_7_new_plugin_bag_2,579,1779961666288896296,57.893855004,4.497
preprocess_ms,2_7_new_plugin_bag_3,0,1779961711091695445,0.0,6.684
preprocess_ms,2_7_new_plugin_bag_3,1,1779961711139911243,0.048215798000000004,5.733
preprocess_ms,2_7_new_plugin_bag_3,2,1779961711186598244,0.09490279900000001,4.853
preprocess_ms,2_7_new_plugin_bag_3,3,1779961711273790071,0.182094626,3.859
preprocess_ms,2_7_new_plugin_bag_3,4,1779961711400955659,0.30926021400000003,5.38
preprocess_ms,2_7_new_plugin_bag_3,5,1779961711484348078,0.39265263300000003,4.834
preprocess_ms,2_7_new_plugin_bag_3,6,1779961711583282264,0.491586819,4.984
preprocess_ms,2_7_new_plugin_bag_3,7,1779961711678550522,0.5868550770000001,4.094
preprocess_ms,2_7_new_plugin_bag_3,8,1779961711787989456,0.696294011,4.273
preprocess_ms,2_7_new_plugin_bag_3,9,1779961711859073337,0.7673778920000001,4.731
preprocess_ms,2_7_new_plugin_bag_3,10,1779961711957422541,0.8657270960000001,6.153
preprocess_ms,2_7_new_plugin_bag_3,11,1779961712084499436,0.992803991,5.032
preprocess_ms,2_7_new_plugin_bag_3,12,1779961712155184060,1.063488615,6.968
preprocess_ms,2_7_new_plugin_bag_3,13,1779961712244689202,1.1529937570000002,4.304
preprocess_ms,2_7_new_plugin_bag_3,14,1779961712370760671,1.2790652260000002,3.771
preprocess_ms,2_7_new_plugin_bag_3,15,1779961712452050047,1.3603546020000001,4.852
preprocess_ms,2_7_new_plugin_bag_3,16,1779961712578430465,1.48673502,5.085
preprocess_ms,2_7_new_plugin_bag_3,17,1779961712667400903,1.575705458,4.307
preprocess_ms,2_7_new_plugin_bag_3,18,1779961712796961406,1.705265961,6.48
preprocess_ms,2_7_new_plugin_bag_3,19,1779961712868385290,1.7766898450000002,6.283
preprocess_ms,2_7_new_plugin_bag_3,20,1779961712965181779,1.873486334,4.711
preprocess_ms,2_7_new_plugin_bag_3,21,1779961713053614014,1.961918569,5.618
preprocess_ms,2_7_new_plugin_bag_3,22,1779961713146421995,2.0547265500000003,3.524
preprocess_ms,2_7_new_plugin_bag_3,23,1779961713273111495,2.18141605,4.89
preprocess_ms,2_7_new_plugin_bag_3,24,1779961713370539138,2.2788436930000002,5.144
preprocess_ms,2_7_new_plugin_bag_3,25,1779961713449678581,2.357983136,4.623
preprocess_ms,2_7_new_plugin_bag_3,26,1779961713551233056,2.459537611,4.873
preprocess_ms,2_7_new_plugin_bag_3,27,1779961713653959856,2.562264411,6.297
preprocess_ms,2_7_new_plugin_bag_3,28,1779961713793698374,2.7020029290000003,4.333
preprocess_ms,2_7_new_plugin_bag_3,29,1779961713844916931,2.753221486,4.549
preprocess_ms,2_7_new_plugin_bag_3,30,1779961713978133980,2.8864385350000004,4.516
preprocess_ms,2_7_new_plugin_bag_3,31,1779961714099876042,3.0081805970000004,5.408
preprocess_ms,2_7_new_plugin_bag_3,32,1779961714155846778,3.0641513330000003,5.225
preprocess_ms,2_7_new_plugin_bag_3,33,1779961714269597447,3.177902002,4.669
preprocess_ms,2_7_new_plugin_bag_3,34,1779961714353650007,3.261954562,4.586
preprocess_ms,2_7_new_plugin_bag_3,35,1779961714460996400,3.3693009550000004,5.853
preprocess_ms,2_7_new_plugin_bag_3,36,1779961714566051247,3.4743558020000003,4.677
preprocess_ms,2_7_new_plugin_bag_3,37,1779961714659834488,3.5681390430000004,4.623
preprocess_ms,2_7_new_plugin_bag_3,38,1779961714745723661,3.6540282160000004,6.837
preprocess_ms,2_7_new_plugin_bag_3,39,1779961714868713371,3.777017926,3.583
preprocess_ms,2_7_new_plugin_bag_3,40,1779961714971282991,3.879587546,4.688
preprocess_ms,2_7_new_plugin_bag_3,41,1779961715059062800,3.9673673550000004,4.624
preprocess_ms,2_7_new_plugin_bag_3,42,1779961715144746907,4.053051462,3.945
preprocess_ms,2_7_new_plugin_bag_3,43,1779961715253326533,4.161631088,4.007
preprocess_ms,2_7_new_plugin_bag_3,44,1779961715349103428,4.257407983,4.848
preprocess_ms,2_7_new_plugin_bag_3,45,1779961715448081887,4.356386442000001,7.554
preprocess_ms,2_7_new_plugin_bag_3,46,1779961715543161628,4.451466183,3.986
preprocess_ms,2_7_new_plugin_bag_3,47,1779961715648407854,4.556712409,4.627
preprocess_ms,2_7_new_plugin_bag_3,48,1779961715791053581,4.699358136,4.441
preprocess_ms,2_7_new_plugin_bag_3,49,1779961715887107032,4.795411587,5.476
preprocess_ms,2_7_new_plugin_bag_3,50,1779961715956520519,4.8648250740000005,5.564
preprocess_ms,2_7_new_plugin_bag_3,51,1779961716053694123,4.9619986780000005,6.095
preprocess_ms,2_7_new_plugin_bag_3,52,1779961716152673737,5.060978292000001,8.373
preprocess_ms,2_7_new_plugin_bag_3,53,1779961716266263801,5.174568356,4.302
preprocess_ms,2_7_new_plugin_bag_3,54,1779961716393839928,5.302144483,7.22
preprocess_ms,2_7_new_plugin_bag_3,55,1779961716478303250,5.386607805000001,5.55
preprocess_ms,2_7_new_plugin_bag_3,56,1779961716562237397,5.4705419520000005,6.581
preprocess_ms,2_7_new_plugin_bag_3,57,1779961716667039570,5.575344125,5.266
preprocess_ms,2_7_new_plugin_bag_3,58,1779961716768214378,5.6765189330000005,5.866
preprocess_ms,2_7_new_plugin_bag_3,59,1779961716919472538,5.827777093000001,24.545
preprocess_ms,2_7_new_plugin_bag_3,60,1779961716985104819,5.893409374,7.747
preprocess_ms,2_7_new_plugin_bag_3,61,1779961717106962974,6.015267529,7.379
preprocess_ms,2_7_new_plugin_bag_3,62,1779961717156816092,6.0651206470000005,6.405
preprocess_ms,2_7_new_plugin_bag_3,63,1779961717247531477,6.155836032000001,4.915
preprocess_ms,2_7_new_plugin_bag_3,64,1779961717384076158,6.292380713,7.151
preprocess_ms,2_7_new_plugin_bag_3,65,1779961717454880513,6.363185068000001,4.012
preprocess_ms,2_7_new_plugin_bag_3,66,1779961717599538977,6.507843532000001,6.103
preprocess_ms,2_7_new_plugin_bag_3,67,1779961717665464268,6.573768823,5.197
preprocess_ms,2_7_new_plugin_bag_3,68,1779961717749746643,6.658051198000001,6.889
preprocess_ms,2_7_new_plugin_bag_3,69,1779961717872931288,6.781235843,4.045
preprocess_ms,2_7_new_plugin_bag_3,70,1779961717950728373,6.859032928,8.352
preprocess_ms,2_7_new_plugin_bag_3,71,1779961718056357849,6.964662404,5.522
preprocess_ms,2_7_new_plugin_bag_3,72,1779961718191293040,7.0995975950000005,8.022
preprocess_ms,2_7_new_plugin_bag_3,73,1779961718252458633,7.160763188000001,5.082
preprocess_ms,2_7_new_plugin_bag_3,74,1779961718372570960,7.280875515000001,3.646
preprocess_ms,2_7_new_plugin_bag_3,75,1779961718449831183,7.3581357380000005,4.858
preprocess_ms,2_7_new_plugin_bag_3,76,1779961718579161276,7.487465831000001,6.221
preprocess_ms,2_7_new_plugin_bag_3,77,1779961718654402567,7.562707122000001,5.262
preprocess_ms,2_7_new_plugin_bag_3,78,1779961718769617721,7.677922276,4.821
preprocess_ms,2_7_new_plugin_bag_3,79,1779961718847488655,7.75579321,3.883
preprocess_ms,2_7_new_plugin_bag_3,80,1779961718977984065,7.88628862,5.275
preprocess_ms,2_7_new_plugin_bag_3,81,1779961719054842224,7.963146779000001,4.701
preprocess_ms,2_7_new_plugin_bag_3,82,1779961719153678727,8.061983282,4.961
preprocess_ms,2_7_new_plugin_bag_3,83,1779961719262340035,8.17064459,5.54
preprocess_ms,2_7_new_plugin_bag_3,84,1779961719346196800,8.254501355,5.35
preprocess_ms,2_7_new_plugin_bag_3,85,1779961719459817226,8.368121781000001,3.979
preprocess_ms,2_7_new_plugin_bag_3,86,1779961719564107400,8.472411955,5.108
preprocess_ms,2_7_new_plugin_bag_3,87,1779961719646053291,8.554357846,4.831
preprocess_ms,2_7_new_plugin_bag_3,88,1779961719760149803,8.668454358,5.408
preprocess_ms,2_7_new_plugin_bag_3,89,1779961719848283636,8.756588191,5.27
preprocess_ms,2_7_new_plugin_bag_3,90,1779961719973446201,8.881750756,3.632
preprocess_ms,2_7_new_plugin_bag_3,91,1779961720063600574,8.971905129000001,5.72
preprocess_ms,2_7_new_plugin_bag_3,92,1779961720155437286,9.063741841,6.88
preprocess_ms,2_7_new_plugin_bag_3,93,1779961720247390710,9.155695265,4.389
preprocess_ms,2_7_new_plugin_bag_3,94,1779961720352179455,9.26048401,5.461
preprocess_ms,2_7_new_plugin_bag_3,95,1779961720460134216,9.368438771000001,6.549
preprocess_ms,2_7_new_plugin_bag_3,96,1779961720587594781,9.495899336,5.432
preprocess_ms,2_7_new_plugin_bag_3,97,1779961720655812970,9.564117525,3.195
preprocess_ms,2_7_new_plugin_bag_3,98,1779961720767040873,9.675345428,4.813
preprocess_ms,2_7_new_plugin_bag_3,99,1779961720856468170,9.764772725,4.912
preprocess_ms,2_7_new_plugin_bag_3,100,1779961720970334939,9.878639494,3.985
preprocess_ms,2_7_new_plugin_bag_3,101,1779961721053965722,9.962270277,5.89
preprocess_ms,2_7_new_plugin_bag_3,102,1779961721152736728,10.061041283,4.937
preprocess_ms,2_7_new_plugin_bag_3,103,1779961721262413186,10.170717741,5.263
preprocess_ms,2_7_new_plugin_bag_3,104,1779961721356531479,10.264836034,5.911
preprocess_ms,2_7_new_plugin_bag_3,105,1779961721468457838,10.376762393,6.852
preprocess_ms,2_7_new_plugin_bag_3,106,1779961721559860646,10.468165201000001,3.487
preprocess_ms,2_7_new_plugin_bag_3,107,1779961721650709979,10.559014534000001,6.902
preprocess_ms,2_7_new_plugin_bag_3,108,1779961721742800189,10.651104744000001,4.389
preprocess_ms,2_7_new_plugin_bag_3,109,1779961721847242805,10.755547360000001,4.598
preprocess_ms,2_7_new_plugin_bag_3,110,1779961721943810427,10.852114982,4.1
preprocess_ms,2_7_new_plugin_bag_3,111,1779961722069354903,10.977659458000002,4.059
preprocess_ms,2_7_new_plugin_bag_3,112,1779961722158159885,11.06646444,4.823
preprocess_ms,2_7_new_plugin_bag_3,113,1779961722266922229,11.175226784000001,4.069
preprocess_ms,2_7_new_plugin_bag_3,114,1779961722368727853,11.277032408,5.838
preprocess_ms,2_7_new_plugin_bag_3,115,1779961722442539538,11.350844093000001,4.231
preprocess_ms,2_7_new_plugin_bag_3,116,1779961722547271801,11.455576356,4.969
preprocess_ms,2_7_new_plugin_bag_3,117,1779961722684769674,11.593074229,4.688
preprocess_ms,2_7_new_plugin_bag_3,118,1779961722818059554,11.726364109,5.506
preprocess_ms,2_7_new_plugin_bag_3,119,1779961722909472023,11.817776578,6.532
preprocess_ms,2_7_new_plugin_bag_3,120,1779961722962424261,11.870728816000002,5.383
preprocess_ms,2_7_new_plugin_bag_3,121,1779961723135003333,12.043307888000001,14.872
preprocess_ms,2_7_new_plugin_bag_3,122,1779961723188125886,12.096430441,5.099
preprocess_ms,2_7_new_plugin_bag_3,123,1779961723260999494,12.169304049,5.913
preprocess_ms,2_7_new_plugin_bag_3,124,1779961723357779797,12.266084352,4.216
preprocess_ms,2_7_new_plugin_bag_3,125,1779961723464233610,12.372538165,4.632
preprocess_ms,2_7_new_plugin_bag_3,126,1779961723572354895,12.480659450000001,3.878
preprocess_ms,2_7_new_plugin_bag_3,127,1779961723687685080,12.595989635,6.745
preprocess_ms,2_7_new_plugin_bag_3,128,1779961723794209078,12.702513633,7.42
preprocess_ms,2_7_new_plugin_bag_3,129,1779961723847161839,12.755466394,5.982
preprocess_ms,2_7_new_plugin_bag_3,130,1779961723975748841,12.884053396,6.507
preprocess_ms,2_7_new_plugin_bag_3,131,1779961724052585734,12.960890289,4.382
preprocess_ms,2_7_new_plugin_bag_3,132,1779961724165247688,13.073552243,5.507
preprocess_ms,2_7_new_plugin_bag_3,133,1779961724256725793,13.165030348,6.344
preprocess_ms,2_7_new_plugin_bag_3,134,1779961724345922828,13.254227383000002,5.26
preprocess_ms,2_7_new_plugin_bag_3,135,1779961724451167158,13.359471713000001,5.06
preprocess_ms,2_7_new_plugin_bag_3,136,1779961724582430165,13.49073472,5.639
preprocess_ms,2_7_new_plugin_bag_3,137,1779961724694011423,13.602315978,6.491
preprocess_ms,2_7_new_plugin_bag_3,138,1779961724773045900,13.681350455,4.663
preprocess_ms,2_7_new_plugin_bag_3,139,1779961724857094236,13.765398791,7.465
preprocess_ms,2_7_new_plugin_bag_3,140,1779961724944860577,13.853165132,4.813
preprocess_ms,2_7_new_plugin_bag_3,141,1779961725074519024,13.982823579000002,5.942
preprocess_ms,2_7_new_plugin_bag_3,142,1779961725179228096,14.087532651,5.551
preprocess_ms,2_7_new_plugin_bag_3,143,1779961725259508850,14.167813405,4.76
preprocess_ms,2_7_new_plugin_bag_3,144,1779961725400618334,14.308922889000002,6.27
preprocess_ms,2_7_new_plugin_bag_3,145,1779961725472764210,14.381068765,5.05
preprocess_ms,2_7_new_plugin_bag_3,146,1779961725552234683,14.460539238,6.103
preprocess_ms,2_7_new_plugin_bag_3,147,1779961725642651447,14.550956002000001,5.109
preprocess_ms,2_7_new_plugin_bag_3,148,1779961725781517690,14.689822245,5.583
preprocess_ms,2_7_new_plugin_bag_3,149,1779961725866117169,14.774421724000002,4.928
preprocess_ms,2_7_new_plugin_bag_3,150,1779961725950019726,14.858324281000002,5.357
preprocess_ms,2_7_new_plugin_bag_3,151,1779961726055645024,14.963949579000001,3.597
preprocess_ms,2_7_new_plugin_bag_3,152,1779961726173742093,15.082046648,4.916
preprocess_ms,2_7_new_plugin_bag_3,153,1779961726253049139,15.161353694,3.75
preprocess_ms,2_7_new_plugin_bag_3,154,1779961726356561674,15.264866229,5.831
preprocess_ms,2_7_new_plugin_bag_3,155,1779961726450827089,15.359131644000001,5.876
preprocess_ms,2_7_new_plugin_bag_3,156,1779961726560901505,15.469206060000001,7.433
preprocess_ms,2_7_new_plugin_bag_3,157,1779961726654071744,15.562376299,4.544
preprocess_ms,2_7_new_plugin_bag_3,158,1779961726741123123,15.649427678,4.261
preprocess_ms,2_7_new_plugin_bag_3,159,1779961726858161918,15.766466473000001,5.582
preprocess_ms,2_7_new_plugin_bag_3,160,1779961726942979804,15.851284359000001,5.01
preprocess_ms,2_7_new_plugin_bag_3,161,1779961727050725657,15.959030212000002,4.348
preprocess_ms,2_7_new_plugin_bag_3,162,1779961727153878254,16.062182809,4.321
preprocess_ms,2_7_new_plugin_bag_3,163,1779961727261052397,16.169356952,5.861
preprocess_ms,2_7_new_plugin_bag_3,164,1779961727359776267,16.268080822,4.85
preprocess_ms,2_7_new_plugin_bag_3,165,1779961727478332601,16.386637156000003,6.089
preprocess_ms,2_7_new_plugin_bag_3,166,1779961727567424907,16.475729462,4.609
preprocess_ms,2_7_new_plugin_bag_3,167,1779961727657607193,16.565911748,6.963
preprocess_ms,2_7_new_plugin_bag_3,168,1779961727771687150,16.679991705000003,4.943
preprocess_ms,2_7_new_plugin_bag_3,169,1779961727867992066,16.776296621,7.852
preprocess_ms,2_7_new_plugin_bag_3,170,1779961727952639373,16.860943928,6.962
preprocess_ms,2_7_new_plugin_bag_3,171,1779961728064395122,16.972699677,4.412
preprocess_ms,2_7_new_plugin_bag_3,172,1779961728153299404,17.061603959000003,3.96
preprocess_ms,2_7_new_plugin_bag_3,173,1779961728271494397,17.179798952000002,3.404
preprocess_ms,2_7_new_plugin_bag_3,174,1779961728382341780,17.290646335,5.542
preprocess_ms,2_7_new_plugin_bag_3,175,1779961728448935995,17.35724055,4.694
preprocess_ms,2_7_new_plugin_bag_3,176,1779961728551569493,17.459874048,5.323
preprocess_ms,2_7_new_plugin_bag_3,177,1779961728653107207,17.561411762000002,4.876
preprocess_ms,2_7_new_plugin_bag_3,178,1779961728774899844,17.683204399,5.203
preprocess_ms,2_7_new_plugin_bag_3,179,1779961728850181079,17.758485634,4.46
preprocess_ms,2_7_new_plugin_bag_3,180,1779961728953280572,17.861585127,4.257
preprocess_ms,2_7_new_plugin_bag_3,181,1779961729050407531,17.958712086000002,5.107
preprocess_ms,2_7_new_plugin_bag_3,182,1779961729169132882,18.077437437,4.504
preprocess_ms,2_7_new_plugin_bag_3,183,1779961729252521127,18.160825682000002,6.276
preprocess_ms,2_7_new_plugin_bag_3,184,1779961729391972420,18.300276975000003,5.833
preprocess_ms,2_7_new_plugin_bag_3,185,1779961729457693784,18.365998339,7.281
preprocess_ms,2_7_new_plugin_bag_3,186,1779961729557510874,18.465815429000003,5.124
preprocess_ms,2_7_new_plugin_bag_3,187,1779961729673134145,18.5814387,7.467
preprocess_ms,2_7_new_plugin_bag_3,188,1779961729746455962,18.654760517,5.408
preprocess_ms,2_7_new_plugin_bag_3,189,1779961729893010895,18.80131545,5.417
preprocess_ms,2_7_new_plugin_bag_3,190,1779961729952962670,18.861267225000002,5.495
preprocess_ms,2_7_new_plugin_bag_3,191,1779961730050272340,18.958576895,7.697
preprocess_ms,2_7_new_plugin_bag_3,192,1779961730185132023,19.093436578000002,4.696
preprocess_ms,2_7_new_plugin_bag_3,193,1779961730267704432,19.176008987,4.082
preprocess_ms,2_7_new_plugin_bag_3,194,1779961730383287550,19.291592105,4.669
preprocess_ms,2_7_new_plugin_bag_3,195,1779961730452471299,19.360775854,5.014
preprocess_ms,2_7_new_plugin_bag_3,196,1779961730551942096,19.460246651000002,4.874
preprocess_ms,2_7_new_plugin_bag_3,197,1779961730645269670,19.553574225000002,5.117
preprocess_ms,2_7_new_plugin_bag_3,198,1779961730761909486,19.670214041,5.26
preprocess_ms,2_7_new_plugin_bag_3,199,1779961730846888555,19.75519311,4.369
preprocess_ms,2_7_new_plugin_bag_3,200,1779961730956483885,19.86478844,3.748
preprocess_ms,2_7_new_plugin_bag_3,201,1779961731064722568,19.973027123,7.062
preprocess_ms,2_7_new_plugin_bag_3,202,1779961731184968086,20.093272641000002,6.565
preprocess_ms,2_7_new_plugin_bag_3,203,1779961731262015847,20.170320402,4.269
preprocess_ms,2_7_new_plugin_bag_3,204,1779961731368829922,20.277134477,4.822
preprocess_ms,2_7_new_plugin_bag_3,205,1779961731458444189,20.366748744000002,5.691
preprocess_ms,2_7_new_plugin_bag_3,206,1779961731565445714,20.473750269,5.059
preprocess_ms,2_7_new_plugin_bag_3,207,1779961731657439935,20.56574449,4.415
preprocess_ms,2_7_new_plugin_bag_3,208,1779961731748057513,20.656362068,4.473
preprocess_ms,2_7_new_plugin_bag_3,209,1779961731846156236,20.754460791,4.046
preprocess_ms,2_7_new_plugin_bag_3,210,1779961731945445348,20.853749903,3.93
preprocess_ms,2_7_new_plugin_bag_3,211,1779961732050048894,20.958353449,5.015
preprocess_ms,2_7_new_plugin_bag_3,212,1779961732147704470,21.056009025,4.432
preprocess_ms,2_7_new_plugin_bag_3,213,1779961732290249126,21.198553681,5.928
preprocess_ms,2_7_new_plugin_bag_3,214,1779961732383842220,21.292146775000003,6.135
preprocess_ms,2_7_new_plugin_bag_3,215,1779961732458695449,21.367000004,4.904
preprocess_ms,2_7_new_plugin_bag_3,216,1779961732594803267,21.503107822,4.462
preprocess_ms,2_7_new_plugin_bag_3,217,1779961732713225206,21.621529761,7.773
preprocess_ms,2_7_new_plugin_bag_3,218,1779961732783882770,21.692187325000003,4.71
preprocess_ms,2_7_new_plugin_bag_3,219,1779961732874805766,21.783110321000002,5.264
preprocess_ms,2_7_new_plugin_bag_3,220,1779961732948530790,21.856835345,4.951
preprocess_ms,2_7_new_plugin_bag_3,221,1779961733090089199,21.998393754000002,3.477
preprocess_ms,2_7_new_plugin_bag_3,222,1779961733157880037,22.066184592000003,4.868
preprocess_ms,2_7_new_plugin_bag_3,223,1779961733274850225,22.183154780000002,7.047
preprocess_ms,2_7_new_plugin_bag_3,224,1779961733352428413,22.260732968000003,5.142
preprocess_ms,2_7_new_plugin_bag_3,225,1779961733451514465,22.35981902,6.232
preprocess_ms,2_7_new_plugin_bag_3,226,1779961733545259612,22.453564167,3.648
preprocess_ms,2_7_new_plugin_bag_3,227,1779961733664075853,22.572380408,6.09
preprocess_ms,2_7_new_plugin_bag_3,228,1779961733745539191,22.653843746,5.533
preprocess_ms,2_7_new_plugin_bag_3,229,1779961733858320542,22.766625097000002,3.903
preprocess_ms,2_7_new_plugin_bag_3,230,1779961733948003552,22.856308107,4.326
preprocess_ms,2_7_new_plugin_bag_3,231,1779961734070747269,22.979051824000003,4.702
preprocess_ms,2_7_new_plugin_bag_3,232,1779961734152360151,23.060664706,4.782
preprocess_ms,2_7_new_plugin_bag_3,233,1779961734297196151,23.205500706000002,7.764
preprocess_ms,2_7_new_plugin_bag_3,234,1779961734347964390,23.256268945000002,5.546
preprocess_ms,2_7_new_plugin_bag_3,235,1779961734476194362,23.384498917000002,5.004
preprocess_ms,2_7_new_plugin_bag_3,236,1779961734594082329,23.502386884,7.809
preprocess_ms,2_7_new_plugin_bag_3,237,1779961734657572959,23.565877514,5.209
preprocess_ms,2_7_new_plugin_bag_3,238,1779961734772700454,23.681005009,3.757
preprocess_ms,2_7_new_plugin_bag_3,239,1779961734853199154,23.761503709000003,5.756
preprocess_ms,2_7_new_plugin_bag_3,240,1779961734977278862,23.885583417000003,3.763
preprocess_ms,2_7_new_plugin_bag_3,241,1779961735091708906,24.000013461,5.265
preprocess_ms,2_7_new_plugin_bag_3,242,1779961735159997352,24.068301907000002,4.654
preprocess_ms,2_7_new_plugin_bag_3,243,1779961735307735761,24.216040316,22.378
preprocess_ms,2_7_new_plugin_bag_3,244,1779961735395735602,24.304040157000003,4.938
preprocess_ms,2_7_new_plugin_bag_3,245,1779961735487234278,24.395538833,7.322
preprocess_ms,2_7_new_plugin_bag_3,246,1779961735590693270,24.498997825,6.305
preprocess_ms,2_7_new_plugin_bag_3,247,1779961735667228795,24.57553335,4.906
preprocess_ms,2_7_new_plugin_bag_3,248,1779961735762108349,24.670412904000003,4.174
preprocess_ms,2_7_new_plugin_bag_3,249,1779961735878238120,24.786542675000003,5.562
preprocess_ms,2_7_new_plugin_bag_3,250,1779961735950986781,24.859291336000002,7.031
preprocess_ms,2_7_new_plugin_bag_3,251,1779961736071676765,24.97998132,4.348
preprocess_ms,2_7_new_plugin_bag_3,252,1779961736158378175,25.06668273,5.263
preprocess_ms,2_7_new_plugin_bag_3,253,1779961736245144644,25.153449199,4.973
preprocess_ms,2_7_new_plugin_bag_3,254,1779961736370259001,25.278563556,5.794
preprocess_ms,2_7_new_plugin_bag_3,255,1779961736453458201,25.361762756,6.159
preprocess_ms,2_7_new_plugin_bag_3,256,1779961736558355694,25.466660249,8.117
preprocess_ms,2_7_new_plugin_bag_3,257,1779961736656185518,25.564490073,5.427
preprocess_ms,2_7_new_plugin_bag_3,258,1779961736762771779,25.671076334000002,3.749
preprocess_ms,2_7_new_plugin_bag_3,259,1779961736922050191,25.830354746,7.543
preprocess_ms,2_7_new_plugin_bag_3,260,1779961736952033972,25.860338527000003,1.774
preprocess_ms,2_7_new_plugin_bag_3,261,1779961737058556422,25.966860977000003,6.469
preprocess_ms,2_7_new_plugin_bag_3,262,1779961737172207229,26.080511784000002,4.209
preprocess_ms,2_7_new_plugin_bag_3,263,1779961737248992991,26.157297546000002,4.109
preprocess_ms,2_7_new_plugin_bag_3,264,1779961737352535640,26.260840195,5.444
preprocess_ms,2_7_new_plugin_bag_3,265,1779961737452433394,26.360737949,6.447
preprocess_ms,2_7_new_plugin_bag_3,266,1779961737564328081,26.472632636,4.219
preprocess_ms,2_7_new_plugin_bag_3,267,1779961737682162780,26.590467335000003,4.903
preprocess_ms,2_7_new_plugin_bag_3,268,1779961737751760137,26.660064692000002,5.036
preprocess_ms,2_7_new_plugin_bag_3,269,1779961737844279168,26.752583723,3.556
preprocess_ms,2_7_new_plugin_bag_3,270,1779961737959609583,26.867914138000003,5.839
preprocess_ms,2_7_new_plugin_bag_3,271,1779961738059701723,26.968006278,4.168
preprocess_ms,2_7_new_plugin_bag_3,272,1779961738148762068,27.057066623,6.771
preprocess_ms,2_7_new_plugin_bag_3,273,1779961738269344082,27.177648637,4.29
preprocess_ms,2_7_new_plugin_bag_3,274,1779961738353070808,27.261375363000003,7.754
preprocess_ms,2_7_new_plugin_bag_3,275,1779961738469719662,27.378024217,5.188
preprocess_ms,2_7_new_plugin_bag_3,276,1779961738559791829,27.468096384000003,5.97
preprocess_ms,2_7_new_plugin_bag_3,277,1779961738663093817,27.571398372,6.143
preprocess_ms,2_7_new_plugin_bag_3,278,1779961738750636968,27.658941523000003,4.065
preprocess_ms,2_7_new_plugin_bag_3,279,1779961738868544626,27.776849181000003,5.517
preprocess_ms,2_7_new_plugin_bag_3,280,1779961738978319642,27.886624197000003,5.328
preprocess_ms,2_7_new_plugin_bag_3,281,1779961739108143307,28.016447862000003,4.828
preprocess_ms,2_7_new_plugin_bag_3,282,1779961739186208511,28.094513066,5.214
preprocess_ms,2_7_new_plugin_bag_3,283,1779961739258297498,28.166602053000002,5.083
preprocess_ms,2_7_new_plugin_bag_3,284,1779961739357865505,28.26617006,6.35
preprocess_ms,2_7_new_plugin_bag_3,285,1779961739477186552,28.385491107,4.25
preprocess_ms,2_7_new_plugin_bag_3,286,1779961739573222097,28.481526652000003,4.963
preprocess_ms,2_7_new_plugin_bag_3,287,1779961739670377095,28.57868165,4.382
preprocess_ms,2_7_new_plugin_bag_3,288,1779961739769223752,28.677528307000003,4.921
preprocess_ms,2_7_new_plugin_bag_3,289,1779961739872802051,28.781106606,4.507
preprocess_ms,2_7_new_plugin_bag_3,290,1779961739961572236,28.869876791000003,5.926
preprocess_ms,2_7_new_plugin_bag_3,291,1779961740088731360,28.997035915,3.939
preprocess_ms,2_7_new_plugin_bag_3,292,1779961740166605016,29.074909571000003,5.257
preprocess_ms,2_7_new_plugin_bag_3,293,1779961740247798950,29.156103505,5.147
preprocess_ms,2_7_new_plugin_bag_3,294,1779961740384569013,29.292873568,5.867
preprocess_ms,2_7_new_plugin_bag_3,295,1779961740465934916,29.374239471000003,4.002
preprocess_ms,2_7_new_plugin_bag_3,296,1779961740573498863,29.481803418000002,5.59
preprocess_ms,2_7_new_plugin_bag_3,297,1779961740652582883,29.560887438,5.147
preprocess_ms,2_7_new_plugin_bag_3,298,1779961740748979959,29.657284514,5.02
preprocess_ms,2_7_new_plugin_bag_3,299,1779961740850370244,29.758674799,4.393
preprocess_ms,2_7_new_plugin_bag_3,300,1779961740958140574,29.866445129000002,3.722
preprocess_ms,2_7_new_plugin_bag_3,301,1779961741069798637,29.978103192000003,5.808
preprocess_ms,2_7_new_plugin_bag_3,302,1779961741206663515,30.114968070000003,4.908
preprocess_ms,2_7_new_plugin_bag_3,303,1779961741267166972,30.175471527000003,6.711
preprocess_ms,2_7_new_plugin_bag_3,304,1779961741388565813,30.296870368,6.878
preprocess_ms,2_7_new_plugin_bag_3,305,1779961741474624929,30.382929484,4.251
preprocess_ms,2_7_new_plugin_bag_3,306,1779961741594120689,30.502425244,4.733
preprocess_ms,2_7_new_plugin_bag_3,307,1779961741709216843,30.617521398,7.946
preprocess_ms,2_7_new_plugin_bag_3,308,1779961741762558290,30.670862845000002,5.672
preprocess_ms,2_7_new_plugin_bag_3,309,1779961741892802587,30.801107142000003,7.226
preprocess_ms,2_7_new_plugin_bag_3,310,1779961741952244929,30.860549484000003,6.413
preprocess_ms,2_7_new_plugin_bag_3,311,1779961742073172254,30.981476809000004,4.95
preprocess_ms,2_7_new_plugin_bag_3,312,1779961742212551263,31.120855818000003,4.72
preprocess_ms,2_7_new_plugin_bag_3,313,1779961742288838731,31.197143286000003,6.141
preprocess_ms,2_7_new_plugin_bag_3,314,1779961742359414340,31.267718895,4.733
preprocess_ms,2_7_new_plugin_bag_3,315,1779961742462781204,31.371085759000003,3.992
preprocess_ms,2_7_new_plugin_bag_3,316,1779961742560857244,31.469161799000002,5.454
preprocess_ms,2_7_new_plugin_bag_3,317,1779961742667682379,31.575986934000003,4.919
preprocess_ms,2_7_new_plugin_bag_3,318,1779961742772219300,31.680523855,4.764
preprocess_ms,2_7_new_plugin_bag_3,319,1779961742862265213,31.770569768,7.131
preprocess_ms,2_7_new_plugin_bag_3,320,1779961742950413863,31.858718418000002,6.245
preprocess_ms,2_7_new_plugin_bag_3,321,1779961743076313054,31.984617609,5.555
preprocess_ms,2_7_new_plugin_bag_3,322,1779961743160454188,32.068758743000004,3.695
preprocess_ms,2_7_new_plugin_bag_3,323,1779961743264527369,32.172831924,5.706
preprocess_ms,2_7_new_plugin_bag_3,324,1779961743356414468,32.264719023000005,5.811
preprocess_ms,2_7_new_plugin_bag_3,325,1779961743443233789,32.351538344000005,4.786
preprocess_ms,2_7_new_plugin_bag_3,326,1779961743575913530,32.484218085,5.924
preprocess_ms,2_7_new_plugin_bag_3,327,1779961743658718592,32.567023147,6.353
preprocess_ms,2_7_new_plugin_bag_3,328,1779961743766724517,32.675029072,5.792
preprocess_ms,2_7_new_plugin_bag_3,329,1779961743874197113,32.782501668,4.734
preprocess_ms,2_7_new_plugin_bag_3,330,1779961743978412288,32.886716843,9.073
preprocess_ms,2_7_new_plugin_bag_3,331,1779961744060571018,32.968875573000005,5.657
preprocess_ms,2_7_new_plugin_bag_3,332,1779961744152179270,33.060483825,4.638
preprocess_ms,2_7_new_plugin_bag_3,333,1779961744284011504,33.192316059,4.92
preprocess_ms,2_7_new_plugin_bag_3,334,1779961744366118280,33.274422835,6.28
preprocess_ms,2_7_new_plugin_bag_3,335,1779961744448573789,33.356878344,3.605
preprocess_ms,2_7_new_plugin_bag_3,336,1779961744579314186,33.487618741,5.103
preprocess_ms,2_7_new_plugin_bag_3,337,1779961744669996404,33.578300959,5.201
preprocess_ms,2_7_new_plugin_bag_3,338,1779961744758958011,33.667262566000005,5.119
preprocess_ms,2_7_new_plugin_bag_3,339,1779961744860970464,33.769275019000005,4.707
preprocess_ms,2_7_new_plugin_bag_3,340,1779961744970444903,33.878749458,4.41
preprocess_ms,2_7_new_plugin_bag_3,341,1779961745053579028,33.961883583,4.389
preprocess_ms,2_7_new_plugin_bag_3,342,1779961745154562461,34.062867016000006,5.716
preprocess_ms,2_7_new_plugin_bag_3,343,1779961745253483446,34.161788001000005,4.354
preprocess_ms,2_7_new_plugin_bag_3,344,1779961745361559564,34.269864119000005,6.382
preprocess_ms,2_7_new_plugin_bag_3,345,1779961745475050980,34.383355535,2.618
preprocess_ms,2_7_new_plugin_bag_3,346,1779961745587844294,34.496148849,5.135
preprocess_ms,2_7_new_plugin_bag_3,347,1779961745673288100,34.581592655,5.375
preprocess_ms,2_7_new_plugin_bag_3,348,1779961745810240338,34.718544893,4.224
preprocess_ms,2_7_new_plugin_bag_3,349,1779961745913940855,34.82224541,12.124
preprocess_ms,2_7_new_plugin_bag_3,350,1779961745986589995,34.894894550000004,4.985
preprocess_ms,2_7_new_plugin_bag_3,351,1779961746062743886,34.971048441,5.298
preprocess_ms,2_7_new_plugin_bag_3,352,1779961746172517799,35.080822354000006,5.449
preprocess_ms,2_7_new_plugin_bag_3,353,1779961746263655392,35.171959947000005,4.15
preprocess_ms,2_7_new_plugin_bag_3,354,1779961746375896431,35.284200986,5.446
preprocess_ms,2_7_new_plugin_bag_3,355,1779961746485181653,35.393486208,5.516
preprocess_ms,2_7_new_plugin_bag_3,356,1779961746557819892,35.466124447000006,7.571
preprocess_ms,2_7_new_plugin_bag_3,357,1779961746647213882,35.555518437,4.232
preprocess_ms,2_7_new_plugin_bag_3,358,1779961746777788882,35.686093437000004,5.177
preprocess_ms,2_7_new_plugin_bag_3,359,1779961746851526291,35.759830846,6.326
preprocess_ms,2_7_new_plugin_bag_3,360,1779961746964268879,35.872573434,5.18
preprocess_ms,2_7_new_plugin_bag_3,361,1779961747083863975,35.99216853,4.667
preprocess_ms,2_7_new_plugin_bag_3,362,1779961747162895009,36.071199564000004,4.995
preprocess_ms,2_7_new_plugin_bag_3,363,1779961747270898154,36.179202709,5.062
preprocess_ms,2_7_new_plugin_bag_3,364,1779961747385603672,36.293908227,7.165
preprocess_ms,2_7_new_plugin_bag_3,365,1779961747460552485,36.36885704,6.554
preprocess_ms,2_7_new_plugin_bag_3,366,1779961747597732858,36.506037413,7.354
preprocess_ms,2_7_new_plugin_bag_3,367,1779961747687267912,36.595572467000004,6.189
preprocess_ms,2_7_new_plugin_bag_3,368,1779961747786754960,36.695059515000004,4.301
preprocess_ms,2_7_new_plugin_bag_3,369,1779961747881711672,36.790016227,5.194
preprocess_ms,2_7_new_plugin_bag_3,370,1779961747961565944,36.869870499,6.622
preprocess_ms,2_7_new_plugin_bag_3,371,1779961748099331218,37.007635773000004,9.045
preprocess_ms,2_7_new_plugin_bag_3,372,1779961748168499290,37.076803845,4.514
preprocess_ms,2_7_new_plugin_bag_3,373,1779961748279462012,37.187766567000004,6.046
preprocess_ms,2_7_new_plugin_bag_3,374,1779961748359054070,37.267358625,6.132
preprocess_ms,2_7_new_plugin_bag_3,375,1779961748465264241,37.373568796,4.886
preprocess_ms,2_7_new_plugin_bag_3,376,1779961748567295363,37.475599918,6.067
preprocess_ms,2_7_new_plugin_bag_3,377,1779961748653361753,37.561666308,4.893
preprocess_ms,2_7_new_plugin_bag_3,378,1779961748761459972,37.669764527000005,4.969
preprocess_ms,2_7_new_plugin_bag_3,379,1779961748880171011,37.788475566,4.138
preprocess_ms,2_7_new_plugin_bag_3,380,1779961748968122927,37.876427482000004,6.722
preprocess_ms,2_7_new_plugin_bag_3,381,1779961749079185744,37.987490299,4.971
preprocess_ms,2_7_new_plugin_bag_3,382,1779961749154687492,38.062992047,6.361
preprocess_ms,2_7_new_plugin_bag_3,383,1779961749281575140,38.189879695,5.812
preprocess_ms,2_7_new_plugin_bag_3,384,1779961749364951891,38.273256446000005,6.474
preprocess_ms,2_7_new_plugin_bag_3,385,1779961749525547872,38.433852427000005,9.16
preprocess_ms,2_7_new_plugin_bag_3,386,1779961749585645006,38.493949561,6.336
preprocess_ms,2_7_new_plugin_bag_3,387,1779961749692171181,38.600475736,7.73
preprocess_ms,2_7_new_plugin_bag_3,388,1779961749786984944,38.695289499000005,6.574
preprocess_ms,2_7_new_plugin_bag_3,389,1779961749888244721,38.796549276,6.281
preprocess_ms,2_7_new_plugin_bag_3,390,1779961749975393563,38.883698118000005,5.378
preprocess_ms,2_7_new_plugin_bag_3,391,1779961750070930053,38.979234608000006,4.864
preprocess_ms,2_7_new_plugin_bag_3,392,1779961750151732974,39.060037529000006,6.607
preprocess_ms,2_7_new_plugin_bag_3,393,1779961750247580671,39.155885226,4.005
preprocess_ms,2_7_new_plugin_bag_3,394,1779961750347160840,39.255465395,4.982
preprocess_ms,2_7_new_plugin_bag_3,395,1779961750492118287,39.400422842000005,5.556
preprocess_ms,2_7_new_plugin_bag_3,396,1779961750571466888,39.479771443000004,4.487
preprocess_ms,2_7_new_plugin_bag_3,397,1779961750684422242,39.592726797000005,6.175
preprocess_ms,2_7_new_plugin_bag_3,398,1779961750759903328,39.668207883,8.409
preprocess_ms,2_7_new_plugin_bag_3,399,1779961750851521076,39.759825631000005,5.008
preprocess_ms,2_7_new_plugin_bag_3,400,1779961750966743420,39.875047975,4.31
preprocess_ms,2_7_new_plugin_bag_3,401,1779961751064669423,39.972973978000006,6.601
preprocess_ms,2_7_new_plugin_bag_3,402,1779961751158396920,40.066701475,4.752
preprocess_ms,2_7_new_plugin_bag_3,403,1779961751266841816,40.175146371000004,6.11
preprocess_ms,2_7_new_plugin_bag_3,404,1779961751352282955,40.26058751,4.806
preprocess_ms,2_7_new_plugin_bag_3,405,1779961751464436817,40.372741372,3.663
preprocess_ms,2_7_new_plugin_bag_3,406,1779961751554259752,40.462564307,3.977
preprocess_ms,2_7_new_plugin_bag_3,407,1779961751659152802,40.567457357,4.32
preprocess_ms,2_7_new_plugin_bag_3,408,1779961751777199306,40.685503861,5.163
preprocess_ms,2_7_new_plugin_bag_3,409,1779961751860642393,40.768946948,4.538
preprocess_ms,2_7_new_plugin_bag_3,410,1779961751974495964,40.882800519,5.616
preprocess_ms,2_7_new_plugin_bag_3,411,1779961752054285896,40.962590451000004,4.642
preprocess_ms,2_7_new_plugin_bag_3,412,1779961752148618902,41.056923457,4.728
preprocess_ms,2_7_new_plugin_bag_3,413,1779961752265586694,41.173891249,4.817
preprocess_ms,2_7_new_plugin_bag_3,414,1779961752372782721,41.281087276,5.547
preprocess_ms,2_7_new_plugin_bag_3,415,1779961752504521461,41.412826016000004,5.82
preprocess_ms,2_7_new_plugin_bag_3,416,1779961752567798551,41.476103106000004,3.748
preprocess_ms,2_7_new_plugin_bag_3,417,1779961752650876079,41.559180634,5.496
preprocess_ms,2_7_new_plugin_bag_3,418,1779961752760662374,41.668966929,5.871
preprocess_ms,2_7_new_plugin_bag_3,419,1779961752876740505,41.78504506,4.69
preprocess_ms,2_7_new_plugin_bag_3,420,1779961752976463446,41.884768001000005,5.998
preprocess_ms,2_7_new_plugin_bag_3,421,1779961753050289512,41.958594067,7.149
preprocess_ms,2_7_new_plugin_bag_3,422,1779961753165607272,42.073911827,6.521
preprocess_ms,2_7_new_plugin_bag_3,423,1779961753271679881,42.179984436000005,4.373
preprocess_ms,2_7_new_plugin_bag_3,424,1779961753364444675,42.27274923,4.758
preprocess_ms,2_7_new_plugin_bag_3,425,1779961753468926849,42.377231404,5.709
preprocess_ms,2_7_new_plugin_bag_3,426,1779961753566077304,42.474381859000005,6.593
preprocess_ms,2_7_new_plugin_bag_3,427,1779961753673105462,42.581410017,5.505
preprocess_ms,2_7_new_plugin_bag_3,428,1779961753824297040,42.732601595000006,6.333
preprocess_ms,2_7_new_plugin_bag_3,429,1779961753889900580,42.798205135,5.885
preprocess_ms,2_7_new_plugin_bag_3,430,1779961753985702498,42.894007053,6.237
preprocess_ms,2_7_new_plugin_bag_3,431,1779961754072902312,42.981206867000004,4.619
preprocess_ms,2_7_new_plugin_bag_3,432,1779961754162309655,43.07061421,4.252
preprocess_ms,2_7_new_plugin_bag_3,433,1779961754262629603,43.170934158,5.158
preprocess_ms,2_7_new_plugin_bag_3,434,1779961754389201611,43.297506166000005,3.866
preprocess_ms,2_7_new_plugin_bag_3,435,1779961754454056969,43.362361524,4.732
preprocess_ms,2_7_new_plugin_bag_3,436,1779961754570387990,43.478692545,4.544
preprocess_ms,2_7_new_plugin_bag_3,437,1779961754660617231,43.568921786000004,4.268
preprocess_ms,2_7_new_plugin_bag_3,438,1779961754777280857,43.685585412,5.385
preprocess_ms,2_7_new_plugin_bag_3,439,1779961754851311254,43.759615809,4.68
preprocess_ms,2_7_new_plugin_bag_3,440,1779961754975079936,43.883384491,4.204
preprocess_ms,2_7_new_plugin_bag_3,441,1779961755078915016,43.987219571000004,6.145
preprocess_ms,2_7_new_plugin_bag_3,442,1779961755185463349,44.093767904,6.388
preprocess_ms,2_7_new_plugin_bag_3,443,1779961755273081616,44.181386171,6.21
preprocess_ms,2_7_new_plugin_bag_3,444,1779961755375884271,44.284188826000005,4.916
preprocess_ms,2_7_new_plugin_bag_3,445,1779961755450388618,44.358693173000006,4.921
preprocess_ms,2_7_new_plugin_bag_3,446,1779961755564784710,44.473089265000006,5.072
preprocess_ms,2_7_new_plugin_bag_3,447,1779961755644821974,44.553126529000004,3.971
preprocess_ms,2_7_new_plugin_bag_3,448,1779961755777114084,44.685418639000005,4.647
preprocess_ms,2_7_new_plugin_bag_3,449,1779961755886697016,44.795001571,6.692
preprocess_ms,2_7_new_plugin_bag_3,450,1779961755957480353,44.865784908,8.942
preprocess_ms,2_7_new_plugin_bag_3,451,1779961756070104219,44.978408774,5.375
preprocess_ms,2_7_new_plugin_bag_3,452,1779961756168709722,45.077014277,4.419
preprocess_ms,2_7_new_plugin_bag_3,453,1779961756270775982,45.179080537000004,6.668
preprocess_ms,2_7_new_plugin_bag_3,454,1779961756365331182,45.273635737,4.981
preprocess_ms,2_7_new_plugin_bag_3,455,1779961756462926255,45.37123081,5.892
preprocess_ms,2_7_new_plugin_bag_3,456,1779961756584285905,45.49259046,4.621
preprocess_ms,2_7_new_plugin_bag_3,457,1779961756665466635,45.57377119,5.193
preprocess_ms,2_7_new_plugin_bag_3,458,1779961756779344122,45.687648677000006,6.916
preprocess_ms,2_7_new_plugin_bag_3,459,1779961756861735575,45.770040130000005,4.734
preprocess_ms,2_7_new_plugin_bag_3,460,1779961756954888051,45.863192606000005,5.015
preprocess_ms,2_7_new_plugin_bag_3,461,1779961757077920360,45.986224915,6.002
preprocess_ms,2_7_new_plugin_bag_3,462,1779961757162650063,46.070954618,5.127
preprocess_ms,2_7_new_plugin_bag_3,463,1779961757247406061,46.155710616,5.255
preprocess_ms,2_7_new_plugin_bag_3,464,1779961757352598528,46.260903083,6.265
preprocess_ms,2_7_new_plugin_bag_3,465,1779961757451449500,46.359754055,5.224
preprocess_ms,2_7_new_plugin_bag_3,466,1779961757560410051,46.468714606000006,4.431
preprocess_ms,2_7_new_plugin_bag_3,467,1779961757670838555,46.579143110000004,4.826
preprocess_ms,2_7_new_plugin_bag_3,468,1779961757754216275,46.662520830000005,8.069
preprocess_ms,2_7_new_plugin_bag_3,469,1779961757851065619,46.759370174000004,5.364
preprocess_ms,2_7_new_plugin_bag_3,470,1779961757966709981,46.875014536,5.526
preprocess_ms,2_7_new_plugin_bag_3,471,1779961758049763367,46.958067922000005,5.301
preprocess_ms,2_7_new_plugin_bag_3,472,1779961758185991122,47.094295677000005,6.331
preprocess_ms,2_7_new_plugin_bag_3,473,1779961758273826125,47.18213068,5.417
preprocess_ms,2_7_new_plugin_bag_3,474,1779961758404658912,47.312963467,6.613
preprocess_ms,2_7_new_plugin_bag_3,475,1779961758495138153,47.403442708,8.857
preprocess_ms,2_7_new_plugin_bag_3,476,1779961758591230229,47.499534784000005,4.97
preprocess_ms,2_7_new_plugin_bag_3,477,1779961758658736608,47.567041163000006,6.758
preprocess_ms,2_7_new_plugin_bag_3,478,1779961758758144187,47.666448742,4.541
preprocess_ms,2_7_new_plugin_bag_3,479,1779961758858865902,47.767170457000006,6.801
preprocess_ms,2_7_new_plugin_bag_3,480,1779961758973400921,47.881705476,6.325
preprocess_ms,2_7_new_plugin_bag_3,481,1779961759042508902,47.950813457,4.714
preprocess_ms,2_7_new_plugin_bag_3,482,1779961759166391540,48.074696095,4.058
preprocess_ms,2_7_new_plugin_bag_3,483,1779961759250288279,48.158592834000004,4.568
preprocess_ms,2_7_new_plugin_bag_3,484,1779961759392181884,48.300486439000004,6.585
preprocess_ms,2_7_new_plugin_bag_3,485,1779961759446584905,48.35488946,3.514
preprocess_ms,2_7_new_plugin_bag_3,486,1779961759562735871,48.471040426,6.114
preprocess_ms,2_7_new_plugin_bag_3,487,1779961759661080709,48.569385264000005,5.149
preprocess_ms,2_7_new_plugin_bag_3,488,1779961759790356213,48.698660768,4.471
preprocess_ms,2_7_new_plugin_bag_3,489,1779961759904082966,48.812387521000005,6.711
preprocess_ms,2_7_new_plugin_bag_3,490,1779961759969011062,48.877315617,19.922
preprocess_ms,2_7_new_plugin_bag_3,491,1779961760083671415,48.991975970000006,4.454
preprocess_ms,2_7_new_plugin_bag_3,492,1779961760197743041,49.106047596,6.4
preprocess_ms,2_7_new_plugin_bag_3,493,1779961760260619291,49.168923846000006,5.735
preprocess_ms,2_7_new_plugin_bag_3,494,1779961760400399020,49.308703575,7.859
preprocess_ms,2_7_new_plugin_bag_3,495,1779961760453916592,49.362221147,5.034
preprocess_ms,2_7_new_plugin_bag_3,496,1779961760601146338,49.509450893,4.945
preprocess_ms,2_7_new_plugin_bag_3,497,1779961760656244470,49.564549025000005,6.268
preprocess_ms,2_7_new_plugin_bag_3,498,1779961760763191961,49.671496516000005,5.79
preprocess_ms,2_7_new_plugin_bag_3,499,1779961760868369970,49.776674525000004,5.676
preprocess_ms,2_7_new_plugin_bag_3,500,1779961760948018133,49.856322688000006,4.668
preprocess_ms,2_7_new_plugin_bag_3,501,1779961761064282746,49.972587301000004,5.457
preprocess_ms,2_7_new_plugin_bag_3,502,1779961761163696448,50.072001003000004,4.726
preprocess_ms,2_7_new_plugin_bag_3,503,1779961761250283142,50.158587697,4.452
preprocess_ms,2_7_new_plugin_bag_3,504,1779961761353671286,50.261975841,4.398
preprocess_ms,2_7_new_plugin_bag_3,505,1779961761464621043,50.372925598,4.642
preprocess_ms,2_7_new_plugin_bag_3,506,1779961761555667768,50.463972323,5.886
preprocess_ms,2_7_new_plugin_bag_3,507,1779961761663036408,50.571340963000004,4.4
preprocess_ms,2_7_new_plugin_bag_3,508,1779961761748031702,50.65633625700001,4.9
preprocess_ms,2_7_new_plugin_bag_3,509,1779961761867421733,50.775726288,4.602
preprocess_ms,2_7_new_plugin_bag_3,510,1779961761964561339,50.872865894,4.205
preprocess_ms,2_7_new_plugin_bag_3,511,1779961762094210692,51.002515247000005,6.397
preprocess_ms,2_7_new_plugin_bag_3,512,1779961762167466626,51.075771181,6.819
preprocess_ms,2_7_new_plugin_bag_3,513,1779961762262528489,51.170833044000005,4.732
preprocess_ms,2_7_new_plugin_bag_3,514,1779961762359968660,51.268273215,3.998
preprocess_ms,2_7_new_plugin_bag_3,515,1779961762448604049,51.356908604000004,5.566
preprocess_ms,2_7_new_plugin_bag_3,516,1779961762554245139,51.462549694,3.949
preprocess_ms,2_7_new_plugin_bag_3,517,1779961762651920803,51.560225358000004,5.903
preprocess_ms,2_7_new_plugin_bag_3,518,1779961762754496028,51.662800583000006,4.358
preprocess_ms,2_7_new_plugin_bag_3,519,1779961762865035981,51.773340536000006,4.923
preprocess_ms,2_7_new_plugin_bag_3,520,1779961762959659796,51.867964351000005,6.071
preprocess_ms,2_7_new_plugin_bag_3,521,1779961763067049355,51.97535391,4.953
preprocess_ms,2_7_new_plugin_bag_3,522,1779961763173446059,52.081750614,14.436
preprocess_ms,2_7_new_plugin_bag_3,523,1779961763246044003,52.154348558,4.509
preprocess_ms,2_7_new_plugin_bag_3,524,1779961763384694677,52.29299923200001,6.184
preprocess_ms,2_7_new_plugin_bag_3,525,1779961763454315695,52.362620250000006,7.098
preprocess_ms,2_7_new_plugin_bag_3,526,1779961763565400592,52.473705147000004,7.309
preprocess_ms,2_7_new_plugin_bag_3,527,1779961763648966240,52.557270795,5.232
preprocess_ms,2_7_new_plugin_bag_3,528,1779961763799470727,52.707775282,5.682
preprocess_ms,2_7_new_plugin_bag_3,529,1779961763854260491,52.762565046000006,4.775
preprocess_ms,2_7_new_plugin_bag_3,530,1779961763949059080,52.857363635000006,4.524
preprocess_ms,2_7_new_plugin_bag_3,531,1779961764055663970,52.963968525000006,3.771
preprocess_ms,2_7_new_plugin_bag_3,532,1779961764153959888,53.062264443000004,8.495
preprocess_ms,2_7_new_plugin_bag_3,533,1779961764263952378,53.172256933,4.637
preprocess_ms,2_7_new_plugin_bag_3,534,1779961764341408485,53.24971304,4.639
preprocess_ms,2_7_new_plugin_bag_3,535,1779961764473626761,53.381931316000006,5.036
preprocess_ms,2_7_new_plugin_bag_3,536,1779961764562408429,53.470712984,4.803
preprocess_ms,2_7_new_plugin_bag_3,537,1779961764685650709,53.593955264,5.577
preprocess_ms,2_7_new_plugin_bag_3,538,1779961764808981524,53.717286079000004,4.098
preprocess_ms,2_7_new_plugin_bag_3,539,1779961764851581996,53.759886551,3.776
preprocess_ms,2_7_new_plugin_bag_3,540,1779961764942507913,53.850812468,5.001
preprocess_ms,2_7_new_plugin_bag_3,541,1779961765052737624,53.961042179,4.269
preprocess_ms,2_7_new_plugin_bag_3,542,1779961765205811512,54.114116067000005,4.509
preprocess_ms,2_7_new_plugin_bag_3,543,1779961765269055869,54.17736042400001,4.538
preprocess_ms,2_7_new_plugin_bag_3,544,1779961765374187229,54.282491784,4.837
preprocess_ms,2_7_new_plugin_bag_3,545,1779961765500251967,54.408556522000005,5.17
preprocess_ms,2_7_new_plugin_bag_3,546,1779961765551663220,54.459967775,4.983
preprocess_ms,2_7_new_plugin_bag_3,547,1779961765658818424,54.567122979000004,5.186
preprocess_ms,2_7_new_plugin_bag_3,548,1779961765753198042,54.661502597,5.187
preprocess_ms,2_7_new_plugin_bag_3,549,1779961765850425415,54.758729970000005,4.928
preprocess_ms,2_7_new_plugin_bag_3,550,1779961765950850058,54.859154613,6.375
preprocess_ms,2_7_new_plugin_bag_3,551,1779961766075480151,54.983784706,4.658
preprocess_ms,2_7_new_plugin_bag_3,552,1779961766151803152,55.060107707,3.842
preprocess_ms,2_7_new_plugin_bag_3,553,1779961766258381782,55.166686337,4.638
preprocess_ms,2_7_new_plugin_bag_3,554,1779961766383125826,55.291430381000005,5.501
preprocess_ms,2_7_new_plugin_bag_3,555,1779961766444071957,55.352376512000006,4.865
preprocess_ms,2_7_new_plugin_bag_3,556,1779961766562306679,55.470611234,4.092
preprocess_ms,2_7_new_plugin_bag_3,557,1779961766655115671,55.563420226000005,4.996
preprocess_ms,2_7_new_plugin_bag_3,558,1779961766749420908,55.657725463000006,5.398
preprocess_ms,2_7_new_plugin_bag_3,559,1779961766858342526,55.766647081,4.439
preprocess_ms,2_7_new_plugin_bag_3,560,1779961766978042269,55.886346824,3.018
preprocess_ms,2_7_new_plugin_bag_3,561,1779961767068335673,55.976640228,6.328
preprocess_ms,2_7_new_plugin_bag_3,562,1779961767153624342,56.061928897,5.543
preprocess_ms,2_7_new_plugin_bag_3,563,1779961767243086477,56.15139103200001,3.833
preprocess_ms,2_7_new_plugin_bag_3,564,1779961767346193132,56.254497687000004,4.57
preprocess_ms,2_7_new_plugin_bag_3,565,1779961767454110284,56.362414839,5.542
preprocess_ms,2_7_new_plugin_bag_3,566,1779961767558678755,56.46698331,5.725
preprocess_ms,2_7_new_plugin_bag_3,567,1779961767653117407,56.561421962000004,5.419
preprocess_ms,2_7_new_plugin_bag_3,568,1779961767746206097,56.654510652000006,4.747
preprocess_ms,2_7_new_plugin_bag_3,569,1779961767860362916,56.768667471,3.587
preprocess_ms,2_7_new_plugin_bag_3,570,1779961767984633602,56.892938157,7.783
preprocess_ms,2_7_new_plugin_bag_3,571,1779961768054421234,56.962725789000004,7.548
preprocess_ms,2_7_new_plugin_bag_3,572,1779961768163135414,57.071439969000004,4.217
preprocess_ms,2_7_new_plugin_bag_3,573,1779961768278724995,57.187029550000005,4.694
preprocess_ms,2_7_new_plugin_bag_3,574,1779961768352957989,57.261262544000004,4.882
preprocess_ms,2_7_new_plugin_bag_3,575,1779961768456557542,57.36486209700001,6.299
preprocess_ms,2_7_new_plugin_bag_3,576,1779961768559006740,57.467311295,3.506
preprocess_ms,2_7_new_plugin_bag_3,577,1779961768667904483,57.576209038,4.124
preprocess_ms,2_7_new_plugin_bag_3,578,1779961768761754798,57.670059353000006,3.52
preprocess_ms,2_7_new_plugin_bag_3,579,1779961768907904906,57.81620946100001,5.265
preprocess_ms,2_7_new_plugin_bag_3,580,1779961768953592016,57.861896571,4.39
preprocess_ms,2_7_new_plugin_bag_3,581,1779961769053511181,57.961815736000005,3.649
preprocess_ms,2_7_new_plugin_bag_3,582,1779961769203533652,58.111838207000005,4.208
preprocess_ms,2_7_new_plugin_bag_3,583,1779961769249847000,58.158151555,3.826
preprocess_ms,2_7_new_plugin_bag_3,584,1779961769383984800,58.292289355,3.905
preprocess_ms,2_7_new_plugin_bag_3,585,1779961769453710950,58.362015505,4.505
preprocess_ms,2_7_new_plugin_bag_3,586,1779961769613746841,58.522051396,11.676
preprocess_ms,2_7_new_plugin_bag_3,587,1779961769650498366,58.558802921,2.802
preprocess_ms,2_7_new_plugin_bag_3,588,1779961769751525395,58.65982995,4.272
preprocess_ms,2_7_new_plugin_bag_3,589,1779961769876157805,58.784462360000006,3.833
preprocess_ms,2_7_new_plugin_bag_3,590,1779961769950951791,58.859256346,6.257
preprocess_ms,2_7_new_plugin_bag_3,591,1779961770060600579,58.968905134,4.53
preprocess_ms,2_7_new_plugin_bag_3,592,1779961770152071277,59.060375832000005,5.549
preprocess_ms,2_7_new_plugin_bag_3,593,1779961770250538706,59.158843261,4.492
preprocess_ms,2_7_new_plugin_bag_3,594,1779961770366525697,59.274830252,4.128
preprocess_ms,2_7_new_plugin_bag_3,595,1779961770470568532,59.378873087,4.457
preprocess_ms,2_7_new_plugin_bag_3,596,1779961770555990047,59.464294602,4.468
preprocess_ms,2_7_new_plugin_bag_3,597,1779961770646955435,59.55525999,4.164
preprocess_ms,2_7_old_plugin_bag,0,1779952570655018343,0.0,4.396
preprocess_ms,2_7_old_plugin_bag,1,1779952570714615904,0.059597561,4.159
preprocess_ms,2_7_old_plugin_bag,2,1779952570752671158,0.097652815,2.157
preprocess_ms,2_7_old_plugin_bag,3,1779952570873759142,0.218740799,5.917
preprocess_ms,2_7_old_plugin_bag,4,1779952570963587072,0.30856872900000004,5.296
preprocess_ms,2_7_old_plugin_bag,5,1779952571064825315,0.40980697200000005,5.228
preprocess_ms,2_7_old_plugin_bag,6,1779952571140442179,0.48542383600000005,4.338
preprocess_ms,2_7_old_plugin_bag,7,1779952571261422813,0.6064044700000001,4.229
preprocess_ms,2_7_old_plugin_bag,8,1779952571344317410,0.689299067,7.313
preprocess_ms,2_7_old_plugin_bag,9,1779952571441800462,0.7867821190000001,9.99
preprocess_ms,2_7_old_plugin_bag,10,1779952571556911662,0.901893319,5.392
preprocess_ms,2_7_old_plugin_bag,11,1779952571650718685,0.995700342,4.638
preprocess_ms,2_7_old_plugin_bag,12,1779952571746339425,1.091321082,7.005
preprocess_ms,2_7_old_plugin_bag,13,1779952571844376684,1.1893583410000002,5.131
preprocess_ms,2_7_old_plugin_bag,14,1779952571959236995,1.304218652,5.208
preprocess_ms,2_7_old_plugin_bag,15,1779952572088090664,1.433072321,6.684
preprocess_ms,2_7_old_plugin_bag,16,1779952572144292513,1.48927417,5.771
preprocess_ms,2_7_old_plugin_bag,17,1779952572293773684,1.6387553410000002,3.495
preprocess_ms,2_7_old_plugin_bag,18,1779952572361879698,1.706861355,6.702
preprocess_ms,2_7_old_plugin_bag,19,1779952572465010637,1.8099922940000002,6.173
preprocess_ms,2_7_old_plugin_bag,20,1779952572557117544,1.9020992010000002,9.989
preprocess_ms,2_7_old_plugin_bag,21,1779952572656944544,2.0019262010000003,6.235
preprocess_ms,2_7_old_plugin_bag,22,1779952572760734582,2.105716239,9.64
preprocess_ms,2_7_old_plugin_bag,23,1779952572862172225,2.207153882,5.917
preprocess_ms,2_7_old_plugin_bag,24,1779952572989689187,2.334670844,7.122
preprocess_ms,2_7_old_plugin_bag,25,1779952573061519995,2.406501652,6.588
preprocess_ms,2_7_old_plugin_bag,26,1779952573173204247,2.518185904,4.282
preprocess_ms,2_7_old_plugin_bag,27,1779952573254113654,2.599095311,4.564
preprocess_ms,2_7_old_plugin_bag,28,1779952573359869269,2.704850926,4.114
preprocess_ms,2_7_old_plugin_bag,29,1779952573435100622,2.780082279,5.443
preprocess_ms,2_7_old_plugin_bag,30,1779952573585646472,2.930628129,5.322
preprocess_ms,2_7_old_plugin_bag,31,1779952573665311137,3.010292794,5.805
preprocess_ms,2_7_old_plugin_bag,32,1779952573739884623,3.0848662800000004,5.943
preprocess_ms,2_7_old_plugin_bag,33,1779952573840734200,3.1857158570000004,6.877
preprocess_ms,2_7_old_plugin_bag,34,1779952573947288715,3.2922703720000004,4.423
preprocess_ms,2_7_old_plugin_bag,35,1779952574042677083,3.38765874,11.69
preprocess_ms,2_7_old_plugin_bag,36,1779952574147788646,3.4927703030000004,4.904
preprocess_ms,2_7_old_plugin_bag,37,1779952574273858049,3.618839706,7.242
preprocess_ms,2_7_old_plugin_bag,38,1779952574346419816,3.6914014730000004,6.288
preprocess_ms,2_7_old_plugin_bag,39,1779952574436235126,3.781216783,5.666
preprocess_ms,2_7_old_plugin_bag,40,1779952574565903899,3.910885556,6.631
preprocess_ms,2_7_old_plugin_bag,41,1779952574644633769,3.9896154260000003,5.85
preprocess_ms,2_7_old_plugin_bag,42,1779952574741867197,4.086848854,4.42
preprocess_ms,2_7_old_plugin_bag,43,1779952574842431009,4.187412666,4.501
preprocess_ms,2_7_old_plugin_bag,44,1779952574952175941,4.297157598,4.37
preprocess_ms,2_7_old_plugin_bag,45,1779952575038489925,4.383471582,5.768
preprocess_ms,2_7_old_plugin_bag,46,1779952575174719007,4.519700664,5.906
preprocess_ms,2_7_old_plugin_bag,47,1779952575244951143,4.589932800000001,6.558
preprocess_ms,2_7_old_plugin_bag,48,1779952575341990749,4.686972406000001,5.32
preprocess_ms,2_7_old_plugin_bag,49,1779952575511886713,4.85686837,4.841
preprocess_ms,2_7_old_plugin_bag,50,1779952575582108552,4.927090209,7.168
preprocess_ms,2_7_old_plugin_bag,51,1779952575662618355,5.007600012,4.823
preprocess_ms,2_7_old_plugin_bag,52,1779952575808958875,5.153940532,5.071
preprocess_ms,2_7_old_plugin_bag,53,1779952575856451731,5.201433388,4.969
preprocess_ms,2_7_old_plugin_bag,54,1779952575994856720,5.339838377,6.248
preprocess_ms,2_7_old_plugin_bag,55,1779952576048122551,5.3931042080000005,5.547
preprocess_ms,2_7_old_plugin_bag,56,1779952576179159897,5.524141554000001,5.944
preprocess_ms,2_7_old_plugin_bag,57,1779952576232680564,5.577662221000001,5.188
preprocess_ms,2_7_old_plugin_bag,58,1779952576338879041,5.683860698,5.991
preprocess_ms,2_7_old_plugin_bag,59,1779952576443167494,5.788149151000001,8.321
preprocess_ms,2_7_old_plugin_bag,60,1779952576574012427,5.918994084,6.829
preprocess_ms,2_7_old_plugin_bag,61,1779952576665043764,6.010025421000001,5.781
preprocess_ms,2_7_old_plugin_bag,62,1779952576757594996,6.102576653000001,4.931
preprocess_ms,2_7_old_plugin_bag,63,1779952576878325486,6.223307143,6.059
preprocess_ms,2_7_old_plugin_bag,64,1779952576947158089,6.292139746,6.239
preprocess_ms,2_7_old_plugin_bag,65,1779952577081343405,6.426325062,5.905
preprocess_ms,2_7_old_plugin_bag,66,1779952577179554419,6.524536076,5.561
preprocess_ms,2_7_old_plugin_bag,67,1779952577240706470,6.585688127,5.537
preprocess_ms,2_7_old_plugin_bag,68,1779952577350343746,6.695325403,5.37
preprocess_ms,2_7_old_plugin_bag,69,1779952577465542184,6.810523841,16.75
preprocess_ms,2_7_old_plugin_bag,70,1779952577584430666,6.929412323,7.225
preprocess_ms,2_7_old_plugin_bag,71,1779952577666822566,7.011804223,4.909
preprocess_ms,2_7_old_plugin_bag,72,1779952577767797758,7.112779415,5.359
preprocess_ms,2_7_old_plugin_bag,73,1779952577838279984,7.1832616410000005,4.244
preprocess_ms,2_7_old_plugin_bag,74,1779952577961129006,7.306110663,3.975
preprocess_ms,2_7_old_plugin_bag,75,1779952578043997512,7.388979169000001,6.15
preprocess_ms,2_7_old_plugin_bag,76,1779952578147264219,7.492245876,6.155
preprocess_ms,2_7_old_plugin_bag,77,1779952578237497220,7.582478877000001,7.348
preprocess_ms,2_7_old_plugin_bag,78,1779952578355006687,7.699988344,5.103
preprocess_ms,2_7_old_plugin_bag,79,1779952578453735304,7.798716961,4.869
preprocess_ms,2_7_old_plugin_bag,80,1779952578550101275,7.895082932,4.918
preprocess_ms,2_7_old_plugin_bag,81,1779952578654595229,7.999576886000001,4.394
preprocess_ms,2_7_old_plugin_bag,82,1779952578785657798,8.130639455,6.287
preprocess_ms,2_7_old_plugin_bag,83,1779952578857201314,8.202182971000001,5.006
preprocess_ms,2_7_old_plugin_bag,84,1779952578954451146,8.299432803,3.371
preprocess_ms,2_7_old_plugin_bag,85,1779952579039610987,8.384592644000001,5.779
preprocess_ms,2_7_old_plugin_bag,86,1779952579190741795,8.535723452000001,5.07
preprocess_ms,2_7_old_plugin_bag,87,1779952579244346848,8.589328505000001,4.893
preprocess_ms,2_7_old_plugin_bag,88,1779952579351900910,8.696882567000001,3.631
preprocess_ms,2_7_old_plugin_bag,89,1779952579459396885,8.804378542,4.87
preprocess_ms,2_7_old_plugin_bag,90,1779952579534675301,8.879656958,8.216
preprocess_ms,2_7_old_plugin_bag,91,1779952579643202585,8.988184242,8.256
preprocess_ms,2_7_old_plugin_bag,92,1779952579784225168,9.129206825,5.592
preprocess_ms,2_7_old_plugin_bag,93,1779952579846672011,9.191653668,6.546
preprocess_ms,2_7_old_plugin_bag,94,1779952579940428812,9.285410469,6.412
preprocess_ms,2_7_old_plugin_bag,95,1779952580043477637,9.388459294,4.565
preprocess_ms,2_7_old_plugin_bag,96,1779952580163127039,9.508108696,5.626
preprocess_ms,2_7_old_plugin_bag,97,1779952580250284635,9.595266292,4.335
preprocess_ms,2_7_old_plugin_bag,98,1779952580352231799,9.697213456,5.341
preprocess_ms,2_7_old_plugin_bag,99,1779952580464167384,9.809149041000001,6.235
preprocess_ms,2_7_old_plugin_bag,100,1779952580546155173,9.89113683,3.869
preprocess_ms,2_7_old_plugin_bag,101,1779952580636407633,9.981389290000001,7.088
preprocess_ms,2_7_old_plugin_bag,102,1779952580740515422,10.085497079000001,5.562
preprocess_ms,2_7_old_plugin_bag,103,1779952580854860770,10.199842427,4.339
preprocess_ms,2_7_old_plugin_bag,104,1779952580964520121,10.309501778000001,6.9
preprocess_ms,2_7_old_plugin_bag,105,1779952581081842510,10.426824167000001,7.188
preprocess_ms,2_7_old_plugin_bag,106,1779952581160288972,10.505270629,5.022
preprocess_ms,2_7_old_plugin_bag,107,1779952581285988238,10.630969895,4.99
preprocess_ms,2_7_old_plugin_bag,108,1779952581356192617,10.701174274000001,4.896
preprocess_ms,2_7_old_plugin_bag,109,1779952581458231805,10.803213462,6.119
preprocess_ms,2_7_old_plugin_bag,110,1779952581562220281,10.907201938,5.948
preprocess_ms,2_7_old_plugin_bag,111,1779952581683075702,11.028057359,5.139
preprocess_ms,2_7_old_plugin_bag,112,1779952581763417933,11.108399590000001,4.158
preprocess_ms,2_7_old_plugin_bag,113,1779952581887445665,11.232427322000001,5.216
preprocess_ms,2_7_old_plugin_bag,114,1779952581974036084,11.319017741000001,6.134
preprocess_ms,2_7_old_plugin_bag,115,1779952582095589197,11.440570854,6.521
preprocess_ms,2_7_old_plugin_bag,116,1779952582209313714,11.554295371,5.701
preprocess_ms,2_7_old_plugin_bag,117,1779952582254272986,11.599254643,5.204
preprocess_ms,2_7_old_plugin_bag,118,1779952582337951397,11.682933054000001,6.039
preprocess_ms,2_7_old_plugin_bag,119,1779952582442702731,11.787684388,6.688
preprocess_ms,2_7_old_plugin_bag,120,1779952582559555810,11.904537467,6.724
preprocess_ms,2_7_old_plugin_bag,121,1779952582644777954,11.989759611,5.213
preprocess_ms,2_7_old_plugin_bag,122,1779952582741215771,12.086197428,3.063
preprocess_ms,2_7_old_plugin_bag,123,1779952582851715795,12.196697452,5.359
preprocess_ms,2_7_old_plugin_bag,124,1779952582963316758,12.308298415000001,5.054
preprocess_ms,2_7_old_plugin_bag,125,1779952583056252290,12.401233947000001,5.523
preprocess_ms,2_7_old_plugin_bag,126,1779952583161483504,12.506465161000001,5.561
preprocess_ms,2_7_old_plugin_bag,127,1779952583253396756,12.598378413,5.245
preprocess_ms,2_7_old_plugin_bag,128,1779952583343467781,12.688449438000001,5.143
preprocess_ms,2_7_old_plugin_bag,129,1779952583478333737,12.823315394000002,4.669
preprocess_ms,2_7_old_plugin_bag,130,1779952583574410720,12.919392377000001,6.138
preprocess_ms,2_7_old_plugin_bag,131,1779952583638574030,12.983555687,9.024
preprocess_ms,2_7_old_plugin_bag,132,1779952583775886822,13.120868479,8.394
preprocess_ms,2_7_old_plugin_bag,133,1779952583846265235,13.191246892,7.767
preprocess_ms,2_7_old_plugin_bag,134,1779952583976030093,13.32101175,5.56
preprocess_ms,2_7_old_plugin_bag,135,1779952584083655852,13.428637509000001,4.411
preprocess_ms,2_7_old_plugin_bag,136,1779952584176939698,13.521921355000002,6.453
preprocess_ms,2_7_old_plugin_bag,137,1779952584245437884,13.590419541000001,6.106
preprocess_ms,2_7_old_plugin_bag,138,1779952584335977343,13.680959000000001,5.433
preprocess_ms,2_7_old_plugin_bag,139,1779952584449367961,13.794349618,3.884
preprocess_ms,2_7_old_plugin_bag,140,1779952584550672579,13.895654236,4.733
preprocess_ms,2_7_old_plugin_bag,141,1779952584643369739,13.988351396,4.63
preprocess_ms,2_7_old_plugin_bag,142,1779952584737876586,14.082858243,4.03
preprocess_ms,2_7_old_plugin_bag,143,1779952584844419318,14.189400975000002,3.273
preprocess_ms,2_7_old_plugin_bag,144,1779952584964424210,14.309405867,4.021
preprocess_ms,2_7_old_plugin_bag,145,1779952585087754226,14.432735883000001,6.404
preprocess_ms,2_7_old_plugin_bag,146,1779952585147550673,14.492532330000001,5.291
preprocess_ms,2_7_old_plugin_bag,147,1779952585238709626,14.583691283,4.866
preprocess_ms,2_7_old_plugin_bag,148,1779952585334750124,14.679731781000001,5.867
preprocess_ms,2_7_old_plugin_bag,149,1779952585486508259,14.831489916,4.309
preprocess_ms,2_7_old_plugin_bag,150,1779952585550666456,14.895648113000002,6.714
preprocess_ms,2_7_old_plugin_bag,151,1779952585634226696,14.979208353,6.679
preprocess_ms,2_7_old_plugin_bag,152,1779952585744406697,15.089388354,10.181
preprocess_ms,2_7_old_plugin_bag,153,1779952585865227165,15.210208822,4.887
preprocess_ms,2_7_old_plugin_bag,154,1779952585933644540,15.278626197000001,4.192
preprocess_ms,2_7_old_plugin_bag,155,1779952586079390128,15.424371785000002,4.403
preprocess_ms,2_7_old_plugin_bag,156,1779952586166358506,15.511340163000002,4.655
preprocess_ms,2_7_old_plugin_bag,157,1779952586265958741,15.610940398,6.012
preprocess_ms,2_7_old_plugin_bag,158,1779952586357336443,15.702318100000001,3.787
preprocess_ms,2_7_old_plugin_bag,159,1779952586468500582,15.813482239,7.478
preprocess_ms,2_7_old_plugin_bag,160,1779952586541346889,15.886328546000001,4.434
preprocess_ms,2_7_old_plugin_bag,161,1779952586635625714,15.980607371000001,4.724
preprocess_ms,2_7_old_plugin_bag,162,1779952586739314525,16.084296182000003,4.26
preprocess_ms,2_7_old_plugin_bag,163,1779952586851199582,16.196181239,4.671
preprocess_ms,2_7_old_plugin_bag,164,1779952586955512715,16.300494372,4.786
preprocess_ms,2_7_old_plugin_bag,165,1779952587076026201,16.421007858,8.319
preprocess_ms,2_7_old_plugin_bag,166,1779952587150674405,16.495656062000002,4.74
preprocess_ms,2_7_old_plugin_bag,167,1779952587249614639,16.594596296000002,5.046
preprocess_ms,2_7_old_plugin_bag,168,1779952587336723382,16.681705039,5.078
preprocess_ms,2_7_old_plugin_bag,169,1779952587465315954,16.810297611,7.202
preprocess_ms,2_7_old_plugin_bag,170,1779952587551218575,16.896200232,5.74
preprocess_ms,2_7_old_plugin_bag,171,1779952587634323997,16.979305654,4.665
preprocess_ms,2_7_old_plugin_bag,172,1779952587739053509,17.084035166,3.805
preprocess_ms,2_7_old_plugin_bag,173,1779952587836246702,17.181228359000002,8.886
preprocess_ms,2_7_old_plugin_bag,174,1779952587947206169,17.292187826000003,4.433
preprocess_ms,2_7_old_plugin_bag,175,1779952588057462376,17.402444033000002,5.662
preprocess_ms,2_7_old_plugin_bag,176,1779952588156257615,17.501239272,4.139
preprocess_ms,2_7_old_plugin_bag,177,1779952588267430104,17.612411761,6.166
preprocess_ms,2_7_old_plugin_bag,178,1779952588374855642,17.719837299,6.933
preprocess_ms,2_7_old_plugin_bag,179,1779952588474729093,17.819710750000002,5.988
preprocess_ms,2_7_old_plugin_bag,180,1779952588589346801,17.934328458,8.279
preprocess_ms,2_7_old_plugin_bag,181,1779952588663564151,18.008545808,4.587
preprocess_ms,2_7_old_plugin_bag,182,1779952588764280082,18.109261739,6.803
preprocess_ms,2_7_old_plugin_bag,183,1779952588845291054,18.190272711000002,5.468
preprocess_ms,2_7_old_plugin_bag,184,1779952588971595508,18.316577165,5.336
preprocess_ms,2_7_old_plugin_bag,185,1779952589039556934,18.384538591000002,5.279
preprocess_ms,2_7_old_plugin_bag,186,1779952589161562866,18.506544523000002,6.354
preprocess_ms,2_7_old_plugin_bag,187,1779952589283952251,18.628933908,5.715
preprocess_ms,2_7_old_plugin_bag,188,1779952589349439329,18.694420986,4.194
preprocess_ms,2_7_old_plugin_bag,189,1779952589449324022,18.794305679,4.684
preprocess_ms,2_7_old_plugin_bag,190,1779952589561400852,18.906382509,4.642
preprocess_ms,2_7_old_plugin_bag,191,1779952589695179686,19.040161343,5.656
preprocess_ms,2_7_old_plugin_bag,192,1779952589743718738,19.088700395,9.368
preprocess_ms,2_7_old_plugin_bag,193,1779952589857716977,19.202698634,5.997
preprocess_ms,2_7_old_plugin_bag,194,1779952589956707302,19.301688959,4.815
preprocess_ms,2_7_old_plugin_bag,195,1779952590065563651,19.410545308,5.687
preprocess_ms,2_7_old_plugin_bag,196,1779952590146054644,19.491036301,4.319
preprocess_ms,2_7_old_plugin_bag,197,1779952590284245755,19.629227412000002,5.723
preprocess_ms,2_7_old_plugin_bag,198,1779952590357822219,19.702803876,4.447
preprocess_ms,2_7_old_plugin_bag,199,1779952590440595237,19.785576894000002,7.138
preprocess_ms,2_7_old_plugin_bag,200,1779952590540129399,19.885111056,4.335
preprocess_ms,2_7_old_plugin_bag,201,1779952590641957527,19.986939184,3.924
preprocess_ms,2_7_old_plugin_bag,202,1779952590747349954,20.092331611000002,4.673
preprocess_ms,2_7_old_plugin_bag,203,1779952590878436654,20.223418311,5.502
preprocess_ms,2_7_old_plugin_bag,204,1779952590947526087,20.292507744,5.946
preprocess_ms,2_7_old_plugin_bag,205,1779952591055966558,20.400948215,4.787
preprocess_ms,2_7_old_plugin_bag,206,1779952591184105040,20.529086697,6.514
preprocess_ms,2_7_old_plugin_bag,207,1779952591282093041,20.627074698,6.388
preprocess_ms,2_7_old_plugin_bag,208,1779952591357643556,20.702625213,4.829
preprocess_ms,2_7_old_plugin_bag,209,1779952591489519945,20.834501602,5.808
preprocess_ms,2_7_old_plugin_bag,210,1779952591546331777,20.891313434,4.639
preprocess_ms,2_7_old_plugin_bag,211,1779952591650906173,20.99588783,5.852
preprocess_ms,2_7_old_plugin_bag,212,1779952591741812964,21.086794621000003,7.043
preprocess_ms,2_7_old_plugin_bag,213,1779952591864076333,21.20905799,5.406
preprocess_ms,2_7_old_plugin_bag,214,1779952591966126734,21.311108391,5.985
preprocess_ms,2_7_old_plugin_bag,215,1779952592064250517,21.409232174,5.73
preprocess_ms,2_7_old_plugin_bag,216,1779952592166298645,21.511280302000003,2.898
preprocess_ms,2_7_old_plugin_bag,217,1779952592236795183,21.58177684,4.85
preprocess_ms,2_7_old_plugin_bag,218,1779952592357037064,21.702018721,5.366
preprocess_ms,2_7_old_plugin_bag,219,1779952592445970132,21.790951789,6.494
preprocess_ms,2_7_old_plugin_bag,220,1779952592549921619,21.894903276,5.534
preprocess_ms,2_7_old_plugin_bag,221,1779952592660329056,22.005310713,4.698
preprocess_ms,2_7_old_plugin_bag,222,1779952592770235030,22.115216687,6.002
preprocess_ms,2_7_old_plugin_bag,223,1779952592840253246,22.185234903,6.843
preprocess_ms,2_7_old_plugin_bag,224,1779952592943061868,22.288043525000003,4.048
preprocess_ms,2_7_old_plugin_bag,225,1779952593084707889,22.429689546000002,6.899
preprocess_ms,2_7_old_plugin_bag,226,1779952593169592416,22.514574073000002,6.642
preprocess_ms,2_7_old_plugin_bag,227,1779952593268623172,22.613604829,7.409
preprocess_ms,2_7_old_plugin_bag,228,1779952593405687945,22.750669602000002,14.48
preprocess_ms,2_7_old_plugin_bag,229,1779952593448505863,22.793487520000003,5.09
preprocess_ms,2_7_old_plugin_bag,230,1779952593561833025,22.906814682,4.335
preprocess_ms,2_7_old_plugin_bag,231,1779952593638901413,22.98388307,6.03
preprocess_ms,2_7_old_plugin_bag,232,1779952593757039296,23.102020953,5.465
preprocess_ms,2_7_old_plugin_bag,233,1779952593845298107,23.190279764000003,8.246
preprocess_ms,2_7_old_plugin_bag,234,1779952593956471464,23.301453121,4.361
preprocess_ms,2_7_old_plugin_bag,235,1779952594085881312,23.430862969000003,6.825
preprocess_ms,2_7_old_plugin_bag,236,1779952594150902584,23.495884241000002,7.657
preprocess_ms,2_7_old_plugin_bag,237,1779952594274347997,23.619329654,4.744
preprocess_ms,2_7_old_plugin_bag,238,1779952594364721936,23.709703593,4.398
preprocess_ms,2_7_old_plugin_bag,239,1779952594453943271,23.798924928,7.362
preprocess_ms,2_7_old_plugin_bag,240,1779952594537540708,23.882522365,3.604
preprocess_ms,2_7_old_plugin_bag,241,1779952594708338443,24.0533201,9.878
preprocess_ms,2_7_old_plugin_bag,242,1779952594790873222,24.135854879,7.463
preprocess_ms,2_7_old_plugin_bag,243,1779952594871952013,24.216933670000003,9.616
preprocess_ms,2_7_old_plugin_bag,244,1779952594985821577,24.330803234,6.346
preprocess_ms,2_7_old_plugin_bag,245,1779952595057668247,24.402649904,8.898
preprocess_ms,2_7_old_plugin_bag,246,1779952595166531704,24.511513361000002,5.293
preprocess_ms,2_7_old_plugin_bag,247,1779952595257672058,24.602653715000002,4.85
preprocess_ms,2_7_old_plugin_bag,248,1779952595390386261,24.735367918,5.466
preprocess_ms,2_7_old_plugin_bag,249,1779952595439179555,24.784161212,8.425
preprocess_ms,2_7_old_plugin_bag,250,1779952595563945052,24.908926709000003,7.815
preprocess_ms,2_7_old_plugin_bag,251,1779952595652035799,24.997017456000002,7.754
preprocess_ms,2_7_old_plugin_bag,252,1779952595744802798,25.089784455,5.109
preprocess_ms,2_7_old_plugin_bag,253,1779952595843023993,25.18800565,4.935
preprocess_ms,2_7_old_plugin_bag,254,1779952595956464327,25.301445984,4.769
preprocess_ms,2_7_old_plugin_bag,255,1779952596071769300,25.416750957,4.838
preprocess_ms,2_7_old_plugin_bag,256,1779952596161337666,25.506319323000003,5.001
preprocess_ms,2_7_old_plugin_bag,257,1779952596258014048,25.602995705,6.001
preprocess_ms,2_7_old_plugin_bag,258,1779952596368555676,25.713537333,4.743
preprocess_ms,2_7_old_plugin_bag,259,1779952596466788631,25.811770288,5.767
preprocess_ms,2_7_old_plugin_bag,260,1779952596574705356,25.919687013,5.818
preprocess_ms,2_7_old_plugin_bag,261,1779952596644663433,25.989645090000003,8.711
preprocess_ms,2_7_old_plugin_bag,262,1779952596785724433,26.13070609,5.57
preprocess_ms,2_7_old_plugin_bag,263,1779952596861254551,26.206236208,5.285
preprocess_ms,2_7_old_plugin_bag,264,1779952596945555215,26.290536872,7.737
preprocess_ms,2_7_old_plugin_bag,265,1779952597059331520,26.404313177000002,6.332
preprocess_ms,2_7_old_plugin_bag,266,1779952597156292893,26.50127455,4.715
preprocess_ms,2_7_old_plugin_bag,267,1779952597256466863,26.60144852,4.843
preprocess_ms,2_7_old_plugin_bag,268,1779952597344745787,26.689727444000003,5.357
preprocess_ms,2_7_old_plugin_bag,269,1779952597483566417,26.828548074,8.813
preprocess_ms,2_7_old_plugin_bag,270,1779952597556542328,26.901523985,6.067
preprocess_ms,2_7_old_plugin_bag,271,1779952597663444089,27.008425746,4.081
preprocess_ms,2_7_old_plugin_bag,272,1779952597741469870,27.086451527,7.828
preprocess_ms,2_7_old_plugin_bag,273,1779952597857505104,27.202486761000003,3.492
preprocess_ms,2_7_old_plugin_bag,274,1779952597988727663,27.33370932,5.738
preprocess_ms,2_7_old_plugin_bag,275,1779952598064940599,27.409922256,5.881
preprocess_ms,2_7_old_plugin_bag,276,1779952598165654958,27.510636615000003,5.343
preprocess_ms,2_7_old_plugin_bag,277,1779952598249561608,27.594543265000002,5.186
preprocess_ms,2_7_old_plugin_bag,278,1779952598344935018,27.689916675000003,6.094
preprocess_ms,2_7_old_plugin_bag,279,1779952598490181274,27.835162931000003,4.867
preprocess_ms,2_7_old_plugin_bag,280,1779952598575752843,27.920734500000002,6.805
preprocess_ms,2_7_old_plugin_bag,281,1779952598677067349,28.022049006000003,7.536
preprocess_ms,2_7_old_plugin_bag,282,1779952598774046389,28.119028046,8.281
preprocess_ms,2_7_old_plugin_bag,283,1779952598846462601,28.191444258,7.403
preprocess_ms,2_7_old_plugin_bag,284,1779952598935790017,28.280771674,3.793
preprocess_ms,2_7_old_plugin_bag,285,1779952599053631179,28.398612836,4.413
preprocess_ms,2_7_old_plugin_bag,286,1779952599169392581,28.514374238000002,6.604
preprocess_ms,2_7_old_plugin_bag,287,1779952599283193542,28.628175199,5.358
preprocess_ms,2_7_old_plugin_bag,288,1779952599342743025,28.687724682000002,5.47
preprocess_ms,2_7_old_plugin_bag,289,1779952599471001410,28.815983067,7.914
preprocess_ms,2_7_old_plugin_bag,290,1779952599548036771,28.893018428,5.138
preprocess_ms,2_7_old_plugin_bag,291,1779952599642306768,28.987288425000003,5.795
preprocess_ms,2_7_old_plugin_bag,292,1779952599746071356,29.091053013000003,5.387
preprocess_ms,2_7_old_plugin_bag,293,1779952599875564341,29.220545998000002,6.651
preprocess_ms,2_7_old_plugin_bag,294,1779952599947125597,29.292107254,4.87
preprocess_ms,2_7_old_plugin_bag,295,1779952600079640664,29.424622321,5.613
preprocess_ms,2_7_old_plugin_bag,296,1779952600154993563,29.499975220000003,5.317
preprocess_ms,2_7_old_plugin_bag,297,1779952600257179464,29.602161121,4.492
preprocess_ms,2_7_old_plugin_bag,298,1779952600381256356,29.726238013000003,7.25
preprocess_ms,2_7_old_plugin_bag,299,1779952600448811999,29.793793656000002,4.907
preprocess_ms,2_7_old_plugin_bag,300,1779952600541965089,29.886946746000003,5.351
preprocess_ms,2_7_old_plugin_bag,301,1779952600669424614,30.014406271000002,5.384
preprocess_ms,2_7_old_plugin_bag,302,1779952600747006839,30.091988496000003,6.896
preprocess_ms,2_7_old_plugin_bag,303,1779952600866419149,30.211400806,5.535
preprocess_ms,2_7_old_plugin_bag,304,1779952600943639299,30.288620956000003,9.189
preprocess_ms,2_7_old_plugin_bag,305,1779952601095385183,30.440366840000003,6.027
preprocess_ms,2_7_old_plugin_bag,306,1779952601198706284,30.543687941,4.752
preprocess_ms,2_7_old_plugin_bag,307,1779952601295983090,30.640964747,5.562
preprocess_ms,2_7_old_plugin_bag,308,1779952601382879449,30.727861106000002,11.803
preprocess_ms,2_7_old_plugin_bag,309,1779952601511204296,30.856185953,7.198
preprocess_ms,2_7_old_plugin_bag,310,1779952601550198975,30.895180632000002,4.275
preprocess_ms,2_7_old_plugin_bag,311,1779952601649269911,30.994251568000003,5.087
preprocess_ms,2_7_old_plugin_bag,312,1779952601750559950,31.095541607,8.599
preprocess_ms,2_7_old_plugin_bag,313,1779952601850687277,31.195668934,4.757
preprocess_ms,2_7_old_plugin_bag,314,1779952601983439494,31.328421151,5.224
preprocess_ms,2_7_old_plugin_bag,315,1779952602047448349,31.392430006,3.622
preprocess_ms,2_7_old_plugin_bag,316,1779952602150445440,31.495427097,4.793
preprocess_ms,2_7_old_plugin_bag,317,1779952602291496259,31.636477916,5.544
preprocess_ms,2_7_old_plugin_bag,318,1779952602366833061,31.711814718000003,4.875
preprocess_ms,2_7_old_plugin_bag,319,1779952602461147548,31.806129205,14.577
preprocess_ms,2_7_old_plugin_bag,320,1779952602574232398,31.919214055,5.671
preprocess_ms,2_7_old_plugin_bag,321,1779952602667337138,32.012318795,7.016
preprocess_ms,2_7_old_plugin_bag,322,1779952602748231710,32.093213367000004,5.482
preprocess_ms,2_7_old_plugin_bag,323,1779952602874904332,32.219885989000005,5.72
preprocess_ms,2_7_old_plugin_bag,324,1779952602994974546,32.339956203,8.324
preprocess_ms,2_7_old_plugin_bag,325,1779952603050996553,32.39597821,4.984
preprocess_ms,2_7_old_plugin_bag,326,1779952603145269188,32.490250845,2.772
preprocess_ms,2_7_old_plugin_bag,327,1779952603248000933,32.592982590000005,9.035
preprocess_ms,2_7_old_plugin_bag,328,1779952603343965738,32.688947395,3.826
preprocess_ms,2_7_old_plugin_bag,329,1779952603501125731,32.846107388,6.757
preprocess_ms,2_7_old_plugin_bag,330,1779952603544821843,32.8898035,6.035
preprocess_ms,2_7_old_plugin_bag,331,1779952603646902392,32.991884049,5.081
preprocess_ms,2_7_old_plugin_bag,332,1779952603738879071,33.083860728000005,7.142
preprocess_ms,2_7_old_plugin_bag,333,1779952603861424057,33.206405714,5.917
preprocess_ms,2_7_old_plugin_bag,334,1779952603980228889,33.325210546,6.06
preprocess_ms,2_7_old_plugin_bag,335,1779952604058285111,33.403266768,5.233
preprocess_ms,2_7_old_plugin_bag,336,1779952604161395111,33.506376768,4.869
preprocess_ms,2_7_old_plugin_bag,337,1779952604261953311,33.606934968000004,5.775
preprocess_ms,2_7_old_plugin_bag,338,1779952604372071729,33.717053386,5.672
preprocess_ms,2_7_old_plugin_bag,339,1779952604450512409,33.795494066,3.26
preprocess_ms,2_7_old_plugin_bag,340,1779952604588797992,33.933779649,4.445
preprocess_ms,2_7_old_plugin_bag,341,1779952604659156678,34.004138335,3.028
preprocess_ms,2_7_old_plugin_bag,342,1779952604790615555,34.135597212,7.022
preprocess_ms,2_7_old_plugin_bag,343,1779952604862238681,34.207220338,4.443
preprocess_ms,2_7_old_plugin_bag,344,1779952604958680561,34.303662218,5.981
preprocess_ms,2_7_old_plugin_bag,345,1779952605063173204,34.408154861,5.562
preprocess_ms,2_7_old_plugin_bag,346,1779952605158415460,34.503397117,5.576
preprocess_ms,2_7_old_plugin_bag,347,1779952605256436500,34.601418157000005,4.858
preprocess_ms,2_7_old_plugin_bag,348,1779952605382924207,34.727905864,5.975
preprocess_ms,2_7_old_plugin_bag,349,1779952605453263578,34.798245235,5.474
preprocess_ms,2_7_old_plugin_bag,350,1779952605563491414,34.908473071,6.501
preprocess_ms,2_7_old_plugin_bag,351,1779952605643787648,34.988769305000005,7.444
preprocess_ms,2_7_old_plugin_bag,352,1779952605743537090,35.088518747,8.539
preprocess_ms,2_7_old_plugin_bag,353,1779952605892467044,35.237448701000005,4.005
preprocess_ms,2_7_old_plugin_bag,354,1779952605999392230,35.344373887,5.18
preprocess_ms,2_7_old_plugin_bag,355,1779952606060898071,35.405879728,6.329
preprocess_ms,2_7_old_plugin_bag,356,1779952606179580802,35.524562459,4.982
preprocess_ms,2_7_old_plugin_bag,357,1779952606260671297,35.605652954,4.9
preprocess_ms,2_7_old_plugin_bag,358,1779952606346643422,35.691625079000005,5.185
preprocess_ms,2_7_old_plugin_bag,359,1779952606462037239,35.807018896,4.332
preprocess_ms,2_7_old_plugin_bag,360,1779952606570397528,35.915379185,5.984
preprocess_ms,2_7_old_plugin_bag,361,1779952606652993157,35.997974814,5.44
preprocess_ms,2_7_old_plugin_bag,362,1779952606760165905,36.105147562,5.125
preprocess_ms,2_7_old_plugin_bag,363,1779952606857409442,36.202391099,4.696
preprocess_ms,2_7_old_plugin_bag,364,1779952606957863567,36.302845224,5.525
preprocess_ms,2_7_old_plugin_bag,365,1779952607048185117,36.393166774,10.599
preprocess_ms,2_7_old_plugin_bag,366,1779952607149326726,36.494308383,5.081
preprocess_ms,2_7_old_plugin_bag,367,1779952607263596161,36.608577818,6.408
preprocess_ms,2_7_old_plugin_bag,368,1779952607355516055,36.700497712,5.423
preprocess_ms,2_7_old_plugin_bag,369,1779952607551637381,36.896619038000004,11.707
preprocess_ms,2_7_old_plugin_bag,370,1779952607599347301,36.944328958,2.296
preprocess_ms,2_7_old_plugin_bag,371,1779952607698919569,37.043901226,6.66
preprocess_ms,2_7_old_plugin_bag,372,1779952607758133456,37.103115113,5.4
preprocess_ms,2_7_old_plugin_bag,373,1779952607891405306,37.236386963,5.908
preprocess_ms,2_7_old_plugin_bag,374,1779952607958248728,37.303230385,4.337
preprocess_ms,2_7_old_plugin_bag,375,1779952608053390435,37.398372092,3.613
preprocess_ms,2_7_old_plugin_bag,376,1779952608156228848,37.501210505,6.183
preprocess_ms,2_7_old_plugin_bag,377,1779952608240045513,37.585027170000004,5.245
preprocess_ms,2_7_old_plugin_bag,378,1779952608389824972,37.734806629000005,7.801
preprocess_ms,2_7_old_plugin_bag,379,1779952608449905047,37.794886704,7.517
preprocess_ms,2_7_old_plugin_bag,380,1779952608546459678,37.891441335,7.19
preprocess_ms,2_7_old_plugin_bag,381,1779952608689868574,38.034850231,3.156
preprocess_ms,2_7_old_plugin_bag,382,1779952608749266568,38.094248225,6.73
preprocess_ms,2_7_old_plugin_bag,383,1779952608878971496,38.223953153000004,6.139
preprocess_ms,2_7_old_plugin_bag,384,1779952608988737908,38.333719565,5.096
preprocess_ms,2_7_old_plugin_bag,385,1779952609099976426,38.444958083,6.46
preprocess_ms,2_7_old_plugin_bag,386,1779952609150857219,38.495838876,4.965
preprocess_ms,2_7_old_plugin_bag,387,1779952609268011406,38.612993063000005,9.737
preprocess_ms,2_7_old_plugin_bag,388,1779952609365381805,38.710363462000004,5.398
preprocess_ms,2_7_old_plugin_bag,389,1779952609461361160,38.806342817,5.669
preprocess_ms,2_7_old_plugin_bag,390,1779952609557872022,38.902853679,5.108
preprocess_ms,2_7_old_plugin_bag,391,1779952609656912283,39.00189394,4.509
preprocess_ms,2_7_old_plugin_bag,392,1779952609756529789,39.101511446,4.518
preprocess_ms,2_7_old_plugin_bag,393,1779952609884671993,39.22965365,5.409
preprocess_ms,2_7_old_plugin_bag,394,1779952609968775315,39.313756972,7.38
preprocess_ms,2_7_old_plugin_bag,395,1779952610045351741,39.390333398,6.29
preprocess_ms,2_7_old_plugin_bag,396,1779952610154031202,39.499012859000004,5.959
preprocess_ms,2_7_old_plugin_bag,397,1779952610259037120,39.604018777,5.794
preprocess_ms,2_7_old_plugin_bag,398,1779952610356702020,39.701683677000005,4.927
preprocess_ms,2_7_old_plugin_bag,399,1779952610475938221,39.820919878000005,6.829
preprocess_ms,2_7_old_plugin_bag,400,1779952610557754861,39.902736518000005,4.925
preprocess_ms,2_7_old_plugin_bag,401,1779952610660259202,40.005240859000004,4.929
preprocess_ms,2_7_old_plugin_bag,402,1779952610758757058,40.103738715000006,5.217
preprocess_ms,2_7_old_plugin_bag,403,1779952610884739914,40.229721571000006,4.849
preprocess_ms,2_7_old_plugin_bag,404,1779952610971527905,40.316509562,5.415
preprocess_ms,2_7_old_plugin_bag,405,1779952611084236373,40.42921803,5.483
preprocess_ms,2_7_old_plugin_bag,406,1779952611164829649,40.509811306,4.97
preprocess_ms,2_7_old_plugin_bag,407,1779952611250457959,40.595439616,5.418
preprocess_ms,2_7_old_plugin_bag,408,1779952611362479059,40.707460716,5.727
preprocess_ms,2_7_old_plugin_bag,409,1779952611447222393,40.79220405,12.684
preprocess_ms,2_7_old_plugin_bag,410,1779952611553046072,40.898027729000006,5.259
preprocess_ms,2_7_old_plugin_bag,411,1779952611647857193,40.992838850000005,7.174
preprocess_ms,2_7_old_plugin_bag,412,1779952611749239533,41.094221190000006,5.134
preprocess_ms,2_7_old_plugin_bag,413,1779952611845534170,41.190515827000006,5.558
preprocess_ms,2_7_old_plugin_bag,414,1779952611956447894,41.301429551000005,5.593
preprocess_ms,2_7_old_plugin_bag,415,1779952612069489764,41.414471421,5.59
preprocess_ms,2_7_old_plugin_bag,416,1779952612191595298,41.536576955,5.298
preprocess_ms,2_7_old_plugin_bag,417,1779952612268642652,41.613624309,5.332
preprocess_ms,2_7_old_plugin_bag,418,1779952612341589759,41.686571416,5.361
preprocess_ms,2_7_old_plugin_bag,419,1779952612485950172,41.830931829,5.175
preprocess_ms,2_7_old_plugin_bag,420,1779952612555800513,41.90078217,6.333
preprocess_ms,2_7_old_plugin_bag,421,1779952612657975504,42.002957161000005,5.906
preprocess_ms,2_7_old_plugin_bag,422,1779952612780051875,42.125033532,5.236
preprocess_ms,2_7_old_plugin_bag,423,1779952612889218296,42.234199953,5.31
preprocess_ms,2_7_old_plugin_bag,424,1779952612955266082,42.300247739,4.363
preprocess_ms,2_7_old_plugin_bag,425,1779952613050926194,42.395907851000004,7.964
preprocess_ms,2_7_old_plugin_bag,426,1779952613159610085,42.504591742,6.024
preprocess_ms,2_7_old_plugin_bag,427,1779952613253549267,42.598530924,5.815
preprocess_ms,2_7_old_plugin_bag,428,1779952613387422023,42.732403680000004,6.811
preprocess_ms,2_7_old_plugin_bag,429,1779952613456269198,42.801250855,4.849
preprocess_ms,2_7_old_plugin_bag,430,1779952613566869296,42.911850953000005,5.126
preprocess_ms,2_7_old_plugin_bag,431,1779952613673066164,43.018047821,8.533
preprocess_ms,2_7_old_plugin_bag,432,1779952613750971800,43.095953457,5.153
preprocess_ms,2_7_old_plugin_bag,433,1779952613914719588,43.259701245,5.935
preprocess_ms,2_7_old_plugin_bag,434,1779952614004688708,43.349670365,5.325
preprocess_ms,2_7_old_plugin_bag,435,1779952614046476908,43.391458565,4.881
preprocess_ms,2_7_old_plugin_bag,436,1779952614204287382,43.549269039,6.295
preprocess_ms,2_7_old_plugin_bag,437,1779952614245785203,43.59076686,2.183
preprocess_ms,2_7_old_plugin_bag,438,1779952614401124586,43.746106243,9.531
preprocess_ms,2_7_old_plugin_bag,439,1779952614476419637,43.821401294000005,7.336
preprocess_ms,2_7_old_plugin_bag,440,1779952614556400029,43.901381686,3.548
preprocess_ms,2_7_old_plugin_bag,441,1779952614654408435,43.999390092000006,4.028
preprocess_ms,2_7_old_plugin_bag,442,1779952614748872988,44.093854645,6.786
preprocess_ms,2_7_old_plugin_bag,443,1779952614844657834,44.189639491,4.742
preprocess_ms,2_7_old_plugin_bag,444,1779952614956031116,44.301012773000004,4.893
preprocess_ms,2_7_old_plugin_bag,445,1779952615080300300,44.425281957,7.318
preprocess_ms,2_7_old_plugin_bag,446,1779952615150695074,44.495676731,10.998
preprocess_ms,2_7_old_plugin_bag,447,1779952615261153392,44.606135049,5.013
preprocess_ms,2_7_old_plugin_bag,448,1779952615358653668,44.703635325,7.005
preprocess_ms,2_7_old_plugin_bag,449,1779952615463743809,44.808725466000006,5.114
preprocess_ms,2_7_old_plugin_bag,450,1779952615547626722,44.892608379,5.022
preprocess_ms,2_7_old_plugin_bag,451,1779952615649199772,44.994181429,6.248
preprocess_ms,2_7_old_plugin_bag,452,1779952615757152931,45.102134588000006,5.566
preprocess_ms,2_7_old_plugin_bag,453,1779952615858531563,45.203513220000005,5.34
preprocess_ms,2_7_old_plugin_bag,454,1779952615942790624,45.287772281,7.382
preprocess_ms,2_7_old_plugin_bag,455,1779952616045802939,45.390784596,5.495
preprocess_ms,2_7_old_plugin_bag,456,1779952616183373273,45.528354930000006,5.01
preprocess_ms,2_7_old_plugin_bag,457,1779952616248720955,45.593702612,8.873
preprocess_ms,2_7_old_plugin_bag,458,1779952616347643755,45.692625412000005,7.602
preprocess_ms,2_7_old_plugin_bag,459,1779952616445531649,45.790513306,5.266
preprocess_ms,2_7_old_plugin_bag,460,1779952616546879125,45.891860782,5.186
preprocess_ms,2_7_old_plugin_bag,461,1779952616663282267,46.008263924000005,5.973
preprocess_ms,2_7_old_plugin_bag,462,1779952616752559259,46.097540916,5.041
preprocess_ms,2_7_old_plugin_bag,463,1779952616863643789,46.208625446000006,17.83
preprocess_ms,2_7_old_plugin_bag,464,1779952616955387110,46.300368767,5.303
preprocess_ms,2_7_old_plugin_bag,465,1779952617083889252,46.428870909000004,4.727
preprocess_ms,2_7_old_plugin_bag,466,1779952617157618303,46.502599960000005,5.731
preprocess_ms,2_7_old_plugin_bag,467,1779952617311533210,46.656514867000006,7.196
preprocess_ms,2_7_old_plugin_bag,468,1779952617348137287,46.693118944000005,4.653
preprocess_ms,2_7_old_plugin_bag,469,1779952617470651950,46.815633607,6.55
preprocess_ms,2_7_old_plugin_bag,470,1779952617558866497,46.903848154,5.069
preprocess_ms,2_7_old_plugin_bag,471,1779952617645233877,46.990215534,6.043
preprocess_ms,2_7_old_plugin_bag,472,1779952617762363644,47.107345301,5.426
preprocess_ms,2_7_old_plugin_bag,473,1779952617846593251,47.191574908,6.049
preprocess_ms,2_7_old_plugin_bag,474,1779952617984545637,47.329527294,6.368
preprocess_ms,2_7_old_plugin_bag,475,1779952618080528430,47.425510087000006,5.971
preprocess_ms,2_7_old_plugin_bag,476,1779952618151040637,47.496022294,5.851
preprocess_ms,2_7_old_plugin_bag,477,1779952618243763916,47.588745573000004,8.24
preprocess_ms,2_7_old_plugin_bag,478,1779952618360619725,47.705601382000005,4.814
preprocess_ms,2_7_old_plugin_bag,479,1779952618485805037,47.830786694000004,5.942
preprocess_ms,2_7_old_plugin_bag,480,1779952618549164800,47.894146457000005,5.197
preprocess_ms,2_7_old_plugin_bag,481,1779952618675650305,48.020631962,4.833
preprocess_ms,2_7_old_plugin_bag,482,1779952618789376964,48.134358621000004,4.655
preprocess_ms,2_7_old_plugin_bag,483,1779952618863002599,48.207984256,4.319
preprocess_ms,2_7_old_plugin_bag,484,1779952618971375331,48.316356988,4.83
preprocess_ms,2_7_old_plugin_bag,485,1779952619093228977,48.438210634,11.555
preprocess_ms,2_7_old_plugin_bag,486,1779952619149218014,48.494199671000004,5.551
preprocess_ms,2_7_old_plugin_bag,487,1779952619263234373,48.60821603,6.026
preprocess_ms,2_7_old_plugin_bag,488,1779952619349013521,48.693995178,5.609
preprocess_ms,2_7_old_plugin_bag,489,1779952619464513578,48.809495235,5.766
preprocess_ms,2_7_old_plugin_bag,490,1779952619545286698,48.890268355,4.956
preprocess_ms,2_7_old_plugin_bag,491,1779952619668611452,49.013593109000006,4.978
preprocess_ms,2_7_old_plugin_bag,492,1779952619744754148,49.089735805000004,5.563
preprocess_ms,2_7_old_plugin_bag,493,1779952619836154614,49.181136271,7.582
preprocess_ms,2_7_old_plugin_bag,494,1779952619969394684,49.314376341000006,5.352
preprocess_ms,2_7_old_plugin_bag,495,1779952620063198806,49.408180463,7.062
preprocess_ms,2_7_old_plugin_bag,496,1779952620146613821,49.491595478,4.707
preprocess_ms,2_7_old_plugin_bag,497,1779952620274943334,49.619924991000005,3.308
preprocess_ms,2_7_old_plugin_bag,498,1779952620379632035,49.724613692000005,4.275
preprocess_ms,2_7_old_plugin_bag,499,1779952620448807732,49.793789389000004,7.215
preprocess_ms,2_7_old_plugin_bag,500,1779952620559815444,49.904797101,11.471
preprocess_ms,2_7_old_plugin_bag,501,1779952620668625681,50.013607338,4.395
preprocess_ms,2_7_old_plugin_bag,502,1779952620764019872,50.109001529000004,6.217
preprocess_ms,2_7_old_plugin_bag,503,1779952620868105306,50.213086963,7.889
preprocess_ms,2_7_old_plugin_bag,504,1779952620965629345,50.310611002,6.0
preprocess_ms,2_7_old_plugin_bag,505,1779952621088385122,50.433366779,5.692
preprocess_ms,2_7_old_plugin_bag,506,1779952621147257032,50.492238689000004,5.818
preprocess_ms,2_7_old_plugin_bag,507,1779952621281214276,50.626195933000005,7.956
preprocess_ms,2_7_old_plugin_bag,508,1779952621348706048,50.693687705,6.713
preprocess_ms,2_7_old_plugin_bag,509,1779952621454982001,50.799963658,5.549
preprocess_ms,2_7_old_plugin_bag,510,1779952621551570521,50.896552178,3.65
preprocess_ms,2_7_old_plugin_bag,511,1779952621653804723,50.998786380000006,5.865
preprocess_ms,2_7_old_plugin_bag,512,1779952621761650299,51.106631956,5.368
preprocess_ms,2_7_old_plugin_bag,513,1779952621840689854,51.185671511,5.78
preprocess_ms,2_7_old_plugin_bag,514,1779952621951152213,51.296133870000006,4.586
preprocess_ms,2_7_old_plugin_bag,515,1779952622047174846,51.392156503,6.727
preprocess_ms,2_7_old_plugin_bag,516,1779952622172938827,51.517920484,7.266
preprocess_ms,2_7_old_plugin_bag,517,1779952622249851097,51.594832754,5.408
preprocess_ms,2_7_old_plugin_bag,518,1779952622355799860,51.700781517,5.269
preprocess_ms,2_7_old_plugin_bag,519,1779952622458708742,51.803690399000004,4.836
preprocess_ms,2_7_old_plugin_bag,520,1779952622555687762,51.900669419,5.461
preprocess_ms,2_7_old_plugin_bag,521,1779952622691825374,52.036807031,6.996
preprocess_ms,2_7_old_plugin_bag,522,1779952622755427983,52.10040964,7.019
preprocess_ms,2_7_old_plugin_bag,523,1779952622852608094,52.197589751,3.677
preprocess_ms,2_7_old_plugin_bag,524,1779952622969116986,52.314098643,5.843
preprocess_ms,2_7_old_plugin_bag,525,1779952623068258306,52.413239963,6.519
preprocess_ms,2_7_old_plugin_bag,526,1779952623168001292,52.512982949000005,5.01
preprocess_ms,2_7_old_plugin_bag,527,1779952623241009231,52.585990888000005,6.861
preprocess_ms,2_7_old_plugin_bag,528,1779952623358722835,52.703704492,5.339
preprocess_ms,2_7_old_plugin_bag,529,1779952623460152653,52.80513431000001,4.734
preprocess_ms,2_7_old_plugin_bag,530,1779952623589242255,52.934223912,6.001
preprocess_ms,2_7_old_plugin_bag,531,1779952623638520643,52.983502300000005,5.253
preprocess_ms,2_7_old_plugin_bag,532,1779952623789836188,53.134817845,6.424
preprocess_ms,2_7_old_plugin_bag,533,1779952623894161823,53.23914348,6.661
preprocess_ms,2_7_old_plugin_bag,534,1779952623964284947,53.309266604,5.404
preprocess_ms,2_7_old_plugin_bag,535,1779952624055669971,53.400651628000006,5.253
preprocess_ms,2_7_old_plugin_bag,536,1779952624150623748,53.495605405000006,4.455
preprocess_ms,2_7_old_plugin_bag,537,1779952624284075655,53.629057312,6.164
preprocess_ms,2_7_old_plugin_bag,538,1779952624360856148,53.705837805,5.251
preprocess_ms,2_7_old_plugin_bag,539,1779952624476771993,53.821753650000005,4.432
preprocess_ms,2_7_old_plugin_bag,540,1779952624554239114,53.899220771,4.644
preprocess_ms,2_7_old_plugin_bag,541,1779952624640705732,53.985687389000006,4.83
preprocess_ms,2_7_old_plugin_bag,542,1779952624771977609,54.116959266,6.106
preprocess_ms,2_7_old_plugin_bag,543,1779952624854571964,54.19955362100001,6.912
preprocess_ms,2_7_old_plugin_bag,544,1779952624973359538,54.318341195,5.223
preprocess_ms,2_7_old_plugin_bag,545,1779952625055028515,54.400010172,5.705
preprocess_ms,2_7_old_plugin_bag,546,1779952625193929970,54.538911627000005,3.963
preprocess_ms,2_7_old_plugin_bag,547,1779952625274250908,54.619232565000004,7.647
preprocess_ms,2_7_old_plugin_bag,548,1779952625347440866,54.692422523000005,13.099
preprocess_ms,2_7_old_plugin_bag,549,1779952625446532369,54.791514026,4.364
preprocess_ms,2_7_old_plugin_bag,550,1779952625590400430,54.935382087,5.737
preprocess_ms,2_7_old_plugin_bag,551,1779952625654797797,54.999779454000006,5.531
preprocess_ms,2_7_old_plugin_bag,552,1779952625736598190,55.081579847,7.803
preprocess_ms,2_7_old_plugin_bag,553,1779952625848329068,55.193310725,5.05
preprocess_ms,2_7_old_plugin_bag,554,1779952625935833862,55.280815519,4.874
preprocess_ms,2_7_old_plugin_bag,555,1779952626046673807,55.391655464,4.514
preprocess_ms,2_7_old_plugin_bag,556,1779952626134865328,55.479846985,4.004
preprocess_ms,2_7_old_plugin_bag,557,1779952626267300799,55.612282456,5.961
preprocess_ms,2_7_old_plugin_bag,558,1779952626359827507,55.704809164000004,7.098
preprocess_ms,2_7_old_plugin_bag,559,1779952626471223649,55.816205306,5.004
preprocess_ms,2_7_old_plugin_bag,560,1779952626605847187,55.950828844,5.528
preprocess_ms,2_7_old_plugin_bag,561,1779952626719823772,56.064805429,6.537
preprocess_ms,2_7_old_plugin_bag,562,1779952626774476580,56.119458237,3.951
preprocess_ms,2_7_old_plugin_bag,563,1779952626859255187,56.204236844,3.636
preprocess_ms,2_7_old_plugin_bag,564,1779952626958259599,56.30324125600001,9.89
preprocess_ms,2_7_old_plugin_bag,565,1779952627086075336,56.431056993000006,6.652
preprocess_ms,2_7_old_plugin_bag,566,1779952627196011952,56.540993609000004,11.937
preprocess_ms,2_7_old_plugin_bag,567,1779952627252777544,56.597759201,5.827
preprocess_ms,2_7_old_plugin_bag,568,1779952627344311535,56.689293192,4.225
preprocess_ms,2_7_old_plugin_bag,569,1779952627441105822,56.786087479,7.35
preprocess_ms,2_7_old_plugin_bag,570,1779952627604083209,56.949064866,5.869
preprocess_ms,2_7_old_plugin_bag,571,1779952627660198550,57.005180207,6.007
preprocess_ms,2_7_old_plugin_bag,572,1779952627792514879,57.137496536,7.68
preprocess_ms,2_7_old_plugin_bag,573,1779952627870625472,57.215607129000006,4.943
preprocess_ms,2_7_old_plugin_bag,574,1779952627963179144,57.30816080100001,5.546
preprocess_ms,2_7_old_plugin_bag,575,1779952628039347378,57.384329035,7.455
preprocess_ms,2_7_old_plugin_bag,576,1779952628218687029,57.56366868600001,6.817
preprocess_ms,2_7_old_plugin_bag,577,1779952628262553066,57.607534723,2.086
preprocess_ms,2_7_old_plugin_bag,578,1779952628373574118,57.718555775000006,6.854
preprocess_ms,2_7_old_plugin_bag,579,1779952628442118412,57.787100069000005,7.086
preprocess_ms,2_7_old_plugin_bag,580,1779952628561833775,57.906815432,4.336
preprocess_ms,2_7_old_plugin_bag,581,1779952628632739584,57.977721241000005,4.903
preprocess_ms,2_7_old_plugin_bag,582,1779952628739285475,58.084267132,7.852
preprocess_ms,2_7_old_plugin_bag,583,1779952628835576225,58.180557882,5.927
preprocess_ms,2_7_old_plugin_bag,584,1779952628940790968,58.28577262500001,4.88
preprocess_ms,2_7_old_plugin_bag,585,1779952629042235974,58.387217631000006,4.694
preprocess_ms,2_7_old_plugin_bag,586,1779952629151466029,58.496447686,5.118
preprocess_ms,2_7_old_plugin_bag,587,1779952629245550710,58.590532367,4.436
preprocess_ms,2_7_old_plugin_bag,588,1779952629351017577,58.695999234000006,3.905
preprocess_ms,2_7_old_plugin_bag,589,1779952629436056734,58.781038391,7.153
preprocess_ms,2_7_old_plugin_bag,590,1779952629587001835,58.931983492,5.289
preprocess_ms,2_7_old_plugin_bag,591,1779952629686454089,59.03143574600001,4.887
preprocess_ms,2_7_old_plugin_bag,592,1779952629761748815,59.106730472,6.255
preprocess_ms,2_7_old_plugin_bag,593,1779952629838945358,59.183927015,5.17
preprocess_ms,2_7_old_plugin_bag,594,1779952629944637895,59.289619552000005,4.843
preprocess_ms,2_7_old_plugin_bag,595,1779952630054704277,59.399685934000004,6.263
preprocess_ms,2_7_old_plugin_bag,596,1779952630188747535,59.533729192,7.106
preprocess_ms,2_7_old_plugin_bag,597,1779952630232750245,59.577731902000004,4.119
preprocess_ms,2_7_opt_bag,0,1779955192384061746,0.0,5.203
preprocess_ms,2_7_opt_bag,1,1779955192493004431,0.10894268500000001,5.191
preprocess_ms,2_7_opt_bag,2,1779955192581705507,0.197643761,5.102
preprocess_ms,2_7_opt_bag,3,1779955192665128634,0.281066888,4.405
preprocess_ms,2_7_opt_bag,4,1779955192863148081,0.47908633500000003,13.736
preprocess_ms,2_7_opt_bag,5,1779955193072240682,0.688178936,20.983
preprocess_ms,2_7_opt_bag,6,1779955193163517311,0.779455565,5.507
preprocess_ms,2_7_opt_bag,7,1779955193611729538,1.227667792,6.433
preprocess_ms,2_7_opt_bag,8,1779955193671581113,1.287519367,3.146
preprocess_ms,2_7_opt_bag,9,1779955193757758070,1.3736963240000002,3.874
preprocess_ms,2_7_opt_bag,10,1779955193871899916,1.48783817,15.285
preprocess_ms,2_7_opt_bag,11,1779955193970711412,1.586649666,16.027
preprocess_ms,2_7_opt_bag,12,1779955194027725496,1.6436637500000002,3.709
preprocess_ms,2_7_opt_bag,13,1779955194136761630,1.752699884,6.507
preprocess_ms,2_7_opt_bag,14,1779955194292227343,1.9081655970000002,11.832
preprocess_ms,2_7_opt_bag,15,1779955194397517951,2.013456205,4.758
preprocess_ms,2_7_opt_bag,16,1779955194467317697,2.083255951,9.87
preprocess_ms,2_7_opt_bag,17,1779955194602727758,2.2186660120000004,25.728
preprocess_ms,2_7_opt_bag,18,1779955194630648727,2.246586981,2.333
preprocess_ms,2_7_opt_bag,19,1779955194748124226,2.3640624800000003,17.141
preprocess_ms,2_7_opt_bag,20,1779955194844579832,2.460518086,10.147
preprocess_ms,2_7_opt_bag,21,1779955194884347408,2.500285662,6.908
preprocess_ms,2_7_opt_bag,22,1779955194985036256,2.6009745100000004,5.866
preprocess_ms,2_7_opt_bag,23,1779955195069545796,2.6854840500000003,8.013
preprocess_ms,2_7_opt_bag,24,1779955195126401218,2.7423394720000003,6.63
preprocess_ms,2_7_opt_bag,25,1779955195174732396,2.79067065,3.802
preprocess_ms,2_7_opt_bag,26,1779955195306117076,2.92205533,6.603
preprocess_ms,2_7_opt_bag,27,1779955195396685383,3.0126236370000004,2.151
preprocess_ms,2_7_opt_bag,28,1779955195523721089,3.1396593430000004,10.04
preprocess_ms,2_7_opt_bag,29,1779955195568686215,3.184624469,3.538
preprocess_ms,2_7_opt_bag,30,1779955195684896787,3.300835041,6.8
preprocess_ms,2_7_opt_bag,31,1779955195763863260,3.3798015140000004,14.316
preprocess_ms,2_7_opt_bag,32,1779955195812378172,3.4283164260000003,5.626
preprocess_ms,2_7_opt_bag,33,1779955195884718579,3.5006568330000003,12.359
preprocess_ms,2_7_opt_bag,34,1779955195944116706,3.5600549600000004,2.101
preprocess_ms,2_7_opt_bag,35,1779955195991937774,3.607876028,5.382
preprocess_ms,2_7_opt_bag,36,1779955196089787737,3.7057259910000004,5.988
preprocess_ms,2_7_opt_bag,37,1779955196196414589,3.812352843,4.431
preprocess_ms,2_7_opt_bag,38,1779955196305946198,3.9218844520000005,6.884
preprocess_ms,2_7_opt_bag,39,1779955196395849251,4.011787505,6.475
preprocess_ms,2_7_opt_bag,40,1779955196462399036,4.07833729,5.643
preprocess_ms,2_7_opt_bag,41,1779955196580791887,4.196730141000001,6.008
preprocess_ms,2_7_opt_bag,42,1779955196644116299,4.260054553000001,4.283
preprocess_ms,2_7_opt_bag,43,1779955196719596614,4.335534868,3.304
preprocess_ms,2_7_opt_bag,44,1779955196806411283,4.4223495370000006,1.918
preprocess_ms,2_7_opt_bag,45,1779955196913353036,4.529291290000001,3.534
preprocess_ms,2_7_opt_bag,46,1779955196974203466,4.59014172,4.605
preprocess_ms,2_7_opt_bag,47,1779955197080495231,4.696433485,2.769
preprocess_ms,2_7_opt_bag,48,1779955197194031771,4.809970025,7.486
preprocess_ms,2_7_opt_bag,49,1779955197292203052,4.908141306,7.528
preprocess_ms,2_7_opt_bag,50,1779955197357588892,4.973527146,8.671
preprocess_ms,2_7_opt_bag,51,1779955197497620203,5.113558457,4.251
preprocess_ms,2_7_opt_bag,52,1779955197581663429,5.197601683,6.618
preprocess_ms,2_7_opt_bag,53,1779955197685654174,5.301592428,4.525
preprocess_ms,2_7_opt_bag,54,1779955197859113672,5.475051926,13.656
preprocess_ms,2_7_opt_bag,55,1779955197907399456,5.523337710000001,5.722
preprocess_ms,2_7_opt_bag,56,1779955197979645396,5.59558365,4.946
preprocess_ms,2_7_opt_bag,57,1779955198087252716,5.7031909700000005,5.306
preprocess_ms,2_7_opt_bag,58,1779955198220491465,5.836429719000001,6.518
preprocess_ms,2_7_opt_bag,59,1779955198293527307,5.909465561,7.86
preprocess_ms,2_7_opt_bag,60,1779955198382201870,5.998140124000001,3.473
preprocess_ms,2_7_opt_bag,61,1779955198483377650,6.099315904,6.602
preprocess_ms,2_7_opt_bag,62,1779955198587642799,6.203581053000001,1.935
preprocess_ms,2_7_opt_bag,63,1779955198683299611,6.299237865,3.896
preprocess_ms,2_7_opt_bag,64,1779955198778566605,6.394504859,6.317
preprocess_ms,2_7_opt_bag,65,1779955198870189271,6.486127525000001,5.747
preprocess_ms,2_7_opt_bag,66,1779955198961258819,6.577197073000001,4.631
preprocess_ms,2_7_opt_bag,67,1779955199102870578,6.718808832000001,4.244
preprocess_ms,2_7_opt_bag,68,1779955199165264050,6.781202304000001,4.429
preprocess_ms,2_7_opt_bag,69,1779955199260171967,6.876110221,3.993
preprocess_ms,2_7_opt_bag,70,1779955199432506785,7.048445039000001,4.987
preprocess_ms,2_7_opt_bag,71,1779955199545723265,7.161661519000001,4.348
preprocess_ms,2_7_opt_bag,72,1779955199587463063,7.203401317000001,1.747
preprocess_ms,2_7_opt_bag,73,1779955199680417744,7.296355998,2.953
preprocess_ms,2_7_opt_bag,74,1779955199794578863,7.410517117,4.636
preprocess_ms,2_7_opt_bag,75,1779955199880607381,7.496545635,2.03
preprocess_ms,2_7_opt_bag,76,1779955199965932761,7.581871015000001,6.845
preprocess_ms,2_7_opt_bag,77,1779955200079454215,7.695392469000001,6.619
preprocess_ms,2_7_opt_bag,78,1779955200181960021,7.7978982750000005,5.173
preprocess_ms,2_7_opt_bag,79,1779955200276048968,7.891987222000001,5.402
preprocess_ms,2_7_opt_bag,80,1779955200379473226,7.9954114800000005,4.613
preprocess_ms,2_7_opt_bag,81,1779955200459654075,8.075592329000001,4.499
preprocess_ms,2_7_opt_bag,82,1779955200568223353,8.184161607,4.848
preprocess_ms,2_7_opt_bag,83,1779955200704808473,8.320746727000001,5.854
preprocess_ms,2_7_opt_bag,84,1779955200776422313,8.392360567,5.434
preprocess_ms,2_7_opt_bag,85,1779955200905049609,8.520987863,4.088
preprocess_ms,2_7_opt_bag,86,1779955200986655771,8.602594025,4.866
preprocess_ms,2_7_opt_bag,87,1779955201094840011,8.710778265,3.193
preprocess_ms,2_7_opt_bag,88,1779955201174831492,8.790769746,5.463
preprocess_ms,2_7_opt_bag,89,1779955201265487776,8.88142603,8.31
preprocess_ms,2_7_opt_bag,90,1779955201369500922,8.985439176,7.112
preprocess_ms,2_7_opt_bag,91,1779955201476820846,9.0927591,6.75
preprocess_ms,2_7_opt_bag,92,1779955201561811508,9.177749762000001,5.163
preprocess_ms,2_7_opt_bag,93,1779955201669164623,9.285102877,5.125
preprocess_ms,2_7_opt_bag,94,1779955201783946965,9.399885219,5.013
preprocess_ms,2_7_opt_bag,95,1779955201862953331,9.478891585000001,5.209
preprocess_ms,2_7_opt_bag,96,1779955201975873720,9.591811974,5.571
preprocess_ms,2_7_opt_bag,97,1779955202076850628,9.692788882,3.907
preprocess_ms,2_7_opt_bag,98,1779955202152949822,9.768888076000001,3.825
preprocess_ms,2_7_opt_bag,99,1779955202268347552,9.884285806000001,4.057
preprocess_ms,2_7_opt_bag,100,1779955202389935597,10.005873851,7.539
preprocess_ms,2_7_opt_bag,101,1779955202521827939,10.137766193000001,16.717
preprocess_ms,2_7_opt_bag,102,1779955202574655802,10.190594056,6.206
preprocess_ms,2_7_opt_bag,103,1779955202680370769,10.296309023000001,5.917
preprocess_ms,2_7_opt_bag,104,1779955202781229436,10.39716769,7.649
preprocess_ms,2_7_opt_bag,105,1779955202867268366,10.48320662,4.353
preprocess_ms,2_7_opt_bag,106,1779955202967937534,10.583875788,5.637
preprocess_ms,2_7_opt_bag,107,1779955203085375031,10.701313285000001,6.899
preprocess_ms,2_7_opt_bag,108,1779955203187213876,10.80315213,4.291
preprocess_ms,2_7_opt_bag,109,1779955203268836230,10.884774484000001,5.565
preprocess_ms,2_7_opt_bag,110,1779955203384241308,11.000179562000001,5.739
preprocess_ms,2_7_opt_bag,111,1779955203455859438,11.071797692,3.936
preprocess_ms,2_7_opt_bag,112,1779955203579678401,11.195616655,5.1
preprocess_ms,2_7_opt_bag,113,1779955203672504322,11.288442576000001,18.441
preprocess_ms,2_7_opt_bag,114,1779955203774955228,11.390893482000001,1.807
preprocess_ms,2_7_opt_bag,115,1779955203862717355,11.478655609,7.342
preprocess_ms,2_7_opt_bag,116,1779955203965043124,11.580981378,5.119
preprocess_ms,2_7_opt_bag,117,1779955204052159359,11.668097613,3.349
preprocess_ms,2_7_opt_bag,118,1779955204153705548,11.769643802000001,5.909
preprocess_ms,2_7_opt_bag,119,1779955204258960163,11.874898417,8.109
preprocess_ms,2_7_opt_bag,120,1779955204372752584,11.988690838,3.813
preprocess_ms,2_7_opt_bag,121,1779955204453065161,12.069003415000001,4.158
preprocess_ms,2_7_opt_bag,122,1779955204564266522,12.180204776,8.867
preprocess_ms,2_7_opt_bag,123,1779955204705740643,12.321678897,5.15
preprocess_ms,2_7_opt_bag,124,1779955204776715956,12.39265421,6.138
preprocess_ms,2_7_opt_bag,125,1779955204858775586,12.474713840000001,1.758
preprocess_ms,2_7_opt_bag,126,1779955204953492492,12.569430746,4.598
preprocess_ms,2_7_opt_bag,127,1779955205055180106,12.671118360000001,4.357
preprocess_ms,2_7_opt_bag,128,1779955205172927706,12.78886596,4.717
preprocess_ms,2_7_opt_bag,129,1779955205274496083,12.890434337,4.403
preprocess_ms,2_7_opt_bag,130,1779955205363950658,12.979888912000002,3.725
preprocess_ms,2_7_opt_bag,131,1779955205465867445,13.081805699,7.397
preprocess_ms,2_7_opt_bag,132,1779955205550983736,13.16692199,6.328
preprocess_ms,2_7_opt_bag,133,1779955205686513478,13.302451732000002,2.526
preprocess_ms,2_7_opt_bag,134,1779955205775316349,13.391254603,5.906
preprocess_ms,2_7_opt_bag,135,1779955205892612841,13.508551095000001,5.092
preprocess_ms,2_7_opt_bag,136,1779955205965764838,13.581703092000001,4.751
preprocess_ms,2_7_opt_bag,137,1779955206061403748,13.677342002000001,3.92
preprocess_ms,2_7_opt_bag,138,1779955206168700348,13.784638602000001,5.288
preprocess_ms,2_7_opt_bag,139,1779955206262101961,13.878040215,3.464
preprocess_ms,2_7_opt_bag,140,1779955206357973232,13.973911486,3.731
preprocess_ms,2_7_opt_bag,141,1779955206457282915,14.073221169000002,4.728
preprocess_ms,2_7_opt_bag,142,1779955206558407046,14.1743453,3.941
preprocess_ms,2_7_opt_bag,143,1779955206659854185,14.275792439000002,2.054
preprocess_ms,2_7_opt_bag,144,1779955206757803374,14.373741628000001,4.226
preprocess_ms,2_7_opt_bag,145,1779955206855866093,14.471804347,2.635
preprocess_ms,2_7_opt_bag,146,1779955206951182071,14.567120325000001,4.432
preprocess_ms,2_7_opt_bag,147,1779955207097686607,14.713624861000001,8.143
preprocess_ms,2_7_opt_bag,148,1779955207192384807,14.808323061000001,4.452
preprocess_ms,2_7_opt_bag,149,1779955207272061904,14.888000158,6.362
preprocess_ms,2_7_opt_bag,150,1779955207359285248,14.975223502,6.969
preprocess_ms,2_7_opt_bag,151,1779955207474310806,15.090249060000001,5.028
preprocess_ms,2_7_opt_bag,152,1779955207571671358,15.187609612000001,6.308
preprocess_ms,2_7_opt_bag,153,1779955207679166753,15.295105007,5.336
preprocess_ms,2_7_opt_bag,154,1779955207767574690,15.383512944000001,5.653
preprocess_ms,2_7_opt_bag,155,1779955207882455492,15.498393746000001,6.662
preprocess_ms,2_7_opt_bag,156,1779955208017935226,15.63387348,16.991
preprocess_ms,2_7_opt_bag,157,1779955208061198513,15.677136767,4.27
preprocess_ms,2_7_opt_bag,158,1779955208154812350,15.770750604000002,3.376
preprocess_ms,2_7_opt_bag,159,1779955208272038433,15.887976687000002,4.981
preprocess_ms,2_7_opt_bag,160,1779955208385187453,16.001125707,2.995
preprocess_ms,2_7_opt_bag,161,1779955208467069051,16.083007305000002,4.547
preprocess_ms,2_7_opt_bag,162,1779955208557422403,16.173360657,3.845
preprocess_ms,2_7_opt_bag,163,1779955208650818662,16.266756916000002,4.184
preprocess_ms,2_7_opt_bag,164,1779955208765155261,16.381093515,6.708
preprocess_ms,2_7_opt_bag,165,1779955208866042985,16.481981239,4.921
preprocess_ms,2_7_opt_bag,166,1779955208980312363,16.596250617000003,6.126
preprocess_ms,2_7_opt_bag,167,1779955209052565928,16.668504182,3.799
preprocess_ms,2_7_opt_bag,168,1779955209157930666,16.77386892,5.7
preprocess_ms,2_7_opt_bag,169,1779955209279617272,16.895555526000003,2.52
preprocess_ms,2_7_opt_bag,170,1779955209364705895,16.980644149,4.592
preprocess_ms,2_7_opt_bag,171,1779955209465603235,17.081541489000003,3.727
preprocess_ms,2_7_opt_bag,172,1779955209564902943,17.180841197,5.384
preprocess_ms,2_7_opt_bag,173,1779955209657929644,17.273867898000002,4.335
preprocess_ms,2_7_opt_bag,174,1779955209786902223,17.402840477,2.073
preprocess_ms,2_7_opt_bag,175,1779955209866795140,17.482733394,4.689
preprocess_ms,2_7_opt_bag,176,1779955209975403715,17.591341969000002,3.601
preprocess_ms,2_7_opt_bag,177,1779955210084140824,17.700079078,6.629
preprocess_ms,2_7_opt_bag,178,1779955210185017086,17.80095534,7.013
preprocess_ms,2_7_opt_bag,179,1779955210291476459,17.907414713,5.204
preprocess_ms,2_7_opt_bag,180,1779955210370214060,17.986152314,4.128
preprocess_ms,2_7_opt_bag,181,1779955210464629515,18.080567769,5.538
preprocess_ms,2_7_opt_bag,182,1779955210583803017,18.199741271,5.92
preprocess_ms,2_7_opt_bag,183,1779955210652009900,18.267948154000003,4.413
preprocess_ms,2_7_opt_bag,184,1779955210759854693,18.375792947,4.55
preprocess_ms,2_7_opt_bag,185,1779955210850816139,18.466754393000002,4.346
preprocess_ms,2_7_opt_bag,186,1779955210960698027,18.576636281000003,3.004
preprocess_ms,2_7_opt_bag,187,1779955211072134486,18.688072740000003,5.862
preprocess_ms,2_7_opt_bag,188,1779955211199343032,18.815281286,6.022
preprocess_ms,2_7_opt_bag,189,1779955211262983329,18.878921583,4.515
preprocess_ms,2_7_opt_bag,190,1779955211376437530,18.992375784,6.215
preprocess_ms,2_7_opt_bag,191,1779955211473361456,19.089299710000002,6.585
preprocess_ms,2_7_opt_bag,192,1779955211564941596,19.18087985,5.196
preprocess_ms,2_7_opt_bag,193,1779955211657413927,19.273352181,5.248
preprocess_ms,2_7_opt_bag,194,1779955211774754882,19.390693136,5.381
preprocess_ms,2_7_opt_bag,195,1779955211856312037,19.472250291,6.737
preprocess_ms,2_7_opt_bag,196,1779955211999789713,19.615727967,6.311
preprocess_ms,2_7_opt_bag,197,1779955212076212918,19.692151172000003,5.62
preprocess_ms,2_7_opt_bag,198,1779955212193406940,19.809345194000002,6.121
preprocess_ms,2_7_opt_bag,199,1779955212330589525,19.946527779,6.068
preprocess_ms,2_7_opt_bag,200,1779955212383144651,19.999082905,3.395
preprocess_ms,2_7_opt_bag,201,1779955212482056980,20.097995234000003,4.071
preprocess_ms,2_7_opt_bag,202,1779955212575309582,20.191247836000002,4.361
preprocess_ms,2_7_opt_bag,203,1779955212711293828,20.327232082000002,6.219
preprocess_ms,2_7_opt_bag,204,1779955212766154488,20.382092742,4.77
preprocess_ms,2_7_opt_bag,205,1779955212893127657,20.509065911,4.312
preprocess_ms,2_7_opt_bag,206,1779955212973597941,20.589536195,6.905
preprocess_ms,2_7_opt_bag,207,1779955213105742761,20.721681015,5.101
preprocess_ms,2_7_opt_bag,208,1779955213164108645,20.780046899000002,2.004
preprocess_ms,2_7_opt_bag,209,1779955213287372368,20.903310622000003,6.542
preprocess_ms,2_7_opt_bag,210,1779955213383134338,20.999072592,5.817
preprocess_ms,2_7_opt_bag,211,1779955213476725602,21.092663856,4.532
preprocess_ms,2_7_opt_bag,212,1779955213579211214,21.195149468,2.052
preprocess_ms,2_7_opt_bag,213,1779955213693884850,21.309823104000003,6.084
preprocess_ms,2_7_opt_bag,214,1779955213785710512,21.401648766,7.336
preprocess_ms,2_7_opt_bag,215,1779955213858185426,21.47412368,6.269
preprocess_ms,2_7_opt_bag,216,1779955213976251712,21.592189966000003,3.759
preprocess_ms,2_7_opt_bag,217,1779955214069369012,21.685307266000002,5.306
preprocess_ms,2_7_opt_bag,218,1779955214168154809,21.784093063,6.071
preprocess_ms,2_7_opt_bag,219,1779955214261065219,21.877003473000002,5.343
preprocess_ms,2_7_opt_bag,220,1779955214401416420,22.017354674,5.623
preprocess_ms,2_7_opt_bag,221,1779955214493765205,22.109703459000002,7.192
preprocess_ms,2_7_opt_bag,222,1779955214557804241,22.173742495000003,6.466
preprocess_ms,2_7_opt_bag,223,1779955214655154212,22.271092466000002,5.51
preprocess_ms,2_7_opt_bag,224,1779955214761337517,22.377275771,4.122
preprocess_ms,2_7_opt_bag,225,1779955214878250860,22.494189114,5.301
preprocess_ms,2_7_opt_bag,226,1779955214974127538,22.590065792,4.449
preprocess_ms,2_7_opt_bag,227,1779955215065408213,22.681346467,3.854
preprocess_ms,2_7_opt_bag,228,1779955215173546115,22.789484369,4.636
preprocess_ms,2_7_opt_bag,229,1779955215260598359,22.876536613000003,5.224
preprocess_ms,2_7_opt_bag,230,1779955215368654613,22.984592867,6.323
preprocess_ms,2_7_opt_bag,231,1779955215477836150,23.093774404,6.475
preprocess_ms,2_7_opt_bag,232,1779955215617655211,23.233593465000002,9.303
preprocess_ms,2_7_opt_bag,233,1779955215683318282,23.299256536,6.037
preprocess_ms,2_7_opt_bag,234,1779955215773279361,23.389217615,4.096
preprocess_ms,2_7_opt_bag,235,1779955215883468979,23.499407233000003,4.816
preprocess_ms,2_7_opt_bag,236,1779955215976638495,23.592576749000003,6.362
preprocess_ms,2_7_opt_bag,237,1779955216081358929,23.697297183,4.106
preprocess_ms,2_7_opt_bag,238,1779955216201779697,23.817717951000002,5.98
preprocess_ms,2_7_opt_bag,239,1779955216268310941,23.884249195000002,4.144
preprocess_ms,2_7_opt_bag,240,1779955216360186945,23.976125199000002,3.858
preprocess_ms,2_7_opt_bag,241,1779955216458878730,24.074816984,4.288
preprocess_ms,2_7_opt_bag,242,1779955216594931767,24.210870021,6.48
preprocess_ms,2_7_opt_bag,243,1779955216672099882,24.288038136,4.803
preprocess_ms,2_7_opt_bag,244,1779955216775999290,24.391937544,3.454
preprocess_ms,2_7_opt_bag,245,1779955216910313643,24.526251897,6.593
preprocess_ms,2_7_opt_bag,246,1779955216990684170,24.606622424,7.107
preprocess_ms,2_7_opt_bag,247,1779955217068546398,24.684484652000002,5.105
preprocess_ms,2_7_opt_bag,248,1779955217157907888,24.773846142,4.065
preprocess_ms,2_7_opt_bag,249,1779955217260002933,24.875941187000002,6.817
preprocess_ms,2_7_opt_bag,250,1779955217382051262,24.997989516,8.791
preprocess_ms,2_7_opt_bag,251,1779955217478506186,25.09444444,5.265
preprocess_ms,2_7_opt_bag,252,1779955217562896740,25.178834994000002,4.333
preprocess_ms,2_7_opt_bag,253,1779955217666109417,25.282047671,1.874
preprocess_ms,2_7_opt_bag,254,1779955217770207368,25.386145622,6.7
preprocess_ms,2_7_opt_bag,255,1779955217856189987,25.472128241,3.262
preprocess_ms,2_7_opt_bag,256,1779955217961662888,25.577601142000002,4.169
preprocess_ms,2_7_opt_bag,257,1779955218053603658,25.669541912000003,4.209
preprocess_ms,2_7_opt_bag,258,1779955218160746091,25.776684345000003,5.715
preprocess_ms,2_7_opt_bag,259,1779955218281016046,25.8969543,4.617
preprocess_ms,2_7_opt_bag,260,1779955218395491224,26.011429478,6.603
preprocess_ms,2_7_opt_bag,261,1779955218492872827,26.108811081000002,2.9
preprocess_ms,2_7_opt_bag,262,1779955218585499741,26.201437995000003,7.208
preprocess_ms,2_7_opt_bag,263,1779955218706570569,26.322508823000003,4.233
preprocess_ms,2_7_opt_bag,264,1779955218760628816,26.37656707,4.593
preprocess_ms,2_7_opt_bag,265,1779955218857939143,26.473877397000003,3.783
preprocess_ms,2_7_opt_bag,266,1779955218981380517,26.597318771,4.577
preprocess_ms,2_7_opt_bag,267,1779955219073819840,26.689758094000002,4.316
preprocess_ms,2_7_opt_bag,268,1779955219154195695,26.770133949,1.814
preprocess_ms,2_7_opt_bag,269,1779955219267591708,26.883529962,5.437
preprocess_ms,2_7_opt_bag,270,1779955219392309522,27.008247776,4.959
preprocess_ms,2_7_opt_bag,271,1779955219455778741,27.071716995000003,5.064
preprocess_ms,2_7_opt_bag,272,1779955219584289649,27.200227903000002,5.329
preprocess_ms,2_7_opt_bag,273,1779955219658712167,27.274650421,4.24
preprocess_ms,2_7_opt_bag,274,1779955219755490407,27.371428661000003,3.774
preprocess_ms,2_7_opt_bag,275,1779955219872435249,27.488373503000002,3.833
preprocess_ms,2_7_opt_bag,276,1779955219978463271,27.594401525000002,7.07
preprocess_ms,2_7_opt_bag,277,1779955220057801705,27.673739959000002,3.911
preprocess_ms,2_7_opt_bag,278,1779955220183605911,27.799544165,5.471
preprocess_ms,2_7_opt_bag,279,1779955220271098706,27.887036960000003,2.788
preprocess_ms,2_7_opt_bag,280,1779955220372178471,27.988116725,5.003
preprocess_ms,2_7_opt_bag,281,1779955220502942558,28.118880812,2.958
preprocess_ms,2_7_opt_bag,282,1779955220567380146,28.1833184,5.617
preprocess_ms,2_7_opt_bag,283,1779955220661599633,28.277537887,5.137
preprocess_ms,2_7_opt_bag,284,1779955220771690282,28.387628536,4.771
preprocess_ms,2_7_opt_bag,285,1779955220860415607,28.476353861000003,6.324
preprocess_ms,2_7_opt_bag,286,1779955220948509269,28.564447523000002,5.449
preprocess_ms,2_7_opt_bag,287,1779955221053174424,28.669112678,7.272
preprocess_ms,2_7_opt_bag,288,1779955221154699176,28.77063743,6.405
preprocess_ms,2_7_opt_bag,289,1779955221280304218,28.896242472,5.484
preprocess_ms,2_7_opt_bag,290,1779955221363856340,28.979794594,7.254
preprocess_ms,2_7_opt_bag,291,1779955221467563601,29.083501855,6.105
preprocess_ms,2_7_opt_bag,292,1779955221568519418,29.184457672,5.682
preprocess_ms,2_7_opt_bag,293,1779955221679116331,29.295054585000003,6.07
preprocess_ms,2_7_opt_bag,294,1779955221768767504,29.384705758000003,5.06
preprocess_ms,2_7_opt_bag,295,1779955221870854003,29.486792257,6.361
preprocess_ms,2_7_opt_bag,296,1779955221973827385,29.589765639000003,4.944
preprocess_ms,2_7_opt_bag,297,1779955222060473851,29.676412105,4.125
preprocess_ms,2_7_opt_bag,298,1779955222174614413,29.790552667000004,5.115
preprocess_ms,2_7_opt_bag,299,1779955222266360272,29.882298526000003,6.613
preprocess_ms,2_7_opt_bag,300,1779955222349273238,29.965211492,3.241
preprocess_ms,2_7_opt_bag,301,1779955222455457363,30.071395617,4.583
preprocess_ms,2_7_opt_bag,302,1779955222559980580,30.175918834,6.012
preprocess_ms,2_7_opt_bag,303,1779955222658511689,30.274449943,5.652
preprocess_ms,2_7_opt_bag,304,1779955222782374599,30.398312853,2.129
preprocess_ms,2_7_opt_bag,305,1779955222860730428,30.476668682000003,5.96
preprocess_ms,2_7_opt_bag,306,1779955222969122283,30.585060537,3.598
preprocess_ms,2_7_opt_bag,307,1779955223058562199,30.674500453,5.796
preprocess_ms,2_7_opt_bag,308,1779955223166406148,30.782344402000003,4.203
preprocess_ms,2_7_opt_bag,309,1779955223256504619,30.872442873,6.603
preprocess_ms,2_7_opt_bag,310,1779955223350531966,30.96647022,3.523
preprocess_ms,2_7_opt_bag,311,1779955223510030146,31.1259684,9.791
preprocess_ms,2_7_opt_bag,312,1779955223586889677,31.202827931,4.51
preprocess_ms,2_7_opt_bag,313,1779955223671952033,31.287890287000003,5.607
preprocess_ms,2_7_opt_bag,314,1779955223775659531,31.391597785000002,2.922
preprocess_ms,2_7_opt_bag,315,1779955223855218537,31.471156791000002,5.957
preprocess_ms,2_7_opt_bag,316,1779955223995501731,31.611439985,5.577
preprocess_ms,2_7_opt_bag,317,1779955224094969296,31.71090755,5.031
preprocess_ms,2_7_opt_bag,318,1779955224166722297,31.782660551000003,5.893
preprocess_ms,2_7_opt_bag,319,1779955224293996963,31.909935217,5.322
preprocess_ms,2_7_opt_bag,320,1779955224390960825,32.006899079,5.967
preprocess_ms,2_7_opt_bag,321,1779955224459824545,32.075762799,3.913
preprocess_ms,2_7_opt_bag,322,1779955224603393060,32.219331314,6.92
preprocess_ms,2_7_opt_bag,323,1779955224682708412,32.298646666,8.535
preprocess_ms,2_7_opt_bag,324,1779955224784869130,32.400807384000004,4.797
preprocess_ms,2_7_opt_bag,325,1779955224873656474,32.489594728,4.507
preprocess_ms,2_7_opt_bag,326,1779955225047352871,32.663291125,4.595
preprocess_ms,2_7_opt_bag,327,1779955225097298510,32.713236764,7.835
preprocess_ms,2_7_opt_bag,328,1779955225194698078,32.810636332,5.269
preprocess_ms,2_7_opt_bag,329,1779955225261517496,32.87745575,3.271
preprocess_ms,2_7_opt_bag,330,1779955225387973472,33.003911726000005,7.532
preprocess_ms,2_7_opt_bag,331,1779955225477533051,33.093471305,7.315
preprocess_ms,2_7_opt_bag,332,1779955225562279113,33.178217367,4.487
preprocess_ms,2_7_opt_bag,333,1779955225675230942,33.291169196000006,4.403
preprocess_ms,2_7_opt_bag,334,1779955225763197768,33.379136022000004,5.2
preprocess_ms,2_7_opt_bag,335,1779955225869632362,33.485570616000004,5.894
preprocess_ms,2_7_opt_bag,336,1779955225959039810,33.574978064,5.938
preprocess_ms,2_7_opt_bag,337,1779955226061927832,33.677866086,3.741
preprocess_ms,2_7_opt_bag,338,1779955226160732628,33.776670882000005,5.405
preprocess_ms,2_7_opt_bag,339,1779955226258407323,33.874345577,4.181
preprocess_ms,2_7_opt_bag,340,1779955226374021668,33.989959922000004,4.331
preprocess_ms,2_7_opt_bag,341,1779955226491562707,34.107500961,7.886
preprocess_ms,2_7_opt_bag,342,1779955226586569672,34.202507926,5.589
preprocess_ms,2_7_opt_bag,343,1779955226664673081,34.280611335,4.841
preprocess_ms,2_7_opt_bag,344,1779955226759021669,34.374959923,1.815
preprocess_ms,2_7_opt_bag,345,1779955226868537454,34.484475708000005,4.638
preprocess_ms,2_7_opt_bag,346,1779955226962352871,34.578291125,5.555
preprocess_ms,2_7_opt_bag,347,1779955227082827215,34.698765469,3.803
preprocess_ms,2_7_opt_bag,348,1779955227199083757,34.815022011,5.891
preprocess_ms,2_7_opt_bag,349,1779955227272440423,34.888378677000006,5.392
preprocess_ms,2_7_opt_bag,350,1779955227358049417,34.973987671,4.906
preprocess_ms,2_7_opt_bag,351,1779955227475348148,35.091286402,1.864
preprocess_ms,2_7_opt_bag,352,1779955227560370758,35.176309012000004,4.738
preprocess_ms,2_7_opt_bag,353,1779955227668118885,35.284057139000005,6.525
preprocess_ms,2_7_opt_bag,354,1779955227781166969,35.397105223000004,2.513
preprocess_ms,2_7_opt_bag,355,1779955227875392455,35.491330709,4.464
preprocess_ms,2_7_opt_bag,356,1779955227974258404,35.590196658,5.625
preprocess_ms,2_7_opt_bag,357,1779955228068474267,35.684412521,6.452
preprocess_ms,2_7_opt_bag,358,1779955228195232359,35.811170613,4.204
preprocess_ms,2_7_opt_bag,359,1779955228275792307,35.891730561,5.433
preprocess_ms,2_7_opt_bag,360,1779955228385181379,36.001119633,6.244
preprocess_ms,2_7_opt_bag,361,1779955228468001690,36.083939944,5.576
preprocess_ms,2_7_opt_bag,362,1779955228578340737,36.194278991000004,8.825
preprocess_ms,2_7_opt_bag,363,1779955228665260864,36.281199118,5.479
preprocess_ms,2_7_opt_bag,364,1779955228813294253,36.429232507,8.912
preprocess_ms,2_7_opt_bag,365,1779955228881712200,36.497650454,5.524
preprocess_ms,2_7_opt_bag,366,1779955228967116797,36.583055051,5.72
preprocess_ms,2_7_opt_bag,367,1779955229066182906,36.68212116,6.35
preprocess_ms,2_7_opt_bag,368,1779955229170176661,36.786114915,3.314
preprocess_ms,2_7_opt_bag,369,1779955229256319620,36.872257874,4.29
preprocess_ms,2_7_opt_bag,370,1779955229367468789,36.983407043,4.772
preprocess_ms,2_7_opt_bag,371,1779955229497493409,37.113431663,5.945
preprocess_ms,2_7_opt_bag,372,1779955229594493614,37.210431868,2.001
preprocess_ms,2_7_opt_bag,373,1779955229653609243,37.269547497000005,4.089
preprocess_ms,2_7_opt_bag,374,1779955229760805502,37.376743756,4.403
preprocess_ms,2_7_opt_bag,375,1779955229899094994,37.515033248,4.224
preprocess_ms,2_7_opt_bag,376,1779955229970358430,37.586296684000004,5.932
preprocess_ms,2_7_opt_bag,377,1779955230094398967,37.710337221,3.927
preprocess_ms,2_7_opt_bag,378,1779955230171864195,37.787802449000004,4.666
preprocess_ms,2_7_opt_bag,379,1779955230258163359,37.874101613,3.916
preprocess_ms,2_7_opt_bag,380,1779955230390656499,38.006594753,5.127
preprocess_ms,2_7_opt_bag,381,1779955230470386913,38.086325167000005,5.323
preprocess_ms,2_7_opt_bag,382,1779955230569335762,38.185274016,1.839
preprocess_ms,2_7_opt_bag,383,1779955230653194167,38.269132421,3.399
preprocess_ms,2_7_opt_bag,384,1779955230791874471,38.407812725,8.544
preprocess_ms,2_7_opt_bag,385,1779955230855891221,38.471829475,4.298
preprocess_ms,2_7_opt_bag,386,1779955230955799530,38.571737784,3.751
preprocess_ms,2_7_opt_bag,387,1779955231086820412,38.702758666,4.897
preprocess_ms,2_7_opt_bag,388,1779955231172194091,38.788132345,4.495
preprocess_ms,2_7_opt_bag,389,1779955231259250120,38.875188374000004,4.944
preprocess_ms,2_7_opt_bag,390,1779955231450145198,39.066083452,11.215
preprocess_ms,2_7_opt_bag,391,1779955231498233909,39.114172163,11.912
preprocess_ms,2_7_opt_bag,392,1779955231570767267,39.186705521,4.074
preprocess_ms,2_7_opt_bag,393,1779955231673751822,39.289690076,5.2
preprocess_ms,2_7_opt_bag,394,1779955231780680157,39.396618411000006,7.367
preprocess_ms,2_7_opt_bag,395,1779955231903268474,39.519206728,13.735
preprocess_ms,2_7_opt_bag,396,1779955231958155559,39.574093813000005,4.228
preprocess_ms,2_7_opt_bag,397,1779955232114740797,39.730679051,11.824
preprocess_ms,2_7_opt_bag,398,1779955232159807880,39.775746134,5.111
preprocess_ms,2_7_opt_bag,399,1779955232280364178,39.896302432000006,5.966
preprocess_ms,2_7_opt_bag,400,1779955232358822809,39.974761063,6.16
preprocess_ms,2_7_opt_bag,401,1779955232521229087,40.137167341,16.898
preprocess_ms,2_7_opt_bag,402,1779955232587143390,40.203081644,5.057
preprocess_ms,2_7_opt_bag,403,1779955232663127324,40.279065578,3.883
preprocess_ms,2_7_opt_bag,404,1779955232755098492,40.371036746,4.473
preprocess_ms,2_7_opt_bag,405,1779955232883080948,40.499019202,5.702
preprocess_ms,2_7_opt_bag,406,1779955232966173282,40.582111536,5.509
preprocess_ms,2_7_opt_bag,407,1779955233077888598,40.693826852,5.356
preprocess_ms,2_7_opt_bag,408,1779955233181654299,40.797592553,5.088
preprocess_ms,2_7_opt_bag,409,1779955233258776600,40.874714854000004,5.814
preprocess_ms,2_7_opt_bag,410,1779955233390818972,41.006757226000005,6.15
preprocess_ms,2_7_opt_bag,411,1779955233466249977,41.082188231,5.016
preprocess_ms,2_7_opt_bag,412,1779955233599644508,41.215582762000004,9.75
preprocess_ms,2_7_opt_bag,413,1779955233668824843,41.284763097,6.137
preprocess_ms,2_7_opt_bag,414,1779955233770371080,41.386309334,5.378
preprocess_ms,2_7_opt_bag,415,1779955233866178376,41.48211663,5.42
preprocess_ms,2_7_opt_bag,416,1779955233961366063,41.577304317,5.712
preprocess_ms,2_7_opt_bag,417,1779955234094693399,41.710631653,5.807
preprocess_ms,2_7_opt_bag,418,1779955234162793811,41.778732065,4.489
preprocess_ms,2_7_opt_bag,419,1779955234259106802,41.875045056000005,5.939
preprocess_ms,2_7_opt_bag,420,1779955234357892343,41.973830597,4.582
preprocess_ms,2_7_opt_bag,421,1779955234477418131,42.093356385,4.752
preprocess_ms,2_7_opt_bag,422,1779955234554059661,42.169997915,5.11
preprocess_ms,2_7_opt_bag,423,1779955234655903072,42.271841326,1.902
preprocess_ms,2_7_opt_bag,424,1779955234763048125,42.378986379000004,5.212
preprocess_ms,2_7_opt_bag,425,1779955234866861301,42.482799555,4.621
preprocess_ms,2_7_opt_bag,426,1779955234976131146,42.5920694,5.306
preprocess_ms,2_7_opt_bag,427,1779955235059739784,42.675678038,4.708
preprocess_ms,2_7_opt_bag,428,1779955235160471168,42.776409422,4.684
preprocess_ms,2_7_opt_bag,429,1779955235267042064,42.882980318,5.885
preprocess_ms,2_7_opt_bag,430,1779955235387736730,43.003674984,4.556
preprocess_ms,2_7_opt_bag,431,1779955235484423363,43.100361617000004,7.595
preprocess_ms,2_7_opt_bag,432,1779955235579116942,43.195055196000006,6.624
preprocess_ms,2_7_opt_bag,433,1779955235669411375,43.285349629,4.912
preprocess_ms,2_7_opt_bag,434,1779955235767949570,43.383887824000006,2.607
preprocess_ms,2_7_opt_bag,435,1779955235902334991,43.518273245,11.823
preprocess_ms,2_7_opt_bag,436,1779955235972477324,43.588415578,5.649
preprocess_ms,2_7_opt_bag,437,1779955236070307854,43.686246108000006,6.065
preprocess_ms,2_7_opt_bag,438,1779955236176895860,43.792834114,5.253
preprocess_ms,2_7_opt_bag,439,1779955236267696798,43.883635052,6.248
preprocess_ms,2_7_opt_bag,440,1779955236354748474,43.970686728000004,4.523
preprocess_ms,2_7_opt_bag,441,1779955236461236740,44.077174994,5.318
preprocess_ms,2_7_opt_bag,442,1779955236582315563,44.198253817,5.451
preprocess_ms,2_7_opt_bag,443,1779955236665797813,44.281736067000004,5.305
preprocess_ms,2_7_opt_bag,444,1779955236780523893,44.396462147,5.436
preprocess_ms,2_7_opt_bag,445,1779955236901317543,44.517255797000004,5.786
preprocess_ms,2_7_opt_bag,446,1779955237017585898,44.633524152,10.713
preprocess_ms,2_7_opt_bag,447,1779955237084625879,44.700564133,6.015
preprocess_ms,2_7_opt_bag,448,1779955237183378431,44.799316685,4.36
preprocess_ms,2_7_opt_bag,449,1779955237293644920,44.909583174000005,6.152
preprocess_ms,2_7_opt_bag,450,1779955237387385211,45.003323465,7.311
preprocess_ms,2_7_opt_bag,451,1779955237494819098,45.110757352,5.31
preprocess_ms,2_7_opt_bag,452,1779955237558477922,45.174416176,6.144
preprocess_ms,2_7_opt_bag,453,1779955237677685670,45.293623924,5.955
preprocess_ms,2_7_opt_bag,454,1779955237802948125,45.418886379,16.337
preprocess_ms,2_7_opt_bag,455,1779955237909227555,45.525165809,3.531
preprocess_ms,2_7_opt_bag,456,1779955237967182541,45.583120795000006,5.335
preprocess_ms,2_7_opt_bag,457,1779955238079160078,45.695098332,5.075
preprocess_ms,2_7_opt_bag,458,1779955238173669361,45.789607615,5.752
preprocess_ms,2_7_opt_bag,459,1779955238267288448,45.883226702,7.81
preprocess_ms,2_7_opt_bag,460,1779955238362873539,45.978811793000006,7.05
preprocess_ms,2_7_opt_bag,461,1779955238480993093,46.096931347,5.275
preprocess_ms,2_7_opt_bag,462,1779955238569759265,46.185697519,7.175
preprocess_ms,2_7_opt_bag,463,1779955238670076811,46.286015065,4.991
preprocess_ms,2_7_opt_bag,464,1779955238795773087,46.411711341,5.066
preprocess_ms,2_7_opt_bag,465,1779955238893440798,46.509379052,6.331
preprocess_ms,2_7_opt_bag,466,1779955238974955120,46.590893374000004,5.43
preprocess_ms,2_7_opt_bag,467,1779955239078178223,46.694116477,4.925
preprocess_ms,2_7_opt_bag,468,1779955239163764743,46.779702997,4.586
preprocess_ms,2_7_opt_bag,469,1779955239258601569,46.874539823000006,3.134
preprocess_ms,2_7_opt_bag,470,1779955239368285395,46.984223649,5.267
preprocess_ms,2_7_opt_bag,471,1779955239471407224,47.087345478,2.062
preprocess_ms,2_7_opt_bag,472,1779955239601172886,47.21711114,7.22
preprocess_ms,2_7_opt_bag,473,1779955239676231105,47.292169359000006,5.834
preprocess_ms,2_7_opt_bag,474,1779955239818382263,47.434320517,3.571
preprocess_ms,2_7_opt_bag,475,1779955239885281308,47.501219562,6.095
preprocess_ms,2_7_opt_bag,476,1779955239958139913,47.574078167,5.153
preprocess_ms,2_7_opt_bag,477,1779955240079624860,47.695563114,6.518
preprocess_ms,2_7_opt_bag,478,1779955240165842527,47.781780781,5.975
preprocess_ms,2_7_opt_bag,479,1779955240303110595,47.919048849000006,5.045
preprocess_ms,2_7_opt_bag,480,1779955240383085357,47.999023611000005,6.308
preprocess_ms,2_7_opt_bag,481,1779955240519424571,48.135362825,6.69
preprocess_ms,2_7_opt_bag,482,1779955240576934176,48.19287243,4.007
preprocess_ms,2_7_opt_bag,483,1779955240696960721,48.312898975,4.831
preprocess_ms,2_7_opt_bag,484,1779955240754366753,48.370305007000006,4.352
preprocess_ms,2_7_opt_bag,485,1779955240898479970,48.514418224,3.391
preprocess_ms,2_7_opt_bag,486,1779955241002209842,48.618148096000006,7.384
preprocess_ms,2_7_opt_bag,487,1779955241084388897,48.700327151,6.126
preprocess_ms,2_7_opt_bag,488,1779955241170075853,48.786014107,5.344
preprocess_ms,2_7_opt_bag,489,1779955241267822429,48.883760683000006,4.548
preprocess_ms,2_7_opt_bag,490,1779955241380083332,48.996021586000005,6.395
preprocess_ms,2_7_opt_bag,491,1779955241504018147,49.119956401,4.491
preprocess_ms,2_7_opt_bag,492,1779955241584700775,49.200639029,4.697
preprocess_ms,2_7_opt_bag,493,1779955241675572154,49.291510408,6.141
preprocess_ms,2_7_opt_bag,494,1779955241769118512,49.385056766000005,5.088
preprocess_ms,2_7_opt_bag,495,1779955241883490618,49.499428872,6.922
preprocess_ms,2_7_opt_bag,496,1779955241968317921,49.584256175,5.352
preprocess_ms,2_7_opt_bag,497,1779955242066750661,49.682688915,4.943
preprocess_ms,2_7_opt_bag,498,1779955242168208955,49.784147209000004,3.719
preprocess_ms,2_7_opt_bag,499,1779955242267039467,49.882977721,4.016
preprocess_ms,2_7_opt_bag,500,1779955242353397153,49.969335407,4.239
preprocess_ms,2_7_opt_bag,501,1779955242495338449,50.111276703,5.841
preprocess_ms,2_7_opt_bag,502,1779955242563160058,50.179098312,5.412
preprocess_ms,2_7_opt_bag,503,1779955242681009750,50.296948004,6.481
preprocess_ms,2_7_opt_bag,504,1779955242767216846,50.3831551,4.857
preprocess_ms,2_7_opt_bag,505,1779955242863887916,50.47982617,3.318
preprocess_ms,2_7_opt_bag,506,1779955242985363421,50.601301675,5.835
preprocess_ms,2_7_opt_bag,507,1779955243056619258,50.672557512000004,5.321
preprocess_ms,2_7_opt_bag,508,1779955243166946065,50.782884319000004,5.752
preprocess_ms,2_7_opt_bag,509,1779955243262247586,50.87818584,4.335
preprocess_ms,2_7_opt_bag,510,1779955243383560473,50.999498727,5.812
preprocess_ms,2_7_opt_bag,511,1779955243479211093,51.095149347,5.636
preprocess_ms,2_7_opt_bag,512,1779955243576684897,51.19262315100001,4.732
preprocess_ms,2_7_opt_bag,513,1779955243654954040,51.27089229400001,3.718
preprocess_ms,2_7_opt_bag,514,1779955243766465062,51.382403316,5.831
preprocess_ms,2_7_opt_bag,515,1779955243871300483,51.487238737000006,4.952
preprocess_ms,2_7_opt_bag,516,1779955244004639495,51.620577749000006,5.152
preprocess_ms,2_7_opt_bag,517,1779955244078231901,51.694170155,4.931
preprocess_ms,2_7_opt_bag,518,1779955244187168616,51.80310687,8.326
preprocess_ms,2_7_opt_bag,519,1779955244292566181,51.908504435000005,5.563
preprocess_ms,2_7_opt_bag,520,1779955244397544371,52.013482625,7.302
preprocess_ms,2_7_opt_bag,521,1779955244469903963,52.085842217,3.225
preprocess_ms,2_7_opt_bag,522,1779955244570885472,52.186823726,4.823
preprocess_ms,2_7_opt_bag,523,1779955244688402189,52.304340443,6.624
preprocess_ms,2_7_opt_bag,524,1779955244767626121,52.383564375000006,6.336
preprocess_ms,2_7_opt_bag,525,1779955244868903085,52.484841339000006,6.359
preprocess_ms,2_7_opt_bag,526,1779955244953491465,52.569429719000006,3.93
preprocess_ms,2_7_opt_bag,527,1779955245069963121,52.685901375,3.655
preprocess_ms,2_7_opt_bag,528,1779955245156673062,52.772611316,4.502
preprocess_ms,2_7_opt_bag,529,1779955245253912922,52.869851176000005,5.05
preprocess_ms,2_7_opt_bag,530,1779955245382661178,52.998599432000006,4.082
preprocess_ms,2_7_opt_bag,531,1779955245488250941,53.104189195000004,6.656
preprocess_ms,2_7_opt_bag,532,1779955245588032107,53.203970361,6.471
preprocess_ms,2_7_opt_bag,533,1779955245666965727,53.282903981000004,6.234
preprocess_ms,2_7_opt_bag,534,1779955245787258903,53.403197157,6.04
preprocess_ms,2_7_opt_bag,535,1779955245863198356,53.479136610000005,4.137
preprocess_ms,2_7_opt_bag,536,1779955246015177363,53.631115617000006,6.006
preprocess_ms,2_7_opt_bag,537,1779955246060710253,53.676648507,5.508
preprocess_ms,2_7_opt_bag,538,1779955246188842341,53.804780595000004,5.407
preprocess_ms,2_7_opt_bag,539,1779955246277631081,53.893569335,5.489
preprocess_ms,2_7_opt_bag,540,1779955246390748425,54.006686679000005,6.388
preprocess_ms,2_7_opt_bag,541,1779955246459447865,54.075386119,5.109
preprocess_ms,2_7_opt_bag,542,1779955246595392717,54.211330971,5.578
preprocess_ms,2_7_opt_bag,543,1779955246664020869,54.279959123000005,4.983
preprocess_ms,2_7_opt_bag,544,1779955246783557398,54.399495652000006,4.276
preprocess_ms,2_7_opt_bag,545,1779955246897149319,54.513087573,8.282
preprocess_ms,2_7_opt_bag,546,1779955246955119458,54.571057712000005,1.898
preprocess_ms,2_7_opt_bag,547,1779955247070207016,54.686145270000004,6.59
preprocess_ms,2_7_opt_bag,548,1779955247182439879,54.798378133,5.318
preprocess_ms,2_7_opt_bag,549,1779955247293955740,54.909893994,4.924
preprocess_ms,2_7_opt_bag,550,1779955247381296593,54.997234847,6.466
preprocess_ms,2_7_opt_bag,551,1779955247475396904,55.09133515800001,13.609
preprocess_ms,2_7_opt_bag,552,1779955247577435089,55.193373343000005,6.696
preprocess_ms,2_7_opt_bag,553,1779955247669402542,55.28534079600001,4.128
preprocess_ms,2_7_opt_bag,554,1779955247757358795,55.373297049,4.169
preprocess_ms,2_7_opt_bag,555,1779955247885630715,55.501568969000004,6.581
preprocess_ms,2_7_opt_bag,556,1779955247986671130,55.602609384000004,7.26
preprocess_ms,2_7_opt_bag,557,1779955248057254423,55.673192677,5.216
preprocess_ms,2_7_opt_bag,558,1779955248185238685,55.801176939,6.962
preprocess_ms,2_7_opt_bag,559,1779955248281865140,55.897803394,3.807
preprocess_ms,2_7_opt_bag,560,1779955248365348708,55.981286962000006,4.964
preprocess_ms,2_7_opt_bag,561,1779955248457202692,56.073140946,4.134
preprocess_ms,2_7_opt_bag,562,1779955248580253285,56.196191539000004,4.464
preprocess_ms,2_7_opt_bag,563,1779955248669476086,56.28541434,4.401
preprocess_ms,2_7_opt_bag,564,1779955248777272550,56.393210804000006,5.2
preprocess_ms,2_7_opt_bag,565,1779955248883785873,56.499724127,5.401
preprocess_ms,2_7_opt_bag,566,1779955248990589319,56.606527573,4.132
preprocess_ms,2_7_opt_bag,567,1779955249060599712,56.676537966000005,3.653
preprocess_ms,2_7_opt_bag,568,1779955249165798842,56.781737096,3.899
preprocess_ms,2_7_opt_bag,569,1779955249268667572,56.884605826000005,3.087
preprocess_ms,2_7_opt_bag,570,1779955249368467588,56.984405842,3.172
preprocess_ms,2_7_opt_bag,571,1779955249455764056,57.071702310000006,3.931
preprocess_ms,2_7_opt_bag,572,1779955249581581791,57.197520045000005,4.139
preprocess_ms,2_7_opt_bag,573,1779955249661895498,57.27783375200001,5.759
preprocess_ms,2_7_opt_bag,574,1779955249768842033,57.384780287000005,4.135
preprocess_ms,2_7_opt_bag,575,1779955249914202279,57.530140533,6.904
preprocess_ms,2_7_opt_bag,576,1779955249960965183,57.576903437000006,5.86
preprocess_ms,2_7_opt_bag,577,1779955250057532755,57.673471009000004,4.383
preprocess_ms,2_7_opt_bag,578,1779955250169560337,57.78549859100001,5.814
preprocess_ms,2_7_opt_bag,579,1779955250258271426,57.87420968000001,4.662
preprocess_ms,2_7_opt_bag,580,1779955250374772042,57.990710296,4.021
preprocess_ms,2_7_opt_bag,581,1779955250460954206,58.07689246,4.241
preprocess_ms,2_7_opt_bag,582,1779955250606409139,58.22234739300001,19.256
preprocess_ms,2_7_opt_bag,583,1779955250671916282,58.287854536000005,3.748
preprocess_ms,2_7_opt_bag_2,0,1779961323548240588,0.0,4.662
preprocess_ms,2_7_opt_bag_2,1,1779961323575518232,0.027277644,1.981
preprocess_ms,2_7_opt_bag_2,2,1779961323627275666,0.07903507800000001,6.741
preprocess_ms,2_7_opt_bag_2,3,1779961323752386730,0.204146142,4.517
preprocess_ms,2_7_opt_bag_2,4,1779961323835368271,0.287127683,4.215
preprocess_ms,2_7_opt_bag_2,5,1779961323927750317,0.379509729,4.337
preprocess_ms,2_7_opt_bag_2,6,1779961324023114563,0.474873975,3.96
preprocess_ms,2_7_opt_bag_2,7,1779961324136364033,0.588123445,4.215
preprocess_ms,2_7_opt_bag_2,8,1779961324231293934,0.683053346,5.632
preprocess_ms,2_7_opt_bag_2,9,1779961324362112705,0.8138721170000001,5.045
preprocess_ms,2_7_opt_bag_2,10,1779961324441120504,0.892879916,4.734
preprocess_ms,2_7_opt_bag_2,11,1779961324527635530,0.9793949420000001,5.345
preprocess_ms,2_7_opt_bag_2,12,1779961324647881802,1.099641214,4.298
preprocess_ms,2_7_opt_bag_2,13,1779961324741390760,1.1931501720000002,5.608
preprocess_ms,2_7_opt_bag_2,14,1779961324859343665,1.311103077,4.496
preprocess_ms,2_7_opt_bag_2,15,1779961324944410908,1.3961703200000002,3.826
preprocess_ms,2_7_opt_bag_2,16,1779961325049286749,1.501046161,14.911
preprocess_ms,2_7_opt_bag_2,17,1779961325128325642,1.580085054,5.312
preprocess_ms,2_7_opt_bag_2,18,1779961325235139665,1.686899077,5.757
preprocess_ms,2_7_opt_bag_2,19,1779961325325596794,1.777356206,5.888
preprocess_ms,2_7_opt_bag_2,20,1779961325419916374,1.8716757860000002,4.701
preprocess_ms,2_7_opt_bag_2,21,1779961325535986622,1.9877460340000002,5.569
preprocess_ms,2_7_opt_bag_2,22,1779961325629586726,2.0813461380000002,5.584
preprocess_ms,2_7_opt_bag_2,23,1779961325729978975,2.1817383870000002,4.195
preprocess_ms,2_7_opt_bag_2,24,1779961325829095426,2.280854838,5.27
preprocess_ms,2_7_opt_bag_2,25,1779961325937258396,2.389017808,4.391
preprocess_ms,2_7_opt_bag_2,26,1779961326031858495,2.483617907,4.231
preprocess_ms,2_7_opt_bag_2,27,1779961326143435918,2.59519533,4.951
preprocess_ms,2_7_opt_bag_2,28,1779961326232648690,2.6844081020000004,5.715
preprocess_ms,2_7_opt_bag_2,29,1779961326351666039,2.8034254510000003,5.083
preprocess_ms,2_7_opt_bag_2,30,1779961326427266785,2.8790261970000004,4.324
preprocess_ms,2_7_opt_bag_2,31,1779961326559565401,3.0113248130000003,7.288
preprocess_ms,2_7_opt_bag_2,32,1779961326644145281,3.095904693,4.663
preprocess_ms,2_7_opt_bag_2,33,1779961326754460293,3.206219705,6.597
preprocess_ms,2_7_opt_bag_2,34,1779961326827407802,3.279167214,4.578
preprocess_ms,2_7_opt_bag_2,35,1779961326921965129,3.373724541,4.729
preprocess_ms,2_7_opt_bag_2,36,1779961327047711211,3.499470623,5.164
preprocess_ms,2_7_opt_bag_2,37,1779961327137187892,3.5889473040000004,4.374
preprocess_ms,2_7_opt_bag_2,38,1779961327253955117,3.705714529,4.288
preprocess_ms,2_7_opt_bag_2,39,1779961327346795078,3.7985544900000003,5.678
preprocess_ms,2_7_opt_bag_2,40,1779961327472076299,3.923835711,6.754
preprocess_ms,2_7_opt_bag_2,41,1779961327555200950,4.006960362,7.336
preprocess_ms,2_7_opt_bag_2,42,1779961327647553838,4.099313250000001,5.066
preprocess_ms,2_7_opt_bag_2,43,1779961327745607392,4.1973668040000005,5.313
preprocess_ms,2_7_opt_bag_2,44,1779961327858699685,4.310459097,6.226
preprocess_ms,2_7_opt_bag_2,45,1779961327937322401,4.389081813000001,4.614
preprocess_ms,2_7_opt_bag_2,46,1779961328036514546,4.488273958000001,6.273
preprocess_ms,2_7_opt_bag_2,47,1779961328126707216,4.578466628,6.487
preprocess_ms,2_7_opt_bag_2,48,1779961328229601914,4.681361326,7.174
preprocess_ms,2_7_opt_bag_2,49,1779961328333961309,4.785720721000001,6.171
preprocess_ms,2_7_opt_bag_2,50,1779961328439041136,4.8908005480000005,9.885
preprocess_ms,2_7_opt_bag_2,51,1779961328549375280,5.001134692,6.25
preprocess_ms,2_7_opt_bag_2,52,1779961328625401521,5.077160933,4.609
preprocess_ms,2_7_opt_bag_2,53,1779961328751042042,5.202801454,5.146
preprocess_ms,2_7_opt_bag_2,54,1779961328831390351,5.283149763,2.197
preprocess_ms,2_7_opt_bag_2,55,1779961328947926112,5.399685524000001,3.828
preprocess_ms,2_7_opt_bag_2,56,1779961329028212890,5.479972302,5.87
preprocess_ms,2_7_opt_bag_2,57,1779961329127535229,5.579294641000001,6.022
preprocess_ms,2_7_opt_bag_2,58,1779961329232154431,5.683913843,4.817
preprocess_ms,2_7_opt_bag_2,59,1779961329354460351,5.8062197630000005,5.034
preprocess_ms,2_7_opt_bag_2,60,1779961329425433921,5.877193333,4.021
preprocess_ms,2_7_opt_bag_2,61,1779961329541674035,5.993433447,4.945
preprocess_ms,2_7_opt_bag_2,62,1779961329625160568,6.07691998,5.004
preprocess_ms,2_7_opt_bag_2,63,1779961329750215721,6.201975133,5.726
preprocess_ms,2_7_opt_bag_2,64,1779961329842985781,6.294745193000001,5.773
preprocess_ms,2_7_opt_bag_2,65,1779961329939665645,6.391425057,5.414
preprocess_ms,2_7_opt_bag_2,66,1779961330054149586,6.505908998000001,6.034
preprocess_ms,2_7_opt_bag_2,67,1779961330124621166,6.576380578,6.226
preprocess_ms,2_7_opt_bag_2,68,1779961330245772237,6.697531649,4.019
preprocess_ms,2_7_opt_bag_2,69,1779961330330552425,6.782311837000001,3.935
preprocess_ms,2_7_opt_bag_2,70,1779961330421064308,6.87282372,3.175
preprocess_ms,2_7_opt_bag_2,71,1779961330526102120,6.977861532,6.035
preprocess_ms,2_7_opt_bag_2,72,1779961330617790896,7.069550308,4.654
preprocess_ms,2_7_opt_bag_2,73,1779961330744387388,7.1961468,10.185
preprocess_ms,2_7_opt_bag_2,74,1779961330842054841,7.293814253000001,5.452
preprocess_ms,2_7_opt_bag_2,75,1779961330956429624,7.4081890360000004,5.566
preprocess_ms,2_7_opt_bag_2,76,1779961331035105203,7.486864615000001,7.513
preprocess_ms,2_7_opt_bag_2,77,1779961331140462843,7.592222255,5.179
preprocess_ms,2_7_opt_bag_2,78,1779961331222848398,7.67460781,5.154
preprocess_ms,2_7_opt_bag_2,79,1779961331330986804,7.7827462160000005,7.53
preprocess_ms,2_7_opt_bag_2,80,1779961331435563541,7.887322953000001,6.572
preprocess_ms,2_7_opt_bag_2,81,1779961331529665298,7.981424710000001,3.696
preprocess_ms,2_7_opt_bag_2,82,1779961331638799823,8.090559235,4.524
preprocess_ms,2_7_opt_bag_2,83,1779961331748644981,8.200404393000001,5.268
preprocess_ms,2_7_opt_bag_2,84,1779961331838603597,8.290363009,4.499
preprocess_ms,2_7_opt_bag_2,85,1779961331929526787,8.381286199,6.075
preprocess_ms,2_7_opt_bag_2,86,1779961332024087428,8.47584684,5.663
preprocess_ms,2_7_opt_bag_2,87,1779961332134906550,8.586665962,4.9
preprocess_ms,2_7_opt_bag_2,88,1779961332263963885,8.715723297,5.051
preprocess_ms,2_7_opt_bag_2,89,1779961332340137156,8.791896568,6.456
preprocess_ms,2_7_opt_bag_2,90,1779961332440775706,8.892535118000001,5.073
preprocess_ms,2_7_opt_bag_2,91,1779961332523688740,8.975448152,4.199
preprocess_ms,2_7_opt_bag_2,92,1779961332622527015,9.074286427,5.5
preprocess_ms,2_7_opt_bag_2,93,1779961332732022711,9.183782123,6.003
preprocess_ms,2_7_opt_bag_2,94,1779961332824125030,9.275884442,4.371
preprocess_ms,2_7_opt_bag_2,95,1779961332939576599,9.391336011,5.983
preprocess_ms,2_7_opt_bag_2,96,1779961333044291427,9.496050839,5.294
preprocess_ms,2_7_opt_bag_2,97,1779961333151727415,9.603486827000001,4.309
preprocess_ms,2_7_opt_bag_2,98,1779961333235942541,9.687701953000001,5.119
preprocess_ms,2_7_opt_bag_2,99,1779961333337692977,9.789452389000001,4.647
preprocess_ms,2_7_opt_bag_2,100,1779961333436632859,9.888392271,9.532
preprocess_ms,2_7_opt_bag_2,101,1779961333527936156,9.979695568,6.332
preprocess_ms,2_7_opt_bag_2,102,1779961333639847718,10.09160713,5.287
preprocess_ms,2_7_opt_bag_2,103,1779961333730019891,10.181779303,3.788
preprocess_ms,2_7_opt_bag_2,104,1779961333842347245,10.294106657,6.354
preprocess_ms,2_7_opt_bag_2,105,1779961333964349967,10.416109379,6.363
preprocess_ms,2_7_opt_bag_2,106,1779961334090099894,10.541859306000001,6.45
preprocess_ms,2_7_opt_bag_2,107,1779961334150573077,10.602332489,5.629
preprocess_ms,2_7_opt_bag_2,108,1779961334229716700,10.681476112,4.581
preprocess_ms,2_7_opt_bag_2,109,1779961334331233361,10.782992773,5.585
preprocess_ms,2_7_opt_bag_2,110,1779961334450340414,10.902099826,7.16
preprocess_ms,2_7_opt_bag_2,111,1779961334538746464,10.990505876,4.844
preprocess_ms,2_7_opt_bag_2,112,1779961334640005395,11.091764807,5.634
preprocess_ms,2_7_opt_bag_2,113,1779961334728186659,11.179946071,4.102
preprocess_ms,2_7_opt_bag_2,114,1779961334823956788,11.275716200000002,4.421
preprocess_ms,2_7_opt_bag_2,115,1779961334939124140,11.390883552,4.889
preprocess_ms,2_7_opt_bag_2,116,1779961335036623210,11.488382622000001,5.836
preprocess_ms,2_7_opt_bag_2,117,1779961335146519329,11.598278741000001,6.139
preprocess_ms,2_7_opt_bag_2,118,1779961335224306800,11.676066212,4.039
preprocess_ms,2_7_opt_bag_2,119,1779961335350178245,11.801937657,5.521
preprocess_ms,2_7_opt_bag_2,120,1779961335449749350,11.901508762,5.826
preprocess_ms,2_7_opt_bag_2,121,1779961335545320977,11.997080389,4.612
preprocess_ms,2_7_opt_bag_2,122,1779961335635385471,12.087144883,6.684
preprocess_ms,2_7_opt_bag_2,123,1779961335738574069,12.190333481000001,4.402
preprocess_ms,2_7_opt_bag_2,124,1779961335828509779,12.280269191,6.495
preprocess_ms,2_7_opt_bag_2,125,1779961335931093293,12.382852705000001,4.905
preprocess_ms,2_7_opt_bag_2,126,1779961336022860929,12.474620341000001,4.715
preprocess_ms,2_7_opt_bag_2,127,1779961336135639713,12.587399125000001,4.526
preprocess_ms,2_7_opt_bag_2,128,1779961336230211201,12.681970613,5.397
preprocess_ms,2_7_opt_bag_2,129,1779961336340215721,12.791975133000001,5.161
preprocess_ms,2_7_opt_bag_2,130,1779961336443919137,12.895678549000001,4.09
preprocess_ms,2_7_opt_bag_2,131,1779961336555319620,13.007079032,4.875
preprocess_ms,2_7_opt_bag_2,132,1779961336635550881,13.087310293000002,5.098
preprocess_ms,2_7_opt_bag_2,133,1779961336729931940,13.181691352000001,6.806
preprocess_ms,2_7_opt_bag_2,134,1779961336818452452,13.270211864,5.256
preprocess_ms,2_7_opt_bag_2,135,1779961336958996598,13.41075601,4.582
preprocess_ms,2_7_opt_bag_2,136,1779961337053311798,13.50507121,7.908
preprocess_ms,2_7_opt_bag_2,137,1779961337127240079,13.578999491000001,5.108
preprocess_ms,2_7_opt_bag_2,138,1779961337245719749,13.697479161,6.216
preprocess_ms,2_7_opt_bag_2,139,1779961337335036562,13.786795974,5.365
preprocess_ms,2_7_opt_bag_2,140,1779961337442289029,13.894048441,5.034
preprocess_ms,2_7_opt_bag_2,141,1779961337546407062,13.998166474000001,4.701
preprocess_ms,2_7_opt_bag_2,142,1779961337637916033,14.089675445000001,4.217
preprocess_ms,2_7_opt_bag_2,143,1779961337738200750,14.189960162,4.149
preprocess_ms,2_7_opt_bag_2,144,1779961337848137221,14.299896633000001,6.425
preprocess_ms,2_7_opt_bag_2,145,1779961337928236343,14.379995755000001,3.686
preprocess_ms,2_7_opt_bag_2,146,1779961338032955593,14.484715005000002,3.607
preprocess_ms,2_7_opt_bag_2,147,1779961338128797863,14.580557275,6.085
preprocess_ms,2_7_opt_bag_2,148,1779961338261227625,14.712987037000001,4.459
preprocess_ms,2_7_opt_bag_2,149,1779961338325621912,14.777381324,6.248
preprocess_ms,2_7_opt_bag_2,150,1779961338439171097,14.890930509,4.311
preprocess_ms,2_7_opt_bag_2,151,1779961338531571870,14.983331282000002,4.601
preprocess_ms,2_7_opt_bag_2,152,1779961338647355188,15.0991146,5.942
preprocess_ms,2_7_opt_bag_2,153,1779961338746668502,15.198427914000002,4.175
preprocess_ms,2_7_opt_bag_2,154,1779961338830238205,15.281997617000002,5.245
preprocess_ms,2_7_opt_bag_2,155,1779961338938505454,15.390264866,4.851
preprocess_ms,2_7_opt_bag_2,156,1779961339026633606,15.478393018,7.876
preprocess_ms,2_7_opt_bag_2,157,1779961339139849871,15.591609283,3.719
preprocess_ms,2_7_opt_bag_2,158,1779961339223948878,15.675708290000001,3.37
preprocess_ms,2_7_opt_bag_2,159,1779961339324100951,15.775860363000001,3.878
preprocess_ms,2_7_opt_bag_2,160,1779961339419331103,15.871090515,5.467
preprocess_ms,2_7_opt_bag_2,161,1779961339548546193,16.000305605,5.664
preprocess_ms,2_7_opt_bag_2,162,1779961339643902467,16.095661879,4.381
preprocess_ms,2_7_opt_bag_2,163,1779961339732174577,16.183933989,7.375
preprocess_ms,2_7_opt_bag_2,164,1779961339856459772,16.308219184000002,5.1
preprocess_ms,2_7_opt_bag_2,165,1779961339966086799,16.417846211,6.406
preprocess_ms,2_7_opt_bag_2,166,1779961340036586434,16.488345846,6.704
preprocess_ms,2_7_opt_bag_2,167,1779961340155873073,16.607632485,4.363
preprocess_ms,2_7_opt_bag_2,168,1779961340225979338,16.67773875,4.53
preprocess_ms,2_7_opt_bag_2,169,1779961340319590344,16.771349756,4.419
preprocess_ms,2_7_opt_bag_2,170,1779961340431786105,16.883545517,4.765
preprocess_ms,2_7_opt_bag_2,171,1779961340527734679,16.979494091,4.699
preprocess_ms,2_7_opt_bag_2,172,1779961340626904035,17.078663447,7.125
preprocess_ms,2_7_opt_bag_2,173,1779961340735177213,17.186936625,4.104
preprocess_ms,2_7_opt_bag_2,174,1779961340856988723,17.308748135000002,4.54
preprocess_ms,2_7_opt_bag_2,175,1779961340972648026,17.424407438,4.214
preprocess_ms,2_7_opt_bag_2,176,1779961341027944765,17.479704177000002,6.353
preprocess_ms,2_7_opt_bag_2,177,1779961341124964416,17.576723828000002,5.395
preprocess_ms,2_7_opt_bag_2,178,1779961341266137039,17.717896451,5.285
preprocess_ms,2_7_opt_bag_2,179,1779961341344240811,17.796000223,6.374
preprocess_ms,2_7_opt_bag_2,180,1779961341437128062,17.888887474,5.591
preprocess_ms,2_7_opt_bag_2,181,1779961341537675502,17.989434914,4.919
preprocess_ms,2_7_opt_bag_2,182,1779961341629855804,18.081615216,4.84
preprocess_ms,2_7_opt_bag_2,183,1779961341750656468,18.20241588,6.127
preprocess_ms,2_7_opt_bag_2,184,1779961341831248397,18.283007809,5.027
preprocess_ms,2_7_opt_bag_2,185,1779961341957299996,18.409059408,4.412
preprocess_ms,2_7_opt_bag_2,186,1779961342046043223,18.497802635000003,3.063
preprocess_ms,2_7_opt_bag_2,187,1779961342153287064,18.605046476000002,5.237
preprocess_ms,2_7_opt_bag_2,188,1779961342272093268,18.72385268,6.86
preprocess_ms,2_7_opt_bag_2,189,1779961342331100132,18.782859544,4.153
preprocess_ms,2_7_opt_bag_2,190,1779961342424875159,18.876634571,3.91
preprocess_ms,2_7_opt_bag_2,191,1779961342526665548,18.97842496,4.596
preprocess_ms,2_7_opt_bag_2,192,1779961342632994058,19.084753470000003,4.701
preprocess_ms,2_7_opt_bag_2,193,1779961342771064581,19.222823993000002,6.396
preprocess_ms,2_7_opt_bag_2,194,1779961342825326145,19.277085557,4.656
preprocess_ms,2_7_opt_bag_2,195,1779961342918499193,19.370258605,3.284
preprocess_ms,2_7_opt_bag_2,196,1779961343030443027,19.482202439,3.907
preprocess_ms,2_7_opt_bag_2,197,1779961343136109062,19.587868474,4.205
preprocess_ms,2_7_opt_bag_2,198,1779961343232026175,19.683785587000003,3.964
preprocess_ms,2_7_opt_bag_2,199,1779961343322120445,19.773879857,4.352
preprocess_ms,2_7_opt_bag_2,200,1779961343453498913,19.905258325000002,5.344
preprocess_ms,2_7_opt_bag_2,201,1779961343567436648,20.019196060000002,6.613
preprocess_ms,2_7_opt_bag_2,202,1779961343650649761,20.102409173,4.648
preprocess_ms,2_7_opt_bag_2,203,1779961343732164007,20.183923419000003,6.746
preprocess_ms,2_7_opt_bag_2,204,1779961343837551248,20.28931066,6.298
preprocess_ms,2_7_opt_bag_2,205,1779961343925814073,20.377573485000003,4.561
preprocess_ms,2_7_opt_bag_2,206,1779961344036564609,20.488324021,5.244
preprocess_ms,2_7_opt_bag_2,207,1779961344126395540,20.578154952000002,6.681
preprocess_ms,2_7_opt_bag_2,208,1779961344236243060,20.688002472,5.835
preprocess_ms,2_7_opt_bag_2,209,1779961344338530089,20.790289501,4.319
preprocess_ms,2_7_opt_bag_2,210,1779961344430995371,20.882754783000003,6.292
preprocess_ms,2_7_opt_bag_2,211,1779961344524375257,20.976134669,3.492
preprocess_ms,2_7_opt_bag_2,212,1779961344636395367,21.088154779,4.436
preprocess_ms,2_7_opt_bag_2,213,1779961344759463532,21.211222944000003,5.63
preprocess_ms,2_7_opt_bag_2,214,1779961344856344819,21.308104231,6.993
preprocess_ms,2_7_opt_bag_2,215,1779961344932508978,21.384268390000003,7.072
preprocess_ms,2_7_opt_bag_2,216,1779961345043620477,21.495379889000002,4.31
preprocess_ms,2_7_opt_bag_2,217,1779961345139683469,21.591442881000003,5.073
preprocess_ms,2_7_opt_bag_2,218,1779961345247316305,21.699075717000003,3.723
preprocess_ms,2_7_opt_bag_2,219,1779961345341288670,21.793048082000002,4.702
preprocess_ms,2_7_opt_bag_2,220,1779961345428950084,21.880709496,4.152
preprocess_ms,2_7_opt_bag_2,221,1779961345529853381,21.981612793,3.802
preprocess_ms,2_7_opt_bag_2,222,1779961345646114824,22.097874236000003,4.571
preprocess_ms,2_7_opt_bag_2,223,1779961345753481041,22.205240453000002,6.097
preprocess_ms,2_7_opt_bag_2,224,1779961345825414747,22.277174159,4.712
preprocess_ms,2_7_opt_bag_2,225,1779961345965090212,22.416849624,8.854
preprocess_ms,2_7_opt_bag_2,226,1779961346058810417,22.510569829,5.772
preprocess_ms,2_7_opt_bag_2,227,1779961346139786852,22.591546264,7.472
preprocess_ms,2_7_opt_bag_2,228,1779961346260371936,22.712131348,7.071
preprocess_ms,2_7_opt_bag_2,229,1779961346330630139,22.782389551,7.122
preprocess_ms,2_7_opt_bag_2,230,1779961346461238568,22.91299798,11.577
preprocess_ms,2_7_opt_bag_2,231,1779961346539619475,22.991378887,4.914
preprocess_ms,2_7_opt_bag_2,232,1779961346651555521,23.103314933,5.969
preprocess_ms,2_7_opt_bag_2,233,1779961346735095270,23.186854682,6.511
preprocess_ms,2_7_opt_bag_2,234,1779961346832301110,23.284060522,7.035
preprocess_ms,2_7_opt_bag_2,235,1779961346951239071,23.402998483,4.136
preprocess_ms,2_7_opt_bag_2,236,1779961347044951785,23.496711197,6.005
preprocess_ms,2_7_opt_bag_2,237,1779961347136901127,23.588660539000003,4.893
preprocess_ms,2_7_opt_bag_2,238,1779961347248385229,23.700144641,5.996
preprocess_ms,2_7_opt_bag_2,239,1779961347353497453,23.805256865,7.271
preprocess_ms,2_7_opt_bag_2,240,1779961347425070221,23.876829633,5.365
preprocess_ms,2_7_opt_bag_2,241,1779961347524883376,23.976642788000003,5.369
preprocess_ms,2_7_opt_bag_2,242,1779961347641186254,24.092945666000002,5.156
preprocess_ms,2_7_opt_bag_2,243,1779961347751718553,24.203477965,7.167
preprocess_ms,2_7_opt_bag_2,244,1779961347832447442,24.284206854,4.952
preprocess_ms,2_7_opt_bag_2,245,1779961347928540206,24.380299618000002,6.158
preprocess_ms,2_7_opt_bag_2,246,1779961348034076007,24.485835419,5.763
preprocess_ms,2_7_opt_bag_2,247,1779961348166144153,24.617903565000002,6.397
preprocess_ms,2_7_opt_bag_2,248,1779961348258931115,24.710690527,4.88
preprocess_ms,2_7_opt_bag_2,249,1779961348352174934,24.803934346000002,5.216
preprocess_ms,2_7_opt_bag_2,250,1779961348452029589,24.903789001,5.893
preprocess_ms,2_7_opt_bag_2,251,1779961348544375820,24.996135232,4.725
preprocess_ms,2_7_opt_bag_2,252,1779961348625473716,25.077233128000003,6.457
preprocess_ms,2_7_opt_bag_2,253,1779961348760022628,25.211782040000003,7.714
preprocess_ms,2_7_opt_bag_2,254,1779961348826964792,25.278724204000003,5.108
preprocess_ms,2_7_opt_bag_2,255,1779961348920924999,25.372684411,3.487
preprocess_ms,2_7_opt_bag_2,256,1779961349061005679,25.512765091000002,5.532
preprocess_ms,2_7_opt_bag_2,257,1779961349130789716,25.582549128,5.503
preprocess_ms,2_7_opt_bag_2,258,1779961349230359384,25.682118796,5.967
preprocess_ms,2_7_opt_bag_2,259,1779961349325739087,25.777498499,4.186
preprocess_ms,2_7_opt_bag_2,260,1779961349461100046,25.912859458000003,6.266
preprocess_ms,2_7_opt_bag_2,261,1779961349557660579,26.009419991,6.527
preprocess_ms,2_7_opt_bag_2,262,1779961349631136257,26.082895669000003,5.111
preprocess_ms,2_7_opt_bag_2,263,1779961349738945222,26.190704634000003,3.84
preprocess_ms,2_7_opt_bag_2,264,1779961349836923786,26.288683198,6.842
preprocess_ms,2_7_opt_bag_2,265,1779961349924630215,26.376389627000002,3.979
preprocess_ms,2_7_opt_bag_2,266,1779961350047112539,26.498871951,4.586
preprocess_ms,2_7_opt_bag_2,267,1779961350127673662,26.579433074,5.149
preprocess_ms,2_7_opt_bag_2,268,1779961350239130355,26.690889767,5.03
preprocess_ms,2_7_opt_bag_2,269,1779961350326037093,26.777796505,5.499
preprocess_ms,2_7_opt_bag_2,270,1779961350433034658,26.88479407,7.155
preprocess_ms,2_7_opt_bag_2,271,1779961350543021230,26.994780642000002,5.002
preprocess_ms,2_7_opt_bag_2,272,1779961350626759126,27.078518538,6.469
preprocess_ms,2_7_opt_bag_2,273,1779961350741562314,27.193321726,4.503
preprocess_ms,2_7_opt_bag_2,274,1779961350819533935,27.271293347,4.701
preprocess_ms,2_7_opt_bag_2,275,1779961350942842738,27.39460215,8.609
preprocess_ms,2_7_opt_bag_2,276,1779961351026900902,27.478660314000003,5.496
preprocess_ms,2_7_opt_bag_2,277,1779961351136945227,27.588704639000003,4.777
preprocess_ms,2_7_opt_bag_2,278,1779961351240099175,27.691858587000002,4.156
preprocess_ms,2_7_opt_bag_2,279,1779961351347723362,27.799482774,6.591
preprocess_ms,2_7_opt_bag_2,280,1779961351436696691,27.888456103000003,5.058
preprocess_ms,2_7_opt_bag_2,281,1779961351529917410,27.981676822,5.716
preprocess_ms,2_7_opt_bag_2,282,1779961351632624748,28.084384160000003,4.213
preprocess_ms,2_7_opt_bag_2,283,1779961351739807751,28.191567163000002,5.664
preprocess_ms,2_7_opt_bag_2,284,1779961351822983614,28.274743026000003,4.424
preprocess_ms,2_7_opt_bag_2,285,1779961351936170513,28.387929925,7.771
preprocess_ms,2_7_opt_bag_2,286,1779961352048338380,28.500097792000002,4.694
preprocess_ms,2_7_opt_bag_2,287,1779961352160487457,28.612246869000003,7.06
preprocess_ms,2_7_opt_bag_2,288,1779961352237185992,28.688945404000002,5.961
preprocess_ms,2_7_opt_bag_2,289,1779961352360941290,28.812700702,6.057
preprocess_ms,2_7_opt_bag_2,290,1779961352450793455,28.902552867,4.006
preprocess_ms,2_7_opt_bag_2,291,1779961352562824364,29.014583776000002,8.635
preprocess_ms,2_7_opt_bag_2,292,1779961352666275143,29.118034555,7.413
preprocess_ms,2_7_opt_bag_2,293,1779961352752885481,29.204644893,4.294
preprocess_ms,2_7_opt_bag_2,294,1779961352832383553,29.284142965,7.183
preprocess_ms,2_7_opt_bag_2,295,1779961352973973451,29.425732863,6.59
preprocess_ms,2_7_opt_bag_2,296,1779961353070928786,29.522688198,7.839
preprocess_ms,2_7_opt_bag_2,297,1779961353151504611,29.603264023,4.479
preprocess_ms,2_7_opt_bag_2,298,1779961353246322553,29.698081965,9.454
preprocess_ms,2_7_opt_bag_2,299,1779961353331880428,29.783639840000003,7.248
preprocess_ms,2_7_opt_bag_2,300,1779961353450566720,29.902326132000002,5.446
preprocess_ms,2_7_opt_bag_2,301,1779961353565972741,30.017732153,6.017
preprocess_ms,2_7_opt_bag_2,302,1779961353638960693,30.090720105000003,6.026
preprocess_ms,2_7_opt_bag_2,303,1779961353763983654,30.215743066,6.211
preprocess_ms,2_7_opt_bag_2,304,1779961353825830524,30.277589936000002,4.601
preprocess_ms,2_7_opt_bag_2,305,1779961353938366310,30.390125722,12.723
preprocess_ms,2_7_opt_bag_2,306,1779961354036080361,30.487839773,4.943
preprocess_ms,2_7_opt_bag_2,307,1779961354150158937,30.601918349,5.354
preprocess_ms,2_7_opt_bag_2,308,1779961354247958300,30.699717712,5.984
preprocess_ms,2_7_opt_bag_2,309,1779961354324638813,30.776398225,5.099
preprocess_ms,2_7_opt_bag_2,310,1779961354445500941,30.897260353000004,6.343
preprocess_ms,2_7_opt_bag_2,311,1779961354557451723,31.009211135,6.391
preprocess_ms,2_7_opt_bag_2,312,1779961354647260561,31.099019973,3.736
preprocess_ms,2_7_opt_bag_2,313,1779961354736599686,31.188359098000003,5.447
preprocess_ms,2_7_opt_bag_2,314,1779961354831583692,31.283343104000004,5.524
preprocess_ms,2_7_opt_bag_2,315,1779961354939207366,31.390966778000003,5.041
preprocess_ms,2_7_opt_bag_2,316,1779961355023314718,31.475074130000003,6.535
preprocess_ms,2_7_opt_bag_2,317,1779961355149579144,31.601338556,5.037
preprocess_ms,2_7_opt_bag_2,318,1779961355225912556,31.677671968000002,5.319
preprocess_ms,2_7_opt_bag_2,319,1779961355331150112,31.782909524,3.605
preprocess_ms,2_7_opt_bag_2,320,1779961355433906653,31.885666065000002,5.405
preprocess_ms,2_7_opt_bag_2,321,1779961355546986533,31.998745945000003,5.309
preprocess_ms,2_7_opt_bag_2,322,1779961355624139825,32.075899237,6.182
preprocess_ms,2_7_opt_bag_2,323,1779961355725829688,32.1775891,4.21
preprocess_ms,2_7_opt_bag_2,324,1779961355835127544,32.286886956000004,5.269
preprocess_ms,2_7_opt_bag_2,325,1779961355927546004,32.379305416,4.917
preprocess_ms,2_7_opt_bag_2,326,1779961356078470927,32.530230339,6.825
preprocess_ms,2_7_opt_bag_2,327,1779961356126911886,32.578671298,5.643
preprocess_ms,2_7_opt_bag_2,328,1779961356256662613,32.708422025000004,7.871
preprocess_ms,2_7_opt_bag_2,329,1779961356332469595,32.784229007,6.887
preprocess_ms,2_7_opt_bag_2,330,1779961356426426300,32.878185712000004,4.935
preprocess_ms,2_7_opt_bag_2,331,1779961356528440864,32.980200276000005,5.833
preprocess_ms,2_7_opt_bag_2,332,1779961356632406897,33.084166309000004,5.305
preprocess_ms,2_7_opt_bag_2,333,1779961356745185708,33.19694512,5.327
preprocess_ms,2_7_opt_bag_2,334,1779961356845120636,33.296880048000006,5.649
preprocess_ms,2_7_opt_bag_2,335,1779961356922507964,33.374267376,4.879
preprocess_ms,2_7_opt_bag_2,336,1779961357036811666,33.488571078,4.871
preprocess_ms,2_7_opt_bag_2,337,1779961357145399775,33.597159187,3.765
preprocess_ms,2_7_opt_bag_2,338,1779961357232307183,33.684066595000004,4.687
preprocess_ms,2_7_opt_bag_2,339,1779961357342207542,33.793966954000005,4.784
preprocess_ms,2_7_opt_bag_2,340,1779961357419615369,33.871374781,4.249
preprocess_ms,2_7_opt_bag_2,341,1779961357553317288,34.005076700000004,7.013
preprocess_ms,2_7_opt_bag_2,342,1779961357655660469,34.107419881000006,8.377
preprocess_ms,2_7_opt_bag_2,343,1779961357746127005,34.197886417,5.615
preprocess_ms,2_7_opt_bag_2,344,1779961357865349970,34.317109382000005,5.609
preprocess_ms,2_7_opt_bag_2,345,1779961357960600525,34.412359937000005,4.255
preprocess_ms,2_7_opt_bag_2,346,1779961358039410005,34.491169417,4.981
preprocess_ms,2_7_opt_bag_2,347,1779961358149698430,34.601457842,6.753
preprocess_ms,2_7_opt_bag_2,348,1779961358227075491,34.678834903,5.486
preprocess_ms,2_7_opt_bag_2,349,1779961358334889432,34.786648844000005,4.982
preprocess_ms,2_7_opt_bag_2,350,1779961358424504305,34.876263717,4.267
preprocess_ms,2_7_opt_bag_2,351,1779961358527682930,34.979442342,5.632
preprocess_ms,2_7_opt_bag_2,352,1779961358640162877,35.091922289,5.99
preprocess_ms,2_7_opt_bag_2,353,1779961358754521262,35.206280674000006,5.747
preprocess_ms,2_7_opt_bag_2,354,1779961358837610526,35.289369938,5.178
preprocess_ms,2_7_opt_bag_2,355,1779961358934854613,35.386614025,4.016
preprocess_ms,2_7_opt_bag_2,356,1779961359023951517,35.475710929,4.219
preprocess_ms,2_7_opt_bag_2,357,1779961359126420955,35.578180367,3.543
preprocess_ms,2_7_opt_bag_2,358,1779961359229092794,35.680852206000004,4.259
preprocess_ms,2_7_opt_bag_2,359,1779961359327582611,35.779342023000005,4.29
preprocess_ms,2_7_opt_bag_2,360,1779961359430069678,35.881829090000004,5.75
preprocess_ms,2_7_opt_bag_2,361,1779961359523596443,35.975355855000004,4.012
preprocess_ms,2_7_opt_bag_2,362,1779961359655181338,36.10694075,4.42
preprocess_ms,2_7_opt_bag_2,363,1779961359724166392,36.175925804,4.041
preprocess_ms,2_7_opt_bag_2,364,1779961359823258330,36.275017742,6.204
preprocess_ms,2_7_opt_bag_2,365,1779961359950840080,36.402599492,5.217
preprocess_ms,2_7_opt_bag_2,366,1779961360057812310,36.509571722000004,4.024
preprocess_ms,2_7_opt_bag_2,367,1779961360144778377,36.596537789,5.243
preprocess_ms,2_7_opt_bag_2,368,1779961360273388395,36.725147807,6.943
preprocess_ms,2_7_opt_bag_2,369,1779961360337334977,36.789094389,4.51
preprocess_ms,2_7_opt_bag_2,370,1779961360429931463,36.881690875000004,6.585
preprocess_ms,2_7_opt_bag_2,371,1779961360555844090,37.007603502,6.303
preprocess_ms,2_7_opt_bag_2,372,1779961360638597300,37.090356712,5.048
preprocess_ms,2_7_opt_bag_2,373,1779961360755690356,37.207449768000004,5.469
preprocess_ms,2_7_opt_bag_2,374,1779961360849515980,37.301275392,7.013
preprocess_ms,2_7_opt_bag_2,375,1779961360928603685,37.380363097,4.506
preprocess_ms,2_7_opt_bag_2,376,1779961361039049659,37.490809071,4.276
preprocess_ms,2_7_opt_bag_2,377,1779961361143251631,37.595011043,7.917
preprocess_ms,2_7_opt_bag_2,378,1779961361245679296,37.697438708,5.188
preprocess_ms,2_7_opt_bag_2,379,1779961361344360425,37.796119837,4.811
preprocess_ms,2_7_opt_bag_2,380,1779961361432322722,37.884082134,4.005
preprocess_ms,2_7_opt_bag_2,381,1779961361531352692,37.983112104,7.636
preprocess_ms,2_7_opt_bag_2,382,1779961361634593010,38.086352422000004,5.294
preprocess_ms,2_7_opt_bag_2,383,1779961361755781066,38.207540478000006,5.853
preprocess_ms,2_7_opt_bag_2,384,1779961361840295608,38.29205502,4.665
preprocess_ms,2_7_opt_bag_2,385,1779961361964981225,38.416740637000004,4.98
preprocess_ms,2_7_opt_bag_2,386,1779961362045000818,38.49676023,5.962
preprocess_ms,2_7_opt_bag_2,387,1779961362148717940,38.600477352000006,5.125
preprocess_ms,2_7_opt_bag_2,388,1779961362256820128,38.70857954,4.856
preprocess_ms,2_7_opt_bag_2,389,1779961362330248287,38.782007699000005,5.164
preprocess_ms,2_7_opt_bag_2,390,1779961362422317209,38.874076621,4.757
preprocess_ms,2_7_opt_bag_2,391,1779961362530429016,38.982188428,9.969
preprocess_ms,2_7_opt_bag_2,392,1779961362625829575,39.077588987000006,4.998
preprocess_ms,2_7_opt_bag_2,393,1779961362769627736,39.221387148000005,6.31
preprocess_ms,2_7_opt_bag_2,394,1779961362837128545,39.288887957,6.218
preprocess_ms,2_7_opt_bag_2,395,1779961362920368844,39.372128256,4.226
preprocess_ms,2_7_opt_bag_2,396,1779961363031752534,39.483511946,5.954
preprocess_ms,2_7_opt_bag_2,397,1779961363152653703,39.604413115,5.663
preprocess_ms,2_7_opt_bag_2,398,1779961363227370775,39.679130187000005,5.594
preprocess_ms,2_7_opt_bag_2,399,1779961363352784092,39.804543504,5.915
preprocess_ms,2_7_opt_bag_2,400,1779961363431081779,39.882841191000004,5.749
preprocess_ms,2_7_opt_bag_2,401,1779961363514599914,39.966359326,3.699
preprocess_ms,2_7_opt_bag_2,402,1779961363621305777,40.073065189000005,4.137
preprocess_ms,2_7_opt_bag_2,403,1779961363729879586,40.181638998000004,3.708
preprocess_ms,2_7_opt_bag_2,404,1779961363857282054,40.309041466000004,4.954
preprocess_ms,2_7_opt_bag_2,405,1779961363923836094,40.375595506,5.11
preprocess_ms,2_7_opt_bag_2,406,1779961364026432626,40.478192038,4.054
preprocess_ms,2_7_opt_bag_2,407,1779961364133957800,40.585717212000006,5.241
preprocess_ms,2_7_opt_bag_2,408,1779961364232276122,40.684035534,11.128
preprocess_ms,2_7_opt_bag_2,409,1779961364321734638,40.773494050000004,5.128
preprocess_ms,2_7_opt_bag_2,410,1779961364448643551,40.900402963000005,6.136
preprocess_ms,2_7_opt_bag_2,411,1779961364556006745,41.007766157000006,5.767
preprocess_ms,2_7_opt_bag_2,412,1779961364662147658,41.11390707,10.057
preprocess_ms,2_7_opt_bag_2,413,1779961364763941119,41.215700531,5.481
preprocess_ms,2_7_opt_bag_2,414,1779961364844213698,41.295973110000006,4.087
preprocess_ms,2_7_opt_bag_2,415,1779961364965463531,41.417222943000006,4.903
preprocess_ms,2_7_opt_bag_2,416,1779961365062584855,41.514344267000006,5.675
preprocess_ms,2_7_opt_bag_2,417,1779961365143991233,41.595750645,4.75
preprocess_ms,2_7_opt_bag_2,418,1779961365231746595,41.683506007000005,5.399
preprocess_ms,2_7_opt_bag_2,419,1779961365333127232,41.784886644000004,4.164
preprocess_ms,2_7_opt_bag_2,420,1779961365448637021,41.900396433000004,4.597
preprocess_ms,2_7_opt_bag_2,421,1779961365531892561,41.983651973,5.101
preprocess_ms,2_7_opt_bag_2,422,1779961365624407655,42.076167067,4.985
preprocess_ms,2_7_opt_bag_2,423,1779961365719694101,42.171453513,3.87
preprocess_ms,2_7_opt_bag_2,424,1779961365875577808,42.327337220000004,6.039
preprocess_ms,2_7_opt_bag_2,425,1779961365957996397,42.409755809,4.844
preprocess_ms,2_7_opt_bag_2,426,1779961366039485390,42.491244802000004,4.325
preprocess_ms,2_7_opt_bag_2,427,1779961366146874502,42.598633914000004,5.29
preprocess_ms,2_7_opt_bag_2,428,1779961366227198381,42.678957793,6.007
preprocess_ms,2_7_opt_bag_2,429,1779961366345725326,42.797484738,4.748
preprocess_ms,2_7_opt_bag_2,430,1779961366462024061,42.913783473,11.081
preprocess_ms,2_7_opt_bag_2,431,1779961366522655609,42.974415021000006,3.893
preprocess_ms,2_7_opt_bag_2,432,1779961366637965169,43.089724581000006,4.956
preprocess_ms,2_7_opt_bag_2,433,1779961366738435725,43.190195137,4.623
preprocess_ms,2_7_opt_bag_2,434,1779961366850973779,43.302733191,4.469
preprocess_ms,2_7_opt_bag_2,435,1779961366924001021,43.375760433,5.874
preprocess_ms,2_7_opt_bag_2,436,1779961367028709960,43.480469372,4.022
preprocess_ms,2_7_opt_bag_2,437,1779961367127958872,43.579718284,5.18
preprocess_ms,2_7_opt_bag_2,438,1779961367245644107,43.697403519000005,4.054
preprocess_ms,2_7_opt_bag_2,439,1779961367375548172,43.827307584,6.856
preprocess_ms,2_7_opt_bag_2,440,1779961367448373873,43.900133285,6.504
preprocess_ms,2_7_opt_bag_2,441,1779961367531870350,43.983629762,4.419
preprocess_ms,2_7_opt_bag_2,442,1779961367637594589,44.089354001000004,5.614
preprocess_ms,2_7_opt_bag_2,443,1779961367728592576,44.180351988000005,5.444
preprocess_ms,2_7_opt_bag_2,444,1779961367844731368,44.296490780000006,3.76
preprocess_ms,2_7_opt_bag_2,445,1779961367946191349,44.397950761000004,5.236
preprocess_ms,2_7_opt_bag_2,446,1779961368040683610,44.492443022,6.381
preprocess_ms,2_7_opt_bag_2,447,1779961368146489341,44.598248753,3.588
preprocess_ms,2_7_opt_bag_2,448,1779961368228554873,44.680314285,6.776
preprocess_ms,2_7_opt_bag_2,449,1779961368325731733,44.777491145000006,3.959
preprocess_ms,2_7_opt_bag_2,450,1779961368423601575,44.875360987,3.985
preprocess_ms,2_7_opt_bag_2,451,1779961368563521815,45.015281227,9.35
preprocess_ms,2_7_opt_bag_2,452,1779961368630923097,45.082682509,7.358
preprocess_ms,2_7_opt_bag_2,453,1779961368758296307,45.210055719,5.859
preprocess_ms,2_7_opt_bag_2,454,1779961368824518397,45.276277809,5.426
preprocess_ms,2_7_opt_bag_2,455,1779961368934931096,45.386690508,4.312
preprocess_ms,2_7_opt_bag_2,456,1779961369040504399,45.492263811,4.953
preprocess_ms,2_7_opt_bag_2,457,1779961369129575147,45.581334559000005,6.367
preprocess_ms,2_7_opt_bag_2,458,1779961369224660329,45.676419741000004,5.379
preprocess_ms,2_7_opt_bag_2,459,1779961369322208404,45.773967816,5.086
preprocess_ms,2_7_opt_bag_2,460,1779961369455317555,45.907076967,6.412
preprocess_ms,2_7_opt_bag_2,461,1779961369554111977,46.005871389000006,5.633
preprocess_ms,2_7_opt_bag_2,462,1779961369645310174,46.097069586,4.77
preprocess_ms,2_7_opt_bag_2,463,1779961369747137742,46.198897154,4.803
preprocess_ms,2_7_opt_bag_2,464,1779961369835468428,46.28722784,6.638
preprocess_ms,2_7_opt_bag_2,465,1779961369926440842,46.378200254,5.884
preprocess_ms,2_7_opt_bag_2,466,1779961370040181856,46.491941268000005,3.745
preprocess_ms,2_7_opt_bag_2,467,1779961370135310969,46.587070381000004,6.057
preprocess_ms,2_7_opt_bag_2,468,1779961370246763506,46.698522918,4.23
preprocess_ms,2_7_opt_bag_2,469,1779961370328455413,46.780214825,3.72
preprocess_ms,2_7_opt_bag_2,470,1779961370420725666,46.872485078000004,4.755
preprocess_ms,2_7_opt_bag_2,471,1779961370523309875,46.975069287000004,5.084
preprocess_ms,2_7_opt_bag_2,472,1779961370647072615,47.098832027,18.155
preprocess_ms,2_7_opt_bag_2,473,1779961370750567346,47.202326758000005,4.429
preprocess_ms,2_7_opt_bag_2,474,1779961370873460293,47.325219705,4.432
preprocess_ms,2_7_opt_bag_2,475,1779961370945784105,47.397543517,4.798
preprocess_ms,2_7_opt_bag_2,476,1779961371036667441,47.488426853,5.554
preprocess_ms,2_7_opt_bag_2,477,1779961371137360073,47.589119485000005,7.434
preprocess_ms,2_7_opt_bag_2,478,1779961371226420714,47.678180126,4.557
preprocess_ms,2_7_opt_bag_2,479,1779961371350225622,47.801985034000005,4.633
preprocess_ms,2_7_opt_bag_2,480,1779961371428796885,47.880556297000005,5.424
preprocess_ms,2_7_opt_bag_2,481,1779961371562425558,48.01418497,5.778
preprocess_ms,2_7_opt_bag_2,482,1779961371642374407,48.094133819,5.212
preprocess_ms,2_7_opt_bag_2,483,1779961371755590745,48.207350157,5.565
preprocess_ms,2_7_opt_bag_2,484,1779961371822577556,48.274336968,4.963
preprocess_ms,2_7_opt_bag_2,485,1779961371927230316,48.378989728,5.519
preprocess_ms,2_7_opt_bag_2,486,1779961372053523098,48.50528251,4.952
preprocess_ms,2_7_opt_bag_2,487,1779961372134186240,48.585945652,4.321
preprocess_ms,2_7_opt_bag_2,488,1779961372238305938,48.690065350000005,5.37
preprocess_ms,2_7_opt_bag_2,489,1779961372327038668,48.77879808,5.747
preprocess_ms,2_7_opt_bag_2,490,1779961372423444774,48.875204186000005,4.123
preprocess_ms,2_7_opt_bag_2,491,1779961372551163118,49.002922530000006,5.989
preprocess_ms,2_7_opt_bag_2,492,1779961372624877857,49.076637269,7.088
preprocess_ms,2_7_opt_bag_2,493,1779961372737823098,49.18958251,3.671
preprocess_ms,2_7_opt_bag_2,494,1779961372854345199,49.306104611,6.403
preprocess_ms,2_7_opt_bag_2,495,1779961372946675896,49.398435308,4.865
preprocess_ms,2_7_opt_bag_2,496,1779961373035242598,49.487002010000005,5.085
preprocess_ms,2_7_opt_bag_2,497,1779961373120893640,49.572653052,4.639
preprocess_ms,2_7_opt_bag_2,498,1779961373223638035,49.675397447,5.063
preprocess_ms,2_7_opt_bag_2,499,1779961373345420435,49.797179847,4.475
preprocess_ms,2_7_opt_bag_2,500,1779961373452197544,49.903956956,1.876
preprocess_ms,2_7_opt_bag_2,501,1779961373538936701,49.990696113000006,4.975
preprocess_ms,2_7_opt_bag_2,502,1779961373627358764,50.079118176,4.479
preprocess_ms,2_7_opt_bag_2,503,1779961373730494541,50.182253953,7.42
preprocess_ms,2_7_opt_bag_2,504,1779961373826202773,50.277962185,4.446
preprocess_ms,2_7_opt_bag_2,505,1779961373944474297,50.396233709,5.927
preprocess_ms,2_7_opt_bag_2,506,1779961374039066606,50.490826018,4.849
preprocess_ms,2_7_opt_bag_2,507,1779961374147570475,50.599329887,4.944
preprocess_ms,2_7_opt_bag_2,508,1779961374222053878,50.673813290000005,4.047
preprocess_ms,2_7_opt_bag_2,509,1779961374330848502,50.782607914,4.541
preprocess_ms,2_7_opt_bag_2,510,1779961374438665008,50.89042442,4.456
preprocess_ms,2_7_opt_bag_2,511,1779961374525282702,50.977042114,5.818
preprocess_ms,2_7_opt_bag_2,512,1779961374645737988,51.0974974,5.307
preprocess_ms,2_7_opt_bag_2,513,1779961374738228752,51.189988164000006,5.178
preprocess_ms,2_7_opt_bag_2,514,1779961374853060540,51.304819952,6.482
preprocess_ms,2_7_opt_bag_2,515,1779961374926984030,51.378743442,3.988
preprocess_ms,2_7_opt_bag_2,516,1779961375030752887,51.482512299,5.058
preprocess_ms,2_7_opt_bag_2,517,1779961375140874966,51.59263437800001,5.342
preprocess_ms,2_7_opt_bag_2,518,1779961375253286880,51.705046292000006,6.217
preprocess_ms,2_7_opt_bag_2,519,1779961375344955787,51.796715199000005,5.468
preprocess_ms,2_7_opt_bag_2,520,1779961375436220379,51.88797979100001,5.334
preprocess_ms,2_7_opt_bag_2,521,1779961375523647474,51.975406886,6.831
preprocess_ms,2_7_opt_bag_2,522,1779961375615798356,52.067557768,3.603
preprocess_ms,2_7_opt_bag_2,523,1779961375735725521,52.187484933,4.835
preprocess_ms,2_7_opt_bag_2,524,1779961375821763623,52.273523035000004,5.027
preprocess_ms,2_7_opt_bag_2,525,1779961375929792851,52.381552263,6.772
preprocess_ms,2_7_opt_bag_2,526,1779961376015565500,52.467324912,3.118
preprocess_ms,2_7_opt_bag_2,527,1779961376122747243,52.574506655,7.385
preprocess_ms,2_7_opt_bag_2,528,1779961376259361115,52.711120527000006,5.649
preprocess_ms,2_7_opt_bag_2,529,1779961376351124046,52.802883458000004,6.826
preprocess_ms,2_7_opt_bag_2,530,1779961376446884206,52.898643618,5.365
preprocess_ms,2_7_opt_bag_2,531,1779961376534784588,52.986544,5.091
preprocess_ms,2_7_opt_bag_2,532,1779961376626826144,53.078585556,6.713
preprocess_ms,2_7_opt_bag_2,533,1779961376731296031,53.183055443,4.027
preprocess_ms,2_7_opt_bag_2,534,1779961376827415827,53.279175239000004,6.869
preprocess_ms,2_7_opt_bag_2,535,1779961376947256312,53.399015724,5.152
preprocess_ms,2_7_opt_bag_2,536,1779961377029395661,53.481155073000004,6.993
preprocess_ms,2_7_opt_bag_2,537,1779961377131100135,53.582859547000005,5.743
preprocess_ms,2_7_opt_bag_2,538,1779961377230890795,53.682650207,3.939
preprocess_ms,2_7_opt_bag_2,539,1779961377335434852,53.787194264,4.555
preprocess_ms,2_7_opt_bag_2,540,1779961377438701483,53.890460895000004,3.63
preprocess_ms,2_7_opt_bag_2,541,1779961377595072550,54.046831962000006,4.339
preprocess_ms,2_7_opt_bag_2,542,1779961377631234126,54.082993538000004,6.048
preprocess_ms,2_7_opt_bag_2,543,1779961377747772852,54.199532264000005,3.457
preprocess_ms,2_7_opt_bag_2,544,1779961377835203498,54.28696291000001,5.896
preprocess_ms,2_7_opt_bag_2,545,1779961377923036207,54.374795619000004,4.776
preprocess_ms,2_7_opt_bag_2,546,1779961378023050707,54.474810119000004,4.944
preprocess_ms,2_7_opt_bag_2,547,1779961378127014868,54.578774280000005,5.042
preprocess_ms,2_7_opt_bag_2,548,1779961378225392762,54.67715217400001,5.798
preprocess_ms,2_7_opt_bag_2,549,1779961378316434226,54.76819363800001,4.334
preprocess_ms,2_7_opt_bag_2,550,1779961378458230238,54.90998965,6.156
preprocess_ms,2_7_opt_bag_2,551,1779961378548816588,55.000576,20.052
preprocess_ms,2_7_opt_bag_2,552,1779961378642541604,55.094301016,4.033
preprocess_ms,2_7_opt_bag_2,553,1779961378722593488,55.1743529,6.251
preprocess_ms,2_7_opt_bag_2,554,1779961378852100891,55.303860303,4.494
preprocess_ms,2_7_opt_bag_2,555,1779961378975016983,55.426776395000005,3.895
preprocess_ms,2_7_opt_bag_2,556,1779961379054774412,55.506533824,4.486
preprocess_ms,2_7_opt_bag_2,557,1779961379158551814,55.610311226,5.806
preprocess_ms,2_7_opt_bag_2,558,1779961379222671139,55.674430551,4.159
preprocess_ms,2_7_opt_bag_2,559,1779961379332043290,55.783802702,4.301
preprocess_ms,2_7_opt_bag_2,560,1779961379445807342,55.897566754,3.536
preprocess_ms,2_7_opt_bag_2,561,1779961379528345685,55.980105097000006,4.368
preprocess_ms,2_7_opt_bag_2,562,1779961379645132187,56.096891599,6.954
preprocess_ms,2_7_opt_bag_2,563,1779961379739431602,56.191191014000005,7.241
preprocess_ms,2_7_opt_bag_2,564,1779961379856374409,56.308133821000006,6.368
preprocess_ms,2_7_opt_bag_2,565,1779961379938291985,56.390051397,4.776
preprocess_ms,2_7_opt_bag_2,566,1779961380030499004,56.482258416,4.707
preprocess_ms,2_7_opt_bag_2,567,1779961380154844369,56.606603781000004,5.796
preprocess_ms,2_7_opt_bag_2,568,1779961380225359298,56.67711871,5.714
preprocess_ms,2_7_opt_bag_2,569,1779961380342282265,56.794041677,5.145
preprocess_ms,2_7_opt_bag_2,570,1779961380426225614,56.877985026000005,6.023
preprocess_ms,2_7_opt_bag_2,571,1779961380567174255,57.018933667000006,6.416
preprocess_ms,2_7_opt_bag_2,572,1779961380682293039,57.134052451,8.275
preprocess_ms,2_7_opt_bag_2,573,1779961380741467480,57.193226892000006,3.902
preprocess_ms,2_7_opt_bag_2,574,1779961380838180500,57.289939912,4.918
preprocess_ms,2_7_opt_bag_2,575,1779961380927467934,57.379227346,4.185
preprocess_ms,2_7_opt_bag_2,576,1779961381041050373,57.492809785000006,3.979
preprocess_ms,2_7_opt_bag_2,577,1779961381120907258,57.572666670000004,4.377
preprocess_ms,2_7_opt_bag_2,578,1779961381233345952,57.685105364,3.859
preprocess_ms,2_7_opt_bag_2,579,1779961381360549081,57.812308493,4.903
preprocess_ms,2_7_opt_bag_2,580,1779961381433603089,57.885362501,3.405
preprocess_ms,2_7_opt_bag_2,581,1779961381548943152,58.000702564,4.709
preprocess_ms,2_7_opt_bag_2,582,1779961381625292458,58.077051870000005,4.68
preprocess_ms,2_7_opt_bag_2,583,1779961381726445728,58.17820514,4.21
preprocess_ms,2_7_opt_bag_2,584,1779961381834135755,58.28589516700001,5.545
preprocess_ms,2_7_opt_bag_2,585,1779961381935666343,58.387425755,4.771
preprocess_ms,2_7_opt_bag_2,586,1779961382026211416,58.477970828000004,5.565
preprocess_ms,2_7_opt_bag_2,587,1779961382129694740,58.581454152000006,4.572
preprocess_ms,2_7_opt_bag_2,588,1779961382240293282,58.692052694000004,3.6
preprocess_ms,2_7_opt_bag_2,589,1779961382329657486,58.781416898,5.06
preprocess_ms,2_7_opt_bag_2,590,1779961382422655858,58.87441527000001,5.109
preprocess_ms,2_7_opt_bag_2,591,1779961382531924088,58.983683500000005,4.036
preprocess_ms,2_7_opt_bag_2,592,1779961382633237814,59.084997226000006,4.641
preprocess_ms,2_7_opt_bag_2,593,1779961382739082242,59.190841654,4.741
preprocess_ms,2_7_opt_bag_2,594,1779961382816590104,59.268349516,3.699
preprocess_ms,2_7_opt_bag_3,0,1779961417111604235,0.0,2.199
preprocess_ms,2_7_opt_bag_3,1,1779961417157054723,0.045450488000000004,3.548
preprocess_ms,2_7_opt_bag_3,2,1779961417253910330,0.14230609500000002,4.727
preprocess_ms,2_7_opt_bag_3,3,1779961417375175209,0.263570974,6.679
preprocess_ms,2_7_opt_bag_3,4,1779961417489437620,0.377833385,6.183
preprocess_ms,2_7_opt_bag_3,5,1779961417558277531,0.44667329600000005,6.58
preprocess_ms,2_7_opt_bag_3,6,1779961417659127359,0.547523124,4.816
preprocess_ms,2_7_opt_bag_3,7,1779961417770359933,0.658755698,6.393
preprocess_ms,2_7_opt_bag_3,8,1779961417870122125,0.75851789,5.697
preprocess_ms,2_7_opt_bag_3,9,1779961417964630587,0.8530263520000001,4.095
preprocess_ms,2_7_opt_bag_3,10,1779961418086668964,0.9750647290000001,4.826
preprocess_ms,2_7_opt_bag_3,11,1779961418181502451,1.0698982160000001,6.45
preprocess_ms,2_7_opt_bag_3,12,1779961418282942221,1.1713379860000002,5.046
preprocess_ms,2_7_opt_bag_3,13,1779961418362577776,1.250973541,3.588
preprocess_ms,2_7_opt_bag_3,14,1779961418484836048,1.373231813,5.727
preprocess_ms,2_7_opt_bag_3,15,1779961418550450644,1.4388464090000002,5.573
preprocess_ms,2_7_opt_bag_3,16,1779961418663402479,1.551798244,6.016
preprocess_ms,2_7_opt_bag_3,17,1779961418770275471,1.658671236,4.614
preprocess_ms,2_7_opt_bag_3,18,1779961418860716588,1.7491123530000001,5.24
preprocess_ms,2_7_opt_bag_3,19,1779961418979829456,1.868225221,4.658
preprocess_ms,2_7_opt_bag_3,20,1779961419068266525,1.9566622900000001,4.738
preprocess_ms,2_7_opt_bag_3,21,1779961419172758772,2.061154537,6.778
preprocess_ms,2_7_opt_bag_3,22,1779961419257252119,2.145647884,5.816
preprocess_ms,2_7_opt_bag_3,23,1779961419356437147,2.244832912,3.286
preprocess_ms,2_7_opt_bag_3,24,1779961419456139568,2.344535333,5.87
preprocess_ms,2_7_opt_bag_3,25,1779961419559409420,2.447805185,3.714
preprocess_ms,2_7_opt_bag_3,26,1779961419654362990,2.5427587550000004,4.75
preprocess_ms,2_7_opt_bag_3,27,1779961419769347218,2.6577429830000003,5.073
preprocess_ms,2_7_opt_bag_3,28,1779961419853435677,2.741831442,4.059
preprocess_ms,2_7_opt_bag_3,29,1779961419990833565,2.8792293300000003,4.033
preprocess_ms,2_7_opt_bag_3,30,1779961420076382423,2.9647781880000004,9.165
preprocess_ms,2_7_opt_bag_3,31,1779961420181929338,3.070325103,7.733
preprocess_ms,2_7_opt_bag_3,32,1779961420270313509,3.158709274,4.019
preprocess_ms,2_7_opt_bag_3,33,1779961420362073668,3.250469433,4.119
preprocess_ms,2_7_opt_bag_3,34,1779961420470835268,3.3592310330000004,4.47
preprocess_ms,2_7_opt_bag_3,35,1779961420572911350,3.4613071150000003,5.284
preprocess_ms,2_7_opt_bag_3,36,1779961420679551432,3.567947197,5.088
preprocess_ms,2_7_opt_bag_3,37,1779961420753362648,3.6417584130000002,4.08
preprocess_ms,2_7_opt_bag_3,38,1779961420893178116,3.7815738810000004,6.619
preprocess_ms,2_7_opt_bag_3,39,1779961420962805901,3.851201666,4.835
preprocess_ms,2_7_opt_bag_3,40,1779961421089990247,3.978386012,9.359
preprocess_ms,2_7_opt_bag_3,41,1779961421173326338,4.061722103,5.888
preprocess_ms,2_7_opt_bag_3,42,1779961421251134540,4.139530305,4.971
preprocess_ms,2_7_opt_bag_3,43,1779961421357848745,4.24624451,4.495
preprocess_ms,2_7_opt_bag_3,44,1779961421476951978,4.365347743,6.226
preprocess_ms,2_7_opt_bag_3,45,1779961421588629760,4.477025525,7.572
preprocess_ms,2_7_opt_bag_3,46,1779961421671095983,4.559491748,6.267
preprocess_ms,2_7_opt_bag_3,47,1779961421764869224,4.653264989,5.502
preprocess_ms,2_7_opt_bag_3,48,1779961421900974451,4.789370216,6.594
preprocess_ms,2_7_opt_bag_3,49,1779961421953451818,4.841847583000001,4.218
preprocess_ms,2_7_opt_bag_3,50,1779961422051529919,4.939925684,6.265
preprocess_ms,2_7_opt_bag_3,51,1779961422171540076,5.059935841000001,5.329
preprocess_ms,2_7_opt_bag_3,52,1779961422273929436,5.162325201000001,4.732
preprocess_ms,2_7_opt_bag_3,53,1779961422383098415,5.27149418,5.706
preprocess_ms,2_7_opt_bag_3,54,1779961422466920652,5.355316417,4.798
preprocess_ms,2_7_opt_bag_3,55,1779961422563839942,5.452235707000001,5.692
preprocess_ms,2_7_opt_bag_3,56,1779961422664357456,5.552753221000001,5.637
preprocess_ms,2_7_opt_bag_3,57,1779961422757287211,5.645682976000001,4.564
preprocess_ms,2_7_opt_bag_3,58,1779961422857721988,5.746117753,6.851
preprocess_ms,2_7_opt_bag_3,59,1779961422964119819,5.852515584000001,4.666
preprocess_ms,2_7_opt_bag_3,60,1779961423099001424,5.987397189,5.336
preprocess_ms,2_7_opt_bag_3,61,1779961423161885131,6.050280896,3.843
preprocess_ms,2_7_opt_bag_3,62,1779961423292184885,6.1805806500000005,6.258
preprocess_ms,2_7_opt_bag_3,63,1779961423353283346,6.241679111000001,3.949
preprocess_ms,2_7_opt_bag_3,64,1779961423500279535,6.3886753,6.457
preprocess_ms,2_7_opt_bag_3,65,1779961423565241013,6.453636778000001,5.066
preprocess_ms,2_7_opt_bag_3,66,1779961423663387469,6.551783234,5.519
preprocess_ms,2_7_opt_bag_3,67,1779961423759140180,6.6475359450000004,5.739
preprocess_ms,2_7_opt_bag_3,68,1779961423869063683,6.7574594480000005,6.538
preprocess_ms,2_7_opt_bag_3,69,1779961423976379223,6.864774988000001,6.878
preprocess_ms,2_7_opt_bag_3,70,1779961424053751934,6.942147699,3.722
preprocess_ms,2_7_opt_bag_3,71,1779961424174545410,7.062941175000001,5.304
preprocess_ms,2_7_opt_bag_3,72,1779961424271478186,7.159873951000001,5.352
preprocess_ms,2_7_opt_bag_3,73,1779961424361035439,7.249431204,3.565
preprocess_ms,2_7_opt_bag_3,74,1779961424464612929,7.353008694000001,4.278
preprocess_ms,2_7_opt_bag_3,75,1779961424568774085,7.4571698500000005,5.479
preprocess_ms,2_7_opt_bag_3,76,1779961424685209191,7.5736049560000005,7.483
preprocess_ms,2_7_opt_bag_3,77,1779961424761637392,7.650033157,5.214
preprocess_ms,2_7_opt_bag_3,78,1779961424879928175,7.76832394,4.313
preprocess_ms,2_7_opt_bag_3,79,1779961424954026399,7.842422164,5.706
preprocess_ms,2_7_opt_bag_3,80,1779961425094694400,7.983090165,5.311
preprocess_ms,2_7_opt_bag_3,81,1779961425197051053,8.085446818000001,5.134
preprocess_ms,2_7_opt_bag_3,82,1779961425255288713,8.143684478,6.344
preprocess_ms,2_7_opt_bag_3,83,1779961425367364122,8.255759887,4.911
preprocess_ms,2_7_opt_bag_3,84,1779961425471680239,8.360076004,5.175
preprocess_ms,2_7_opt_bag_3,85,1779961425580867524,8.469263289,8.085
preprocess_ms,2_7_opt_bag_3,86,1779961425663797541,8.552193306000001,6.005
preprocess_ms,2_7_opt_bag_3,87,1779961425752406232,8.640801997,3.564
preprocess_ms,2_7_opt_bag_3,88,1779961425884772081,8.773167846,19.041
preprocess_ms,2_7_opt_bag_3,89,1779961425989373958,8.877769723,4.391
preprocess_ms,2_7_opt_bag_3,90,1779961426083026066,8.971421831,6.522
preprocess_ms,2_7_opt_bag_3,91,1779961426175493973,9.063889738,7.573
preprocess_ms,2_7_opt_bag_3,92,1779961426301125612,9.189521377,6.688
preprocess_ms,2_7_opt_bag_3,93,1779961426370452421,9.258848186,2.362
preprocess_ms,2_7_opt_bag_3,94,1779961426468791337,9.357187102000001,5.407
preprocess_ms,2_7_opt_bag_3,95,1779961426561642619,9.450038384,5.327
preprocess_ms,2_7_opt_bag_3,96,1779961426678770527,9.567166292000001,4.972
preprocess_ms,2_7_opt_bag_3,97,1779961426763803661,9.652199426000001,4.667
preprocess_ms,2_7_opt_bag_3,98,1779961426865965923,9.754361688000001,7.428
preprocess_ms,2_7_opt_bag_3,99,1779961426955454610,9.843850375,7.169
preprocess_ms,2_7_opt_bag_3,100,1779961427072693472,9.961089237000001,6.728
preprocess_ms,2_7_opt_bag_3,101,1779961427164893585,10.05328935,4.988
preprocess_ms,2_7_opt_bag_3,102,1779961427271952313,10.160348078,7.74
preprocess_ms,2_7_opt_bag_3,103,1779961427354242486,10.242638251,9.776
preprocess_ms,2_7_opt_bag_3,104,1779961427469363666,10.357759431,5.363
preprocess_ms,2_7_opt_bag_3,105,1779961427568433542,10.456829307000001,6.057
preprocess_ms,2_7_opt_bag_3,106,1779961427664174588,10.552570353,7.201
preprocess_ms,2_7_opt_bag_3,107,1779961427751424355,10.639820120000001,5.942
preprocess_ms,2_7_opt_bag_3,108,1779961427858371203,10.746766968000001,4.618
preprocess_ms,2_7_opt_bag_3,109,1779961427996131205,10.884526970000001,6.008
preprocess_ms,2_7_opt_bag_3,110,1779961428095092527,10.983488292,8.067
preprocess_ms,2_7_opt_bag_3,111,1779961428190190654,11.078586419,5.646
preprocess_ms,2_7_opt_bag_3,112,1779961428280562073,11.168957838,3.804
preprocess_ms,2_7_opt_bag_3,113,1779961428353643084,11.242038849,3.202
preprocess_ms,2_7_opt_bag_3,114,1779961428464768632,11.353164397,5.542
preprocess_ms,2_7_opt_bag_3,115,1779961428575796723,11.464192488,6.38
preprocess_ms,2_7_opt_bag_3,116,1779961428658430031,11.546825796,3.529
preprocess_ms,2_7_opt_bag_3,117,1779961428751421085,11.63981685,5.241
preprocess_ms,2_7_opt_bag_3,118,1779961428857504536,11.745900301,3.909
preprocess_ms,2_7_opt_bag_3,119,1779961428984775702,11.873171467,3.44
preprocess_ms,2_7_opt_bag_3,120,1779961429059337817,11.947733582000001,4.649
preprocess_ms,2_7_opt_bag_3,121,1779961429218592538,12.106988303000001,8.468
preprocess_ms,2_7_opt_bag_3,122,1779961429262848048,12.151243813,4.21
preprocess_ms,2_7_opt_bag_3,123,1779961429359004850,12.247400615,4.393
preprocess_ms,2_7_opt_bag_3,124,1779961429470859283,12.359255048000001,6.282
preprocess_ms,2_7_opt_bag_3,125,1779961429551847705,12.44024347,4.326
preprocess_ms,2_7_opt_bag_3,126,1779961429681760868,12.570156633000002,6.103
preprocess_ms,2_7_opt_bag_3,127,1779961429781086240,12.669482005,5.666
preprocess_ms,2_7_opt_bag_3,128,1779961429902558550,12.790954315,5.613
preprocess_ms,2_7_opt_bag_3,129,1779961429985264571,12.873660336,4.47
preprocess_ms,2_7_opt_bag_3,130,1779961430071538470,12.959934235,5.005
preprocess_ms,2_7_opt_bag_3,131,1779961430161910363,13.050306128,4.395
preprocess_ms,2_7_opt_bag_3,132,1779961430299632236,13.188028001000001,4.609
preprocess_ms,2_7_opt_bag_3,133,1779961430350729153,13.239124918000002,4.271
preprocess_ms,2_7_opt_bag_3,134,1779961430452123819,13.340519584,10.239
preprocess_ms,2_7_opt_bag_3,135,1779961430566730983,13.455126748000001,4.152
preprocess_ms,2_7_opt_bag_3,136,1779961430666374311,13.554770076,4.309
preprocess_ms,2_7_opt_bag_3,137,1779961430758904698,13.647300463,10.097
preprocess_ms,2_7_opt_bag_3,138,1779961430870745402,13.759141167000001,16.01
preprocess_ms,2_7_opt_bag_3,139,1779961430953233433,13.841629198000001,4.711
preprocess_ms,2_7_opt_bag_3,140,1779961431081621821,13.970017586,6.61
preprocess_ms,2_7_opt_bag_3,141,1779961431160918222,14.049313987000001,4.615
preprocess_ms,2_7_opt_bag_3,142,1779961431286589138,14.174984903,12.64
preprocess_ms,2_7_opt_bag_3,143,1779961431356489701,14.244885466000001,3.36
preprocess_ms,2_7_opt_bag_3,144,1779961431487483660,14.375879425,6.936
preprocess_ms,2_7_opt_bag_3,145,1779961431563771252,14.452167017,4.473
preprocess_ms,2_7_opt_bag_3,146,1779961431664012178,14.552407943,4.795
preprocess_ms,2_7_opt_bag_3,147,1779961431764461765,14.65285753,4.858
preprocess_ms,2_7_opt_bag_3,148,1779961431856637873,14.745033638,5.317
preprocess_ms,2_7_opt_bag_3,149,1779961431959710338,14.848106103000001,3.987
preprocess_ms,2_7_opt_bag_3,150,1779961432058545901,14.946941666,5.496
preprocess_ms,2_7_opt_bag_3,151,1779961432159933861,15.048329626000001,5.997
preprocess_ms,2_7_opt_bag_3,152,1779961432252169060,15.140564825,4.787
preprocess_ms,2_7_opt_bag_3,153,1779961432374761377,15.263157142,5.22
preprocess_ms,2_7_opt_bag_3,154,1779961432461129026,15.349524791,3.551
preprocess_ms,2_7_opt_bag_3,155,1779961432562452047,15.450847812000001,11.623
preprocess_ms,2_7_opt_bag_3,156,1779961432658286953,15.546682718000001,4.212
preprocess_ms,2_7_opt_bag_3,157,1779961432798787703,15.687183468,3.902
preprocess_ms,2_7_opt_bag_3,158,1779961432877282953,15.765678718,4.858
preprocess_ms,2_7_opt_bag_3,159,1779961432982376154,15.870771919000001,5.716
preprocess_ms,2_7_opt_bag_3,160,1779961433065866826,15.954262591,5.452
preprocess_ms,2_7_opt_bag_3,161,1779961433179125616,16.067521381000002,6.676
preprocess_ms,2_7_opt_bag_3,162,1779961433264929733,16.153325498,5.019
preprocess_ms,2_7_opt_bag_3,163,1779961433352587532,16.240983297,5.142
preprocess_ms,2_7_opt_bag_3,164,1779961433473719480,16.362115245000002,5.683
preprocess_ms,2_7_opt_bag_3,165,1779961433575506746,16.463902511,5.121
preprocess_ms,2_7_opt_bag_3,166,1779961433663066370,16.551462135,5.041
preprocess_ms,2_7_opt_bag_3,167,1779961433770843864,16.659239629,4.789
preprocess_ms,2_7_opt_bag_3,168,1779961433851798843,16.740194608,7.215
preprocess_ms,2_7_opt_bag_3,169,1779961433958057746,16.846453511,10.456
preprocess_ms,2_7_opt_bag_3,170,1779961434051339256,16.939735021,3.1
preprocess_ms,2_7_opt_bag_3,171,1779961434186887341,17.075283106,7.988
preprocess_ms,2_7_opt_bag_3,172,1779961434257514668,17.145910433,5.988
preprocess_ms,2_7_opt_bag_3,173,1779961434374430608,17.262826373,4.123
preprocess_ms,2_7_opt_bag_3,174,1779961434461263828,17.349659593000002,4.096
preprocess_ms,2_7_opt_bag_3,175,1779961434566818315,17.45521408,6.61
preprocess_ms,2_7_opt_bag_3,176,1779961434675390055,17.56378582,5.65
preprocess_ms,2_7_opt_bag_3,177,1779961434750943181,17.639338946000002,3.578
preprocess_ms,2_7_opt_bag_3,178,1779961434889429695,17.777825460000003,5.611
preprocess_ms,2_7_opt_bag_3,179,1779961434988472579,17.876868344000002,4.147
preprocess_ms,2_7_opt_bag_3,180,1779961435053669173,17.942064938,6.755
preprocess_ms,2_7_opt_bag_3,181,1779961435158419796,18.046815561000003,4.398
preprocess_ms,2_7_opt_bag_3,182,1779961435260397187,18.148792952,6.666
preprocess_ms,2_7_opt_bag_3,183,1779961435366271171,18.254666936,8.558
preprocess_ms,2_7_opt_bag_3,184,1779961435466294520,18.354690285,4.295
preprocess_ms,2_7_opt_bag_3,185,1779961435611868427,18.500264192,7.877
preprocess_ms,2_7_opt_bag_3,186,1779961435654051635,18.5424474,6.233
preprocess_ms,2_7_opt_bag_3,187,1779961435752717570,18.641113335,4.03
preprocess_ms,2_7_opt_bag_3,188,1779961435911821265,18.800217030000002,5.043
preprocess_ms,2_7_opt_bag_3,189,1779961435975391081,18.863786846,3.411
preprocess_ms,2_7_opt_bag_3,190,1779961436070429146,18.958824911,4.077
preprocess_ms,2_7_opt_bag_3,191,1779961436154713842,19.043109607,4.452
preprocess_ms,2_7_opt_bag_3,192,1779961436263734235,19.15213,3.998
preprocess_ms,2_7_opt_bag_3,193,1779961436359086689,19.247482454,6.591
preprocess_ms,2_7_opt_bag_3,194,1779961436455193318,19.343589083,5.731
preprocess_ms,2_7_opt_bag_3,195,1779961436551778044,19.440173809,5.698
preprocess_ms,2_7_opt_bag_3,196,1779961436680881730,19.569277495,6.119
preprocess_ms,2_7_opt_bag_3,197,1779961436770623515,19.659019280000003,5.95
preprocess_ms,2_7_opt_bag_3,198,1779961436884418860,19.772814625000002,5.364
preprocess_ms,2_7_opt_bag_3,199,1779961436979051987,19.867447752,4.998
preprocess_ms,2_7_opt_bag_3,200,1779961437119943799,20.008339564,5.839
preprocess_ms,2_7_opt_bag_3,201,1779961437171186361,20.059582126000002,5.418
preprocess_ms,2_7_opt_bag_3,202,1779961437280381975,20.168777740000003,8.086
preprocess_ms,2_7_opt_bag_3,203,1779961437380186659,20.268582424,7.244
preprocess_ms,2_7_opt_bag_3,204,1779961437489257055,20.37765282,5.806
preprocess_ms,2_7_opt_bag_3,205,1779961437560928456,20.449324221,5.898
preprocess_ms,2_7_opt_bag_3,206,1779961437704279098,20.592674863000003,7.077
preprocess_ms,2_7_opt_bag_3,207,1779961437760593997,20.648989762000003,4.221
preprocess_ms,2_7_opt_bag_3,208,1779961437877614212,20.766009977000003,4.068
preprocess_ms,2_7_opt_bag_3,209,1779961437959575628,20.847971393,3.815
preprocess_ms,2_7_opt_bag_3,210,1779961438076423395,20.96481916,7.914
preprocess_ms,2_7_opt_bag_3,211,1779961438161104697,21.049500462,5.704
preprocess_ms,2_7_opt_bag_3,212,1779961438273763684,21.162159449,4.404
preprocess_ms,2_7_opt_bag_3,213,1779961438368556875,21.25695264,5.392
preprocess_ms,2_7_opt_bag_3,214,1779961438483880066,21.372275831,7.225
preprocess_ms,2_7_opt_bag_3,215,1779961438579961928,21.468357693,5.576
preprocess_ms,2_7_opt_bag_3,216,1779961438669935377,21.558331142,6.658
preprocess_ms,2_7_opt_bag_3,217,1779961438781532827,21.669928592,4.966
preprocess_ms,2_7_opt_bag_3,218,1779961438902806489,21.791202254,7.436
preprocess_ms,2_7_opt_bag_3,219,1779961438963249585,21.851645350000002,4.618
preprocess_ms,2_7_opt_bag_3,220,1779961439088629464,21.977025229000002,3.644
preprocess_ms,2_7_opt_bag_3,221,1779961439220324595,22.108720360000003,5.028
preprocess_ms,2_7_opt_bag_3,222,1779961439262166620,22.150562385,4.894
preprocess_ms,2_7_opt_bag_3,223,1779961439378049395,22.26644516,5.588
preprocess_ms,2_7_opt_bag_3,224,1779961439496301091,22.384696856,6.126
preprocess_ms,2_7_opt_bag_3,225,1779961439580284883,22.468680648000003,4.455
preprocess_ms,2_7_opt_bag_3,226,1779961439682580087,22.570975852,5.467
preprocess_ms,2_7_opt_bag_3,227,1779961439773105841,22.661501606,5.469
preprocess_ms,2_7_opt_bag_3,228,1779961439859354738,22.747750503000002,5.608
preprocess_ms,2_7_opt_bag_3,229,1779961439986658737,22.875054502,6.27
preprocess_ms,2_7_opt_bag_3,230,1779961440075929331,22.964325096000003,5.096
preprocess_ms,2_7_opt_bag_3,231,1779961440177454632,23.065850397000002,4.774
preprocess_ms,2_7_opt_bag_3,232,1779961440284895110,23.173290875000003,6.083
preprocess_ms,2_7_opt_bag_3,233,1779961440374581019,23.262976784000003,6.486
preprocess_ms,2_7_opt_bag_3,234,1779961440479960297,23.368356062,3.698
preprocess_ms,2_7_opt_bag_3,235,1779961440584266544,23.472662309,5.837
preprocess_ms,2_7_opt_bag_3,236,1779961440699209819,23.587605584000002,4.714
preprocess_ms,2_7_opt_bag_3,237,1779961440760476420,23.648872185000002,8.902
preprocess_ms,2_7_opt_bag_3,238,1779961440855324205,23.74371997,4.501
preprocess_ms,2_7_opt_bag_3,239,1779961440984621595,23.873017360000002,5.392
preprocess_ms,2_7_opt_bag_3,240,1779961441062237843,23.950633608,5.238
preprocess_ms,2_7_opt_bag_3,241,1779961441177645752,24.066041517000002,6.266
preprocess_ms,2_7_opt_bag_3,242,1779961441270193216,24.158588981,5.127
preprocess_ms,2_7_opt_bag_3,243,1779961441385244404,24.273640169,5.43
preprocess_ms,2_7_opt_bag_3,244,1779961441472744024,24.361139789000003,4.351
preprocess_ms,2_7_opt_bag_3,245,1779961441562715606,24.451111371000003,5.568
preprocess_ms,2_7_opt_bag_3,246,1779961441660001273,24.548397038,5.063
preprocess_ms,2_7_opt_bag_3,247,1779961441752549329,24.640945094000003,6.868
preprocess_ms,2_7_opt_bag_3,248,1779961441861369749,24.749765514,6.839
preprocess_ms,2_7_opt_bag_3,249,1779961441977784904,24.866180669000002,6.515
preprocess_ms,2_7_opt_bag_3,250,1779961442075692166,24.964087931,5.928
preprocess_ms,2_7_opt_bag_3,251,1779961442167987521,25.056383286000003,4.299
preprocess_ms,2_7_opt_bag_3,252,1779961442257766744,25.146162509,5.902
preprocess_ms,2_7_opt_bag_3,253,1779961442348417407,25.236813172,4.631
preprocess_ms,2_7_opt_bag_3,254,1779961442459321002,25.347716767,5.415
preprocess_ms,2_7_opt_bag_3,255,1779961442555674073,25.444069838,6.354
preprocess_ms,2_7_opt_bag_3,256,1779961442675394206,25.563789971000002,4.748
preprocess_ms,2_7_opt_bag_3,257,1779961442761398498,25.649794263,5.326
preprocess_ms,2_7_opt_bag_3,258,1779961442875443234,25.763838999,5.296
preprocess_ms,2_7_opt_bag_3,259,1779961442961566830,25.849962595,4.402
preprocess_ms,2_7_opt_bag_3,260,1779961443087182218,25.975577983,6.865
preprocess_ms,2_7_opt_bag_3,261,1779961443152675291,26.041071056000003,5.009
preprocess_ms,2_7_opt_bag_3,262,1779961443254436051,26.142831816,4.978
preprocess_ms,2_7_opt_bag_3,263,1779961443359584585,26.247980350000002,5.455
preprocess_ms,2_7_opt_bag_3,264,1779961443489147425,26.37754319,5.545
preprocess_ms,2_7_opt_bag_3,265,1779961443608591364,26.496987129,5.905
preprocess_ms,2_7_opt_bag_3,266,1779961443711796569,26.600192334000003,8.811
preprocess_ms,2_7_opt_bag_3,267,1779961443774012513,26.662408278,4.21
preprocess_ms,2_7_opt_bag_3,268,1779961443871832707,26.760228472,6.149
preprocess_ms,2_7_opt_bag_3,269,1779961443954741401,26.843137166,5.996
preprocess_ms,2_7_opt_bag_3,270,1779961444050687308,26.939083073000003,4.629
preprocess_ms,2_7_opt_bag_3,271,1779961444188425820,27.076821585,5.268
preprocess_ms,2_7_opt_bag_3,272,1779961444263518181,27.151913946,4.721
preprocess_ms,2_7_opt_bag_3,273,1779961444350656479,27.239052244000003,4.439
preprocess_ms,2_7_opt_bag_3,274,1779961444479023032,27.367418797000003,4.623
preprocess_ms,2_7_opt_bag_3,275,1779961444573856757,27.462252522,5.265
preprocess_ms,2_7_opt_bag_3,276,1779961444668551870,27.556947635,4.804
preprocess_ms,2_7_opt_bag_3,277,1779961444762869467,27.651265232,4.041
preprocess_ms,2_7_opt_bag_3,278,1779961444896176260,27.784572025000003,5.33
preprocess_ms,2_7_opt_bag_3,279,1779961445010856762,27.899252527,5.876
preprocess_ms,2_7_opt_bag_3,280,1779961445110710741,27.999106506,3.593
preprocess_ms,2_7_opt_bag_3,281,1779961445175550892,28.063946657000002,4.691
preprocess_ms,2_7_opt_bag_3,282,1779961445301927320,28.190323085000003,3.903
preprocess_ms,2_7_opt_bag_3,283,1779961445396162679,28.284558444,5.84
preprocess_ms,2_7_opt_bag_3,284,1779961445465299631,28.353695396000003,5.721
preprocess_ms,2_7_opt_bag_3,285,1779961445555004340,28.443400105000002,7.69
preprocess_ms,2_7_opt_bag_3,286,1779961445685389554,28.573785319000002,6.181
preprocess_ms,2_7_opt_bag_3,287,1779961445772307520,28.660703285,5.071
preprocess_ms,2_7_opt_bag_3,288,1779961445870934271,28.759330036,6.598
preprocess_ms,2_7_opt_bag_3,289,1779961445956728276,28.845124041000002,4.098
preprocess_ms,2_7_opt_bag_3,290,1779961446079317282,28.967713047,7.187
preprocess_ms,2_7_opt_bag_3,291,1779961446193668859,29.082064624,3.81
preprocess_ms,2_7_opt_bag_3,292,1779961446259168839,29.147564604000003,3.982
preprocess_ms,2_7_opt_bag_3,293,1779961446353162092,29.241557857,5.299
preprocess_ms,2_7_opt_bag_3,294,1779961446480379467,29.368775232,5.408
preprocess_ms,2_7_opt_bag_3,295,1779961446587355954,29.475751719,18.924
preprocess_ms,2_7_opt_bag_3,296,1779961446658800736,29.547196501000002,4.444
preprocess_ms,2_7_opt_bag_3,297,1779961446776312539,29.664708304,4.252
preprocess_ms,2_7_opt_bag_3,298,1779961446878330430,29.766726195,3.907
preprocess_ms,2_7_opt_bag_3,299,1779961446964724491,29.853120256,4.269
preprocess_ms,2_7_opt_bag_3,300,1779961447109838710,29.998234475,5.788
preprocess_ms,2_7_opt_bag_3,301,1779961447170110046,30.058505811000003,5.259
preprocess_ms,2_7_opt_bag_3,302,1779961447251710601,30.140106366,5.997
preprocess_ms,2_7_opt_bag_3,303,1779961447417486017,30.305881782,6.372
preprocess_ms,2_7_opt_bag_3,304,1779961447483192215,30.37158798,8.094
preprocess_ms,2_7_opt_bag_3,305,1779961447584369473,30.472765238,5.837
preprocess_ms,2_7_opt_bag_3,306,1779961447658819972,30.547215737000002,4.285
preprocess_ms,2_7_opt_bag_3,307,1779961447771135929,30.659531694000002,4.908
preprocess_ms,2_7_opt_bag_3,308,1779961447864139568,30.752535333,4.09
preprocess_ms,2_7_opt_bag_3,309,1779961447960585441,30.848981206,6.804
preprocess_ms,2_7_opt_bag_3,310,1779961448099961559,30.988357324000003,6.209
preprocess_ms,2_7_opt_bag_3,311,1779961448167749868,31.056145633000003,3.394
preprocess_ms,2_7_opt_bag_3,312,1779961448271200079,31.159595844000002,5.233
preprocess_ms,2_7_opt_bag_3,313,1779961448367494538,31.255890303,4.758
preprocess_ms,2_7_opt_bag_3,314,1779961448471848272,31.360244037,6.617
preprocess_ms,2_7_opt_bag_3,315,1779961448557260197,31.445655962000004,5.439
preprocess_ms,2_7_opt_bag_3,316,1779961448664385286,31.552781051,5.156
preprocess_ms,2_7_opt_bag_3,317,1779961448773150589,31.661546354000002,5.203
preprocess_ms,2_7_opt_bag_3,318,1779961448862569683,31.750965448000002,5.4
preprocess_ms,2_7_opt_bag_3,319,1779961448952381473,31.840777238,3.82
preprocess_ms,2_7_opt_bag_3,320,1779961449087446740,31.975842505000003,7.013
preprocess_ms,2_7_opt_bag_3,321,1779961449176623033,32.065018798000004,4.609
preprocess_ms,2_7_opt_bag_3,322,1779961449271372860,32.159768625000005,4.895
preprocess_ms,2_7_opt_bag_3,323,1779961449385464640,32.273860405,4.907
preprocess_ms,2_7_opt_bag_3,324,1779961449455678333,32.344074098,4.105
preprocess_ms,2_7_opt_bag_3,325,1779961449556858816,32.445254581,8.488
preprocess_ms,2_7_opt_bag_3,326,1779961449659676004,32.548071769,4.845
preprocess_ms,2_7_opt_bag_3,327,1779961449769805304,32.658201069,4.953
preprocess_ms,2_7_opt_bag_3,328,1779961449890632599,32.779028364000006,5.991
preprocess_ms,2_7_opt_bag_3,329,1779961449991693119,32.880088884,5.583
preprocess_ms,2_7_opt_bag_3,330,1779961450092362194,32.980757959,6.457
preprocess_ms,2_7_opt_bag_3,331,1779961450197619586,33.086015351,4.629
preprocess_ms,2_7_opt_bag_3,332,1779961450266514051,33.154909816,5.504
preprocess_ms,2_7_opt_bag_3,333,1779961450351330337,33.239726102,7.066
preprocess_ms,2_7_opt_bag_3,334,1779961450505102636,33.393498401,4.88
preprocess_ms,2_7_opt_bag_3,335,1779961450577930707,33.466326472,4.834
preprocess_ms,2_7_opt_bag_3,336,1779961450656831717,33.545227482,6.408
preprocess_ms,2_7_opt_bag_3,337,1779961450767167018,33.655562783,12.038
preprocess_ms,2_7_opt_bag_3,338,1779961450854730472,33.743126237000006,5.818
preprocess_ms,2_7_opt_bag_3,339,1779961450964290939,33.852686704,5.232
preprocess_ms,2_7_opt_bag_3,340,1779961451070001444,33.958397209000005,5.851
preprocess_ms,2_7_opt_bag_3,341,1779961451153476110,34.041871875000005,4.655
preprocess_ms,2_7_opt_bag_3,342,1779961451281421949,34.169817714000004,6.98
preprocess_ms,2_7_opt_bag_3,343,1779961451358263722,34.246659487,8.558
preprocess_ms,2_7_opt_bag_3,344,1779961451489856918,34.378252683,6.243
preprocess_ms,2_7_opt_bag_3,345,1779961451570679822,34.459075587,5.418
preprocess_ms,2_7_opt_bag_3,346,1779961451681362399,34.569758164,6.41
preprocess_ms,2_7_opt_bag_3,347,1779961451800056704,34.688452469000005,4.483
preprocess_ms,2_7_opt_bag_3,348,1779961451884854648,34.773250413,7.231
preprocess_ms,2_7_opt_bag_3,349,1779961451986798470,34.875194235,4.257
preprocess_ms,2_7_opt_bag_3,350,1779961452066778468,34.955174233,4.987
preprocess_ms,2_7_opt_bag_3,351,1779961452160777536,35.049173301,9.725
preprocess_ms,2_7_opt_bag_3,352,1779961452277930099,35.166325864,5.842
preprocess_ms,2_7_opt_bag_3,353,1779961452362622287,35.251018052,5.768
preprocess_ms,2_7_opt_bag_3,354,1779961452486189854,35.374585619,8.165
preprocess_ms,2_7_opt_bag_3,355,1779961452559650897,35.448046662,3.922
preprocess_ms,2_7_opt_bag_3,356,1779961452678924293,35.567320058,6.603
preprocess_ms,2_7_opt_bag_3,357,1779961452757756538,35.646152303,7.501
preprocess_ms,2_7_opt_bag_3,358,1779961452886948580,35.775344345,4.539
preprocess_ms,2_7_opt_bag_3,359,1779961452986801300,35.875197065,6.227
preprocess_ms,2_7_opt_bag_3,360,1779961453055305883,35.943701648,5.454
preprocess_ms,2_7_opt_bag_3,361,1779961453172064790,36.060460555,5.026
preprocess_ms,2_7_opt_bag_3,362,1779961453280486877,36.168882642,6.356
preprocess_ms,2_7_opt_bag_3,363,1779961453364096473,36.252492238,5.067
preprocess_ms,2_7_opt_bag_3,364,1779961453467998371,36.356394136000006,4.498
preprocess_ms,2_7_opt_bag_3,365,1779961453561770541,36.450166306,3.587
preprocess_ms,2_7_opt_bag_3,366,1779961453654298117,36.542693882,7.899
preprocess_ms,2_7_opt_bag_3,367,1779961453773547229,36.661942994,6.403
preprocess_ms,2_7_opt_bag_3,368,1779961453884440152,36.772835917,6.702
preprocess_ms,2_7_opt_bag_3,369,1779961453964869714,36.853265479,4.861
preprocess_ms,2_7_opt_bag_3,370,1779961454057165755,36.945561520000005,6.814
preprocess_ms,2_7_opt_bag_3,371,1779961454154658825,37.043054590000004,5.096
preprocess_ms,2_7_opt_bag_3,372,1779961454291310536,37.179706301,6.162
preprocess_ms,2_7_opt_bag_3,373,1779961454370009260,37.258405025,5.301
preprocess_ms,2_7_opt_bag_3,374,1779961454475673353,37.364069118,6.771
preprocess_ms,2_7_opt_bag_3,375,1779961454551977587,37.440373352,5.399
preprocess_ms,2_7_opt_bag_3,376,1779961454658557389,37.546953154,3.848
preprocess_ms,2_7_opt_bag_3,377,1779961454764009416,37.652405181,4.858
preprocess_ms,2_7_opt_bag_3,378,1779961454882087887,37.770483652,6.661
preprocess_ms,2_7_opt_bag_3,379,1779961454962567432,37.850963197000006,5.935
preprocess_ms,2_7_opt_bag_3,380,1779961455054228238,37.942624003,4.857
preprocess_ms,2_7_opt_bag_3,381,1779961455166454200,38.054849965,5.47
preprocess_ms,2_7_opt_bag_3,382,1779961455263539387,38.151935152,7.053
preprocess_ms,2_7_opt_bag_3,383,1779961455367780754,38.256176519,5.346
preprocess_ms,2_7_opt_bag_3,384,1779961455501406636,38.389802401000004,6.75
preprocess_ms,2_7_opt_bag_3,385,1779961455611093083,38.499488848000006,9.339
preprocess_ms,2_7_opt_bag_3,386,1779961455706358219,38.594753984,8.395
preprocess_ms,2_7_opt_bag_3,387,1779961455762704693,38.651100458,5.193
preprocess_ms,2_7_opt_bag_3,388,1779961455886719781,38.775115546,4.407
preprocess_ms,2_7_opt_bag_3,389,1779961455976086177,38.864481942000005,3.715
preprocess_ms,2_7_opt_bag_3,390,1779961456076429106,38.964824871000005,5.935
preprocess_ms,2_7_opt_bag_3,391,1779961456176186500,39.064582265000006,6.617
preprocess_ms,2_7_opt_bag_3,392,1779961456260096396,39.148492161,4.732
preprocess_ms,2_7_opt_bag_3,393,1779961456357531896,39.245927661,5.471
preprocess_ms,2_7_opt_bag_3,394,1779961456464162195,39.352557960000006,5.48
preprocess_ms,2_7_opt_bag_3,395,1779961456564014884,39.452410649,6.376
preprocess_ms,2_7_opt_bag_3,396,1779961456676721382,39.565117147,5.289
preprocess_ms,2_7_opt_bag_3,397,1779961456769267143,39.657662908,4.696
preprocess_ms,2_7_opt_bag_3,398,1779961456872330646,39.760726411,4.79
preprocess_ms,2_7_opt_bag_3,399,1779961456975726404,39.864122169000005,5.51
preprocess_ms,2_7_opt_bag_3,400,1779961457060938389,39.949334154000006,7.023
preprocess_ms,2_7_opt_bag_3,401,1779961457177531222,40.065926987000005,4.633
preprocess_ms,2_7_opt_bag_3,402,1779961457292412817,40.180808582000004,6.408
preprocess_ms,2_7_opt_bag_3,403,1779961457395585196,40.283980961000005,9.783
preprocess_ms,2_7_opt_bag_3,404,1779961457467948536,40.356344301,7.307
preprocess_ms,2_7_opt_bag_3,405,1779961457593141031,40.481536796,8.407
preprocess_ms,2_7_opt_bag_3,406,1779961457663577778,40.551973543,6.833
preprocess_ms,2_7_opt_bag_3,407,1779961457765002468,40.653398233000004,12.63
preprocess_ms,2_7_opt_bag_3,408,1779961457871252966,40.759648731000006,6.401
preprocess_ms,2_7_opt_bag_3,409,1779961457979076182,40.867471947000006,5.458
preprocess_ms,2_7_opt_bag_3,410,1779961458060480437,40.948876202,6.784
preprocess_ms,2_7_opt_bag_3,411,1779961458186691488,41.075087253,6.928
preprocess_ms,2_7_opt_bag_3,412,1779961458259181312,41.147577077,4.214
preprocess_ms,2_7_opt_bag_3,413,1779961458374230423,41.262626188000006,3.792
preprocess_ms,2_7_opt_bag_3,414,1779961458502332302,41.390728067000005,7.347
preprocess_ms,2_7_opt_bag_3,415,1779961458575326387,41.463722152,5.288
preprocess_ms,2_7_opt_bag_3,416,1779961458681793799,41.570189564,7.075
preprocess_ms,2_7_opt_bag_3,417,1779961458780395436,41.668791201000005,6.439
preprocess_ms,2_7_opt_bag_3,418,1779961458862927347,41.751323112,4.604
preprocess_ms,2_7_opt_bag_3,419,1779961458990431095,41.878826860000004,8.21
preprocess_ms,2_7_opt_bag_3,420,1779961459063981112,41.952376877000006,5.582
preprocess_ms,2_7_opt_bag_3,421,1779961459177006212,42.065401977,6.407
preprocess_ms,2_7_opt_bag_3,422,1779961459266883970,42.155279735,5.423
preprocess_ms,2_7_opt_bag_3,423,1779961459352546558,42.240942323000006,5.367
preprocess_ms,2_7_opt_bag_3,424,1779961459476125331,42.364521096000004,4.649
preprocess_ms,2_7_opt_bag_3,425,1779961459555247614,42.443643379,6.927
preprocess_ms,2_7_opt_bag_3,426,1779961459661510025,42.549905790000004,6.255
preprocess_ms,2_7_opt_bag_3,427,1779961459765193588,42.653589353,4.807
preprocess_ms,2_7_opt_bag_3,428,1779961459852298001,42.740693766,4.203
preprocess_ms,2_7_opt_bag_3,429,1779961459955225303,42.843621068000004,6.944
preprocess_ms,2_7_opt_bag_3,430,1779961460050941933,42.939337698,4.074
preprocess_ms,2_7_opt_bag_3,431,1779961460168659883,43.057055648,3.822
preprocess_ms,2_7_opt_bag_3,432,1779961460277642905,43.166038670000006,4.525
preprocess_ms,2_7_opt_bag_3,433,1779961460371446183,43.259841948,4.784
preprocess_ms,2_7_opt_bag_3,434,1779961460455005942,43.343401707000005,3.805
preprocess_ms,2_7_opt_bag_3,435,1779961460598965317,43.487361082,8.136
preprocess_ms,2_7_opt_bag_3,436,1779961460661368284,43.549764049000004,4.727
preprocess_ms,2_7_opt_bag_3,437,1779961460772699450,43.661095215,4.301
preprocess_ms,2_7_opt_bag_3,438,1779961460863919076,43.752314841,5.22
preprocess_ms,2_7_opt_bag_3,439,1779961461002848891,43.891244656000005,6.213
preprocess_ms,2_7_opt_bag_3,440,1779961461077663211,43.966058976,5.82
preprocess_ms,2_7_opt_bag_3,441,1779961461171918592,44.060314357,6.193
preprocess_ms,2_7_opt_bag_3,442,1779961461257473690,44.145869455,5.091
preprocess_ms,2_7_opt_bag_3,443,1779961461351443787,44.239839552,4.943
preprocess_ms,2_7_opt_bag_3,444,1779961461473901262,44.362297027000004,5.37
preprocess_ms,2_7_opt_bag_3,445,1779961461604566254,44.492962019000004,3.305
preprocess_ms,2_7_opt_bag_3,446,1779961461666774829,44.555170594,4.066
preprocess_ms,2_7_opt_bag_3,447,1779961461758050172,44.646445937,5.669
preprocess_ms,2_7_opt_bag_3,448,1779961461867748786,44.756144551000006,6.187
preprocess_ms,2_7_opt_bag_3,449,1779961461970160359,44.858556124,5.534
preprocess_ms,2_7_opt_bag_3,450,1779961462065143217,44.953538982000005,4.232
preprocess_ms,2_7_opt_bag_3,451,1779961462161652975,45.05004874,5.333
preprocess_ms,2_7_opt_bag_3,452,1779961462261217121,45.149612886,5.603
preprocess_ms,2_7_opt_bag_3,453,1779961462367640199,45.256035964000006,5.875
preprocess_ms,2_7_opt_bag_3,454,1779961462500512746,45.388908511000004,7.322
preprocess_ms,2_7_opt_bag_3,455,1779961462601482829,45.489878594000004,6.294
preprocess_ms,2_7_opt_bag_3,456,1779961462654010323,45.542406088,5.406
preprocess_ms,2_7_opt_bag_3,457,1779961462806695570,45.695091335,7.307
preprocess_ms,2_7_opt_bag_3,458,1779961462859127778,45.747523543,5.837
preprocess_ms,2_7_opt_bag_3,459,1779961462964811034,45.853206799000006,6.358
preprocess_ms,2_7_opt_bag_3,460,1779961463059521306,45.947917071000006,6.67
preprocess_ms,2_7_opt_bag_3,461,1779961463162150126,46.050545891000006,4.613
preprocess_ms,2_7_opt_bag_3,462,1779961463298520254,46.186916019,6.736
preprocess_ms,2_7_opt_bag_3,463,1779961463371464131,46.259859896,9.76
preprocess_ms,2_7_opt_bag_3,464,1779961463476767838,46.365163603000006,4.965
preprocess_ms,2_7_opt_bag_3,465,1779961463585282844,46.473678609000004,6.676
preprocess_ms,2_7_opt_bag_3,466,1779961463667711084,46.556106849,5.054
preprocess_ms,2_7_opt_bag_3,467,1779961463810819267,46.699215032000005,4.619
preprocess_ms,2_7_opt_bag_3,468,1779961463890389054,46.778784819,6.74
preprocess_ms,2_7_opt_bag_3,469,1779961463974312743,46.862708508000004,3.358
preprocess_ms,2_7_opt_bag_3,470,1779961464059605602,46.948001367,6.408
preprocess_ms,2_7_opt_bag_3,471,1779961464158800443,47.047196208,5.132
preprocess_ms,2_7_opt_bag_3,472,1779961464263662490,47.152058255,5.484
preprocess_ms,2_7_opt_bag_3,473,1779961464381485024,47.269880789000005,6.683
preprocess_ms,2_7_opt_bag_3,474,1779961464482268777,47.370664542,5.562
preprocess_ms,2_7_opt_bag_3,475,1779961464570883360,47.459279125,5.908
preprocess_ms,2_7_opt_bag_3,476,1779961464687891507,47.576287272,9.191
preprocess_ms,2_7_opt_bag_3,477,1779961464782875607,47.671271372,6.305
preprocess_ms,2_7_opt_bag_3,478,1779961464887231718,47.775627483,7.228
preprocess_ms,2_7_opt_bag_3,479,1779961464969937928,47.858333693000006,3.823
preprocess_ms,2_7_opt_bag_3,480,1779961465064304913,47.95270067800001,8.425
preprocess_ms,2_7_opt_bag_3,481,1779961465206449106,48.09484487100001,7.412
preprocess_ms,2_7_opt_bag_3,482,1779961465260394308,48.148790073,7.379
preprocess_ms,2_7_opt_bag_3,483,1779961465360640231,48.249035996,7.875
preprocess_ms,2_7_opt_bag_3,484,1779961465452872897,48.341268662000004,4.413
preprocess_ms,2_7_opt_bag_3,485,1779961465548130791,48.436526556000004,4.033
preprocess_ms,2_7_opt_bag_3,486,1779961465649486999,48.537882764,4.275
preprocess_ms,2_7_opt_bag_3,487,1779961465758259835,48.6466556,5.085
preprocess_ms,2_7_opt_bag_3,488,1779961465871292696,48.759688461,6.501
preprocess_ms,2_7_opt_bag_3,489,1779961465978208241,48.866604006,4.43
preprocess_ms,2_7_opt_bag_3,490,1779961466066954859,48.955350624000005,5.585
preprocess_ms,2_7_opt_bag_3,491,1779961466169876524,49.058272289,6.505
preprocess_ms,2_7_opt_bag_3,492,1779961466255984177,49.144379942,3.885
preprocess_ms,2_7_opt_bag_3,493,1779961466385813774,49.274209539000005,4.35
preprocess_ms,2_7_opt_bag_3,494,1779961466451214910,49.339610675,5.241
preprocess_ms,2_7_opt_bag_3,495,1779961466578183173,49.466578938000005,5.202
preprocess_ms,2_7_opt_bag_3,496,1779961466653150520,49.541546285,3.8
preprocess_ms,2_7_opt_bag_3,497,1779961466777556884,49.665952649000005,4.255
preprocess_ms,2_7_opt_bag_3,498,1779961466890187015,49.77858278,8.12
preprocess_ms,2_7_opt_bag_3,499,1779961466961105248,49.849501013,7.003
preprocess_ms,2_7_opt_bag_3,500,1779961467074326324,49.962722089,5.95
preprocess_ms,2_7_opt_bag_3,501,1779961467159619902,50.048015667,3.772
preprocess_ms,2_7_opt_bag_3,502,1779961467279787610,50.168183375000005,5.606
preprocess_ms,2_7_opt_bag_3,503,1779961467384333170,50.272728935,7.114
preprocess_ms,2_7_opt_bag_3,504,1779961467472163699,50.360559464000005,5.218
preprocess_ms,2_7_opt_bag_3,505,1779961467581287381,50.469683146,7.567
preprocess_ms,2_7_opt_bag_3,506,1779961467662946488,50.551342253,5.088
preprocess_ms,2_7_opt_bag_3,507,1779961467772601304,50.660997069000004,6.806
preprocess_ms,2_7_opt_bag_3,508,1779961467854193628,50.742589393,6.363
preprocess_ms,2_7_opt_bag_3,509,1779961467984525027,50.872920792,3.997
preprocess_ms,2_7_opt_bag_3,510,1779961468074260182,50.962655947,3.884
preprocess_ms,2_7_opt_bag_3,511,1779961468162071306,51.050467071,5.527
preprocess_ms,2_7_opt_bag_3,512,1779961468253302385,51.14169815,6.083
preprocess_ms,2_7_opt_bag_3,513,1779961468370866176,51.259261941000005,5.604
preprocess_ms,2_7_opt_bag_3,514,1779961468463601301,51.351997066,5.465
preprocess_ms,2_7_opt_bag_3,515,1779961468543717003,51.432112768,4.252
preprocess_ms,2_7_opt_bag_3,516,1779961468670082328,51.558478093000005,6.075
preprocess_ms,2_7_opt_bag_3,517,1779961468766771953,51.655167718,3.831
preprocess_ms,2_7_opt_bag_3,518,1779961468880590739,51.768986504000004,5.184
preprocess_ms,2_7_opt_bag_3,519,1779961468951897095,51.840292860000005,4.334
preprocess_ms,2_7_opt_bag_3,520,1779961469057161656,51.945557421000004,6.78
preprocess_ms,2_7_opt_bag_3,521,1779961469167874009,52.056269774,4.501
preprocess_ms,2_7_opt_bag_3,522,1779961469257004396,52.145400161000005,4.09
preprocess_ms,2_7_opt_bag_3,523,1779961469387125879,52.275521644,6.429
preprocess_ms,2_7_opt_bag_3,524,1779961469471347820,52.359743585000004,5.154
preprocess_ms,2_7_opt_bag_3,525,1779961469549892393,52.438288158000006,3.893
preprocess_ms,2_7_opt_bag_3,526,1779961469651200859,52.539596624000005,4.216
preprocess_ms,2_7_opt_bag_3,527,1779961469777846764,52.666242529,5.449
preprocess_ms,2_7_opt_bag_3,528,1779961469861912694,52.750308459,5.273
preprocess_ms,2_7_opt_bag_3,529,1779961469970320435,52.8587162,12.695
preprocess_ms,2_7_opt_bag_3,530,1779961470051265346,52.93966111100001,3.624
preprocess_ms,2_7_opt_bag_3,531,1779961470169579235,53.057975000000006,6.851
preprocess_ms,2_7_opt_bag_3,532,1779961470270938965,53.159334730000005,4.978
preprocess_ms,2_7_opt_bag_3,533,1779961470357175371,53.245571136,5.867
preprocess_ms,2_7_opt_bag_3,534,1779961470479469843,53.367865608,6.684
preprocess_ms,2_7_opt_bag_3,535,1779961470554262621,53.442658386000005,6.57
preprocess_ms,2_7_opt_bag_3,536,1779961470642728226,53.531123991,3.376
preprocess_ms,2_7_opt_bag_3,537,1779961470756910891,53.645306656,4.051
preprocess_ms,2_7_opt_bag_3,538,1779961470854348549,53.74274431400001,4.717
preprocess_ms,2_7_opt_bag_3,539,1779961470969520614,53.857916379,4.257
preprocess_ms,2_7_opt_bag_3,540,1779961471074360616,53.962756381000005,3.963
preprocess_ms,2_7_opt_bag_3,541,1779961471177514021,54.065909786000006,5.576
preprocess_ms,2_7_opt_bag_3,542,1779961471263565686,54.151961451000005,3.909
preprocess_ms,2_7_opt_bag_3,543,1779961471382192807,54.270588572,6.778
preprocess_ms,2_7_opt_bag_3,544,1779961471468774031,54.357169796,10.361
preprocess_ms,2_7_opt_bag_3,545,1779961471588353905,54.476749670000004,5.024
preprocess_ms,2_7_opt_bag_3,546,1779961471667611989,54.55600775400001,5.569
preprocess_ms,2_7_opt_bag_3,547,1779961471760174127,54.648569892000005,4.78
preprocess_ms,2_7_opt_bag_3,548,1779961471852929704,54.741325469,6.355
preprocess_ms,2_7_opt_bag_3,549,1779961471960396756,54.848792521,4.445
preprocess_ms,2_7_opt_bag_3,550,1779961472060017715,54.948413480000006,5.787
preprocess_ms,2_7_opt_bag_3,551,1779961472150625087,55.039020852,6.348
preprocess_ms,2_7_opt_bag_3,552,1779961472289993639,55.178389404,5.544
preprocess_ms,2_7_opt_bag_3,553,1779961472357005686,55.245401451000006,4.115
preprocess_ms,2_7_opt_bag_3,554,1779961472451282964,55.339678729000006,4.513
preprocess_ms,2_7_opt_bag_3,555,1779961472574375718,55.462771483000004,4.542
preprocess_ms,2_7_opt_bag_3,556,1779961472654913004,55.54330876900001,4.358
preprocess_ms,2_7_opt_bag_3,557,1779961472759766281,55.648162046,3.631
preprocess_ms,2_7_opt_bag_3,558,1779961472854718026,55.743113791000006,3.833
preprocess_ms,2_7_opt_bag_3,559,1779961472955472819,55.843868584000006,3.498
preprocess_ms,2_7_opt_bag_3,560,1779961473060360191,55.94875595600001,5.998
preprocess_ms,2_7_opt_bag_3,561,1779961473170261532,56.058657297,13.14
preprocess_ms,2_7_opt_bag_3,562,1779961473300184186,56.188579951,5.223
preprocess_ms,2_7_opt_bag_3,563,1779961473382762144,56.271157909,4.551
preprocess_ms,2_7_opt_bag_3,564,1779961473472678326,56.361074091000006,5.903
preprocess_ms,2_7_opt_bag_3,565,1779961473592392970,56.480788735000004,4.313
preprocess_ms,2_7_opt_bag_3,566,1779961473670228981,56.55862474600001,5.059
preprocess_ms,2_7_opt_bag_3,567,1779961473762244047,56.650639812,4.314
preprocess_ms,2_7_opt_bag_3,568,1779961473879368239,56.767764004,5.858
preprocess_ms,2_7_opt_bag_3,569,1779961473959228637,56.847624402,5.998
preprocess_ms,2_7_opt_bag_3,570,1779961474054295643,56.942691408,3.996
preprocess_ms,2_7_opt_bag_3,571,1779961474152973597,57.041369362000005,4.438
preprocess_ms,2_7_opt_bag_3,572,1779961474278617576,57.167013341,5.903
preprocess_ms,2_7_opt_bag_3,573,1779961474387793609,57.276189374000005,6.069
preprocess_ms,2_7_opt_bag_3,574,1779961474477476491,57.365872256,4.03
preprocess_ms,2_7_opt_bag_3,575,1779961474574880028,57.463275793,5.526
preprocess_ms,2_7_opt_bag_3,576,1779961474666429297,57.554825062000006,5.568
preprocess_ms,2_7_opt_bag_3,577,1779961474752723284,57.641119049000004,4.906
preprocess_ms,2_7_opt_bag_3,578,1779961474859841709,57.74823747400001,3.815
preprocess_ms,2_7_opt_bag_3,579,1779961474981963166,57.870358931000005,4.971
preprocess_ms,2_7_opt_bag_3,580,1779961475061642522,57.950038287000005,3.469
preprocess_ms,2_7_opt_bag_3,581,1779961475155776869,58.044172634000006,5.793
preprocess_ms,2_7_opt_bag_3,582,1779961475264533287,58.152929052000005,6.493
preprocess_ms,2_7_opt_bag_3,583,1779961475369920049,58.25831581400001,5.63
preprocess_ms,2_7_opt_bag_3,584,1779961475454654342,58.343050107,4.4
preprocess_ms,2_7_opt_bag_3,585,1779961475607164443,58.495560208,5.702
preprocess_ms,2_7_opt_bag_3,586,1779961475680209632,58.568605397000006,5.126
preprocess_ms,2_7_opt_bag_3,587,1779961475808962434,58.69735819900001,4.55
preprocess_ms,2_7_opt_bag_3,588,1779961475881661492,58.770057257000005,4.963
preprocess_ms,2_7_opt_bag_3,589,1779961475964590548,58.852986313,7.029
preprocess_ms,2_7_opt_bag_3,590,1779961476075438140,58.963833905,4.092
preprocess_ms,2_7_opt_bag_3,591,1779961476179951915,59.06834768,4.808
preprocess_ms,2_7_opt_bag_3,592,1779961476269147561,59.157543326,5.768
preprocess_ms,2_7_opt_bag_3,593,1779961476353489755,59.241885520000004,4.802
preprocess_ms,2_7_opt_bag_slow,0,1779955327399213049,0.0,1.935
preprocess_ms,2_7_opt_bag_slow,1,1779955328370440487,0.9712274380000001,4.275
preprocess_ms,2_7_opt_bag_slow,2,1779955329340831450,1.9416184010000002,3.831
preprocess_ms,2_7_opt_bag_slow,3,1779955330341728230,2.942515181,4.186
preprocess_ms,2_7_opt_bag_slow,4,1779955331358969033,3.959755984,5.021
preprocess_ms,2_7_opt_bag_slow,5,1779955332364306567,4.965093518000001,4.253
preprocess_ms,2_7_opt_bag_slow,6,1779955333358313469,5.95910042,2.427
preprocess_ms,2_7_opt_bag_slow,7,1779955334333543999,6.9343309500000005,3.726
preprocess_ms,2_7_opt_bag_slow,8,1779955335339073439,7.939860390000001,5.761
preprocess_ms,2_7_opt_bag_slow,9,1779955336344053413,8.944840364000001,4.943
preprocess_ms,2_7_opt_bag_slow,10,1779955337381455931,9.982242882000001,7.086
preprocess_ms,2_7_opt_bag_slow,11,1779955338326774588,10.927561539000001,3.987
preprocess_ms,2_7_opt_bag_slow,12,1779955339359800411,11.960587362,2.052
preprocess_ms,2_7_opt_bag_slow,13,1779955340361453383,12.962240334,3.233
preprocess_ms,2_7_opt_bag_slow,14,1779955341362792062,13.963579013,1.874
preprocess_ms,2_7_opt_bag_slow,15,1779955342377376429,14.978163380000002,4.455
preprocess_ms,2_7_opt_bag_slow,16,1779955343340431651,15.941218602000001,4.038
preprocess_ms,2_7_opt_bag_slow,17,1779955344359850177,16.960637128000002,3.796
preprocess_ms,2_7_opt_bag_slow,18,1779955345347296212,17.948083163,3.881
preprocess_ms,2_7_opt_bag_slow,19,1779955346328942430,18.929729381,3.596
preprocess_ms,2_7_opt_bag_slow,20,1779955347337045790,19.937832741,3.906
preprocess_ms,2_7_opt_bag_slow,21,1779955348339196494,20.939983445000003,4.533
preprocess_ms,2_7_opt_bag_slow,22,1779955349330903981,21.931690932000002,2.037
preprocess_ms,2_7_opt_bag_slow,23,1779955350347900400,22.948687351,5.242
preprocess_ms,2_7_opt_bag_slow,24,1779955351372910159,23.97369711,3.375
preprocess_ms,2_7_opt_bag_slow,25,1779955352354856315,24.955643266000003,3.822
preprocess_ms,2_7_opt_bag_slow,26,1779955353362289718,25.963076669000003,4.218
preprocess_ms,2_7_opt_bag_slow,27,1779955354380641885,26.981428836000003,3.994
preprocess_ms,2_7_opt_bag_slow,28,1779955355352539074,27.953326025000003,2.524
preprocess_ms,2_7_opt_bag_slow,29,1779955356387724024,28.988510975,4.677
preprocess_ms,2_7_opt_bag_slow,30,1779955357369449472,29.970236423000003,3.807
preprocess_ms,2_7_opt_bag_slow,31,1779955358350757868,30.951544819000002,3.819
preprocess_ms,2_7_opt_bag_slow,32,1779955359381727621,31.982514572000003,4.706
preprocess_ms,2_7_opt_bag_slow,33,1779955360360698990,32.961485941,3.872
preprocess_ms,2_7_opt_bag_slow,34,1779955361354062037,33.954848988,1.849
preprocess_ms,2_7_opt_bag_slow,35,1779955362343974421,34.944761372,3.784
preprocess_ms,2_7_opt_bag_slow,36,1779955363403016000,36.003802951000004,1.964
preprocess_ms,2_7_opt_bag_slow,37,1779955364340395683,36.941182634,1.824
preprocess_ms,2_7_opt_bag_slow,38,1779955365359741298,37.960528249,3.073
preprocess_ms,2_7_opt_bag_slow,39,1779955366341137392,38.941924343000004,4.184
preprocess_ms,2_7_opt_bag_slow,40,1779955367340725242,39.941512193,3.721
preprocess_ms,2_7_opt_bag_slow,41,1779955368343011876,40.943798827,4.815
preprocess_ms,2_7_opt_bag_slow,42,1779955369365105348,41.965892299000004,2.444
preprocess_ms,2_7_opt_bag_slow,43,1779955370425347579,43.02613453,4.05
preprocess_ms,2_7_opt_bag_slow,44,1779955371352215093,43.953002044,3.281
preprocess_ms,2_7_opt_bag_slow,45,1779955372350412693,44.951199644000006,3.224
preprocess_ms,2_7_opt_bag_slow,46,1779955373342595199,45.943382150000005,4.673
preprocess_ms,2_7_opt_bag_slow,47,1779955374340559188,46.941346139000004,4.072
preprocess_ms,2_7_opt_bag_slow,48,1779955375335419902,47.936206853,4.755
preprocess_ms,2_7_opt_bag_slow,49,1779955376344947409,48.94573436,3.765
preprocess_ms,2_7_opt_bag_slow,50,1779955377328647503,49.929434454,4.441
preprocess_ms,2_7_opt_bag_slow,51,1779955378344622804,50.945409755,4.22
preprocess_ms,2_7_opt_bag_slow,52,1779955379368605847,51.969392798,4.261
preprocess_ms,2_7_opt_bag_slow,53,1779955380329408046,52.930194997,4.299
preprocess_ms,2_7_opt_bag_slow,54,1779955381331967390,53.932754341000006,4.172
preprocess_ms,2_7_opt_bag_slow,55,1779955382342715253,54.943502204000005,4.429
preprocess_ms,2_7_opt_bag_slow,56,1779955383356843551,55.957630502,3.97
preprocess_ms,2_7_opt_bag_slow,57,1779955384369036232,56.969823183,5.833
preprocess_ms,2_7_opt_bag_slow,58,1779955385348355667,57.949142618,4.607
preprocess_ms,2_7_opt_bag_slow,59,1779955386345408424,58.946195375,4.295
preprocess_ms,2_7_opt_bag_slow,60,1779955387330402174,59.931189125,4.046
preprocess_ms,2_7_opt_bag_slow,61,1779955388352884307,60.95367125800001,1.905
preprocess_ms,2_7_opt_bag_slow,62,1779955389371632734,61.972419685000006,4.023
preprocess_ms,2_7_opt_bag_slow,63,1779955390364768347,62.965555298000005,3.424
preprocess_ms,2_7_opt_bag_slow,64,1779955391349773033,63.950559984,4.004
preprocess_ms,2_7_opt_bag_slow,65,1779955392339030338,64.939817289,4.081
preprocess_ms,2_7_opt_bag_slow,66,1779955393340516855,65.94130380600001,4.845
preprocess_ms,2_7_opt_bag_slow,67,1779955394328107203,66.928894154,3.646
preprocess_ms,2_7_opt_bag_slow,68,1779955395349140187,67.949927138,3.159
preprocess_ms,2_7_opt_bag_slow,69,1779955396365646166,68.96643311700001,4.081
preprocess_ms,2_7_opt_bag_slow,70,1779955397328958988,69.929745939,3.617
preprocess_ms,2_7_opt_bag_slow,71,1779955398332303800,70.93309075100001,3.847
preprocess_ms,2_7_opt_bag_slow,72,1779955399337433447,71.938220398,5.279
preprocess_ms,2_7_opt_bag_slow,73,1779955400331329304,72.93211625500001,2.88
preprocess_ms,2_7_opt_bag_slow,74,1779955401335186478,73.935973429,4.392
preprocess_ms,2_7_opt_bag_slow,75,1779955402368841267,74.96962821800001,4.104
preprocess_ms,2_7_opt_bag_slow,76,1779955403353405779,75.95419273,4.296
preprocess_ms,2_7_opt_bag_slow,77,1779955404355342234,76.95612918500001,3.99
preprocess_ms,2_7_opt_bag_slow,78,1779955405356216854,77.957003805,3.241
preprocess_ms,2_7_opt_bag_slow,79,1779955406362667617,78.963454568,4.514
preprocess_ms,2_7_opt_bag_slow,80,1779955407333711285,79.93449823600001,3.723
preprocess_ms,2_7_opt_bag_slow,81,1779955408342204145,80.942991096,1.847
preprocess_ms,2_7_opt_bag_slow,82,1779955409356112772,81.956899723,4.69
preprocess_ms,2_7_opt_bag_slow,83,1779955410334082479,82.93486943,4.437
preprocess_ms,2_7_opt_bag_slow,84,1779955411331253309,83.93204026000001,4.309
preprocess_ms,2_7_opt_bag_slow,85,1779955412328493359,84.92928031000001,4.11
preprocess_ms,2_7_opt_bag_slow,86,1779955413349899546,85.950686497,3.181
preprocess_ms,2_7_opt_bag_slow,87,1779955414371022114,86.971809065,4.73
preprocess_ms,2_7_opt_bag_slow,88,1779955415331807745,87.93259469600001,3.725
preprocess_ms,2_7_opt_bag_slow,89,1779955416341958785,88.942745736,4.104
preprocess_ms,2_7_opt_bag_slow,90,1779955417340862748,89.94164969900001,1.883
preprocess_ms,2_7_opt_bag_slow,91,1779955418331208965,90.931995916,3.819
preprocess_ms,2_7_opt_bag_slow,92,1779955419334519937,91.935306888,3.985
preprocess_ms,2_7_opt_bag_slow,93,1779955420332162990,92.932949941,1.991
preprocess_ms,2_7_opt_bag_slow,94,1779955421341951923,93.942738874,4.494
preprocess_ms,2_7_opt_bag_slow,95,1779955422345044019,94.94583097,2.065
preprocess_ms,2_7_opt_bag_slow,96,1779955423341185132,95.94197208300001,3.853
preprocess_ms,2_7_opt_bag_slow,97,1779955424365712619,96.96649957000001,4.096
preprocess_ms,2_7_opt_bag_slow,98,1779955425363059737,97.963846688,3.362
preprocess_ms,2_7_opt_bag_slow,99,1779955426358311945,98.959098896,4.602
preprocess_ms,2_7_opt_bag_slow,100,1779955427339927815,99.940714766,4.675
preprocess_ms,2_7_opt_bag_slow,101,1779955428355865744,100.956652695,3.695
preprocess_ms,2_7_opt_bag_slow,102,1779955429339361824,101.94014877500001,4.149
preprocess_ms,2_7_opt_bag_slow,103,1779955430336242260,102.93702921100001,4.693
preprocess_ms,2_7_opt_bag_slow,104,1779955431341692246,103.94247919700001,3.902
preprocess_ms,2_7_opt_bag_slow,105,1779955432328144534,104.928931485,3.407
preprocess_ms,2_7_opt_bag_slow,106,1779955433365103510,105.965890461,4.072
preprocess_ms,2_7_opt_bag_slow,107,1779955434368126080,106.968913031,5.238
preprocess_ms,2_7_opt_bag_slow,108,1779955435349513518,107.95030046900001,4.855
preprocess_ms,2_7_opt_bag_slow,109,1779955436362825957,108.963612908,2.81
preprocess_ms,2_7_opt_bag_slow,110,1779955437336551407,109.937338358,4.591
preprocess_ms,2_7_opt_bag_slow,111,1779955438366505360,110.96729231100001,4.498
preprocess_ms,2_7_opt_bag_slow,112,1779955439364051474,111.96483842500001,4.899
preprocess_ms,2_7_opt_bag_slow,113,1779955440339529031,112.940315982,4.103
preprocess_ms,2_7_opt_bag_slow,114,1779955441340872152,113.941659103,4.153
preprocess_ms,2_7_opt_bag_slow,115,1779955442355677287,114.95646423800001,5.192
preprocess_ms,2_7_opt_bag_slow,116,1779955443340359531,115.94114648200001,3.659
preprocess_ms,2_7_opt_bag_slow,117,1779955444330753008,116.931539959,3.404
preprocess_ms,2_7_opt_bag_slow,118,1779955445349427924,117.950214875,4.024
preprocess_ms,2_7_opt_bag_slow,119,1779955446350054699,118.95084165,3.38
preprocess_ms,2_7_opt_bag_slow,120,1779955447358960554,119.95974750500001,3.955
preprocess_ms,2_7_opt_bag_slow,121,1779955448361921287,120.962708238,3.81
preprocess_ms,2_7_opt_bag_slow,122,1779955449344455810,121.945242761,4.106
preprocess_ms,2_7_opt_bag_slow,123,1779955450345018837,122.945805788,4.925
preprocess_ms,2_7_opt_bag_slow,124,1779955451349773186,123.95056013700001,3.814
preprocess_ms,2_7_opt_bag_slow,125,1779955452373251241,124.97403819200001,3.766
preprocess_ms,2_7_opt_bag_slow,126,1779955453347081121,125.947868072,4.513
preprocess_ms,2_7_opt_bag_slow,127,1779955454338778427,126.93956537800001,4.277
preprocess_ms,2_7_opt_bag_slow,128,1779955455360254865,127.961041816,3.917
preprocess_ms,2_7_opt_bag_slow,129,1779955456329611332,128.93039828300002,4.395
preprocess_ms,2_7_opt_bag_slow,130,1779955457347575998,129.948362949,4.446
preprocess_ms,2_7_opt_bag_slow,131,1779955458324837802,130.92562475300002,4.125
preprocess_ms,2_7_opt_bag_slow,132,1779955459344211137,131.944998088,4.326
preprocess_ms,2_7_opt_bag_slow,133,1779955460358662626,132.95944957700002,3.986
preprocess_ms,2_7_opt_bag_slow,134,1779955461348202657,133.948989608,3.276
preprocess_ms,2_7_opt_bag_slow,135,1779955462366461430,134.96724838100002,3.978
preprocess_ms,2_7_opt_bag_slow,136,1779955463339646090,135.940433041,4.384
preprocess_ms,2_7_opt_bag_slow,137,1779955464355448837,136.95623578800001,4.187
preprocess_ms,2_7_opt_bag_slow,138,1779955465345978285,137.946765236,4.264
preprocess_ms,2_7_opt_bag_slow,139,1779955466362367236,138.96315418700001,3.758
preprocess_ms,2_7_opt_bag_slow,140,1779955467335166821,139.935953772,3.451
preprocess_ms,2_7_opt_bag_slow,141,1779955468341675931,140.942462882,4.205
preprocess_ms,2_7_opt_bag_slow,142,1779955469325627975,141.926414926,4.137
preprocess_ms,2_7_opt_bag_slow,143,1779955470345129461,142.945916412,3.947
preprocess_ms,2_7_opt_bag_slow,144,1779955471330580154,143.93136710500002,4.121
preprocess_ms,2_7_opt_bag_slow,145,1779955472348804559,144.94959151,4.669
preprocess_ms,2_7_opt_bag_slow,146,1779955473375327017,145.97611396800002,3.998
preprocess_ms,2_7_opt_bag_slow,147,1779955474359448016,146.96023496700002,3.93
preprocess_ms,2_7_opt_bag_slow,148,1779955475382610946,147.983397897,2.181
preprocess_ms,2_7_opt_bag_slow,149,1779955476346889218,148.947676169,4.693
preprocess_ms,2_7_opt_bag_slow,150,1779955477331520863,149.932307814,3.794
preprocess_ms,2_7_opt_bag_slow,151,1779955478342765368,150.94355231900002,4.332
preprocess_ms,2_7_opt_bag_slow,152,1779955479361622489,151.96240944000002,3.956
preprocess_ms,2_7_opt_bag_slow,153,1779955480346728330,152.94751528100002,4.997
preprocess_ms,2_7_opt_bag_slow,154,1779955481348303028,153.949089979,4.703
preprocess_ms,2_7_opt_bag_slow,155,1779955482373495438,154.97428238900002,4.707
preprocess_ms,2_7_opt_bag_slow,156,1779955483343473598,155.944260549,3.969
preprocess_ms,2_7_opt_bag_slow,157,1779955484368667649,156.9694546,4.759
preprocess_ms,2_7_opt_bag_slow,158,1779955485358979528,157.95976647900002,3.38
preprocess_ms,2_7_opt_bag_slow,159,1779955486368910792,158.969697743,3.62
preprocess_ms,2_7_opt_bag_slow,160,1779955487334676846,159.935463797,3.941
preprocess_ms,2_7_opt_bag_slow,161,1779955488344803816,160.945590767,4.594
preprocess_ms,2_7_opt_bag_slow,162,1779955489360776927,161.96156387800002,4.333
preprocess_ms,2_7_opt_bag_slow,163,1779955490351702005,162.952488956,3.639
preprocess_ms,2_7_opt_bag_slow,164,1779955491354820195,163.955607146,4.384
preprocess_ms,2_7_opt_bag_slow,165,1779955492333380431,164.934167382,1.775
preprocess_ms,2_7_opt_bag_slow,166,1779955493341311306,165.942098257,4.24
preprocess_ms,2_7_opt_bag_slow,167,1779955494368613365,166.96940031600002,3.447
preprocess_ms,2_7_opt_bag_slow,168,1779955495344508067,167.94529501800002,4.272
preprocess_ms,2_7_opt_bag_slow,169,1779955496366190828,168.96697777900002,4.294
preprocess_ms,2_7_opt_bag_slow,170,1779955497330932041,169.93171899200001,4.818
preprocess_ms,2_7_opt_bag_slow,171,1779955498355085958,170.95587290900002,3.897
preprocess_ms,2_7_opt_bag_slow,172,1779955499356679185,171.95746613600002,3.972
preprocess_ms,2_7_opt_bag_slow,173,1779955500352820099,172.95360705000002,3.358
preprocess_ms,2_7_opt_bag_slow,174,1779955501351823989,173.95261094,4.118
preprocess_ms,2_7_opt_bag_slow,175,1779955502353111622,174.953898573,4.431
preprocess_ms,2_7_opt_bag_slow,176,1779955503344667194,175.945454145,4.041
preprocess_ms,2_7_opt_bag_slow,177,1779955504346793288,176.94758023900002,4.203
preprocess_ms,2_7_opt_bag_slow,178,1779955505379637918,177.98042486900002,3.568
preprocess_ms,2_7_opt_bag_slow,179,1779955506333826870,178.934613821,3.811
preprocess_ms,2_7_opt_bag_slow,180,1779955507334067818,179.934854769,1.936
preprocess_ms,2_7_opt_bag_slow,181,1779955508328492746,180.929279697,4.153
preprocess_ms,2_7_opt_bag_slow,182,1779955509336348827,181.937135778,3.368
preprocess_ms,2_7_opt_bag_slow,183,1779955510369112123,182.969899074,4.118
preprocess_ms,2_7_opt_bag_slow,184,1779955511354356872,183.95514382300001,3.815
preprocess_ms,2_7_opt_bag_slow,185,1779955512341141362,184.941928313,4.082
preprocess_ms,2_7_opt_bag_slow,186,1779955513324852824,185.925639775,2.429
preprocess_ms,2_7_opt_bag_slow,187,1779955514325498556,186.92628550700002,4.671
preprocess_ms,2_7_opt_bag_slow,188,1779955515342698117,187.943485068,3.601
preprocess_ms,2_7_opt_bag_slow,189,1779955516354901368,188.95568831900002,3.97
preprocess_ms,2_7_opt_bag_slow,190,1779955517349056937,189.949843888,3.503
preprocess_ms,2_7_opt_bag_slow,191,1779955518377100168,190.977887119,3.392
preprocess_ms,2_7_opt_bag_slow,192,1779955519345879901,191.94666685200002,3.706
preprocess_ms,2_7_opt_bag_slow,193,1779955520338681368,192.939468319,3.431
preprocess_ms,2_7_opt_bag_slow,194,1779955521327705514,193.928492465,3.545
preprocess_ms,2_7_opt_bag_slow,195,1779955522348884611,194.94967156200002,2.511
preprocess_ms,2_7_opt_bag_slow,196,1779955523331588617,195.93237556800003,4.247
preprocess_ms,2_7_opt_bag_slow,197,1779955524348038685,196.948825636,4.036
preprocess_ms,2_7_opt_bag_slow,198,1779955525343968979,197.94475593,4.865
preprocess_ms,2_7_opt_bag_slow,199,1779955526343989134,198.944776085,3.859
preprocess_ms,2_7_opt_bag_slow,200,1779955527340527016,199.941313967,4.77
preprocess_ms,2_7_opt_bag_slow,201,1779955528350287667,200.951074618,3.486
preprocess_ms,2_7_opt_bag_slow,202,1779955529332322783,201.933109734,4.58
preprocess_ms,2_7_opt_bag_slow,203,1779955530359997889,202.96078484,3.372
preprocess_ms,2_7_opt_bag_slow,204,1779955531337639486,203.938426437,4.18
preprocess_ms,2_7_opt_bag_slow,205,1779955532355214195,204.956001146,2.669
preprocess_ms,2_7_opt_bag_slow,206,1779955533348652728,205.94943967900002,4.902
preprocess_ms,2_7_opt_bag_slow,207,1779955534351894309,206.95268126000002,4.301
preprocess_ms,2_7_opt_bag_slow,208,1779955535336288088,207.937075039,3.735
preprocess_ms,2_7_opt_bag_slow,209,1779955536331709357,208.93249630800003,3.491
preprocess_ms,2_7_opt_bag_slow,210,1779955537345369256,209.946156207,4.869
preprocess_ms,2_7_opt_bag_slow,211,1779955538343769463,210.944556414,4.56
preprocess_ms,2_7_opt_bag_slow,212,1779955539368953532,211.969740483,4.069
preprocess_ms,2_7_opt_bag_slow,213,1779955540347771340,212.948558291,3.591
preprocess_ms,2_7_opt_bag_slow,214,1779955541336658018,213.937444969,3.756
preprocess_ms,2_7_opt_bag_slow,215,1779955542369956123,214.970743074,4.131
preprocess_ms,2_7_opt_bag_slow,216,1779955543344361652,215.945148603,3.25
preprocess_ms,2_7_opt_bag_slow,217,1779955544341031396,216.941818347,4.199
preprocess_ms,2_7_opt_bag_slow,218,1779955545346464125,217.94725107600001,4.74
preprocess_ms,2_7_opt_bag_slow,219,1779955546366353310,218.96714026100003,4.121
preprocess_ms,2_7_opt_bag_slow,220,1779955547348322229,219.94910918000002,4.62
preprocess_ms,2_7_opt_bag_slow,221,1779955548332609245,220.93339619600002,4.71
preprocess_ms,2_7_opt_bag_slow,222,1779955549329788226,221.930575177,4.163
preprocess_ms,2_7_opt_bag_slow,223,1779955550329122802,222.929909753,3.498
preprocess_ms,2_7_opt_bag_slow,224,1779955551383178447,223.983965398,3.351
preprocess_ms,2_7_opt_bag_slow,225,1779955552355308156,224.956095107,4.344
preprocess_ms,2_7_opt_bag_slow,226,1779955553341495987,225.942282938,4.13
preprocess_ms,2_7_opt_bag_slow,227,1779955554358545586,226.95933253700002,3.841
preprocess_ms,2_7_opt_bag_slow,228,1779955555366194175,227.966981126,4.278
preprocess_ms,2_7_opt_bag_slow,229,1779955556341295586,228.942082537,4.247
preprocess_ms,2_7_opt_bag_slow,230,1779955557348993565,229.949780516,3.841
preprocess_ms,2_7_opt_bag_slow,231,1779955558333442496,230.934229447,3.235
preprocess_ms,2_7_opt_bag_slow,232,1779955559330668894,231.93145584500002,3.419
preprocess_ms,2_7_opt_bag_slow,233,1779955560337529889,232.93831684000003,3.934
preprocess_ms,2_7_opt_bag_slow,234,1779955561364466674,233.965253625,3.292
preprocess_ms,2_7_opt_bag_slow,235,1779955562359267733,234.96005468400003,5.013
preprocess_ms,2_7_opt_bag_slow,236,1779955563370305010,235.971091961,4.027
preprocess_ms,2_7_opt_bag_slow,237,1779955564357539551,236.958326502,4.34
preprocess_ms,2_7_opt_bag_slow,238,1779955565351563732,237.95235068300002,3.601
preprocess_ms,2_7_opt_bag_slow,239,1779955566342905796,238.94369274700003,4.373
preprocess_ms,2_7_opt_bag_slow,240,1779955567380425422,239.981212373,4.088
preprocess_ms,2_7_opt_bag_slow,241,1779955568345319381,240.94610633200003,3.924
preprocess_ms,2_7_opt_bag_slow,242,1779955569373516202,241.97430315300002,4.563
preprocess_ms,2_7_opt_bag_slow,243,1779955570338134991,242.938921942,3.993
preprocess_ms,2_7_opt_bag_slow,244,1779955571359698581,243.960485532,3.66
preprocess_ms,2_7_opt_bag_slow,245,1779955572343079505,244.94386645600002,4.891
preprocess_ms,2_7_opt_bag_slow,246,1779955573346584618,245.947371569,4.171
preprocess_ms,2_7_opt_bag_slow,247,1779955574370540762,246.97132771300002,3.716
preprocess_ms,2_7_opt_bag_slow,248,1779955575349607434,247.950394385,3.609
preprocess_ms,2_7_opt_bag_slow,249,1779955576339081367,248.939868318,4.329
preprocess_ms,2_7_opt_bag_slow,250,1779955577331498038,249.932284989,3.868
preprocess_ms,2_7_opt_bag_slow,251,1779955578372098972,250.972885923,4.449
preprocess_ms,2_7_opt_bag_slow,252,1779955579344472400,251.945259351,4.939
preprocess_ms,2_7_opt_bag_slow,253,1779955580362277778,252.96306472900002,3.749
preprocess_ms,2_7_opt_bag_slow,254,1779955581327890589,253.92867754000002,3.604
preprocess_ms,2_7_opt_bag_slow,255,1779955582339189334,254.93997628500003,3.839
preprocess_ms,2_7_opt_bag_slow,256,1779955583361322910,255.96210986100002,3.152
preprocess_ms,2_7_opt_bag_slow,257,1779955584325741117,256.92652806800004,3.307
preprocess_ms,2_7_opt_bag_slow,258,1779955585331528039,257.93231499,3.771
preprocess_ms,2_7_opt_bag_slow,259,1779955586352358725,258.953145676,3.947
preprocess_ms,2_7_opt_bag_slow,260,1779955587341933333,259.942720284,3.881
preprocess_ms,2_7_opt_bag_slow,261,1779955588356202561,260.956989512,3.588
preprocess_ms,2_7_opt_bag_slow,262,1779955589333360992,261.934147943,3.817
preprocess_ms,2_7_opt_bag_slow,263,1779955590343322419,262.94410937000004,3.853
preprocess_ms,2_7_opt_bag_slow,264,1779955591346653515,263.947440466,3.149
preprocess_ms,2_7_opt_bag_slow,265,1779955592356591441,264.957378392,2.882
preprocess_ms,2_7_opt_bag_slow,266,1779955593346547014,265.94733396500004,4.551
preprocess_ms,2_7_opt_bag_slow,267,1779955594355031259,266.95581821,4.016
preprocess_ms,2_7_opt_bag_slow,268,1779955595334294098,267.935081049,3.95
preprocess_ms,2_7_opt_bag_slow,269,1779955596335508803,268.936295754,5.07
preprocess_ms,2_7_opt_bag_slow,270,1779955597364930073,269.965717024,4.143
preprocess_ms,2_7_opt_bag_slow,271,1779955598367971135,270.96875808600004,3.224
preprocess_ms,2_7_opt_bag_slow,272,1779955599342113298,271.942900249,3.74
preprocess_ms,2_7_opt_bag_slow,273,1779955600354435698,272.955222649,4.185
preprocess_ms,2_7_opt_bag_slow,274,1779955601328863951,273.929650902,4.475
preprocess_ms,2_7_opt_bag_slow,275,1779955602342894278,274.943681229,3.233
preprocess_ms,2_7_opt_bag_slow,276,1779955603352415050,275.953202001,4.696
preprocess_ms,2_7_opt_bag_slow,277,1779955604359028695,276.95981564600004,3.391
preprocess_ms,2_7_opt_bag_slow,278,1779955605357263741,277.95805069200003,2.53
preprocess_ms,2_7_opt_bag_slow,279,1779955606349288509,278.95007546,4.253
preprocess_ms,2_7_opt_bag_slow,280,1779955607346460253,279.947247204,4.962
preprocess_ms,2_7_opt_bag_slow,281,1779955608357413065,280.95820001600003,4.204
preprocess_ms,2_7_opt_bag_slow,282,1779955609358536332,281.959323283,5.201
preprocess_ms,2_7_opt_bag_slow,283,1779955610357927520,282.958714471,3.432
preprocess_ms,2_7_opt_bag_slow,284,1779955611339642120,283.94042907100004,5.079
preprocess_ms,2_7_opt_bag_slow,285,1779955612331667721,284.932454672,3.955
preprocess_ms,2_7_opt_bag_slow,286,1779955613333025941,285.933812892,3.934
preprocess_ms,2_7_opt_bag_slow,287,1779955614343987116,286.944774067,3.712
preprocess_ms,2_7_opt_bag_slow,288,1779955615376095169,287.97688212,4.885
preprocess_ms,2_7_opt_bag_slow,289,1779955616337533779,288.93832073000004,4.163
preprocess_ms,2_7_opt_bag_slow,290,1779955617349234101,289.950021052,3.883
preprocess_ms,2_7_opt_bag_slow,291,1779955618354135186,290.95492213700004,2.533
preprocess_ms,2_7_opt_bag_slow,292,1779955619353402089,291.95418904,3.106
preprocess_ms,2_7_opt_bag_slow,293,1779955620351765312,292.95255226300003,4.649
preprocess_ms,2_7_opt_bag_slow,294,1779955621338076819,293.93886377,5.323
preprocess_ms,2_7_opt_bag_slow,295,1779955622387005324,294.987792275,3.914
preprocess_ms,2_7_opt_bag_slow,296,1779955623327733506,295.928520457,3.983
preprocess_ms,2_7_opt_bag_slow,297,1779955624360257199,296.96104415,4.105
preprocess_ms,2_7_opt_bag_slow,298,1779955625334659532,297.935446483,3.944
preprocess_ms,2_7_opt_bag_slow,299,1779955626345932609,298.94671956,4.194
preprocess_ms,2_7_opt_bag_slow,300,1779955627371752253,299.97253920400004,2.116
preprocess_ms,2_7_opt_bag_slow,301,1779955628374434446,300.97522139700004,1.917
preprocess_ms,2_7_opt_bag_slow,302,1779955629353846646,301.954633597,3.73
preprocess_ms,2_7_opt_bag_slow,303,1779955630329153023,302.92993997400004,4.31
preprocess_ms,2_7_opt_bag_slow,304,1779955631356204606,303.95699155700004,3.585
preprocess_ms,2_7_opt_bag_slow,305,1779955632364817950,304.965604901,4.016
preprocess_ms,2_7_opt_bag_slow,306,1779955633354182864,305.954969815,4.426
preprocess_ms,2_7_opt_bag_slow,307,1779955634354851103,306.955638054,4.158
preprocess_ms,2_7_opt_bag_slow,308,1779955635350640804,307.951427755,3.603
preprocess_ms,2_7_opt_bag_slow,309,1779955636331074301,308.93186125200003,4.278
preprocess_ms,2_7_opt_bag_slow,310,1779955637362778762,309.96356571300004,4.261
preprocess_ms,2_7_opt_bag_slow,311,1779955638347503896,310.948290847,3.803
preprocess_ms,2_7_opt_bag_slow,312,1779955639332306843,311.933093794,4.366
preprocess_ms,2_7_opt_bag_slow,313,1779955640339926246,312.94071319700004,3.633
preprocess_ms,2_7_opt_bag_slow,314,1779955641341701860,313.94248881100003,4.344
preprocess_ms,2_7_opt_bag_slow,315,1779955642344281903,314.945068854,4.126
preprocess_ms,2_7_opt_bag_slow,316,1779955643348618610,315.949405561,4.353
preprocess_ms,2_7_opt_bag_slow,317,1779955644343879403,316.944666354,3.736
preprocess_ms,2_7_opt_bag_slow,318,1779955645376525134,317.977312085,4.196
preprocess_ms,2_7_opt_bag_slow,319,1779955646350973551,318.951760502,4.156
preprocess_ms,2_7_opt_bag_slow,320,1779955647341789735,319.942576686,4.216
preprocess_ms,2_7_opt_bag_slow,321,1779955648354578233,320.955365184,5.015
preprocess_ms,2_7_opt_bag_slow,322,1779955649331793737,321.93258068800003,3.901
preprocess_ms,2_7_opt_bag_slow,323,1779955650338713744,322.939500695,4.06
preprocess_ms,2_7_opt_bag_slow,324,1779955651346407963,323.947194914,4.492
preprocess_ms,2_7_opt_bag_slow,325,1779955652338167805,324.93895475600004,4.732
preprocess_ms,2_7_opt_bag_slow,326,1779955653362837010,325.963623961,4.171
preprocess_ms,2_7_opt_bag_slow,327,1779955654340301356,326.94108830700003,3.837
preprocess_ms,2_7_opt_bag_slow,328,1779955655342415216,327.94320216700004,3.883
preprocess_ms,2_7_opt_bag_slow,329,1779955656378435749,328.97922270000004,3.772
preprocess_ms,2_7_opt_bag_slow,330,1779955657344127491,329.944914442,3.604
preprocess_ms,2_7_opt_bag_slow,331,1779955658344270967,330.94505791800003,6.134
preprocess_ms,2_7_opt_bag_slow,332,1779955659340983884,331.941770835,5.535
preprocess_ms,2_7_opt_bag_slow,333,1779955660378982219,332.97976917,4.51
preprocess_ms,2_7_opt_bag_slow,334,1779955661351954109,333.95274106,3.312
preprocess_ms,2_7_opt_bag_slow,335,1779955662346182589,334.94696954,2.598
preprocess_ms,2_7_opt_bag_slow,336,1779955663369503062,335.970290013,4.073
preprocess_ms,2_7_opt_bag_slow,337,1779955664359362904,336.960149855,3.266
preprocess_ms,2_7_opt_bag_slow,338,1779955665367215889,337.96800284,3.96
preprocess_ms,2_7_opt_bag_slow,339,1779955666341851077,338.94263802800003,4.081
preprocess_ms,2_7_opt_bag_slow,340,1779955667406873938,340.007660889,3.536
preprocess_ms,2_7_opt_bag_slow,341,1779955668333184546,340.933971497,3.721
preprocess_ms,2_7_opt_bag_slow,342,1779955669351408687,341.95219563800003,4.083
preprocess_ms,2_7_opt_bag_slow,343,1779955670374962195,342.975749146,3.728
preprocess_ms,2_7_opt_bag_slow,344,1779955671353687678,343.954474629,3.466
preprocess_ms,2_7_opt_bag_slow,345,1779955672339522898,344.940309849,4.435
preprocess_ms,2_7_opt_bag_slow,346,1779955673365868448,345.96665539900005,3.662
preprocess_ms,2_7_opt_bag_slow,347,1779955674348461399,346.94924835,4.325
preprocess_ms,2_7_opt_bag_slow,348,1779955675341554732,347.942341683,1.929
preprocess_ms,2_7_opt_bag_slow,349,1779955676327473536,348.92826048700005,3.71
preprocess_ms,2_7_opt_bag_slow,350,1779955677377847545,349.97863449600004,4.225
preprocess_ms,2_7_opt_bag_slow,351,1779955678345487636,350.946274587,3.872
preprocess_ms,2_7_opt_bag_slow,352,1779955679351458512,351.952245463,3.849
preprocess_ms,2_7_opt_bag_slow,353,1779955680380765128,352.98155207900004,4.723
preprocess_ms,2_7_opt_bag_slow,354,1779955681343598970,353.94438592100005,4.212
preprocess_ms,2_7_opt_bag_slow,355,1779955682353591171,354.95437812200004,4.675
preprocess_ms,2_7_opt_bag_slow,356,1779955683348575248,355.949362199,4.168
preprocess_ms,2_7_opt_bag_slow,357,1779955684392017564,356.99280451500005,4.434
preprocess_ms,2_7_opt_bag_slow,358,1779955685353449104,357.954236055,1.985
preprocess_ms,2_7_opt_bag_slow,359,1779955686348073927,358.948860878,4.592
preprocess_ms,2_7_opt_bag_slow,360,1779955687346594750,359.94738170100004,4.871
preprocess_ms,2_7_opt_bag_slow,361,1779955688359614707,360.960401658,3.528
preprocess_ms,2_7_opt_bag_slow,362,1779955689364708631,361.965495582,3.541
preprocess_ms,2_7_opt_bag_slow,363,1779955690332348713,362.933135664,3.828
preprocess_ms,2_7_opt_bag_slow,364,1779955691338182307,363.93896925800004,4.01
preprocess_ms,2_7_opt_bag_slow,365,1779955692343654746,364.944441697,4.192
preprocess_ms,2_7_opt_bag_slow,366,1779955693331838254,365.932625205,3.622
preprocess_ms,2_7_opt_bag_slow,367,1779955694343631225,366.944418176,4.025
preprocess_ms,2_7_opt_bag_slow,368,1779955695342193504,367.942980455,2.541
preprocess_ms,2_7_opt_bag_slow,369,1779955696341338746,368.94212569700005,4.796
preprocess_ms,2_7_opt_bag_slow,370,1779955697359903153,369.96069010400004,4.046
preprocess_ms,2_7_opt_bag_slow,371,1779955698333408104,370.93419505500003,4.244
preprocess_ms,2_7_opt_bag_slow,372,1779955699339534439,371.94032139,4.839
preprocess_ms,2_7_opt_bag_slow,373,1779955700337091902,372.93787885300003,4.398
preprocess_ms,2_7_opt_bag_slow,374,1779955701336232634,373.93701958500003,1.928
preprocess_ms,2_7_opt_bag_slow,375,1779955702342992515,374.943779466,3.975
preprocess_ms,2_7_opt_bag_slow,376,1779955703348095282,375.948882233,5.752
preprocess_ms,2_7_opt_bag_slow,377,1779955704354688433,376.955475384,3.899
preprocess_ms,2_7_opt_bag_slow,378,1779955705332277703,377.933064654,4.38
preprocess_ms,2_7_opt_bag_slow,379,1779955706339635153,378.94042210400005,3.972
preprocess_ms,2_7_opt_bag_slow,380,1779955707361925027,379.962711978,3.207
preprocess_ms,2_7_opt_bag_slow,381,1779955708332673055,380.933460006,4.496
preprocess_ms,2_7_opt_bag_slow,382,1779955709363700515,381.96448746600004,4.502
preprocess_ms,2_7_opt_bag_slow,383,1779955710346264137,382.947051088,4.88
preprocess_ms,2_7_opt_bag_slow,384,1779955711328506736,383.92929368700004,3.441
preprocess_ms,2_7_opt_bag_slow,385,1779955712370493890,384.971280841,3.553
preprocess_ms,2_7_opt_bag_slow,386,1779955713377524385,385.97831133600005,4.088
preprocess_ms,2_7_opt_bag_slow,387,1779955714353854131,386.954641082,3.647
preprocess_ms,2_7_opt_bag_slow,388,1779955715348901985,387.94968893600003,4.238
preprocess_ms,2_7_opt_bag_slow,389,1779955716346150072,388.94693702300003,4.134
preprocess_ms,2_7_opt_bag_slow,390,1779955717351324313,389.95211126400005,4.299
preprocess_ms,2_7_opt_bag_slow,391,1779955718346271256,390.947058207,4.626
preprocess_ms,2_7_opt_bag_slow,392,1779955719359277187,391.960064138,3.858
preprocess_ms,2_7_opt_bag_slow,393,1779955720355600616,392.95638756700004,3.918
preprocess_ms,2_7_opt_bag_slow,394,1779955721346951744,393.947738695,4.963
preprocess_ms,2_7_opt_bag_slow,395,1779955722370324430,394.971111381,3.279
preprocess_ms,2_7_opt_bag_slow,396,1779955723348115798,395.948902749,4.684
preprocess_ms,2_7_opt_bag_slow,397,1779955724333153024,396.93393997500004,4.654
preprocess_ms,2_7_opt_bag_slow,398,1779955725342352082,397.943139033,3.559
preprocess_ms,2_7_opt_bag_slow,399,1779955726347261879,398.94804883,4.248
preprocess_ms,2_7_opt_bag_slow,400,1779955727358780079,399.95956703,4.208
preprocess_ms,2_7_opt_bag_slow,401,1779955728333481226,400.93426817700004,3.78
preprocess_ms,2_7_opt_bag_slow,402,1779955729385139466,401.98592641700003,3.939
preprocess_ms,2_7_opt_bag_slow,403,1779955730354340584,402.95512753500003,4.159
preprocess_ms,2_7_opt_bag_slow,404,1779955731365160517,403.965947468,3.723
preprocess_ms,2_7_opt_bag_slow,405,1779955732341607152,404.942394103,4.667
preprocess_ms,2_7_opt_bag_slow,406,1779955733339962573,405.940749524,4.044
preprocess_ms,2_7_opt_bag_slow,407,1779955734343201881,406.943988832,4.096
preprocess_ms,2_7_opt_bag_slow,408,1779955735369484653,407.970271604,4.823
preprocess_ms,2_7_opt_bag_slow,409,1779955736333217143,408.93400409400004,3.775
preprocess_ms,2_7_opt_bag_slow,410,1779955737347433856,409.94822080700004,4.707
preprocess_ms,2_7_opt_bag_slow,411,1779955738355299629,410.95608658000003,4.251
preprocess_ms,2_7_opt_bag_slow,412,1779955739342024092,411.942811043,4.224
preprocess_ms,2_7_opt_bag_slow,413,1779955740341167495,412.941954446,3.945
preprocess_ms,2_7_opt_bag_slow,414,1779955741354538501,413.955325452,3.713
preprocess_ms,2_7_opt_bag_slow,415,1779955742367045749,414.96783270000003,3.519
preprocess_ms,2_7_opt_bag_slow,416,1779955743376191128,415.97697807900005,4.613
preprocess_ms,2_7_opt_bag_slow,417,1779955744358647452,416.95943440300005,4.536
preprocess_ms,2_7_opt_bag_slow,418,1779955745346508102,417.947295053,4.51
preprocess_ms,2_7_opt_bag_slow,419,1779955746360263560,418.96105051100005,3.358
preprocess_ms,2_7_opt_bag_slow,420,1779955747362903580,419.96369053100005,3.684
preprocess_ms,2_7_opt_bag_slow,421,1779955748370649248,420.97143619900004,4.038
preprocess_ms,2_7_opt_bag_slow,422,1779955749351962971,421.952749922,3.354
preprocess_ms,2_7_opt_bag_slow,423,1779955750328190195,422.928977146,4.06
preprocess_ms,2_7_opt_bag_slow,424,1779955751346027610,423.94681456100005,3.89
preprocess_ms,2_7_opt_bag_slow,425,1779955752345331489,424.94611844,3.879
preprocess_ms,2_7_opt_bag_slow,426,1779955753340343639,425.94113059,5.043
preprocess_ms,2_7_opt_bag_slow,427,1779955754335942139,426.93672909000003,3.84
preprocess_ms,2_7_opt_bag_slow,428,1779955755370858724,427.97164567500005,3.882
preprocess_ms,2_7_opt_bag_slow,429,1779955756352658486,428.953445437,4.186
preprocess_ms,2_7_opt_bag_slow,430,1779955757328768172,429.929555123,3.803
preprocess_ms,2_7_opt_bag_slow,431,1779955758342585982,430.94337293300003,3.641
preprocess_ms,2_7_opt_bag_slow,432,1779955759341645233,431.94243218400004,2.6
preprocess_ms,2_7_opt_bag_slow,433,1779955760361390670,432.962177621,3.758
preprocess_ms,2_7_opt_bag_slow,434,1779955761353478179,433.95426513,4.267
preprocess_ms,2_7_opt_bag_slow,435,1779955762365543467,434.96633041800004,3.337
preprocess_ms,2_7_opt_bag_slow,436,1779955763344604126,435.945391077,4.142
preprocess_ms,2_7_opt_bag_slow,437,1779955764357874218,436.95866116900004,4.085
preprocess_ms,2_7_opt_bag_slow,438,1779955765399638491,438.00042544200005,4.248
preprocess_ms,2_7_opt_bag_slow,439,1779955766345701592,438.94648854300004,4.561
preprocess_ms,2_7_opt_bag_slow,440,1779955767344276085,439.945063036,1.849
preprocess_ms,2_7_opt_bag_slow,441,1779955768382537253,440.98332420400004,5.2
preprocess_ms,2_7_opt_bag_slow,442,1779955769375868913,441.976655864,5.282
preprocess_ms,2_7_opt_bag_slow,443,1779955770375254510,442.976041461,5.366
preprocess_ms,2_7_opt_bag_slow,444,1779955771326516005,443.927302956,3.508
preprocess_ms,2_7_opt_bag_slow,445,1779955772344648307,444.94543525800003,4.126
preprocess_ms,2_7_opt_bag_slow,446,1779955773349306875,445.950093826,4.042
preprocess_ms,2_7_opt_bag_slow,447,1779955774344643223,446.945430174,4.959
preprocess_ms,2_7_opt_bag_slow,448,1779955775329871119,447.93065807000005,3.584
preprocess_ms,2_7_opt_bag_slow,449,1779955776329982997,448.93076994800003,3.92
preprocess_ms,2_7_opt_bag_slow,450,1779955777333866254,449.934653205,4.182
preprocess_ms,2_7_opt_bag_slow,451,1779955778343231622,450.94401857300005,3.592
preprocess_ms,2_7_opt_bag_slow,452,1779955779350186804,451.950973755,3.936
preprocess_ms,2_7_opt_bag_slow,453,1779955780337386423,452.93817337400003,4.166
preprocess_ms,2_7_opt_bag_slow,454,1779955781334303418,453.935090369,4.951
preprocess_ms,2_7_opt_bag_slow,455,1779955782349013300,454.94980025100006,4.029
preprocess_ms,2_7_opt_bag_slow,456,1779955783338377490,455.939164441,4.256
preprocess_ms,2_7_opt_bag_slow,457,1779955784347909236,456.94869618700005,3.543
preprocess_ms,2_7_opt_bag_slow,458,1779955785342616876,457.94340382700005,5.027
preprocess_ms,2_7_opt_bag_slow,459,1779955786333490303,458.93427725400005,4.094
preprocess_ms,2_7_opt_bag_slow,460,1779955787349604153,459.950391104,4.857
preprocess_ms,2_7_opt_bag_slow,461,1779955788347060983,460.94784793400004,4.585
preprocess_ms,2_7_opt_bag_slow,462,1779955789360476727,461.961263678,3.858
preprocess_ms,2_7_opt_bag_slow,463,1779955790329098698,462.929885649,3.014
preprocess_ms,2_7_opt_bag_slow,464,1779955791364194775,463.964981726,4.02
preprocess_ms,2_7_opt_bag_slow,465,1779955792330849063,464.93163601400005,3.768
preprocess_ms,2_7_opt_bag_slow,466,1779955793368249432,465.969036383,4.565
preprocess_ms,2_7_opt_bag_slow,467,1779955794333156908,466.933943859,4.25
preprocess_ms,2_7_opt_bag_slow,468,1779955795354403022,467.955189973,3.952
preprocess_ms,2_7_opt_bag_slow,469,1779955796345280105,468.946067056,4.27
preprocess_ms,2_7_opt_bag_slow,470,1779955797335802086,469.93658903700003,4.333
preprocess_ms,2_7_opt_bag_slow,471,1779955798346120713,470.94690766400004,3.824
preprocess_ms,2_7_opt_bag_slow,472,1779955799374491277,471.97527822800004,1.956
preprocess_ms,2_7_opt_bag_slow,473,1779955800344457230,472.945244181,3.601
preprocess_ms,2_7_opt_bag_slow,474,1779955801355068664,473.955855615,4.169
preprocess_ms,2_7_opt_bag_slow,475,1779955802357092001,474.95787895200004,4.199
preprocess_ms,2_7_opt_bag_slow,476,1779955803334246706,475.935033657,2.535
preprocess_ms,2_7_opt_bag_slow,477,1779955804337315899,476.93810285,3.471
preprocess_ms,2_7_opt_bag_slow,478,1779955805338533799,477.93932075000004,4.962
preprocess_ms,2_7_opt_bag_slow,479,1779955806347103821,478.94789077200005,3.744
preprocess_ms,2_7_opt_bag_slow,480,1779955807337387211,479.93817416200005,3.459
preprocess_ms,2_7_opt_bag_slow,481,1779955808350558015,480.951344966,3.921
preprocess_ms,2_7_opt_bag_slow,482,1779955809337571762,481.938358713,4.508
preprocess_ms,2_7_opt_bag_slow,483,1779955810350387763,482.95117471400005,3.694
preprocess_ms,2_7_opt_bag_slow,484,1779955811336239939,483.93702689,4.673
preprocess_ms,2_7_opt_bag_slow,485,1779955812372778471,484.97356542200004,4.117
preprocess_ms,2_7_opt_bag_slow,486,1779955813345751764,485.94653871500003,4.234
preprocess_ms,2_7_opt_bag_slow,487,1779955814344787316,486.94557426700004,4.532
preprocess_ms,2_7_opt_bag_slow,488,1779955815373965526,487.97475247700004,4.468
preprocess_ms,2_7_opt_bag_slow,489,1779955816345807439,488.94659439000003,3.659
preprocess_ms,2_7_opt_bag_slow,490,1779955817353878906,489.954665857,4.926
preprocess_ms,2_7_opt_bag_slow,491,1779955818362347846,490.963134797,2.668
preprocess_ms,2_7_opt_bag_slow,492,1779955819336350593,491.93713754400005,3.854
preprocess_ms,2_7_opt_bag_slow,493,1779955820356337075,492.95712402600003,3.573
preprocess_ms,2_7_opt_bag_slow,494,1779955821350307135,493.951094086,4.448
preprocess_ms,2_7_opt_bag_slow,495,1779955822328446408,494.929233359,3.157
preprocess_ms,2_7_opt_bag_slow,496,1779955823368789358,495.96957630900005,3.003
preprocess_ms,2_7_opt_bag_slow,497,1779955824375189359,496.97597631,4.255
preprocess_ms,2_7_opt_bag_slow,498,1779955825373917086,497.97470403700004,4.31
preprocess_ms,2_7_opt_bag_slow,499,1779955826347690069,498.94847702000004,3.75
preprocess_ms,2_7_opt_bag_slow,500,1779955827359874868,499.96066181900005,4.863
preprocess_ms,2_7_opt_bag_slow,501,1779955828367560722,500.96834767300004,3.802
preprocess_ms,2_7_opt_bag_slow,502,1779955829365774676,501.96656162700003,4.031
preprocess_ms,2_7_opt_bag_slow,503,1779955830328719153,502.92950610400004,4.221
preprocess_ms,2_7_opt_bag_slow,504,1779955831354119268,503.954906219,4.418
preprocess_ms,2_7_opt_bag_slow,505,1779955832335933505,504.93672045600005,4.278
preprocess_ms,2_7_opt_bag_slow,506,1779955833364891504,505.96567845500005,5.129
preprocess_ms,2_7_opt_bag_slow,507,1779955834361477201,506.96226415200005,3.635
preprocess_ms,2_7_opt_bag_slow,508,1779955835359040255,507.95982720600006,4.424
preprocess_ms,2_7_opt_bag_slow,509,1779955836339868187,508.940655138,3.878
preprocess_ms,2_7_opt_bag_slow,510,1779955837335918796,509.936705747,4.109
preprocess_ms,2_7_opt_bag_slow,511,1779955838334460539,510.93524749000005,4.056
preprocess_ms,2_7_opt_bag_slow,512,1779955839332744458,511.933531409,4.06
preprocess_ms,2_7_opt_bag_slow,513,1779955840334482569,512.93526952,4.6
preprocess_ms,2_7_opt_bag_slow,514,1779955841379165503,513.979952454,3.802
preprocess_ms,2_7_opt_bag_slow,515,1779955842331801089,514.93258804,3.647
preprocess_ms,2_7_opt_bag_slow,516,1779955843350547839,515.95133479,3.378
preprocess_ms,2_7_opt_bag_slow,517,1779955844338575978,516.939362929,3.521
preprocess_ms,2_7_opt_bag_slow,518,1779955845341323291,517.942110242,3.442
preprocess_ms,2_7_opt_bag_slow,519,1779955846335243337,518.936030288,3.388
preprocess_ms,2_7_opt_bag_slow,520,1779955847362662783,519.963449734,4.057
preprocess_ms,2_7_opt_bag_slow,521,1779955848380468992,520.9812559430001,5.243
preprocess_ms,2_7_opt_bag_slow,522,1779955849328787967,521.9295749180001,4.008
preprocess_ms,2_7_opt_bag_slow,523,1779955850370184742,522.970971693,3.382
preprocess_ms,2_7_opt_bag_slow,524,1779955851334923466,523.935710417,3.845
preprocess_ms,2_7_opt_bag_slow,525,1779955852343690881,524.9444778320001,3.824
preprocess_ms,2_7_opt_bag_slow,526,1779955853346598722,525.947385673,4.247
preprocess_ms,2_7_opt_bag_slow,527,1779955854351122151,526.9519091020001,3.712
preprocess_ms,2_7_opt_bag_slow,528,1779955855367571780,527.9683587310001,3.476
preprocess_ms,2_7_opt_bag_slow,529,1779955856359811990,528.9605989410001,4.268
preprocess_ms,2_7_opt_bag_slow,530,1779955857345217782,529.946004733,3.569
preprocess_ms,2_7_opt_bag_slow,531,1779955858368565055,530.969352006,4.601
preprocess_ms,2_7_opt_bag_slow,532,1779955859349374704,531.950161655,2.024
preprocess_ms,2_7_opt_bag_slow,533,1779955860364227578,532.9650145290001,4.632
preprocess_ms,2_7_opt_bag_slow,534,1779955861352885311,533.953672262,3.781
preprocess_ms,2_7_opt_bag_slow,535,1779955862343649532,534.944436483,2.516
preprocess_ms,2_7_opt_bag_slow,536,1779955863349357738,535.950144689,4.213
preprocess_ms,2_7_opt_bag_slow,537,1779955864340156762,536.940943713,3.929
preprocess_ms,2_7_opt_bag_slow,538,1779955865335850574,537.936637525,3.492
preprocess_ms,2_7_opt_bag_slow,539,1779955866371015300,538.971802251,3.724
preprocess_ms,2_7_opt_bag_slow,540,1779955867343494480,539.944281431,3.497
preprocess_ms,2_7_opt_bag_slow,541,1779955868349427561,540.950214512,3.87
preprocess_ms,2_7_opt_bag_slow,542,1779955869357725326,541.9585122770001,5.488
preprocess_ms,2_7_opt_bag_slow,543,1779955870387642459,542.98842941,3.843
preprocess_ms,2_7_opt_bag_slow,544,1779955871345777624,543.946564575,3.906
preprocess_ms,2_7_opt_bag_slow,545,1779955872344071916,544.944858867,3.401
preprocess_ms,2_7_opt_bag_slow,546,1779955873343389676,545.944176627,3.188
preprocess_ms,2_7_opt_bag_slow,547,1779955874337511782,546.938298733,2.87
preprocess_ms,2_7_opt_bag_slow,548,1779955875333059880,547.933846831,4.056
preprocess_ms,2_7_opt_bag_slow,549,1779955876392336743,548.993123694,3.268
preprocess_ms,2_7_opt_bag_slow,550,1779955877385052192,549.985839143,3.848
preprocess_ms,2_7_opt_bag_slow,551,1779955878354280585,550.955067536,4.248
preprocess_ms,2_7_opt_bag_slow,552,1779955879343449262,551.9442362130001,4.044
preprocess_ms,2_7_opt_bag_slow,553,1779955880347225967,552.948012918,4.648
preprocess_ms,2_7_opt_bag_slow,554,1779955881349857093,553.950644044,3.406
preprocess_ms,2_7_opt_bag_slow,555,1779955882348475189,554.9492621400001,4.525
preprocess_ms,2_7_opt_bag_slow,556,1779955883358489024,555.9592759750001,4.967
preprocess_ms,2_7_opt_bag_slow,557,1779955884343572686,556.944359637,3.706
preprocess_ms,2_7_opt_bag_slow,558,1779955885339995941,557.940782892,3.953
preprocess_ms,2_7_opt_bag_slow,559,1779955886344622009,558.94540896,3.569
preprocess_ms,2_7_opt_bag_slow,560,1779955887337238684,559.938025635,3.708
preprocess_ms,2_7_opt_bag_slow,561,1779955888355556892,560.956343843,3.831
preprocess_ms,2_7_opt_bag_slow,562,1779955889342980134,561.943767085,3.281
preprocess_ms,2_7_opt_bag_slow,563,1779955890348630197,562.9494171480001,4.708
preprocess_ms,2_7_opt_bag_slow,564,1779955891352943752,563.953730703,3.1
preprocess_ms,2_7_opt_bag_slow,565,1779955892330618719,564.93140567,3.455
preprocess_ms,2_7_opt_bag_slow,566,1779955893345014057,565.945801008,4.273
preprocess_ms,2_7_opt_bag_slow,567,1779955894348232037,566.949018988,3.522
preprocess_ms,2_7_opt_bag_slow,568,1779955895374198355,567.974985306,4.223
preprocess_ms,2_7_opt_bag_slow,569,1779955896362282176,568.963069127,4.036
preprocess_ms,2_7_opt_bag_slow,570,1779955897382544895,569.983331846,3.818
preprocess_ms,2_7_opt_bag_slow,571,1779955898343512445,570.944299396,4.063
preprocess_ms,2_7_opt_bag_slow,572,1779955899362526577,571.9633135280001,3.209
preprocess_ms,2_7_opt_bag_slow,573,1779955900337003151,572.937790102,4.414
preprocess_ms,2_7_opt_bag_slow,574,1779955901376480270,573.977267221,2.792
preprocess_ms,2_7_opt_bag_slow,575,1779955902435917783,575.0367047340001,4.886
preprocess_ms,2_7_opt_bag_slow,576,1779955903330633887,575.931420838,4.091
preprocess_ms,2_7_opt_bag_slow,577,1779955904344403809,576.9451907600001,3.832
preprocess_ms,2_7_opt_bag_slow,578,1779955905341417593,577.942204544,3.773
preprocess_ms,2_7_opt_bag_slow,579,1779955906371364654,578.972151605,3.276
preprocess_ms,2_7_opt_bag_slow,580,1779955907343740082,579.944527033,3.519
preprocess_ms,2_7_opt_bag_slow,581,1779955908360553107,580.961340058,4.403
preprocess_ms,2_7_opt_bag_slow,582,1779955909367931218,581.968718169,4.064
preprocess_ms,2_7_opt_bag_slow,583,1779955910371831382,582.972618333,3.592
preprocess_ms,2_7_opt_bag_slow,584,1779955911347351237,583.948138188,4.704
preprocess_ms,2_7_opt_bag_slow,585,1779955912324902999,584.92568995,3.183
preprocess_ms,2_7_opt_bag_slow,586,1779955913330898562,585.931685513,3.912
preprocess_ms,2_7_opt_bag_slow,587,1779955914336361246,586.937148197,3.801
preprocess_ms,2_7_opt_bag_slow,588,1779955915340818566,587.9416055170001,3.572
preprocess_ms,2_7_opt_bag_slow,589,1779955916354938409,588.9557253600001,3.984
preprocess_ms,2_7_opt_bag_slow,590,1779955917342376992,589.9431639430001,3.578
preprocess_ms,2_7_opt_bag_slow,591,1779955918343126301,590.943913252,4.098
preprocess_ms,2_7_opt_bag_slow,592,1779955919365018535,591.965805486,4.598
preprocess_ms,2_7_opt_bag_slow,593,1779955920345698718,592.946485669,5.247
preprocess_ms,2_7_opt_bag_slow,594,1779955921345874783,593.946661734,2.9
