metric,bag,sample_index,timestamp_ns,time_from_start_s,latency_ms
inference_ms,2_7_r01_t1,0,1780387959564680268,0.0,20.728
inference_ms,2_7_r01_t1,1,1780387960528619854,0.9639395860000001,23.255
inference_ms,2_7_r01_t1,2,1780387961501745093,1.9370648250000002,22.496
inference_ms,2_7_r01_t1,3,1780387962502715642,2.938035374,24.124
inference_ms,2_7_r01_t1,4,1780387963494525980,3.929845712,24.433
inference_ms,2_7_r01_t1,5,1780387964499220338,4.934540070000001,24.402
inference_ms,2_7_r01_t1,6,1780387965514025152,5.949344884,27.588
inference_ms,2_7_r01_t1,7,1780387966496207003,6.931526735,24.173
inference_ms,2_7_r01_t1,8,1780387967491828199,7.927147931,21.385
inference_ms,2_7_r01_t1,9,1780387968523047180,8.958366912,24.988
inference_ms,2_7_r01_t1,10,1780387969526099145,9.961418877,21.718
inference_ms,2_7_r01_t1,11,1780387970506963535,10.942283267,26.222
inference_ms,2_7_r01_t1,12,1780387971494882119,11.930201851000001,22.936
inference_ms,2_7_r01_t1,13,1780387972505913154,12.941232886000002,24.068
inference_ms,2_7_r01_t1,14,1780387973514798438,13.950118170000001,23.006
inference_ms,2_7_r01_t1,15,1780387974535303324,14.970623056,26.431
inference_ms,2_7_r01_t1,16,1780387975505295373,15.940615105000001,30.216
inference_ms,2_7_r01_t1,17,1780387976516092573,16.951412305,21.068
inference_ms,2_7_r01_t1,18,1780387977513757246,17.949076978,26.794
inference_ms,2_7_r01_t1,19,1780387978495774640,18.931094372,23.306
inference_ms,2_7_r01_t1,20,1780387979493987605,19.929307337,25.204
inference_ms,2_7_r01_t1,21,1780387980534066283,20.969386015,22.749
inference_ms,2_7_r01_t1,22,1780387981492546972,21.927866704000003,21.0
inference_ms,2_7_r01_t1,23,1780387982519147318,22.95446705,26.519
inference_ms,2_7_r01_t1,24,1780387983502989689,23.938309421000003,22.733
inference_ms,2_7_r01_t1,25,1780387984499575352,24.934895084,22.388
inference_ms,2_7_r01_t1,26,1780387985515750607,25.951070339,20.904
inference_ms,2_7_r01_t1,27,1780387986515981322,26.951301054,21.552
inference_ms,2_7_r01_t1,28,1780387987500009022,27.935328754,23.739
inference_ms,2_7_r01_t1,29,1780387988513745795,28.949065527000002,22.22
inference_ms,2_7_r01_t1,30,1780387989507991161,29.943310893000003,22.746
inference_ms,2_7_r01_t1,31,1780387990528830573,30.964150305,23.167
inference_ms,2_7_r01_t1,32,1780387991530198435,31.965518167000003,26.069
inference_ms,2_7_r01_t1,33,1780387992505796579,32.941116311,25.803
inference_ms,2_7_r01_t1,34,1780387993490802601,33.926122333,23.055
inference_ms,2_7_r01_t1,35,1780387994521096889,34.956416621,23.837
inference_ms,2_7_r01_t1,36,1780387995491607292,35.926927024,21.258
inference_ms,2_7_r01_t1,37,1780387996500142136,36.935461868000004,22.127
inference_ms,2_7_r01_t1,38,1780387997523800314,37.959120046,27.838
inference_ms,2_7_r01_t1,39,1780387998520209188,38.95552892,22.559
inference_ms,2_7_r01_t1,40,1780387999500773296,39.936093028,23.259
inference_ms,2_7_r01_t1,41,1780388000499671885,40.934991617,22.22
inference_ms,2_7_r01_t1,42,1780388001523915655,41.959235387,22.335
inference_ms,2_7_r01_t1,43,1780388002504857426,42.940177158000004,22.231
inference_ms,2_7_r01_t1,44,1780388003540903180,43.976222912000004,21.55
inference_ms,2_7_r01_t1,45,1780388004516498370,44.951818102000004,21.581
inference_ms,2_7_r01_t1,46,1780388005500875851,45.936195583,23.018
inference_ms,2_7_r01_t1,47,1780388006508329170,46.943648902,24.391
inference_ms,2_7_r01_t1,48,1780388007531329025,47.966648757,33.756
inference_ms,2_7_r01_t1,49,1780388008532338045,48.96765777700001,24.224
inference_ms,2_7_r01_t1,50,1780388009494992227,49.930311959,24.221
inference_ms,2_7_r01_t1,51,1780388010539579289,50.974899021000006,28.648
inference_ms,2_7_r01_t1,52,1780388011517116071,51.952435803,23.448
inference_ms,2_7_r01_t1,53,1780388012502144541,52.937464273,23.905
inference_ms,2_7_r01_t1,54,1780388013491844336,53.927164068,24.365
inference_ms,2_7_r01_t1,55,1780388014516134649,54.951454381000005,23.386
inference_ms,2_7_r01_t1,56,1780388015500947647,55.936267379,21.071
inference_ms,2_7_r01_t1,57,1780388016523653693,56.958973425,25.718
inference_ms,2_7_r01_t1,58,1780388017507882439,57.943202171,24.377
inference_ms,2_7_r01_t1,59,1780388018519538262,58.954857994,23.669
inference_ms,2_7_r01_t1,60,1780388019509550901,59.944870633,20.749
inference_ms,2_7_r01_t1,61,1780388020520298467,60.95561819900001,23.542
inference_ms,2_7_r01_t1,62,1780388021495960753,61.931280485,21.883
inference_ms,2_7_r01_t1,63,1780388022503666736,62.938986468,25.213
inference_ms,2_7_r01_t1,64,1780388023507130525,63.942450257000004,20.051
inference_ms,2_7_r01_t1,65,1780388024488031983,64.92335171500001,18.46
inference_ms,2_7_r01_t1,66,1780388025502499700,65.937819432,23.028
inference_ms,2_7_r01_t1,67,1780388026532334500,66.967654232,33.551
inference_ms,2_7_r01_t1,68,1780388027491490922,67.92681065400001,24.133
inference_ms,2_7_r01_t1,69,1780388028490955366,68.926275098,22.241
inference_ms,2_7_r01_t1,70,1780388029511066186,69.946385918,21.214
inference_ms,2_7_r01_t1,71,1780388030489535063,70.924854795,21.368
inference_ms,2_7_r01_t1,72,1780388031503908265,71.939227997,24.749
inference_ms,2_7_r01_t1,73,1780388032498597179,72.93391691100001,20.946
inference_ms,2_7_r01_t1,74,1780388033502546655,73.937866387,21.128
inference_ms,2_7_r01_t1,75,1780388034503577718,74.93889745,27.763
inference_ms,2_7_r01_t1,76,1780388035540844906,75.976164638,25.37
inference_ms,2_7_r01_t1,77,1780388036520810781,76.956130513,22.342
inference_ms,2_7_r01_t1,78,1780388037514351028,77.94967076,21.492
inference_ms,2_7_r01_t1,79,1780388038500534444,78.935854176,21.799
inference_ms,2_7_r01_t1,80,1780388039491392441,79.926712173,26.38
inference_ms,2_7_r01_t1,81,1780388040508550403,80.94387013500001,25.312
inference_ms,2_7_r01_t1,82,1780388041515004264,81.95032399600001,24.103
inference_ms,2_7_r01_t1,83,1780388042490954483,82.926274215,20.652
inference_ms,2_7_r01_t1,84,1780388043512438116,83.94775784800001,21.364
inference_ms,2_7_r01_t1,85,1780388044503916239,84.939235971,35.192
inference_ms,2_7_r01_t1,86,1780388045481945768,85.9172655,20.07
inference_ms,2_7_r01_t1,87,1780388046528933016,86.964252748,22.285
inference_ms,2_7_r01_t1,88,1780388047495004028,87.93032376000001,20.714
inference_ms,2_7_r01_t1,89,1780388048523093293,88.958413025,24.785
inference_ms,2_7_r01_t1,90,1780388049531023193,89.966342925,21.278
inference_ms,2_7_r01_t1,91,1780388050502620783,90.93794051500001,24.611
inference_ms,2_7_r01_t1,92,1780388051512777390,91.94809712200001,21.265
inference_ms,2_7_r01_t1,93,1780388052516356367,92.95167609900001,22.27
inference_ms,2_7_r01_t1,94,1780388053515587353,93.95090708500001,25.272
inference_ms,2_7_r01_t1,95,1780388054526051407,94.96137113900001,22.055
inference_ms,2_7_r01_t1,96,1780388055498621474,95.933941206,20.417
inference_ms,2_7_r01_t1,97,1780388056500956399,96.936276131,24.292
inference_ms,2_7_r01_t1,98,1780388057525663761,97.960983493,23.163
inference_ms,2_7_r01_t1,99,1780388058490128617,98.925448349,23.888
inference_ms,2_7_r01_t1,100,1780388059500857134,99.93617686600001,20.308
inference_ms,2_7_r01_t1,101,1780388060535776471,100.971096203,23.539
inference_ms,2_7_r01_t1,102,1780388061499673703,101.93499343500001,23.206
inference_ms,2_7_r01_t1,103,1780388062496741846,102.932061578,25.588
inference_ms,2_7_r01_t1,104,1780388063498103956,103.933423688,21.342
inference_ms,2_7_r01_t1,105,1780388064512730057,104.94804978900001,27.141
inference_ms,2_7_r01_t1,106,1780388065511731362,105.947051094,24.399
inference_ms,2_7_r01_t1,107,1780388066493114872,106.928434604,21.359
inference_ms,2_7_r01_t1,108,1780388067493600367,107.92892009900001,20.111
inference_ms,2_7_r01_t1,109,1780388068496180944,108.93150067600001,22.347
inference_ms,2_7_r01_t1,110,1780388069494912931,109.93023266300001,21.894
inference_ms,2_7_r01_t1,111,1780388070534358081,110.969677813,20.986
inference_ms,2_7_r01_t1,112,1780388071526075388,111.96139512,25.142
inference_ms,2_7_r01_t1,113,1780388072517378543,112.952698275,22.744
inference_ms,2_7_r01_t1,114,1780388073516783559,113.952103291,19.445
inference_ms,2_7_r01_t1,115,1780388074524390659,114.959710391,25.823
inference_ms,2_7_r01_t1,116,1780388075528891494,115.964211226,21.791
inference_ms,2_7_r01_t1,117,1780388076487525582,116.92284531400001,20.145
inference_ms,2_7_r01_t1,118,1780388077491178170,117.92649790200001,20.846
inference_ms,2_7_r01_t1,119,1780388078492125740,118.927445472,21.991
inference_ms,2_7_r01_t1,120,1780388079516744700,119.95206443200001,20.175
inference_ms,2_7_r01_t1,121,1780388080500367655,120.935687387,24.232
inference_ms,2_7_r01_t1,122,1780388081491041113,121.926360845,23.708
inference_ms,2_7_r01_t1,123,1780388082511466677,122.94678640900001,27.144
inference_ms,2_7_r01_t1,124,1780388083495280523,123.930600255,23.381
inference_ms,2_7_r01_t1,125,1780388084523216116,124.95853584800001,24.194
inference_ms,2_7_r01_t1,126,1780388085508293016,125.943612748,21.731
inference_ms,2_7_r01_t1,127,1780388086508504050,126.94382378200001,22.395
inference_ms,2_7_r01_t1,128,1780388087502448425,127.93776815700001,20.69
inference_ms,2_7_r01_t1,129,1780388088493157096,128.92847682800002,19.747
inference_ms,2_7_r01_t1,130,1780388089511599689,129.94691942100002,25.979
inference_ms,2_7_r01_t1,131,1780388090510348547,130.94566827900002,23.639
inference_ms,2_7_r01_t1,132,1780388091510147169,131.945466901,22.978
inference_ms,2_7_r01_t1,133,1780388092536655967,132.971975699,21.744
inference_ms,2_7_r01_t1,134,1780388093498869172,133.934188904,24.55
inference_ms,2_7_r01_t1,135,1780388094504691592,134.940011324,22.011
inference_ms,2_7_r01_t1,136,1780388095499042885,135.934362617,21.618
inference_ms,2_7_r01_t1,137,1780388096514615950,136.94993568200002,20.517
inference_ms,2_7_r01_t1,138,1780388097524267225,137.959586957,20.851
inference_ms,2_7_r01_t1,139,1780388098499712780,138.93503251200002,21.224
inference_ms,2_7_r01_t1,140,1780388099508606193,139.943925925,26.494
inference_ms,2_7_r01_t1,141,1780388100528245263,140.963564995,22.567
inference_ms,2_7_r01_t1,142,1780388101486212859,141.92153259100002,21.042
inference_ms,2_7_r01_t1,143,1780388102526129261,142.961448993,22.04
inference_ms,2_7_r01_t1,144,1780388103520204133,143.955523865,24.177
inference_ms,2_7_r01_t1,145,1780388104519613119,144.954932851,27.69
inference_ms,2_7_r01_t1,146,1780388105507964831,145.94328456300002,22.06
inference_ms,2_7_r01_t1,147,1780388106508164535,146.943484267,33.11
inference_ms,2_7_r01_t1,148,1780388107512115341,147.947435073,23.999
inference_ms,2_7_r01_t1,149,1780388108504519582,148.939839314,22.536
inference_ms,2_7_r01_t1,150,1780388109492514290,149.927834022,20.227
inference_ms,2_7_r01_t1,151,1780388110501624409,150.936944141,21.357
inference_ms,2_7_r01_t1,152,1780388111505267412,151.940587144,21.74
inference_ms,2_7_r01_t1,153,1780388112514267647,152.949587379,22.285
inference_ms,2_7_r01_t1,154,1780388113506276046,153.94159577800002,25.361
inference_ms,2_7_r01_t1,155,1780388114504738171,154.940057903,22.941
inference_ms,2_7_r01_t1,156,1780388115500561753,155.935881485,20.286
inference_ms,2_7_r01_t1,157,1780388116502514523,156.937834255,22.789
inference_ms,2_7_r01_t1,158,1780388117492977283,157.928297015,22.391
inference_ms,2_7_r01_t1,159,1780388118500584892,158.93590462400002,20.825
inference_ms,2_7_r01_t1,160,1780388119489645365,159.924965097,18.402
inference_ms,2_7_r01_t1,161,1780388120499591142,160.934910874,19.558
inference_ms,2_7_r01_t1,162,1780388121519949547,161.95526927900002,19.743
inference_ms,2_7_r01_t1,163,1780388122494549116,162.929868848,18.596
inference_ms,2_7_r01_t1,164,1780388123517688924,163.953008656,19.204
inference_ms,2_7_r01_t1,165,1780388124519598932,164.95491866400002,19.628
inference_ms,2_7_r01_t1,166,1780388125497237033,165.93255676500002,24.593
inference_ms,2_7_r01_t1,167,1780388126517117678,166.95243741000002,22.31
inference_ms,2_7_r01_t1,168,1780388127497910471,167.93323020300002,21.134
inference_ms,2_7_r01_t1,169,1780388128521113942,168.956433674,20.304
inference_ms,2_7_r01_t1,170,1780388129490817576,169.92613730800002,21.84
inference_ms,2_7_r01_t1,171,1780388130506129176,170.941448908,23.077
inference_ms,2_7_r01_t1,172,1780388131526794661,171.962114393,25.346
inference_ms,2_7_r01_t1,173,1780388132513153871,172.94847360300002,19.449
inference_ms,2_7_r01_t1,174,1780388133517764348,173.95308408000002,27.244
inference_ms,2_7_r01_t1,175,1780388134540199391,174.975519123,21.461
inference_ms,2_7_r01_t1,176,1780388135508779320,175.944099052,19.834
inference_ms,2_7_r01_t1,177,1780388136512225374,176.947545106,25.855
inference_ms,2_7_r01_t1,178,1780388137516814452,177.95213418400002,25.085
inference_ms,2_7_r01_t1,179,1780388138493468166,178.92878789800002,21.416
inference_ms,2_7_r01_t1,180,1780388139495882003,179.931201735,20.962
inference_ms,2_7_r01_t1,181,1780388140485409511,180.920729243,19.864
inference_ms,2_7_r01_t1,182,1780388141497062350,181.932382082,20.159
inference_ms,2_7_r01_t1,183,1780388142511723355,182.947043087,24.451
inference_ms,2_7_r01_t1,184,1780388143494134300,183.92945403200002,21.332
inference_ms,2_7_r01_t1,185,1780388144510835158,184.94615489,29.181
inference_ms,2_7_r01_t1,186,1780388145497930147,185.93324987900002,26.124
inference_ms,2_7_r01_t1,187,1780388146492339676,186.927659408,23.017
inference_ms,2_7_r01_t1,188,1780388147502403142,187.937722874,23.629
inference_ms,2_7_r01_t1,189,1780388148499954073,188.935273805,23.748
inference_ms,2_7_r01_t1,190,1780388149546521913,189.981841645,22.232
inference_ms,2_7_r01_t1,191,1780388150509610485,190.944930217,24.896
inference_ms,2_7_r01_t1,192,1780388151508684483,191.944004215,20.967
inference_ms,2_7_r01_t1,193,1780388152514101732,192.949421464,22.563
inference_ms,2_7_r01_t1,194,1780388153501291579,193.936611311,27.321
inference_ms,2_7_r01_t1,195,1780388154504055932,194.939375664,21.167
inference_ms,2_7_r01_t1,196,1780388155524071883,195.95939161500002,34.03
inference_ms,2_7_r01_t1,197,1780388156507403844,196.94272357600002,21.893
inference_ms,2_7_r01_t1,198,1780388157512590832,197.947910564,24.143
inference_ms,2_7_r01_t1,199,1780388158507167554,198.94248728600002,21.757
inference_ms,2_7_r01_t1,200,1780388159508836221,199.944155953,25.393
inference_ms,2_7_r01_t1,201,1780388160494298497,200.929618229,24.03
inference_ms,2_7_r01_t1,202,1780388161501661652,201.936981384,24.727
inference_ms,2_7_r01_t1,203,1780388162524793861,202.96011359300002,21.757
inference_ms,2_7_r01_t1,204,1780388163502096382,203.937416114,25.24
inference_ms,2_7_r01_t1,205,1780388164500647576,204.93596730800002,24.978
inference_ms,2_7_r01_t1,206,1780388165505152281,205.940472013,21.094
inference_ms,2_7_r01_t1,207,1780388166495410906,206.930730638,20.414
inference_ms,2_7_r01_t1,208,1780388167499163807,207.934483539,25.38
inference_ms,2_7_r01_t1,209,1780388168498130273,208.93345000500003,28.239
inference_ms,2_7_r01_t1,210,1780388169526608114,209.961927846,21.854
inference_ms,2_7_r01_t1,211,1780388170510032773,210.94535250500002,25.55
inference_ms,2_7_r01_t1,212,1780388171539444688,211.97476442,20.47
inference_ms,2_7_r01_t1,213,1780388172517750954,212.95307068600002,25.606
inference_ms,2_7_r01_t1,214,1780388173522316778,213.95763651000001,25.309
inference_ms,2_7_r01_t1,215,1780388174533731084,214.96905081600002,21.849
inference_ms,2_7_r01_t1,216,1780388175494939126,215.930258858,25.13
inference_ms,2_7_r01_t1,217,1780388176494333126,216.92965285800003,20.937
inference_ms,2_7_r01_t1,218,1780388177542370351,217.97769008300003,24.499
inference_ms,2_7_r01_t1,219,1780388178518131303,218.953451035,26.011
inference_ms,2_7_r01_t1,220,1780388179507375474,219.94269520600002,21.21
inference_ms,2_7_r01_t1,221,1780388180496567196,220.931886928,24.01
inference_ms,2_7_r01_t1,222,1780388181493807174,221.92912690600002,20.942
inference_ms,2_7_r01_t1,223,1780388182496342638,222.93166237000003,21.339
inference_ms,2_7_r01_t1,224,1780388183534719669,223.970039401,26.584
inference_ms,2_7_r01_t1,225,1780388184539647980,224.97496771200002,20.835
inference_ms,2_7_r01_t1,226,1780388185503335806,225.938655538,24.958
inference_ms,2_7_r01_t1,227,1780388186514426789,226.949746521,23.683
inference_ms,2_7_r01_t1,228,1780388187498820654,227.93414038600002,23.354
inference_ms,2_7_r01_t1,229,1780388188497504442,228.93282417400002,23.321
inference_ms,2_7_r01_t1,230,1780388189530425285,229.96574501700002,22.314
inference_ms,2_7_r01_t1,231,1780388190496614314,230.931934046,23.731
inference_ms,2_7_r01_t1,232,1780388191498382753,231.93370248500003,27.238
inference_ms,2_7_r01_t1,233,1780388192525108407,232.96042813900002,24.21
inference_ms,2_7_r01_t1,234,1780388193495973443,233.931293175,20.352
inference_ms,2_7_r01_t1,235,1780388194512548219,234.947867951,22.654
inference_ms,2_7_r01_t1,236,1780388195504656676,235.939976408,23.79
inference_ms,2_7_r01_t1,237,1780388196513941021,236.949260753,23.603
inference_ms,2_7_r01_t1,238,1780388197492847282,237.92816701400002,26.036
inference_ms,2_7_r01_t1,239,1780388198507324847,238.94264457900002,21.857
inference_ms,2_7_r01_t1,240,1780388199509113249,239.944432981,25.679
inference_ms,2_7_r01_t1,241,1780388200517987661,240.95330739300002,25.058
inference_ms,2_7_r01_t1,242,1780388201538952420,241.97427215200003,23.931
inference_ms,2_7_r01_t1,243,1780388202516616171,242.95193590300002,24.516
inference_ms,2_7_r01_t1,244,1780388203499372369,243.93469210100002,20.89
inference_ms,2_7_r01_t1,245,1780388204498334788,244.93365452,21.173
inference_ms,2_7_r01_t1,246,1780388205530270443,245.96559017500002,22.603
inference_ms,2_7_r01_t1,247,1780388206534735423,246.970055155,23.888
inference_ms,2_7_r01_t1,248,1780388207519944371,247.95526410300002,22.169
inference_ms,2_7_r01_t1,249,1780388208523279404,248.958599136,22.15
inference_ms,2_7_r01_t1,250,1780388209498199438,249.93351917,24.845
inference_ms,2_7_r01_t1,251,1780388210537269361,250.972589093,20.89
inference_ms,2_7_r01_t1,252,1780388211507839575,251.943159307,22.782
inference_ms,2_7_r01_t1,253,1780388212532180361,252.967500093,22.25
inference_ms,2_7_r01_t1,254,1780388213486901790,253.92222152200003,23.079
inference_ms,2_7_r01_t1,255,1780388214521468218,254.95678795,22.972
inference_ms,2_7_r01_t1,256,1780388215501595761,255.93691549300001,23.365
inference_ms,2_7_r01_t1,257,1780388216490806832,256.926126564,24.332
inference_ms,2_7_r01_t1,258,1780388217518518729,257.95383846100003,22.925
inference_ms,2_7_r01_t1,259,1780388218493758231,258.929077963,24.489
inference_ms,2_7_r01_t1,260,1780388219497199197,259.932518929,21.314
inference_ms,2_7_r01_t1,261,1780388220521912922,260.957232654,24.438
inference_ms,2_7_r01_t1,262,1780388221496489297,261.931809029,23.208
inference_ms,2_7_r01_t1,263,1780388222503176272,262.938496004,21.843
inference_ms,2_7_r01_t1,264,1780388223510917414,263.94623714600004,22.209
inference_ms,2_7_r01_t1,265,1780388224518285042,264.95360477400004,23.715
inference_ms,2_7_r01_t1,266,1780388225539014687,265.974334419,26.955
inference_ms,2_7_r01_t1,267,1780388226518813696,266.95413342800003,30.615
inference_ms,2_7_r01_t1,268,1780388227519305716,267.954625448,19.925
inference_ms,2_7_r01_t1,269,1780388228519594497,268.954914229,26.464
inference_ms,2_7_r01_t1,270,1780388229534408610,269.969728342,23.391
inference_ms,2_7_r01_t1,271,1780388230499238775,270.934558507,22.273
inference_ms,2_7_r01_t1,272,1780388231528006525,271.963326257,23.091
inference_ms,2_7_r01_t1,273,1780388232521691534,272.957011266,20.608
inference_ms,2_7_r01_t1,274,1780388233510110445,273.945430177,24.379
inference_ms,2_7_r01_t1,275,1780388234518711398,274.95403113000003,20.755
inference_ms,2_7_r01_t1,276,1780388235523137650,275.958457382,22.499
inference_ms,2_7_r01_t1,277,1780388236502431319,276.937751051,26.522
inference_ms,2_7_r01_t1,278,1780388237523263422,277.958583154,23.443
inference_ms,2_7_r01_t1,279,1780388238511103486,278.946423218,23.572
inference_ms,2_7_r01_t1,280,1780388239526043720,279.961363452,22.708
inference_ms,2_7_r01_t1,281,1780388240532544442,280.967864174,22.788
inference_ms,2_7_r01_t1,282,1780388241504727300,281.940047032,23.123
inference_ms,2_7_r01_t1,283,1780388242518712508,282.95403224,21.036
inference_ms,2_7_r01_t1,284,1780388243526323806,283.96164353800003,25.007
inference_ms,2_7_r01_t1,285,1780388244522504381,284.957824113,25.774
inference_ms,2_7_r01_t1,286,1780388245511754839,285.94707457100003,24.457
inference_ms,2_7_r01_t1,287,1780388246543505650,286.978825382,20.426
inference_ms,2_7_r01_t1,288,1780388247536557982,287.971877714,25.642
inference_ms,2_7_r01_t1,289,1780388248499868200,288.935187932,21.746
inference_ms,2_7_r01_t1,290,1780388249500820346,289.936140078,25.887
inference_ms,2_7_r01_t1,291,1780388250499886907,290.935206639,22.713
inference_ms,2_7_r01_t1,292,1780388251513038567,291.948358299,24.448
inference_ms,2_7_r01_t1,293,1780388252516200034,292.951519766,26.651
inference_ms,2_7_r01_t1,294,1780388253497298512,293.932618244,24.249
inference_ms,2_7_r01_t1,295,1780388254517868457,294.953188189,21.029
inference_ms,2_7_r01_t1,296,1780388255496585438,295.93190517,22.259
inference_ms,2_7_r01_t1,297,1780388256502747602,296.93806733400004,20.645
inference_ms,2_7_r01_t1,298,1780388257498441635,297.93376136700005,23.196
inference_ms,2_7_r01_t1,299,1780388258518317005,298.953636737,21.467
inference_ms,2_7_r01_t1,300,1780388259523517206,299.958836938,22.327
inference_ms,2_7_r01_t1,301,1780388260544905267,300.98022499900003,20.924
inference_ms,2_7_r01_t1,302,1780388261504110080,301.939429812,25.729
inference_ms,2_7_r01_t1,303,1780388262518418330,302.953738062,21.971
inference_ms,2_7_r01_t1,304,1780388263519060559,303.954380291,25.909
inference_ms,2_7_r01_t1,305,1780388264503323370,304.938643102,25.015
inference_ms,2_7_r01_t1,306,1780388265534809544,305.970129276,22.07
inference_ms,2_7_r01_t1,307,1780388266532953450,306.968273182,23.353
inference_ms,2_7_r01_t1,308,1780388267508740864,307.94406059600004,23.091
inference_ms,2_7_r01_t1,309,1780388268497426422,308.93274615400003,25.677
inference_ms,2_7_r01_t1,310,1780388269498515504,309.933835236,22.432
inference_ms,2_7_r01_t1,311,1780388270509519936,310.94483966800004,24.857
inference_ms,2_7_r01_t1,312,1780388271500032515,311.935352247,25.289
inference_ms,2_7_r01_t1,313,1780388272521582148,312.95690188000003,24.842
inference_ms,2_7_r01_t1,314,1780388273519297022,313.954616754,20.735
inference_ms,2_7_r01_t1,315,1780388274521835604,314.957155336,29.694
inference_ms,2_7_r01_t1,316,1780388275530863740,315.966183472,22.132
inference_ms,2_7_r01_t1,317,1780388276530648597,316.965968329,20.639
inference_ms,2_7_r01_t1,318,1780388277531200961,317.966520693,23.233
inference_ms,2_7_r01_t1,319,1780388278507253759,318.942573491,23.239
inference_ms,2_7_r01_t1,320,1780388279526718824,319.96203855600004,25.453
inference_ms,2_7_r01_t1,321,1780388280527010611,320.962330343,24.031
inference_ms,2_7_r01_t1,322,1780388281491071391,321.92639112300003,26.087
inference_ms,2_7_r01_t1,323,1780388282524579735,322.959899467,24.459
inference_ms,2_7_r01_t1,324,1780388283506806865,323.942126597,23.082
inference_ms,2_7_r01_t1,325,1780388284494508113,324.92982784500003,23.585
inference_ms,2_7_r01_t1,326,1780388285500771177,325.93609090900003,22.904
inference_ms,2_7_r01_t1,327,1780388286504932114,326.940251846,22.216
inference_ms,2_7_r01_t1,328,1780388287527936742,327.96325647400005,24.313
inference_ms,2_7_r01_t1,329,1780388288495718114,328.93103784600004,23.948
inference_ms,2_7_r01_t1,330,1780388289522188965,329.95750869700004,24.748
inference_ms,2_7_r01_t1,331,1780388290501611956,330.936931688,22.04
inference_ms,2_7_r01_t1,332,1780388291496579521,331.93189925300004,20.399
inference_ms,2_7_r01_t1,333,1780388292507539306,332.942859038,23.177
inference_ms,2_7_r01_t1,334,1780388293520882428,333.95620216000003,26.371
inference_ms,2_7_r01_t1,335,1780388294511785295,334.947105027,23.172
inference_ms,2_7_r01_t1,336,1780388295504957734,335.940277466,21.822
inference_ms,2_7_r01_t1,337,1780388296524605496,336.95992522800003,20.46
inference_ms,2_7_r01_t1,338,1780388297545604108,337.98092384,27.525
inference_ms,2_7_r01_t1,339,1780388298500468877,338.93578860900004,21.605
inference_ms,2_7_r01_t1,340,1780388299509337032,339.944656764,21.818
inference_ms,2_7_r01_t1,341,1780388300508370022,340.94368975400005,22.695
inference_ms,2_7_r01_t1,342,1780388301516326960,341.951646692,24.242
inference_ms,2_7_r01_t1,343,1780388302507596239,342.94291597100005,23.04
inference_ms,2_7_r01_t1,344,1780388303505531884,343.94085161600003,25.528
inference_ms,2_7_r01_t1,345,1780388304506535285,344.941855017,26.9
inference_ms,2_7_r01_t1,346,1780388305512273435,345.94759316700004,21.63
inference_ms,2_7_r01_t1,347,1780388306510318762,346.94563849400004,23.812
inference_ms,2_7_r01_t1,348,1780388307505019023,347.940338755,29.835
inference_ms,2_7_r01_t1,349,1780388308493886576,348.929206308,24.856
inference_ms,2_7_r01_t1,350,1780388309535364999,349.970684731,23.208
inference_ms,2_7_r01_t1,351,1780388310529927466,350.96524719800004,22.619
inference_ms,2_7_r01_t1,352,1780388311512211771,351.94753150300005,25.149
inference_ms,2_7_r01_t1,353,1780388312519438343,352.95475807500003,22.433
inference_ms,2_7_r01_t1,354,1780388313505016529,353.940336261,24.493
inference_ms,2_7_r01_t1,355,1780388314540530285,354.975850017,21.555
inference_ms,2_7_r01_t1,356,1780388315505372787,355.94069251900004,22.38
inference_ms,2_7_r01_t1,357,1780388316514774069,356.95009380100004,21.619
inference_ms,2_7_r01_t1,358,1780388317500697567,357.936017299,20.32
inference_ms,2_7_r01_t1,359,1780388318513219689,358.948539421,22.269
inference_ms,2_7_r01_t1,360,1780388319499397412,359.93471714400005,25.401
inference_ms,2_7_r01_t1,361,1780388320531476544,360.966796276,22.476
inference_ms,2_7_r01_t1,362,1780388321505338950,361.94065868200005,24.585
inference_ms,2_7_r01_t1,363,1780388322497027390,362.932347122,27.576
inference_ms,2_7_r01_t1,364,1780388323503441645,363.93876137700005,25.93
inference_ms,2_7_r01_t1,365,1780388324503923843,364.93924357500003,25.857
inference_ms,2_7_r01_t1,366,1780388325514389415,365.949709147,21.477
inference_ms,2_7_r01_t1,367,1780388326506603311,366.94192304300003,24.02
inference_ms,2_7_r01_t1,368,1780388327506283784,367.94160351600004,21.188
inference_ms,2_7_r01_t1,369,1780388328502196899,368.93751663100005,26.315
inference_ms,2_7_r01_t1,370,1780388329533224417,369.968544149,23.842
inference_ms,2_7_r01_t1,371,1780388330500665528,370.93598526,22.012
inference_ms,2_7_r01_t1,372,1780388331502657683,371.93797741500003,21.904
inference_ms,2_7_r01_t1,373,1780388332528364108,372.96368384000004,24.714
inference_ms,2_7_r01_t1,374,1780388333529115778,373.96443551000004,26.487
inference_ms,2_7_r01_t1,375,1780388334529689236,374.965008968,22.251
inference_ms,2_7_r01_t1,376,1780388335505654518,375.94097425,21.527
inference_ms,2_7_r01_t1,377,1780388336513788010,376.949107742,23.371
inference_ms,2_7_r01_t1,378,1780388337509382031,377.944701763,22.306
inference_ms,2_7_r01_t1,379,1780388338496638173,378.93195790500005,21.807
inference_ms,2_7_r01_t1,380,1780388339510700674,379.946020406,27.161
inference_ms,2_7_r01_t1,381,1780388340491976201,380.92729593300004,20.494
inference_ms,2_7_r01_t1,382,1780388341495860847,381.931180579,22.285
inference_ms,2_7_r01_t1,383,1780388342535930083,382.971249815,25.378
inference_ms,2_7_r01_t1,384,1780388343516204180,383.951523912,22.671
inference_ms,2_7_r01_t1,385,1780388344509333285,384.944653017,24.042
inference_ms,2_7_r01_t1,386,1780388345507143429,385.94246316100003,24.853
inference_ms,2_7_r01_t1,387,1780388346572422696,387.00774242800003,27.115
inference_ms,2_7_r01_t1,388,1780388347511705666,387.94702539800005,23.668
inference_ms,2_7_r01_t1,389,1780388348505284974,388.94060470600004,24.844
inference_ms,2_7_r01_t1,390,1780388349530730854,389.96605058600005,33.165
inference_ms,2_7_r01_t1,391,1780388350503198192,390.93851792400005,22.138
inference_ms,2_7_r01_t1,392,1780388351502402522,391.93772225400005,23.688
inference_ms,2_7_r01_t1,393,1780388352535363317,392.970683049,23.756
inference_ms,2_7_r01_t1,394,1780388353508887047,393.944206779,26.643
inference_ms,2_7_r01_t1,395,1780388354527058435,394.962378167,25.009
inference_ms,2_7_r01_t1,396,1780388355533061947,395.968381679,23.103
inference_ms,2_7_r01_t1,397,1780388356492628270,396.92794800200005,21.839
inference_ms,2_7_r01_t1,398,1780388357528211046,397.963530778,22.313
inference_ms,2_7_r01_t1,399,1780388358505743023,398.941062755,22.484
inference_ms,2_7_r01_t1,400,1780388359516796884,399.952116616,25.01
inference_ms,2_7_r01_t1,401,1780388360492366122,400.927685854,21.8
inference_ms,2_7_r01_t1,402,1780388361517307629,401.952627361,23.979
inference_ms,2_7_r01_t1,403,1780388362507212813,402.942532545,25.065
inference_ms,2_7_r01_t1,404,1780388363507486464,403.94280619600005,22.389
inference_ms,2_7_r01_t1,405,1780388364499386009,404.934705741,21.652
inference_ms,2_7_r01_t1,406,1780388365495739879,405.931059611,23.798
inference_ms,2_7_r01_t1,407,1780388366499566914,406.93488664600005,21.175
inference_ms,2_7_r01_t1,408,1780388367506148291,407.941468023,24.645
inference_ms,2_7_r01_t1,409,1780388368496096043,408.931415775,24.645
inference_ms,2_7_r01_t1,410,1780388369511606434,409.946926166,25.896
inference_ms,2_7_r01_t1,411,1780388370500641012,410.935960744,26.773
inference_ms,2_7_r01_t1,412,1780388371522448069,411.95776780100005,24.56
inference_ms,2_7_r01_t1,413,1780388372534374036,412.969693768,25.149
inference_ms,2_7_r01_t1,414,1780388373522641685,413.95796141700004,29.767
inference_ms,2_7_r01_t1,415,1780388374532980482,414.968300214,27.165
inference_ms,2_7_r01_t1,416,1780388375523974788,415.95929452,21.442
inference_ms,2_7_r01_t1,417,1780388376517244247,416.95256397900005,23.562
inference_ms,2_7_r01_t1,418,1780388377511082482,417.94640221400005,29.538
inference_ms,2_7_r01_t1,419,1780388378524875689,418.96019542100004,30.821
inference_ms,2_7_r01_t1,420,1780388379510022626,419.945342358,26.107
inference_ms,2_7_r01_t1,421,1780388380521165520,420.95648525200005,24.691
inference_ms,2_7_r01_t1,422,1780388381494864578,421.93018431,21.774
inference_ms,2_7_r01_t1,423,1780388382487561170,422.92288090200003,25.001
inference_ms,2_7_r01_t1,424,1780388383526845899,423.962165631,28.576
inference_ms,2_7_r01_t1,425,1780388384523230149,424.958549881,23.607
inference_ms,2_7_r01_t1,426,1780388385528022255,425.96334198700004,29.007
inference_ms,2_7_r01_t1,427,1780388386546326306,426.981646038,40.478
inference_ms,2_7_r01_t1,428,1780388387546250468,427.9815702,28.599
inference_ms,2_7_r01_t1,429,1780388388540167116,428.975486848,22.128
inference_ms,2_7_r01_t1,430,1780388389515700581,429.951020313,25.149
inference_ms,2_7_r01_t1,431,1780388390525611427,430.96093115900004,23.284
inference_ms,2_7_r01_t1,432,1780388391515774607,431.951094339,27.336
inference_ms,2_7_r01_t1,433,1780388392497525837,432.93284556900005,23.524
inference_ms,2_7_r01_t1,434,1780388393514554918,433.94987465,26.267
inference_ms,2_7_r01_t1,435,1780388394512415690,434.94773542200005,27.185
inference_ms,2_7_r01_t1,436,1780388395535899554,435.971219286,27.174
inference_ms,2_7_r01_t1,437,1780388396520814944,436.95613467600003,25.219
inference_ms,2_7_r01_t1,438,1780388397523906994,437.95922672600005,24.463
inference_ms,2_7_r01_t1,439,1780388398507972335,438.943292067,23.155
inference_ms,2_7_r01_t1,440,1780388399521635202,439.956954934,24.327
inference_ms,2_7_r01_t1,441,1780388400524766549,440.96008628100003,25.71
inference_ms,2_7_r01_t1,442,1780388401512520807,441.947840539,22.247
inference_ms,2_7_r01_t1,443,1780388402522534652,442.95785438400003,21.927
inference_ms,2_7_r01_t1,444,1780388403499578260,443.934897992,27.176
inference_ms,2_7_r01_t1,445,1780388404533305637,444.96862536900005,23.052
inference_ms,2_7_r01_t1,446,1780388405513999719,445.949319451,24.411
inference_ms,2_7_r01_t1,447,1780388406536415782,446.97173551400004,24.67
inference_ms,2_7_r01_t1,448,1780388407494997678,447.93031741000004,21.998
inference_ms,2_7_r01_t1,449,1780388408497187350,448.93250708200003,21.321
inference_ms,2_7_r01_t1,450,1780388409497546081,449.93286581300003,21.522
inference_ms,2_7_r01_t1,451,1780388410501580095,450.93689982700005,20.296
inference_ms,2_7_r01_t1,452,1780388411517731065,451.953050797,22.847
inference_ms,2_7_r01_t1,453,1780388412519200981,452.954520713,27.86
inference_ms,2_7_r01_t1,454,1780388413491216699,453.92653643100005,21.573
inference_ms,2_7_r01_t1,455,1780388414512958326,454.948278058,22.167
inference_ms,2_7_r01_t1,456,1780388415506194678,455.94151441,25.439
inference_ms,2_7_r01_t1,457,1780388416521792286,456.95711201800003,26.904
inference_ms,2_7_r01_t1,458,1780388417508716370,457.94403610200004,26.577
inference_ms,2_7_r01_t1,459,1780388418495781033,458.93110076500005,25.081
inference_ms,2_7_r01_t1,460,1780388419550633171,459.98595290300005,29.352
inference_ms,2_7_r01_t1,461,1780388420509449688,460.94476942000006,21.933
inference_ms,2_7_r01_t1,462,1780388421500718558,461.93603829000006,23.809
inference_ms,2_7_r01_t1,463,1780388422517904137,462.95322386900006,22.927
inference_ms,2_7_r01_t1,464,1780388423520012244,463.955331976,25.493
inference_ms,2_7_r01_t1,465,1780388424497075345,464.932395077,21.194
inference_ms,2_7_r01_t1,466,1780388425545935562,465.98125529400005,21.515
inference_ms,2_7_r01_t1,467,1780388426506720467,466.942040199,26.164
inference_ms,2_7_r01_t1,468,1780388427541461912,467.976781644,25.965
inference_ms,2_7_r01_t1,469,1780388428510623088,468.94594282,25.892
inference_ms,2_7_r01_t1,470,1780388429521016480,469.95633621200005,25.553
inference_ms,2_7_r01_t1,471,1780388430514041122,470.949360854,26.247
inference_ms,2_7_r01_t1,472,1780388431528811101,471.964130833,26.154
inference_ms,2_7_r01_t1,473,1780388432533879420,472.96919915200004,28.776
inference_ms,2_7_r01_t1,474,1780388433519823953,473.95514368500005,23.129
inference_ms,2_7_r01_t1,475,1780388434506017725,474.94133745700003,25.68
inference_ms,2_7_r01_t1,476,1780388435498477535,475.93379726700005,23.221
inference_ms,2_7_r01_t1,477,1780388436521842005,476.95716173700004,23.379
inference_ms,2_7_r01_t1,478,1780388437510825068,477.9461448,24.827
inference_ms,2_7_r01_t1,479,1780388438493394677,478.928714409,26.062
inference_ms,2_7_r01_t1,480,1780388439507216368,479.94253610000004,27.635
inference_ms,2_7_r01_t1,481,1780388440523767522,480.95908725400005,27.952
inference_ms,2_7_r01_t1,482,1780388441523261327,481.95858105900004,26.393
inference_ms,2_7_r01_t1,483,1780388442507590740,482.94291047200005,23.692
inference_ms,2_7_r01_t1,484,1780388443514445852,483.94976558400003,22.519
inference_ms,2_7_r01_t1,485,1780388444504673887,484.939993619,24.33
inference_ms,2_7_r01_t1,486,1780388445511233333,485.94655306500005,25.511
inference_ms,2_7_r01_t1,487,1780388446518102948,486.95342268,28.158
inference_ms,2_7_r01_t1,488,1780388447503994301,487.939314033,25.715
inference_ms,2_7_r01_t1,489,1780388448532698291,488.968018023,23.889
inference_ms,2_7_r01_t1,490,1780388449509604376,489.944924108,23.658
inference_ms,2_7_r01_t1,491,1780388450514960471,490.95028020300003,22.581
inference_ms,2_7_r01_t1,492,1780388451501815224,491.937134956,23.691
inference_ms,2_7_r01_t1,493,1780388452554389418,492.98970915,25.795
inference_ms,2_7_r01_t1,494,1780388453510056204,493.945375936,22.91
inference_ms,2_7_r01_t1,495,1780388454492950988,494.92827072000006,22.049
inference_ms,2_7_r01_t1,496,1780388455506147184,495.941466916,25.883
inference_ms,2_7_r01_t1,497,1780388456509756106,496.94507583800004,22.816
inference_ms,2_7_r01_t1,498,1780388457525296253,497.960615985,25.912
inference_ms,2_7_r01_t1,499,1780388458523085532,498.958405264,38.129
inference_ms,2_7_r01_t1,500,1780388459519817224,499.95513695600005,25.125
inference_ms,2_7_r01_t1,501,1780388460523772114,500.95909184600004,23.526
inference_ms,2_7_r01_t1,502,1780388461524060522,501.95938025400005,27.204
inference_ms,2_7_r01_t1,503,1780388462525355211,502.960674943,35.542
inference_ms,2_7_r01_t1,504,1780388463508514651,503.943834383,24.889
inference_ms,2_7_r01_t1,505,1780388464520882741,504.956202473,26.821
inference_ms,2_7_r01_t1,506,1780388465498510831,505.933830563,20.676
inference_ms,2_7_r01_t1,507,1780388466500663181,506.93598291300003,23.351
inference_ms,2_7_r01_t1,508,1780388467506136476,507.94145620800003,26.564
inference_ms,2_7_r01_t1,509,1780388468505022277,508.940342009,23.687
inference_ms,2_7_r01_t1,510,1780388469536005394,509.971325126,26.847
inference_ms,2_7_r01_t1,511,1780388470525783904,510.961103636,28.033
inference_ms,2_7_r01_t1,512,1780388471519218337,511.954538069,20.925
inference_ms,2_7_r01_t1,513,1780388472507118715,512.9424384470001,23.321
inference_ms,2_7_r01_t1,514,1780388473552086914,513.9874066460001,24.043
inference_ms,2_7_r01_t1,515,1780388474521926556,514.9572462880001,25.593
inference_ms,2_7_r01_t1,516,1780388475495449243,515.930768975,21.391
inference_ms,2_7_r01_t1,517,1780388476505800927,516.941120659,22.116
inference_ms,2_7_r01_t1,518,1780388477502507479,517.937827211,24.542
inference_ms,2_7_r01_t1,519,1780388478493714176,518.9290339080001,22.238
inference_ms,2_7_r01_t1,520,1780388479494407868,519.9297276,23.391
inference_ms,2_7_r01_t1,521,1780388480516515190,520.951834922,21.544
inference_ms,2_7_r01_t1,522,1780388481494021055,521.929340787,22.459
inference_ms,2_7_r01_t1,523,1780388482525340230,522.960659962,22.381
inference_ms,2_7_r01_t1,524,1780388483492913424,523.928233156,20.687
inference_ms,2_7_r01_t1,525,1780388484507312418,524.94263215,23.911
inference_ms,2_7_r01_t1,526,1780388485507888501,525.9432082330001,24.031
inference_ms,2_7_r01_t1,527,1780388486511247829,526.946567561,24.355
inference_ms,2_7_r01_t1,528,1780388487497236413,527.932556145,21.618
inference_ms,2_7_r01_t1,529,1780388488515858551,528.951178283,22.511
inference_ms,2_7_r01_t1,530,1780388489520610839,529.9559305710001,24.85
inference_ms,2_7_r01_t1,531,1780388490517038415,530.952358147,25.656
inference_ms,2_7_r01_t1,532,1780388491508413775,531.943733507,19.629
inference_ms,2_7_r01_t1,533,1780388492531127176,532.9664469080001,24.972
inference_ms,2_7_r01_t1,534,1780388493553750727,533.989070459,26.484
inference_ms,2_7_r01_t1,535,1780388494526046148,534.96136588,21.219
inference_ms,2_7_r01_t1,536,1780388495495660056,535.9309797880001,19.248
inference_ms,2_7_r01_t1,537,1780388496524244451,536.959564183,25.698
inference_ms,2_7_r01_t1,538,1780388497503299781,537.938619513,22.905
inference_ms,2_7_r01_t1,539,1780388498523532119,538.9588518510001,25.771
inference_ms,2_7_r01_t1,540,1780388499533361206,539.968680938,26.123
inference_ms,2_7_r01_t1,541,1780388500513664425,540.948984157,22.491
inference_ms,2_7_r01_t1,542,1780388501541948364,541.977268096,25.976
inference_ms,2_7_r01_t1,543,1780388502527651565,542.9629712970001,23.244
inference_ms,2_7_r01_t1,544,1780388503506080742,543.941400474,23.631
inference_ms,2_7_r01_t1,545,1780388504524650526,544.959970258,21.421
inference_ms,2_7_r01_t1,546,1780388505501043826,545.936363558,21.036
inference_ms,2_7_r01_t1,547,1780388506504134639,546.939454371,23.963
inference_ms,2_7_r01_t1,548,1780388507507539936,547.942859668,19.407
inference_ms,2_7_r01_t1,549,1780388508557239294,548.992559026,24.543
inference_ms,2_7_r01_t1,550,1780388509525132131,549.960451863,26.09
inference_ms,2_7_r01_t1,551,1780388510513285043,550.948604775,23.2
inference_ms,2_7_r01_t1,552,1780388511505166515,551.9404862470001,20.755
inference_ms,2_7_r01_t1,553,1780388512512360869,552.947680601,24.302
inference_ms,2_7_r01_t1,554,1780388513536111273,553.971431005,20.296
inference_ms,2_7_r01_t1,555,1780388514509803492,554.945123224,22.551
inference_ms,2_7_r01_t1,556,1780388515519892207,555.955211939,22.942
inference_ms,2_7_r01_t1,557,1780388516500736102,556.9360558340001,20.715
inference_ms,2_7_r01_t1,558,1780388517499006035,557.934325767,19.197
inference_ms,2_7_r01_t1,559,1780388518515211803,558.950531535,21.306
inference_ms,2_7_r01_t1,560,1780388519525368258,559.96068799,25.242
inference_ms,2_7_r01_t1,561,1780388520510709722,560.946029454,25.43
inference_ms,2_7_r01_t1,562,1780388521503325348,561.93864508,24.69
inference_ms,2_7_r01_t1,563,1780388522523210318,562.95853005,19.517
inference_ms,2_7_r01_t1,564,1780388523513595110,563.948914842,22.317
inference_ms,2_7_r01_t1,565,1780388524519170457,564.954490189,24.206
inference_ms,2_7_r01_t1,566,1780388525508104929,565.943424661,23.648
inference_ms,2_7_r01_t1,567,1780388526533991314,566.969311046,21.33
inference_ms,2_7_r01_t1,568,1780388527529149018,567.96446875,23.465
inference_ms,2_7_r01_t1,569,1780388528526271578,568.96159131,24.599
inference_ms,2_7_r01_t1,570,1780388529543625689,569.978945421,21.757
inference_ms,2_7_r01_t1,571,1780388530507891985,570.943211717,22.582
inference_ms,2_7_r01_t1,572,1780388531501573515,571.9368932470001,22.758
inference_ms,2_7_r01_t1,573,1780388532505966002,572.9412857340001,26.993
inference_ms,2_7_r01_t1,574,1780388533507206821,573.942526553,25.188
inference_ms,2_7_r01_t1,575,1780388534574121804,575.009441536,27.033
inference_ms,2_7_r01_t1,576,1780388535528673621,575.9639933530001,26.684
inference_ms,2_7_r01_t1,577,1780388536540132263,576.9754519950001,25.916
inference_ms,2_7_r01_t1,578,1780388537500686202,577.936005934,22.545
inference_ms,2_7_r01_t1,579,1780388538528872969,578.964192701,26.034
inference_ms,2_7_r01_t1,580,1780388539509180617,579.944500349,27.738
inference_ms,2_7_r01_t1,581,1780388540556912326,580.992232058,25.33
inference_ms,2_7_r01_t1,582,1780388541512014153,581.947333885,26.611
inference_ms,2_7_r01_t1,583,1780388542535630823,582.9709505550001,23.536
inference_ms,2_7_r01_t1,584,1780388543510400400,583.945720132,28.348
inference_ms,2_7_r01_t1,585,1780388544501729252,584.9370489840001,21.598
inference_ms,2_7_r01_t1,586,1780388545521416680,585.956736412,28.531
inference_ms,2_7_r01_t1,587,1780388546499831849,586.935151581,26.763
inference_ms,2_7_r01_t1,588,1780388547509020775,587.944340507,26.281
inference_ms,2_7_r01_t1,589,1780388548500017204,588.935336936,22.349
inference_ms,2_7_r01_t1,590,1780388549501259708,589.9365794400001,23.543
inference_ms,2_7_r01_t1,591,1780388550502962296,590.938282028,21.935
inference_ms,2_7_r01_t1,592,1780388551523808537,591.9591282690001,21.753
inference_ms,2_7_r01_t1,593,1780388552498519537,592.933839269,22.535
inference_ms,2_7_r01_t1,594,1780388553503736037,593.939055769,22.704
inference_ms,2_7_r01_t2,0,1780388614859330175,0.0,19.574
inference_ms,2_7_r01_t2,1,1780388615800559222,0.9412290470000001,23.7
inference_ms,2_7_r01_t2,2,1780388616792321470,1.932991295,23.036
inference_ms,2_7_r01_t2,3,1780388617797224889,2.937894714,23.646
inference_ms,2_7_r01_t2,4,1780388618821185381,3.961855206,25.014
inference_ms,2_7_r01_t2,5,1780388619796750927,4.937420752,25.733
inference_ms,2_7_r01_t2,6,1780388620784072582,5.924742407,21.17
inference_ms,2_7_r01_t2,7,1780388621783308048,6.923977873,22.686
inference_ms,2_7_r01_t2,8,1780388622807617321,7.948287146,22.249
inference_ms,2_7_r01_t2,9,1780388623811883689,8.952553514,25.82
inference_ms,2_7_r01_t2,10,1780388624794204378,9.934874203000001,22.879
inference_ms,2_7_r01_t2,11,1780388625774221003,10.914890828,21.311
inference_ms,2_7_r01_t2,12,1780388626809716785,11.95038661,26.805
inference_ms,2_7_r01_t2,13,1780388627817615786,12.958285611,27.235
inference_ms,2_7_r01_t2,14,1780388628802952944,13.943622769000001,23.498
inference_ms,2_7_r01_t2,15,1780388629791255561,14.931925386000001,23.181
inference_ms,2_7_r01_t2,16,1780388630791098661,15.931768486000001,23.287
inference_ms,2_7_r01_t2,17,1780388631783890630,16.924560455,22.221
inference_ms,2_7_r01_t2,18,1780388632796676713,17.937346538,23.011
inference_ms,2_7_r01_t2,19,1780388633808099280,18.948769105,27.735
inference_ms,2_7_r01_t2,20,1780388634785790170,19.926459995000002,23.88
inference_ms,2_7_r01_t2,21,1780388635794577291,20.935247116000003,23.565
inference_ms,2_7_r01_t2,22,1780388636785633249,21.926303074,22.637
inference_ms,2_7_r01_t2,23,1780388637813741605,22.95441143,25.388
inference_ms,2_7_r01_t2,24,1780388638808831949,23.949501774,21.312
inference_ms,2_7_r01_t2,25,1780388639805374310,24.946044135,32.369
inference_ms,2_7_r01_t2,26,1780388640790998655,25.931668480000003,25.545
inference_ms,2_7_r01_t2,27,1780388641808832633,26.949502458,25.959
inference_ms,2_7_r01_t2,28,1780388642808384747,27.949054572,21.823
inference_ms,2_7_r01_t2,29,1780388643828375846,28.969045671000003,26.244
inference_ms,2_7_r01_t2,30,1780388644784739402,29.925409227000003,20.814
inference_ms,2_7_r01_t2,31,1780388645794703601,30.935373426,22.53
inference_ms,2_7_r01_t2,32,1780388646798622766,31.939292591,23.03
inference_ms,2_7_r01_t2,33,1780388647791828647,32.932498472,24.461
inference_ms,2_7_r01_t2,34,1780388648787568159,33.928237984,24.626
inference_ms,2_7_r01_t2,35,1780388649806980369,34.947650194000005,22.606
inference_ms,2_7_r01_t2,36,1780388650785525980,35.926195805,24.866
inference_ms,2_7_r01_t2,37,1780388651789715088,36.930384913000005,24.646
inference_ms,2_7_r01_t2,38,1780388652812485546,37.953155371,27.241
inference_ms,2_7_r01_t2,39,1780388653778262137,38.918931962,20.603
inference_ms,2_7_r01_t2,40,1780388654798380472,39.939050297,24.901
inference_ms,2_7_r01_t2,41,1780388655791559384,40.932229209,21.78
inference_ms,2_7_r01_t2,42,1780388656822600688,41.963270513000005,23.64
inference_ms,2_7_r01_t2,43,1780388657794190595,42.93486042,21.95
inference_ms,2_7_r01_t2,44,1780388658807279676,43.947949501000004,22.315
inference_ms,2_7_r01_t2,45,1780388659824876909,44.965546734,22.73
inference_ms,2_7_r01_t2,46,1780388660806915014,45.947584839,23.92
inference_ms,2_7_r01_t2,47,1780388661800043338,46.940713163000005,24.804
inference_ms,2_7_r01_t2,48,1780388662782353558,47.923023383,20.531
inference_ms,2_7_r01_t2,49,1780388663811978777,48.952648602000004,20.059
inference_ms,2_7_r01_t2,50,1780388664774318006,49.914987831000005,19.906
inference_ms,2_7_r01_t2,51,1780388665796768665,50.937438490000005,22.938
inference_ms,2_7_r01_t2,52,1780388666803491923,51.944161748000006,26.29
inference_ms,2_7_r01_t2,53,1780388667822841668,52.963511493000006,34.884
inference_ms,2_7_r01_t2,54,1780388668781124915,53.92179474,19.898
inference_ms,2_7_r01_t2,55,1780388669789865655,54.93053548,26.418
inference_ms,2_7_r01_t2,56,1780388670806033577,55.946703402000004,26.423
inference_ms,2_7_r01_t2,57,1780388671821528939,56.962198764,19.561
inference_ms,2_7_r01_t2,58,1780388672814114786,57.954784611,22.037
inference_ms,2_7_r01_t2,59,1780388673800554348,58.941224173,26.413
inference_ms,2_7_r01_t2,60,1780388674779557485,59.92022731,20.794
inference_ms,2_7_r01_t2,61,1780388675800257640,60.940927465,21.096
inference_ms,2_7_r01_t2,62,1780388676804695760,61.945365585000005,25.005
inference_ms,2_7_r01_t2,63,1780388677803428663,62.944098488,21.243
inference_ms,2_7_r01_t2,64,1780388678781334681,63.92200450600001,20.721
inference_ms,2_7_r01_t2,65,1780388679782579677,64.923249502,19.942
inference_ms,2_7_r01_t2,66,1780388680819965394,65.96063521900001,21.27
inference_ms,2_7_r01_t2,67,1780388681812537277,66.95320710200001,20.945
inference_ms,2_7_r01_t2,68,1780388682783166945,67.92383677000001,23.081
inference_ms,2_7_r01_t2,69,1780388683802929591,68.943599416,21.221
inference_ms,2_7_r01_t2,70,1780388684811208898,69.95187872300001,25.84
inference_ms,2_7_r01_t2,71,1780388685785795431,70.926465256,23.254
inference_ms,2_7_r01_t2,72,1780388686790631388,71.931301213,23.104
inference_ms,2_7_r01_t2,73,1780388687793147748,72.933817573,26.485
inference_ms,2_7_r01_t2,74,1780388688788709144,73.929378969,22.81
inference_ms,2_7_r01_t2,75,1780388689826039955,74.96670978,20.465
inference_ms,2_7_r01_t2,76,1780388690809583170,75.950252995,20.868
inference_ms,2_7_r01_t2,77,1780388691792679523,76.93334934800001,24.629
inference_ms,2_7_r01_t2,78,1780388692782808713,77.92347853800001,20.509
inference_ms,2_7_r01_t2,79,1780388693787220601,78.927890426,23.509
inference_ms,2_7_r01_t2,80,1780388694780373364,79.921043189,21.55
inference_ms,2_7_r01_t2,81,1780388695801213915,80.94188374000001,24.292
inference_ms,2_7_r01_t2,82,1780388696782818030,81.923487855,19.511
inference_ms,2_7_r01_t2,83,1780388697786153246,82.926823071,23.56
inference_ms,2_7_r01_t2,84,1780388698808579534,83.949249359,25.804
inference_ms,2_7_r01_t2,85,1780388699809601012,84.950270837,20.445
inference_ms,2_7_r01_t2,86,1780388700773788603,85.914458428,20.953
inference_ms,2_7_r01_t2,87,1780388701807656110,86.948325935,21.568
inference_ms,2_7_r01_t2,88,1780388702795010946,87.93568077100001,26.745
inference_ms,2_7_r01_t2,89,1780388703809049264,88.949719089,21.748
inference_ms,2_7_r01_t2,90,1780388704801476100,89.942145925,23.7
inference_ms,2_7_r01_t2,91,1780388705785178497,90.92584832200001,20.796
inference_ms,2_7_r01_t2,92,1780388706785415422,91.926085247,21.636
inference_ms,2_7_r01_t2,93,1780388707808862462,92.94953228700001,21.917
inference_ms,2_7_r01_t2,94,1780388708816372461,93.957042286,23.474
inference_ms,2_7_r01_t2,95,1780388709801513223,94.942183048,24.573
inference_ms,2_7_r01_t2,96,1780388710787520192,95.928190017,20.958
inference_ms,2_7_r01_t2,97,1780388711792186429,96.932856254,26.513
inference_ms,2_7_r01_t2,98,1780388712797512141,97.938181966,25.413
inference_ms,2_7_r01_t2,99,1780388713779212495,98.91988232,20.563
inference_ms,2_7_r01_t2,100,1780388714811134246,99.95180407100001,20.478
inference_ms,2_7_r01_t2,101,1780388715809267880,100.94993770500001,21.739
inference_ms,2_7_r01_t2,102,1780388716788928206,101.92959803100001,21.173
inference_ms,2_7_r01_t2,103,1780388717817290915,102.95796074,22.018
inference_ms,2_7_r01_t2,104,1780388718791020691,103.931690516,23.677
inference_ms,2_7_r01_t2,105,1780388719808030839,104.948700664,25.588
inference_ms,2_7_r01_t2,106,1780388720799955496,105.94062532100001,23.45
inference_ms,2_7_r01_t2,107,1780388721800354547,106.941024372,21.838
inference_ms,2_7_r01_t2,108,1780388722779723110,107.92039293500001,22.337
inference_ms,2_7_r01_t2,109,1780388723790878319,108.931548144,24.114
inference_ms,2_7_r01_t2,110,1780388724780443045,109.92111287,19.897
inference_ms,2_7_r01_t2,111,1780388725796548587,110.93721841200001,25.943
inference_ms,2_7_r01_t2,112,1780388726805381480,111.94605130500001,22.829
inference_ms,2_7_r01_t2,113,1780388727791840312,112.93251013700001,27.764
inference_ms,2_7_r01_t2,114,1780388728822438105,113.96310793,25.013
inference_ms,2_7_r01_t2,115,1780388729805344886,114.946014711,25.782
inference_ms,2_7_r01_t2,116,1780388730828190709,115.968860534,20.991
inference_ms,2_7_r01_t2,117,1780388731777917797,116.918587622,22.806
inference_ms,2_7_r01_t2,118,1780388732787024245,117.92769407,30.093
inference_ms,2_7_r01_t2,119,1780388733776809371,118.917479196,20.159
inference_ms,2_7_r01_t2,120,1780388734835287643,119.975957468,25.793
inference_ms,2_7_r01_t2,121,1780388735819254636,120.95992446100001,21.334
inference_ms,2_7_r01_t2,122,1780388736775732071,121.91640189600001,19.592
inference_ms,2_7_r01_t2,123,1780388737818734583,122.95940440800001,20.428
inference_ms,2_7_r01_t2,124,1780388738788010582,123.928680407,22.951
inference_ms,2_7_r01_t2,125,1780388739809045478,124.949715303,26.742
inference_ms,2_7_r01_t2,126,1780388740804120087,125.944789912,25.394
inference_ms,2_7_r01_t2,127,1780388741793649805,126.93431963,22.554
inference_ms,2_7_r01_t2,128,1780388742790420753,127.93109057800001,21.171
inference_ms,2_7_r01_t2,129,1780388743801240363,128.941910188,23.018
inference_ms,2_7_r01_t2,130,1780388744795652131,129.936321956,20.025
inference_ms,2_7_r01_t2,131,1780388745773270945,130.91394077,20.584
inference_ms,2_7_r01_t2,132,1780388746798418135,131.93908796,20.939
inference_ms,2_7_r01_t2,133,1780388747828934758,132.969604583,24.36
inference_ms,2_7_r01_t2,134,1780388748783368336,133.924038161,19.216
inference_ms,2_7_r01_t2,135,1780388749797321172,134.937990997,22.745
inference_ms,2_7_r01_t2,136,1780388750788564583,135.929234408,21.619
inference_ms,2_7_r01_t2,137,1780388751801446075,136.9421159,21.333
inference_ms,2_7_r01_t2,138,1780388752802594576,137.94326440100002,21.865
inference_ms,2_7_r01_t2,139,1780388753788134247,138.92880407200002,19.748
inference_ms,2_7_r01_t2,140,1780388754819877883,139.960547708,21.234
inference_ms,2_7_r01_t2,141,1780388755795000165,140.93566999,23.551
inference_ms,2_7_r01_t2,142,1780388756807027024,141.947696849,21.934
inference_ms,2_7_r01_t2,143,1780388757794245922,142.93491574700002,25.414
inference_ms,2_7_r01_t2,144,1780388758783144778,143.923814603,23.299
inference_ms,2_7_r01_t2,145,1780388759820108756,144.960778581,20.093
inference_ms,2_7_r01_t2,146,1780388760802282018,145.942951843,23.808
inference_ms,2_7_r01_t2,147,1780388761784374782,146.92504460700002,19.302
inference_ms,2_7_r01_t2,148,1780388762798019972,147.93868979700002,21.372
inference_ms,2_7_r01_t2,149,1780388763802127877,148.942797702,26.352
inference_ms,2_7_r01_t2,150,1780388764785075652,149.92574547700002,19.169
inference_ms,2_7_r01_t2,151,1780388765811227588,150.951897413,21.817
inference_ms,2_7_r01_t2,152,1780388766797991430,151.938661255,20.476
inference_ms,2_7_r01_t2,153,1780388767792665784,152.933335609,22.698
inference_ms,2_7_r01_t2,154,1780388768811532149,153.95220197400002,21.228
inference_ms,2_7_r01_t2,155,1780388769797640690,154.938310515,25.383
inference_ms,2_7_r01_t2,156,1780388770793732686,155.934402511,20.144
inference_ms,2_7_r01_t2,157,1780388771809836954,156.95050677900002,22.558
inference_ms,2_7_r01_t2,158,1780388772785558172,157.926227997,23.35
inference_ms,2_7_r01_t2,159,1780388773803742955,158.94441278000002,24.631
inference_ms,2_7_r01_t2,160,1780388774778233600,159.918903425,20.145
inference_ms,2_7_r01_t2,161,1780388775821716306,160.96238613100002,22.207
inference_ms,2_7_r01_t2,162,1780388776809739738,161.95040956300002,24.574
inference_ms,2_7_r01_t2,163,1780388777783678697,162.924348522,20.092
inference_ms,2_7_r01_t2,164,1780388778809089653,163.949759478,22.184
inference_ms,2_7_r01_t2,165,1780388779795709016,164.93637884100002,24.617
inference_ms,2_7_r01_t2,166,1780388780786336996,165.92700682100002,21.794
inference_ms,2_7_r01_t2,167,1780388781791358970,166.932028795,24.368
inference_ms,2_7_r01_t2,168,1780388782818650329,167.959320154,23.532
inference_ms,2_7_r01_t2,169,1780388783790002024,168.93067184900002,25.574
inference_ms,2_7_r01_t2,170,1780388784778459902,169.919129727,21.858
inference_ms,2_7_r01_t2,171,1780388785795647509,170.93631733400002,23.769
inference_ms,2_7_r01_t2,172,1780388786796818795,171.93748862,24.047
inference_ms,2_7_r01_t2,173,1780388787824384096,172.96505392100002,20.666
inference_ms,2_7_r01_t2,174,1780388788810388014,173.95105783900001,25.038
inference_ms,2_7_r01_t2,175,1780388789824651091,174.96532091600002,23.255
inference_ms,2_7_r01_t2,176,1780388790796831769,175.937501594,24.842
inference_ms,2_7_r01_t2,177,1780388791820831675,176.9615015,21.481
inference_ms,2_7_r01_t2,178,1780388792806360062,177.947029887,23.481
inference_ms,2_7_r01_t2,179,1780388793778589140,178.919258965,21.435
inference_ms,2_7_r01_t2,180,1780388794807782221,179.948452046,26.165
inference_ms,2_7_r01_t2,181,1780388795784553472,180.925223297,22.843
inference_ms,2_7_r01_t2,182,1780388796789218971,181.929888796,23.69
inference_ms,2_7_r01_t2,183,1780388797818818381,182.959488206,23.768
inference_ms,2_7_r01_t2,184,1780388798819946993,183.960616818,24.818
inference_ms,2_7_r01_t2,185,1780388799791416046,184.932085871,21.952
inference_ms,2_7_r01_t2,186,1780388800813317123,185.95398694800002,23.524
inference_ms,2_7_r01_t2,187,1780388801812997651,186.95366747600002,24.873
inference_ms,2_7_r01_t2,188,1780388802823590692,187.964260517,22.2
inference_ms,2_7_r01_t2,189,1780388803790018005,188.93068783,20.975
inference_ms,2_7_r01_t2,190,1780388804794573050,189.935242875,22.294
inference_ms,2_7_r01_t2,191,1780388805825165902,190.965835727,22.249
inference_ms,2_7_r01_t2,192,1780388806807761482,191.94843130700002,25.821
inference_ms,2_7_r01_t2,193,1780388807798115170,192.93878499500002,23.791
inference_ms,2_7_r01_t2,194,1780388808803137199,193.94380702400002,20.775
inference_ms,2_7_r01_t2,195,1780388809807657763,194.948327588,33.485
inference_ms,2_7_r01_t2,196,1780388810785090541,195.92576036600002,19.327
inference_ms,2_7_r01_t2,197,1780388811820641609,196.961311434,21.624
inference_ms,2_7_r01_t2,198,1780388812823962423,197.96463224800002,24.083
inference_ms,2_7_r01_t2,199,1780388813797816885,198.93848671,21.762
inference_ms,2_7_r01_t2,200,1780388814793061246,199.933731071,25.899
inference_ms,2_7_r01_t2,201,1780388815810536834,200.951206659,20.82
inference_ms,2_7_r01_t2,202,1780388816784784765,201.92545459000002,20.844
inference_ms,2_7_r01_t2,203,1780388817794457763,202.935127588,21.467
inference_ms,2_7_r01_t2,204,1780388818787707964,203.92837778900002,23.123
inference_ms,2_7_r01_t2,205,1780388819790863015,204.93153284000002,24.003
inference_ms,2_7_r01_t2,206,1780388820797259207,205.937929032,22.66
inference_ms,2_7_r01_t2,207,1780388821802692202,206.943362027,19.782
inference_ms,2_7_r01_t2,208,1780388822790360021,207.931029846,20.203
inference_ms,2_7_r01_t2,209,1780388823788842823,208.929512648,21.762
inference_ms,2_7_r01_t2,210,1780388824786776900,209.927446725,20.919
inference_ms,2_7_r01_t2,211,1780388825815694655,210.95636448000002,22.763
inference_ms,2_7_r01_t2,212,1780388826841225776,211.98189560100002,27.394
inference_ms,2_7_r01_t2,213,1780388827823469083,212.96413890800002,22.6
inference_ms,2_7_r01_t2,214,1780388828785143792,213.92581361700002,19.863
inference_ms,2_7_r01_t2,215,1780388829802929146,214.943598971,22.223
inference_ms,2_7_r01_t2,216,1780388830779836123,215.92050594800003,25.172
inference_ms,2_7_r01_t2,217,1780388831804620854,216.945290679,22.757
inference_ms,2_7_r01_t2,218,1780388832809069731,217.94973955600003,26.477
inference_ms,2_7_r01_t2,219,1780388833800637789,218.941307614,20.678
inference_ms,2_7_r01_t2,220,1780388834830753582,219.971423407,21.888
inference_ms,2_7_r01_t2,221,1780388835804869639,220.945539464,23.353
inference_ms,2_7_r01_t2,222,1780388836780963060,221.921632885,22.671
inference_ms,2_7_r01_t2,223,1780388837784876509,222.92554633400002,20.126
inference_ms,2_7_r01_t2,224,1780388838806846827,223.94751665200002,20.443
inference_ms,2_7_r01_t2,225,1780388839814418590,224.955088415,26.841
inference_ms,2_7_r01_t2,226,1780388840809722540,225.95039236500003,21.074
inference_ms,2_7_r01_t2,227,1780388841805523977,226.946193802,22.489
inference_ms,2_7_r01_t2,228,1780388842790518599,227.93118842400003,21.112
inference_ms,2_7_r01_t2,229,1780388843791801131,228.932470956,22.558
inference_ms,2_7_r01_t2,230,1780388844841508514,229.982178339,27.544
inference_ms,2_7_r01_t2,231,1780388845815545058,230.956214883,23.176
inference_ms,2_7_r01_t2,232,1780388846792000305,231.93267013000002,26.581
inference_ms,2_7_r01_t2,233,1780388847795580635,232.93625046000002,27.491
inference_ms,2_7_r01_t2,234,1780388848789388165,233.93005799000002,24.395
inference_ms,2_7_r01_t2,235,1780388849801211652,234.941881477,23.689
inference_ms,2_7_r01_t2,236,1780388850824342097,235.965011922,21.603
inference_ms,2_7_r01_t2,237,1780388851822714692,236.963384517,22.699
inference_ms,2_7_r01_t2,238,1780388852786930240,237.927600065,24.625
inference_ms,2_7_r01_t2,239,1780388853792667224,238.93333704900002,22.121
inference_ms,2_7_r01_t2,240,1780388854797188201,239.93785802600001,24.142
inference_ms,2_7_r01_t2,241,1780388855795320543,240.935990368,23.882
inference_ms,2_7_r01_t2,242,1780388856826581363,241.967251188,22.543
inference_ms,2_7_r01_t2,243,1780388857819293236,242.95996306100002,26.326
inference_ms,2_7_r01_t2,244,1780388858792754614,243.93342443900002,22.014
inference_ms,2_7_r01_t2,245,1780388859787727835,244.92839766,21.262
inference_ms,2_7_r01_t2,246,1780388860800168805,245.94083863,24.561
inference_ms,2_7_r01_t2,247,1780388861824058631,246.96472845600002,22.458
inference_ms,2_7_r01_t2,248,1780388862801116925,247.94178675,25.0
inference_ms,2_7_r01_t2,249,1780388863796683856,248.93735368100002,23.042
inference_ms,2_7_r01_t2,250,1780388864813232364,249.95390218900002,23.838
inference_ms,2_7_r01_t2,251,1780388865800543997,250.941213822,22.08
inference_ms,2_7_r01_t2,252,1780388866804658756,251.945328581,20.448
inference_ms,2_7_r01_t2,253,1780388867811461695,252.95213152000002,21.674
inference_ms,2_7_r01_t2,254,1780388868797612117,253.938281942,21.457
inference_ms,2_7_r01_t2,255,1780388869793361018,254.93403084300002,25.363
inference_ms,2_7_r01_t2,256,1780388870789670296,255.93034012100003,24.321
inference_ms,2_7_r01_t2,257,1780388871795766673,256.93643649800003,21.671
inference_ms,2_7_r01_t2,258,1780388872800140013,257.940809838,25.353
inference_ms,2_7_r01_t2,259,1780388873784338180,258.925008005,24.018
inference_ms,2_7_r01_t2,260,1780388874799947210,259.940617035,21.769
inference_ms,2_7_r01_t2,261,1780388875814633159,260.955302984,24.32
inference_ms,2_7_r01_t2,262,1780388876781397496,261.92206732100004,20.293
inference_ms,2_7_r01_t2,263,1780388877810505685,262.95117551000004,24.021
inference_ms,2_7_r01_t2,264,1780388878815567368,263.956237193,19.579
inference_ms,2_7_r01_t2,265,1780388879809768938,264.950438763,23.899
inference_ms,2_7_r01_t2,266,1780388880792111169,265.93278099400004,26.589
inference_ms,2_7_r01_t2,267,1780388881806369619,266.94703944400004,20.428
inference_ms,2_7_r01_t2,268,1780388882804229259,267.94489908400004,19.995
inference_ms,2_7_r01_t2,269,1780388883820996405,268.96166623,30.619
inference_ms,2_7_r01_t2,270,1780388884793393456,269.934063281,21.969
inference_ms,2_7_r01_t2,271,1780388885812133866,270.95280369100004,21.043
inference_ms,2_7_r01_t2,272,1780388886793435504,271.93410532900003,22.132
inference_ms,2_7_r01_t2,273,1780388887785413894,272.926083719,24.577
inference_ms,2_7_r01_t2,274,1780388888784173486,273.924843311,21.482
inference_ms,2_7_r01_t2,275,1780388889793598394,274.934268219,22.295
inference_ms,2_7_r01_t2,276,1780388890807353607,275.948023432,21.944
inference_ms,2_7_r01_t2,277,1780388891785670661,276.926340486,23.436
inference_ms,2_7_r01_t2,278,1780388892815363224,277.95603304900004,26.369
inference_ms,2_7_r01_t2,279,1780388893795818206,278.936488031,21.754
inference_ms,2_7_r01_t2,280,1780388894822031143,279.96270096800004,22.169
inference_ms,2_7_r01_t2,281,1780388895804642138,280.945311963,22.666
inference_ms,2_7_r01_t2,282,1780388896815408005,281.95607783,24.555
inference_ms,2_7_r01_t2,283,1780388897811589591,282.952259416,21.651
inference_ms,2_7_r01_t2,284,1780388898794127401,283.934797226,21.383
inference_ms,2_7_r01_t2,285,1780388899788722070,284.92939189500004,27.157
inference_ms,2_7_r01_t2,286,1780388900798678990,285.939348815,26.386
inference_ms,2_7_r01_t2,287,1780388901797297866,286.93796769100004,24.194
inference_ms,2_7_r01_t2,288,1780388902791562330,287.932232155,21.33
inference_ms,2_7_r01_t2,289,1780388903786242301,288.926912126,22.001
inference_ms,2_7_r01_t2,290,1780388904819117813,289.959787638,27.286
inference_ms,2_7_r01_t2,291,1780388905811032978,290.95170280300005,24.001
inference_ms,2_7_r01_t2,292,1780388906801261346,291.941931171,21.244
inference_ms,2_7_r01_t2,293,1780388907802360370,292.943030195,23.551
inference_ms,2_7_r01_t2,294,1780388908817216609,293.95788643400005,32.682
inference_ms,2_7_r01_t2,295,1780388909800289592,294.94095941700004,23.193
inference_ms,2_7_r01_t2,296,1780388910810392476,295.95106230100004,27.544
inference_ms,2_7_r01_t2,297,1780388911793356922,296.934026747,21.97
inference_ms,2_7_r01_t2,298,1780388912786485087,297.927154912,25.895
inference_ms,2_7_r01_t2,299,1780388913788342980,298.929012805,25.224
inference_ms,2_7_r01_t2,300,1780388914808317310,299.94898713500004,22.617
inference_ms,2_7_r01_t2,301,1780388915834698921,300.975368746,26.871
inference_ms,2_7_r01_t2,302,1780388916787134708,301.927804533,22.282
inference_ms,2_7_r01_t2,303,1780388917779365681,302.92003550600003,23.259
inference_ms,2_7_r01_t2,304,1780388918805211028,303.945880853,24.959
inference_ms,2_7_r01_t2,305,1780388919819910815,304.96058064000005,23.797
inference_ms,2_7_r01_t2,306,1780388920832360024,305.973029849,27.6
inference_ms,2_7_r01_t2,307,1780388921805134573,306.945804398,23.532
inference_ms,2_7_r01_t2,308,1780388922814698862,307.95536868700003,26.796
inference_ms,2_7_r01_t2,309,1780388923791472340,308.932142165,24.608
inference_ms,2_7_r01_t2,310,1780388924799711468,309.94038129300003,21.143
inference_ms,2_7_r01_t2,311,1780388925805193506,310.945863331,23.686
inference_ms,2_7_r01_t2,312,1780388926807020760,311.94769058500003,26.243
inference_ms,2_7_r01_t2,313,1780388927791369185,312.93203901000004,24.882
inference_ms,2_7_r01_t2,314,1780388928794762667,313.935432492,24.235
inference_ms,2_7_r01_t2,315,1780388929791343978,314.932013803,21.983
inference_ms,2_7_r01_t2,316,1780388930792411226,315.93308105100004,21.076
inference_ms,2_7_r01_t2,317,1780388931791831233,316.932501058,24.077
inference_ms,2_7_r01_t2,318,1780388932830919038,317.971588863,21.061
inference_ms,2_7_r01_t2,319,1780388933795405373,318.936075198,24.775
inference_ms,2_7_r01_t2,320,1780388934806242388,319.946912213,22.737
inference_ms,2_7_r01_t2,321,1780388935841872107,320.982541932,27.0
inference_ms,2_7_r01_t2,322,1780388936798406257,321.93907608200004,22.444
inference_ms,2_7_r01_t2,323,1780388937792820312,322.93349013700004,23.889
inference_ms,2_7_r01_t2,324,1780388938834967199,323.97563702400004,21.543
inference_ms,2_7_r01_t2,325,1780388939783553195,324.92422302,22.121
inference_ms,2_7_r01_t2,326,1780388940798496838,325.93916666300004,26.095
inference_ms,2_7_r01_t2,327,1780388941823166835,326.96383666,23.55
inference_ms,2_7_r01_t2,328,1780388942808577947,327.94924777200004,21.175
inference_ms,2_7_r01_t2,329,1780388943784092100,328.92476192500004,21.705
inference_ms,2_7_r01_t2,330,1780388944803608604,329.944278429,22.32
inference_ms,2_7_r01_t2,331,1780388945819909299,330.96057912400005,24.067
inference_ms,2_7_r01_t2,332,1780388946796117532,331.936787357,25.343
inference_ms,2_7_r01_t2,333,1780388947819120659,332.959790484,23.425
inference_ms,2_7_r01_t2,334,1780388948834678322,333.97534814700003,26.721
inference_ms,2_7_r01_t2,335,1780388949796717460,334.937387285,24.147
inference_ms,2_7_r01_t2,336,1780388950793374985,335.93404481000005,21.634
inference_ms,2_7_r01_t2,337,1780388951815360446,336.95603027100003,20.046
inference_ms,2_7_r01_t2,338,1780388952815466556,337.956136381,21.433
inference_ms,2_7_r01_t2,339,1780388953798272919,338.93894274400003,26.871
inference_ms,2_7_r01_t2,340,1780388954828678052,339.969347877,24.429
inference_ms,2_7_r01_t2,341,1780388955790546391,340.931216216,24.906
inference_ms,2_7_r01_t2,342,1780388956786919881,341.92758970600005,22.881
inference_ms,2_7_r01_t2,343,1780388957832258189,342.97292801400005,37.593
inference_ms,2_7_r01_t2,344,1780388958826653356,343.96732318100004,28.823
inference_ms,2_7_r01_t2,345,1780388959789084355,344.92975418000003,20.38
inference_ms,2_7_r01_t2,346,1780388960810123032,345.950792857,27.759
inference_ms,2_7_r01_t2,347,1780388961805955174,346.946624999,24.641
inference_ms,2_7_r01_t2,348,1780388962823125105,347.96379493,24.692
inference_ms,2_7_r01_t2,349,1780388963780987987,348.92165781200003,22.303
inference_ms,2_7_r01_t2,350,1780388964800980659,349.94165048400004,24.121
inference_ms,2_7_r01_t2,351,1780388965840688999,350.98135882400004,24.348
inference_ms,2_7_r01_t2,352,1780388966823832473,351.964502298,23.119
inference_ms,2_7_r01_t2,353,1780388967813996177,352.954666002,21.739
inference_ms,2_7_r01_t2,354,1780388968804486533,353.945156358,27.244
inference_ms,2_7_r01_t2,355,1780388969803303371,354.943973196,25.014
inference_ms,2_7_r01_t2,356,1780388970805300297,355.945970122,24.904
inference_ms,2_7_r01_t2,357,1780388971815735500,356.95640532500005,26.021
inference_ms,2_7_r01_t2,358,1780388972820110476,357.960780301,26.415
inference_ms,2_7_r01_t2,359,1780388973808351364,358.949021189,26.488
inference_ms,2_7_r01_t2,360,1780388974785832806,359.926502631,21.275
inference_ms,2_7_r01_t2,361,1780388975787590544,360.92826036900004,21.336
inference_ms,2_7_r01_t2,362,1780388976803115584,361.94378540900004,22.963
inference_ms,2_7_r01_t2,363,1780388977813674646,362.954344471,20.646
inference_ms,2_7_r01_t2,364,1780388978790811394,363.93148121900003,22.232
inference_ms,2_7_r01_t2,365,1780388979819105721,364.959775546,24.96
inference_ms,2_7_r01_t2,366,1780388980789607140,365.930276965,24.408
inference_ms,2_7_r01_t2,367,1780388981816344091,366.95701391600005,24.5
inference_ms,2_7_r01_t2,368,1780388982805509492,367.94617931700003,27.305
inference_ms,2_7_r01_t2,369,1780388983794876409,368.935546234,23.967
inference_ms,2_7_r01_t2,370,1780388984815762280,369.95643210500003,22.906
inference_ms,2_7_r01_t2,371,1780388985787716962,370.928386787,21.181
inference_ms,2_7_r01_t2,372,1780388986795036087,371.935705912,21.728
inference_ms,2_7_r01_t2,373,1780388987785193938,372.925863763,22.658
inference_ms,2_7_r01_t2,374,1780388988796167899,373.93683772400004,24.89
inference_ms,2_7_r01_t2,375,1780388989793939636,374.93460946100004,24.674
inference_ms,2_7_r01_t2,376,1780388990813873589,375.954543414,21.78
inference_ms,2_7_r01_t2,377,1780388991808452480,376.949122305,27.293
inference_ms,2_7_r01_t2,378,1780388992780770518,377.92144034300003,23.404
inference_ms,2_7_r01_t2,379,1780388993793975923,378.93464574800004,25.53
inference_ms,2_7_r01_t2,380,1780388994803400616,379.944070441,21.122
inference_ms,2_7_r01_t2,381,1780388995810627408,380.95129723300005,27.014
inference_ms,2_7_r01_t2,382,1780388996792903306,381.933573131,26.794
inference_ms,2_7_r01_t2,383,1780388997796698969,382.937368794,20.522
inference_ms,2_7_r01_t2,384,1780388998783738697,383.924408522,25.281
inference_ms,2_7_r01_t2,385,1780388999796257665,384.93692749,20.59
inference_ms,2_7_r01_t2,386,1780389000801614572,385.94228439700004,21.278
inference_ms,2_7_r01_t2,387,1780389001806495398,386.947165223,23.172
inference_ms,2_7_r01_t2,388,1780389002804004553,387.944674378,24.568
inference_ms,2_7_r01_t2,389,1780389003791530412,388.932200237,19.759
inference_ms,2_7_r01_t2,390,1780389004781235316,389.921905141,21.033
inference_ms,2_7_r01_t2,391,1780389005821749273,390.962419098,23.132
inference_ms,2_7_r01_t2,392,1780389006792510526,391.93318035100003,21.901
inference_ms,2_7_r01_t2,393,1780389007791502976,392.93217280100004,21.988
inference_ms,2_7_r01_t2,394,1780389008796126957,393.93679678200004,23.619
inference_ms,2_7_r01_t2,395,1780389009808409527,394.949079352,27.49
inference_ms,2_7_r01_t2,396,1780389010813655013,395.95432483800005,20.368
inference_ms,2_7_r01_t2,397,1780389011786899659,396.927569484,23.758
inference_ms,2_7_r01_t2,398,1780389012784823456,397.925493281,21.625
inference_ms,2_7_r01_t2,399,1780389013801620213,398.942290038,24.901
inference_ms,2_7_r01_t2,400,1780389014811960821,399.95263064600005,22.868
inference_ms,2_7_r01_t2,401,1780389015790969790,400.93163961500005,22.967
inference_ms,2_7_r01_t2,402,1780389016810601494,401.951271319,26.402
inference_ms,2_7_r01_t2,403,1780389017798216902,402.938886727,22.694
inference_ms,2_7_r01_t2,404,1780389018797550526,403.93822035100004,23.149
inference_ms,2_7_r01_t2,405,1780389019793214950,404.933884775,22.95
inference_ms,2_7_r01_t2,406,1780389020815476818,405.956146643,23.632
inference_ms,2_7_r01_t2,407,1780389021794919761,406.93558958600005,25.121
inference_ms,2_7_r01_t2,408,1780389022797132646,407.937802471,22.521
inference_ms,2_7_r01_t2,409,1780389023814605764,408.95527558900005,27.38
inference_ms,2_7_r01_t2,410,1780389024798900730,409.93957055500005,23.073
inference_ms,2_7_r01_t2,411,1780389025782186546,410.922856371,22.766
inference_ms,2_7_r01_t2,412,1780389026791229126,411.93189895100005,20.209
inference_ms,2_7_r01_t2,413,1780389027790937449,412.93160727400004,22.252
inference_ms,2_7_r01_t2,414,1780389028813778510,413.95444833500005,28.406
inference_ms,2_7_r01_t2,415,1780389029820911055,414.96158088000004,26.411
inference_ms,2_7_r01_t2,416,1780389030810464251,415.951134076,26.471
inference_ms,2_7_r01_t2,417,1780389031812847945,416.95351777,26.653
inference_ms,2_7_r01_t2,418,1780389032803947050,417.944616875,30.745
inference_ms,2_7_r01_t2,419,1780389033816784379,418.95745420400004,23.316
inference_ms,2_7_r01_t2,420,1780389034792932082,419.933601907,22.355
inference_ms,2_7_r01_t2,421,1780389035796124470,420.936794295,26.067
inference_ms,2_7_r01_t2,422,1780389036787067005,421.92773683,26.04
inference_ms,2_7_r01_t2,423,1780389037804850800,422.94552062500003,22.657
inference_ms,2_7_r01_t2,424,1780389038817367817,423.958037642,23.419
inference_ms,2_7_r01_t2,425,1780389039797679846,424.938349671,23.663
inference_ms,2_7_r01_t2,426,1780389040785523220,425.92619304500005,21.826
inference_ms,2_7_r01_t2,427,1780389041791101660,426.931771485,22.023
inference_ms,2_7_r01_t2,428,1780389042797454837,427.938124662,23.584
inference_ms,2_7_r01_t2,429,1780389043805283840,428.94595366500005,27.354
inference_ms,2_7_r01_t2,430,1780389044786209183,429.926879008,22.291
inference_ms,2_7_r01_t2,431,1780389045795371682,430.936041507,24.72
inference_ms,2_7_r01_t2,432,1780389046827692040,431.968361865,24.141
inference_ms,2_7_r01_t2,433,1780389047818788528,432.959458353,31.425
inference_ms,2_7_r01_t2,434,1780389048805697315,433.94636714,22.623
inference_ms,2_7_r01_t2,435,1780389049818397506,434.959067331,27.172
inference_ms,2_7_r01_t2,436,1780389050792035172,435.93270499700003,21.689
inference_ms,2_7_r01_t2,437,1780389051833845677,436.97451550200003,25.881
inference_ms,2_7_r01_t2,438,1780389052813635659,437.95430548400003,22.981
inference_ms,2_7_r01_t2,439,1780389053803630491,438.944300316,30.875
inference_ms,2_7_r01_t2,440,1780389054789228808,439.92989863300005,23.814
inference_ms,2_7_r01_t2,441,1780389055815777203,440.956447028,26.214
inference_ms,2_7_r01_t2,442,1780389056805448646,441.94611847100003,26.681
inference_ms,2_7_r01_t2,443,1780389057820188673,442.96085849800005,27.734
inference_ms,2_7_r01_t2,444,1780389058787324569,443.92799439400005,25.625
inference_ms,2_7_r01_t2,445,1780389059807349150,444.948018975,26.766
inference_ms,2_7_r01_t2,446,1780389060802203340,445.94287316500004,25.101
inference_ms,2_7_r01_t2,447,1780389061821514447,446.962184272,24.861
inference_ms,2_7_r01_t2,448,1780389062804766279,447.945436104,24.106
inference_ms,2_7_r01_t2,449,1780389063791528617,448.932198442,25.273
inference_ms,2_7_r01_t2,450,1780389064783854946,449.92452477100005,22.16
inference_ms,2_7_r01_t2,451,1780389065795299856,450.935969681,23.773
inference_ms,2_7_r01_t2,452,1780389066808473710,451.949143535,24.168
inference_ms,2_7_r01_t2,453,1780389067814768274,452.95543809900005,26.046
inference_ms,2_7_r01_t2,454,1780389068780530314,453.921200139,21.758
inference_ms,2_7_r01_t2,455,1780389069799670919,454.940340744,22.482
inference_ms,2_7_r01_t2,456,1780389070817460130,455.958129955,23.418
inference_ms,2_7_r01_t2,457,1780389071803413579,456.944083404,23.041
inference_ms,2_7_r01_t2,458,1780389072797077824,457.937747649,23.473
inference_ms,2_7_r01_t2,459,1780389073805824427,458.94649425200004,25.463
inference_ms,2_7_r01_t2,460,1780389074804083187,459.94475301200004,21.858
inference_ms,2_7_r01_t2,461,1780389075802988556,460.94365838100003,23.332
inference_ms,2_7_r01_t2,462,1780389076789139434,461.929809259,23.735
inference_ms,2_7_r01_t2,463,1780389077783103092,462.923772917,23.244
inference_ms,2_7_r01_t2,464,1780389078797110455,463.93778028,25.117
inference_ms,2_7_r01_t2,465,1780389079786271825,464.92694165,21.572
inference_ms,2_7_r01_t2,466,1780389080827164542,465.967834367,27.841
inference_ms,2_7_r01_t2,467,1780389081789425696,466.93009552100006,22.751
inference_ms,2_7_r01_t2,468,1780389082815075021,467.955744846,26.386
inference_ms,2_7_r01_t2,469,1780389083831771010,468.97244083500004,25.522
inference_ms,2_7_r01_t2,470,1780389084816850947,469.957520772,26.382
inference_ms,2_7_r01_t2,471,1780389085827015164,470.967684989,23.692
inference_ms,2_7_r01_t2,472,1780389086818880201,471.95955002600004,24.612
inference_ms,2_7_r01_t2,473,1780389087803047849,472.943717674,24.168
inference_ms,2_7_r01_t2,474,1780389088785928241,473.92659806600005,21.464
inference_ms,2_7_r01_t2,475,1780389089798209968,474.938879793,24.232
inference_ms,2_7_r01_t2,476,1780389090797671762,475.938341587,22.878
inference_ms,2_7_r01_t2,477,1780389091813313215,476.95398304,26.579
inference_ms,2_7_r01_t2,478,1780389092793385535,477.93405536,24.385
inference_ms,2_7_r01_t2,479,1780389093808033717,478.94870354200003,23.725
inference_ms,2_7_r01_t2,480,1780389094802002866,479.94267269100004,27.522
inference_ms,2_7_r01_t2,481,1780389095836558670,480.977228495,27.171
inference_ms,2_7_r01_t2,482,1780389096821131027,481.961800852,23.829
inference_ms,2_7_r01_t2,483,1780389097799038741,482.93970856600004,21.23
inference_ms,2_7_r01_t2,484,1780389098780515953,483.92118577800005,21.175
inference_ms,2_7_r01_t2,485,1780389099809307208,484.94997703300004,27.542
inference_ms,2_7_r01_t2,486,1780389100796727088,485.93739691300004,26.33
inference_ms,2_7_r01_t2,487,1780389101809079964,486.949749789,27.305
inference_ms,2_7_r01_t2,488,1780389102792342000,487.93301182500005,22.896
inference_ms,2_7_r01_t2,489,1780389103833309922,488.97397974700004,35.963
inference_ms,2_7_r01_t2,490,1780389104805576726,489.94624655100006,27.03
inference_ms,2_7_r01_t2,491,1780389105828414680,490.969084505,25.086
inference_ms,2_7_r01_t2,492,1780389106788447882,491.92911770700005,21.787
inference_ms,2_7_r01_t2,493,1780389107838823047,492.97949287200004,26.958
inference_ms,2_7_r01_t2,494,1780389108800383253,493.94105307800004,23.436
inference_ms,2_7_r01_t2,495,1780389109814324365,494.95499419000004,23.538
inference_ms,2_7_r01_t2,496,1780389110789933738,495.93060356300003,20.885
inference_ms,2_7_r01_t2,497,1780389111806778749,496.947448574,26.683
inference_ms,2_7_r01_t2,498,1780389112797812497,497.938482322,24.881
inference_ms,2_7_r01_t2,499,1780389113801116659,498.94178648400003,25.593
inference_ms,2_7_r01_t2,500,1780389114789226373,499.92989619800005,22.617
inference_ms,2_7_r01_t2,501,1780389115792498961,500.933168786,23.216
inference_ms,2_7_r01_t2,502,1780389116794565690,501.93523551500004,22.77
inference_ms,2_7_r01_t2,503,1780389117785896227,502.92656605200006,24.082
inference_ms,2_7_r01_t2,504,1780389118799106163,503.939775988,23.98
inference_ms,2_7_r01_t2,505,1780389119813760220,504.95443004500004,23.098
inference_ms,2_7_r01_t2,506,1780389120826618552,505.96728837700005,24.477
inference_ms,2_7_r01_t2,507,1780389121793593222,506.93426304700006,23.793
inference_ms,2_7_r01_t2,508,1780389122791510961,507.932180786,24.328
inference_ms,2_7_r01_t2,509,1780389123792101700,508.932771525,21.84
inference_ms,2_7_r01_t2,510,1780389124787097091,509.92776691600005,20.638
inference_ms,2_7_r01_t2,511,1780389125789883871,510.930553696,28.095
inference_ms,2_7_r01_t2,512,1780389126814867727,511.955537552,24.968
inference_ms,2_7_r01_t2,513,1780389127799783433,512.940453258,27.132
inference_ms,2_7_r01_t2,514,1780389128803322948,513.943992773,25.483
inference_ms,2_7_r01_t2,515,1780389129795733691,514.936403516,26.13
inference_ms,2_7_r01_t2,516,1780389130816448701,515.957118526,24.993
inference_ms,2_7_r01_t2,517,1780389131792626865,516.93329669,26.627
inference_ms,2_7_r01_t2,518,1780389132800679752,517.941349577,25.191
inference_ms,2_7_r01_t2,519,1780389133814459867,518.955129692,26.733
inference_ms,2_7_r01_t2,520,1780389134783155493,519.923825318,24.752
inference_ms,2_7_r01_t2,521,1780389135809152610,520.949822435,24.263
inference_ms,2_7_r01_t2,522,1780389136805844935,521.94651476,26.907
inference_ms,2_7_r01_t2,523,1780389137813984218,522.954654043,21.989
inference_ms,2_7_r01_t2,524,1780389138821240257,523.961910082,23.223
inference_ms,2_7_r01_t2,525,1780389139803083252,524.943753077,25.621
inference_ms,2_7_r01_t2,526,1780389140799675147,525.940344972,23.138
inference_ms,2_7_r01_t2,527,1780389141797292216,526.937962041,25.544
inference_ms,2_7_r01_t2,528,1780389142791801981,527.9324718060001,23.438
inference_ms,2_7_r01_t2,529,1780389143837860763,528.978530588,20.391
inference_ms,2_7_r01_t2,530,1780389144820206824,529.960876649,21.58
inference_ms,2_7_r01_t2,531,1780389145811992065,530.9526618900001,26.602
inference_ms,2_7_r01_t2,532,1780389146804307311,531.944977136,19.961
inference_ms,2_7_r01_t2,533,1780389147840194758,532.9808645830001,24.768
inference_ms,2_7_r01_t2,534,1780389148802795736,533.943465561,24.052
inference_ms,2_7_r01_t2,535,1780389149824350328,534.9650201530001,23.761
inference_ms,2_7_r01_t2,536,1780389150788731637,535.929401462,21.373
inference_ms,2_7_r01_t2,537,1780389151791723981,536.932393806,20.325
inference_ms,2_7_r01_t2,538,1780389152814380988,537.9550508130001,18.859
inference_ms,2_7_r01_t2,539,1780389153795052829,538.9357226540001,24.691
inference_ms,2_7_r01_t2,540,1780389154804497535,539.94516736,27.167
inference_ms,2_7_r01_t2,541,1780389155799572352,540.9402421770001,21.258
inference_ms,2_7_r01_t2,542,1780389156829705876,541.9703757010001,21.807
inference_ms,2_7_r01_t2,543,1780389157815945105,542.95661493,20.918
inference_ms,2_7_r01_t2,544,1780389158797104167,543.9377739920001,23.279
inference_ms,2_7_r01_t2,545,1780389159791961810,544.932631635,24.226
inference_ms,2_7_r01_t2,546,1780389160795927805,545.93659763,21.44
inference_ms,2_7_r01_t2,547,1780389161791017557,546.9316873820001,20.907
inference_ms,2_7_r01_t2,548,1780389162815358122,547.956027947,25.588
inference_ms,2_7_r01_t2,549,1780389163842128046,548.982797871,20.803
inference_ms,2_7_r01_t2,550,1780389164838122038,549.9787918630001,24.488
inference_ms,2_7_r01_t2,551,1780389165811124788,550.9517946130001,27.887
inference_ms,2_7_r01_t2,552,1780389166820113510,551.9607833350001,27.132
inference_ms,2_7_r01_t2,553,1780389167819836507,552.960506332,24.891
inference_ms,2_7_r01_t2,554,1780389168806490921,553.947160746,25.196
inference_ms,2_7_r01_t2,555,1780389169824642102,554.965311927,21.008
inference_ms,2_7_r01_t2,556,1780389170812998909,555.9536687340001,25.573
inference_ms,2_7_r01_t2,557,1780389171814230929,556.954900754,24.792
inference_ms,2_7_r01_t2,558,1780389172791475467,557.9321452920001,21.125
inference_ms,2_7_r01_t2,559,1780389173800556070,558.941225895,24.455
inference_ms,2_7_r01_t2,560,1780389174792671757,559.933341582,28.545
inference_ms,2_7_r01_t2,561,1780389175797959451,560.938629276,20.614
inference_ms,2_7_r01_t2,562,1780389176810347030,561.951016855,20.668
inference_ms,2_7_r01_t2,563,1780389177832833231,562.973503056,21.835
inference_ms,2_7_r01_t2,564,1780389178808433580,563.9491034050001,21.228
inference_ms,2_7_r01_t2,565,1780389179796330607,564.937000432,24.98
inference_ms,2_7_r01_t2,566,1780389180805912850,565.9465826750001,24.497
inference_ms,2_7_r01_t2,567,1780389181790163277,566.9308331020001,20.208
inference_ms,2_7_r01_t2,568,1780389182814601552,567.955271377,27.845
inference_ms,2_7_r01_t2,569,1780389183810396289,568.951066114,21.73
inference_ms,2_7_r01_t2,570,1780389184818517547,569.9591873720001,23.966
inference_ms,2_7_r01_t2,571,1780389185821265863,570.961935688,26.391
inference_ms,2_7_r01_t2,572,1780389186797079006,571.937748831,22.217
inference_ms,2_7_r01_t2,573,1780389187793944701,572.934614526,26.73
inference_ms,2_7_r01_t2,574,1780389188798016369,573.9386861940001,23.988
inference_ms,2_7_r01_t2,575,1780389189857825870,574.9984956950001,21.286
inference_ms,2_7_r01_t2,576,1780389190783941498,575.924611323,23.039
inference_ms,2_7_r01_t2,577,1780389191790020321,576.9306901460001,21.986
inference_ms,2_7_r01_t2,578,1780389192794348440,577.935018265,24.32
inference_ms,2_7_r01_t2,579,1780389193792425275,578.9330951000001,20.838
inference_ms,2_7_r01_t2,580,1780389194793952116,579.934621941,24.939
inference_ms,2_7_r01_t2,581,1780389195816034194,580.9567040190001,22.416
inference_ms,2_7_r01_t2,582,1780389196818970668,581.959640493,24.183
inference_ms,2_7_r01_t2,583,1780389197857099239,582.9977690640001,22.02
inference_ms,2_7_r01_t2,584,1780389198795743167,583.936412992,23.434
inference_ms,2_7_r01_t2,585,1780389199815284887,584.955954712,24.198
inference_ms,2_7_r01_t2,586,1780389200782418254,585.9230880790001,22.496
inference_ms,2_7_r01_t2,587,1780389201785412088,586.9260819130001,23.198
inference_ms,2_7_r01_t2,588,1780389202798430732,587.9391005570001,23.496
inference_ms,2_7_r01_t2,589,1780389203792239528,588.932909353,21.996
inference_ms,2_7_r01_t2,590,1780389204791704905,589.93237473,21.664
inference_ms,2_7_r01_t2,591,1780389205789524139,590.9301939640001,22.559
inference_ms,2_7_r01_t2,592,1780389206797787756,591.9384575810001,27.654
inference_ms,2_7_r01_t2,593,1780389207815245033,592.955914858,23.714
inference_ms,2_7_r01_t2,594,1780389208796644504,593.9373143290001,27.012
inference_ms,2_7_r1_t1,0,1780387636034629041,0.0,26.524
inference_ms,2_7_r1_t1,1,1780387636119439402,0.084810361,25.35
inference_ms,2_7_r1_t1,2,1780387636237364640,0.20273559900000002,24.413
inference_ms,2_7_r1_t1,3,1780387636308539178,0.273910137,24.754
inference_ms,2_7_r1_t1,4,1780387636419478992,0.384849951,28.486
inference_ms,2_7_r1_t1,5,1780387636516840826,0.482211785,27.145
inference_ms,2_7_r1_t1,6,1780387636722154411,0.68752537,34.672
inference_ms,2_7_r1_t1,7,1780387636777750549,0.7431215080000001,42.01
inference_ms,2_7_r1_t1,8,1780387636840536296,0.805907255,23.17
inference_ms,2_7_r1_t1,9,1780387636910931612,0.8763025710000001,22.554
inference_ms,2_7_r1_t1,10,1780387637013561542,0.9789325010000001,23.264
inference_ms,2_7_r1_t1,11,1780387637143198364,1.108569323,27.577
inference_ms,2_7_r1_t1,12,1780387637212848525,1.178219484,22.416
inference_ms,2_7_r1_t1,13,1780387637333873616,1.2992445750000001,35.519
inference_ms,2_7_r1_t1,14,1780387637430720780,1.396091739,22.829
inference_ms,2_7_r1_t1,15,1780387637512041684,1.477412643,19.939
inference_ms,2_7_r1_t1,16,1780387637677191205,1.642562164,54.861
inference_ms,2_7_r1_t1,17,1780387637705617032,1.670987991,23.944
inference_ms,2_7_r1_t1,18,1780387637836897349,1.8022683080000002,28.829
inference_ms,2_7_r1_t1,19,1780387637914920900,1.8802918590000002,28.163
inference_ms,2_7_r1_t1,20,1780387638032550508,1.997921467,21.188
inference_ms,2_7_r1_t1,21,1780387638122900199,2.088271158,24.596
inference_ms,2_7_r1_t1,22,1780387638212477464,2.177848423,27.718
inference_ms,2_7_r1_t1,23,1780387638317431617,2.2828025760000004,23.819
inference_ms,2_7_r1_t1,24,1780387638439099770,2.4044707290000003,35.406
inference_ms,2_7_r1_t1,25,1780387638512290555,2.4776615140000002,21.972
inference_ms,2_7_r1_t1,26,1780387638636311517,2.601682476,23.218
inference_ms,2_7_r1_t1,27,1780387638718014976,2.683385935,26.63
inference_ms,2_7_r1_t1,28,1780387638844391995,2.809762954,24.667
inference_ms,2_7_r1_t1,29,1780387638926579465,2.891950424,27.077
inference_ms,2_7_r1_t1,30,1780387639026893717,2.992264676,25.671
inference_ms,2_7_r1_t1,31,1780387639115115878,3.080486837,29.317
inference_ms,2_7_r1_t1,32,1780387639228240099,3.193611058,24.065
inference_ms,2_7_r1_t1,33,1780387639317505173,3.282876132,27.179
inference_ms,2_7_r1_t1,34,1780387639439108540,3.4044794990000002,24.413
inference_ms,2_7_r1_t1,35,1780387639522026307,3.4873972660000003,23.042
inference_ms,2_7_r1_t1,36,1780387639646861718,3.612232677,30.744
inference_ms,2_7_r1_t1,37,1780387639726355704,3.6917266630000003,28.132
inference_ms,2_7_r1_t1,38,1780387639829941735,3.795312694,25.034
inference_ms,2_7_r1_t1,39,1780387639973778760,3.9391497190000004,53.934
inference_ms,2_7_r1_t1,40,1780387640031766597,3.997137556,26.991
inference_ms,2_7_r1_t1,41,1780387640105350862,4.070721821,25.005
inference_ms,2_7_r1_t1,42,1780387640228793343,4.194164302,23.05
inference_ms,2_7_r1_t1,43,1780387640335153998,4.300524957,26.495
inference_ms,2_7_r1_t1,44,1780387640444832967,4.410203926,31.892
inference_ms,2_7_r1_t1,45,1780387640559757373,4.525128332,45.821
inference_ms,2_7_r1_t1,46,1780387640626103883,4.591474842,24.246
inference_ms,2_7_r1_t1,47,1780387640726510661,4.69188162,32.918
inference_ms,2_7_r1_t1,48,1780387640820762851,4.78613381,33.26
inference_ms,2_7_r1_t1,49,1780387640915398702,4.880769661,28.143
inference_ms,2_7_r1_t1,50,1780387641019074251,4.9844452100000005,24.583
inference_ms,2_7_r1_t1,51,1780387641133645824,5.099016783000001,28.085
inference_ms,2_7_r1_t1,52,1780387641246814419,5.212185378,24.2
inference_ms,2_7_r1_t1,53,1780387641316697312,5.282068271,26.936
inference_ms,2_7_r1_t1,54,1780387641469966478,5.435337437,38.031
inference_ms,2_7_r1_t1,55,1780387641524973107,5.4903440660000005,28.376
inference_ms,2_7_r1_t1,56,1780387641637312148,5.602683107000001,29.557
inference_ms,2_7_r1_t1,57,1780387641714999389,5.680370348,23.775
inference_ms,2_7_r1_t1,58,1780387641839496816,5.804867775,25.375
inference_ms,2_7_r1_t1,59,1780387641920986609,5.886357568,25.845
inference_ms,2_7_r1_t1,60,1780387642019901079,5.985272038000001,24.382
inference_ms,2_7_r1_t1,61,1780387642118506979,6.0838779380000005,25.312
inference_ms,2_7_r1_t1,62,1780387642204578981,6.16994994,23.023
inference_ms,2_7_r1_t1,63,1780387642305546298,6.270917257000001,20.57
inference_ms,2_7_r1_t1,64,1780387642409011916,6.374382875,26.66
inference_ms,2_7_r1_t1,65,1780387642516274785,6.481645744000001,25.923
inference_ms,2_7_r1_t1,66,1780387642609210528,6.574581487000001,25.047
inference_ms,2_7_r1_t1,67,1780387642720710342,6.686081301000001,24.908
inference_ms,2_7_r1_t1,68,1780387642832024997,6.797395956000001,26.597
inference_ms,2_7_r1_t1,69,1780387642930652677,6.896023636000001,26.389
inference_ms,2_7_r1_t1,70,1780387643015101936,6.980472895,27.987
inference_ms,2_7_r1_t1,71,1780387643101581199,7.066952158,25.861
inference_ms,2_7_r1_t1,72,1780387643220471537,7.185842496,23.576
inference_ms,2_7_r1_t1,73,1780387643320211304,7.285582263,27.093
inference_ms,2_7_r1_t1,74,1780387643403556358,7.368927317000001,22.198
inference_ms,2_7_r1_t1,75,1780387643519146421,7.484517380000001,27.831
inference_ms,2_7_r1_t1,76,1780387643615131446,7.580502405000001,25.582
inference_ms,2_7_r1_t1,77,1780387643714673552,7.680044511,24.615
inference_ms,2_7_r1_t1,78,1780387643815058203,7.780429162000001,25.253
inference_ms,2_7_r1_t1,79,1780387643902611021,7.867981980000001,24.193
inference_ms,2_7_r1_t1,80,1780387644001921454,7.967292413000001,25.652
inference_ms,2_7_r1_t1,81,1780387644131333547,8.096704506,27.461
inference_ms,2_7_r1_t1,82,1780387644216091800,8.181462759,29.841
inference_ms,2_7_r1_t1,83,1780387644322603339,8.287974298,26.641
inference_ms,2_7_r1_t1,84,1780387644430432949,8.395803908000001,23.621
inference_ms,2_7_r1_t1,85,1780387644517538184,8.482909143,32.887
inference_ms,2_7_r1_t1,86,1780387644628648080,8.594019039,29.995
inference_ms,2_7_r1_t1,87,1780387644737425492,8.702796451000001,29.413
inference_ms,2_7_r1_t1,88,1780387644832210740,8.797581699,28.298
inference_ms,2_7_r1_t1,89,1780387644941796263,8.907167222,27.642
inference_ms,2_7_r1_t1,90,1780387645013153759,8.978524718000001,24.117
inference_ms,2_7_r1_t1,91,1780387645115225406,9.080596365,33.58
inference_ms,2_7_r1_t1,92,1780387645209485114,9.174856073,26.607
inference_ms,2_7_r1_t1,93,1780387645307147724,9.272518683000001,24.005
inference_ms,2_7_r1_t1,94,1780387645419692316,9.385063275,26.049
inference_ms,2_7_r1_t1,95,1780387645508027197,9.473398156,25.321
inference_ms,2_7_r1_t1,96,1780387645619798460,9.585169419000001,26.169
inference_ms,2_7_r1_t1,97,1780387645708486763,9.673857722000001,25.34
inference_ms,2_7_r1_t1,98,1780387645796164106,9.761535065,24.473
inference_ms,2_7_r1_t1,99,1780387645911193355,9.876564314000001,27.968
inference_ms,2_7_r1_t1,100,1780387646050263872,10.015634831,26.357
inference_ms,2_7_r1_t1,101,1780387646112434906,10.077805865,26.143
inference_ms,2_7_r1_t1,102,1780387646200906108,10.166277067000001,22.17
inference_ms,2_7_r1_t1,103,1780387646327731233,10.293102192000001,20.844
inference_ms,2_7_r1_t1,104,1780387646444527498,10.409898457,26.099
inference_ms,2_7_r1_t1,105,1780387646508685865,10.474056824,22.815
inference_ms,2_7_r1_t1,106,1780387646615322247,10.580693206000001,21.846
inference_ms,2_7_r1_t1,107,1780387646740689111,10.706060070000001,27.986
inference_ms,2_7_r1_t1,108,1780387646805303110,10.770674069,22.964
inference_ms,2_7_r1_t1,109,1780387646911909698,10.877280657,25.19
inference_ms,2_7_r1_t1,110,1780387647113347038,11.078717997,34.576
inference_ms,2_7_r1_t1,111,1780387647180576590,11.145947549,34.658
inference_ms,2_7_r1_t1,112,1780387647243769454,11.209140413,37.302
inference_ms,2_7_r1_t1,113,1780387647318904413,11.284275372000002,29.46
inference_ms,2_7_r1_t1,114,1780387647410989339,11.376360298000002,26.492
inference_ms,2_7_r1_t1,115,1780387647540316997,11.505687956000001,27.397
inference_ms,2_7_r1_t1,116,1780387647661409799,11.626780758,50.637
inference_ms,2_7_r1_t1,117,1780387647767781807,11.733152766,41.439
inference_ms,2_7_r1_t1,118,1780387647812449886,11.777820845,24.689
inference_ms,2_7_r1_t1,119,1780387647916342129,11.881713088000001,31.488
inference_ms,2_7_r1_t1,120,1780387648007398562,11.972769521,24.092
inference_ms,2_7_r1_t1,121,1780387648109518539,12.074889498000001,26.384
inference_ms,2_7_r1_t1,122,1780387648212174520,12.177545479,28.301
inference_ms,2_7_r1_t1,123,1780387648305609858,12.270980817000002,25.467
inference_ms,2_7_r1_t1,124,1780387648411698678,12.377069637,24.051
inference_ms,2_7_r1_t1,125,1780387648517454092,12.482825051,24.175
inference_ms,2_7_r1_t1,126,1780387648604424166,12.569795125,25.663
inference_ms,2_7_r1_t1,127,1780387648746752707,12.712123666,24.705
inference_ms,2_7_r1_t1,128,1780387648834224861,12.79959582,22.663
inference_ms,2_7_r1_t1,129,1780387648929733476,12.895104435,24.845
inference_ms,2_7_r1_t1,130,1780387649023129539,12.988500498,27.301
inference_ms,2_7_r1_t1,131,1780387649116382508,13.081753467,28.174
inference_ms,2_7_r1_t1,132,1780387649209039084,13.174410043,25.938
inference_ms,2_7_r1_t1,133,1780387649327013906,13.292384865,30.674
inference_ms,2_7_r1_t1,134,1780387649415308259,13.380679218000001,26.116
inference_ms,2_7_r1_t1,135,1780387649513014445,13.478385404,27.664
inference_ms,2_7_r1_t1,136,1780387649621286636,13.586657595,25.429
inference_ms,2_7_r1_t1,137,1780387649711633275,13.677004234,23.477
inference_ms,2_7_r1_t1,138,1780387649839393569,13.804764528000002,28.176
inference_ms,2_7_r1_t1,139,1780387649922823131,13.88819409,26.055
inference_ms,2_7_r1_t1,140,1780387650014760676,13.980131635000001,30.041
inference_ms,2_7_r1_t1,141,1780387650117448681,14.08281964,27.025
inference_ms,2_7_r1_t1,142,1780387650200537296,14.165908255000002,25.897
inference_ms,2_7_r1_t1,143,1780387650338746214,14.304117173000002,24.403
inference_ms,2_7_r1_t1,144,1780387650430286523,14.395657482,23.866
inference_ms,2_7_r1_t1,145,1780387650533077782,14.498448741,24.362
inference_ms,2_7_r1_t1,146,1780387650628080497,14.593451456,24.949
inference_ms,2_7_r1_t1,147,1780387650720323957,14.685694916000001,22.185
inference_ms,2_7_r1_t1,148,1780387650820144990,14.785515949,23.587
inference_ms,2_7_r1_t1,149,1780387650953204363,14.918575322,29.888
inference_ms,2_7_r1_t1,150,1780387651028378792,14.993749751000001,24.969
inference_ms,2_7_r1_t1,151,1780387651119904104,15.085275063000001,23.526
inference_ms,2_7_r1_t1,152,1780387651236878626,15.202249585,22.0
inference_ms,2_7_r1_t1,153,1780387651332081073,15.297452032,23.322
inference_ms,2_7_r1_t1,154,1780387651416399730,15.381770689000001,25.325
inference_ms,2_7_r1_t1,155,1780387651528926045,15.494297004000002,25.113
inference_ms,2_7_r1_t1,156,1780387651616071592,15.581442551,24.429
inference_ms,2_7_r1_t1,157,1780387651731232632,15.696603591,25.903
inference_ms,2_7_r1_t1,158,1780387651813414405,15.778785364,25.384
inference_ms,2_7_r1_t1,159,1780387651942209731,15.907580690000001,30.316
inference_ms,2_7_r1_t1,160,1780387652038957782,16.004328741000002,30.557
inference_ms,2_7_r1_t1,161,1780387652150972129,16.116343088,29.996
inference_ms,2_7_r1_t1,162,1780387652201287367,16.166658326,22.164
inference_ms,2_7_r1_t1,163,1780387652304087090,16.269458049,25.449
inference_ms,2_7_r1_t1,164,1780387652417348349,16.382719308000002,25.315
inference_ms,2_7_r1_t1,165,1780387652507304223,16.472675182,27.942
inference_ms,2_7_r1_t1,166,1780387652605313930,16.570684889000002,22.694
inference_ms,2_7_r1_t1,167,1780387652708119759,16.673490718,23.716
inference_ms,2_7_r1_t1,168,1780387652838354468,16.803725427,26.215
inference_ms,2_7_r1_t1,169,1780387652938782302,16.904153261,26.176
inference_ms,2_7_r1_t1,170,1780387653003502342,16.968873301000002,23.358
inference_ms,2_7_r1_t1,171,1780387653118456031,17.083826990000002,26.53
inference_ms,2_7_r1_t1,172,1780387653208334821,17.173705780000002,23.602
inference_ms,2_7_r1_t1,173,1780387653306724382,17.272095341,22.421
inference_ms,2_7_r1_t1,174,1780387653435230807,17.400601766,26.616
inference_ms,2_7_r1_t1,175,1780387653520264995,17.485635954000003,23.264
inference_ms,2_7_r1_t1,176,1780387653629446730,17.594817689000003,24.871
inference_ms,2_7_r1_t1,177,1780387653741564555,17.706935514,27.698
inference_ms,2_7_r1_t1,178,1780387653806157605,17.771528564,25.152
inference_ms,2_7_r1_t1,179,1780387653907109266,17.872480225,24.341
inference_ms,2_7_r1_t1,180,1780387654004352336,17.969723295,24.562
inference_ms,2_7_r1_t1,181,1780387654117322426,18.082693385000002,23.855
inference_ms,2_7_r1_t1,182,1780387654217684093,18.183055052,23.146
inference_ms,2_7_r1_t1,183,1780387654323234223,18.288605182,27.082
inference_ms,2_7_r1_t1,184,1780387654394627595,18.359998554,24.607
inference_ms,2_7_r1_t1,185,1780387654543184463,18.508555422,32.633
inference_ms,2_7_r1_t1,186,1780387654613499649,18.578870608000003,26.212
inference_ms,2_7_r1_t1,187,1780387654724348229,18.689719188,25.626
inference_ms,2_7_r1_t1,188,1780387654821163813,18.786534772,22.758
inference_ms,2_7_r1_t1,189,1780387654921733076,18.887104035,24.447
inference_ms,2_7_r1_t1,190,1780387655010255654,18.975626613000003,25.607
inference_ms,2_7_r1_t1,191,1780387655097173088,19.062544047000003,23.755
inference_ms,2_7_r1_t1,192,1780387655273368153,19.238739112,31.372
inference_ms,2_7_r1_t1,193,1780387655341172913,19.306543872000002,32.115
inference_ms,2_7_r1_t1,194,1780387655406574395,19.371945354,23.71
inference_ms,2_7_r1_t1,195,1780387655530035216,19.495406175000003,22.563
inference_ms,2_7_r1_t1,196,1780387655616070095,19.581441054000003,26.239
inference_ms,2_7_r1_t1,197,1780387655711145835,19.676516794,24.958
inference_ms,2_7_r1_t1,198,1780387655840779046,19.806150005000003,27.945
inference_ms,2_7_r1_t1,199,1780387655916616053,19.881987012,31.32
inference_ms,2_7_r1_t1,200,1780387656008266329,19.973637288000003,25.528
inference_ms,2_7_r1_t1,201,1780387656113588272,20.078959231000002,26.138
inference_ms,2_7_r1_t1,202,1780387656207139408,20.172510367,21.894
inference_ms,2_7_r1_t1,203,1780387656338347004,20.303717963,26.678
inference_ms,2_7_r1_t1,204,1780387656431508141,20.3968791,28.002
inference_ms,2_7_r1_t1,205,1780387656506732949,20.472103908,25.522
inference_ms,2_7_r1_t1,206,1780387656648279273,20.613650232,38.771
inference_ms,2_7_r1_t1,207,1780387656725143043,20.690514002,25.161
inference_ms,2_7_r1_t1,208,1780387656824466254,20.789837213000002,32.029
inference_ms,2_7_r1_t1,209,1780387656958587835,20.923958794,32.347
inference_ms,2_7_r1_t1,210,1780387657017785504,20.983156463,29.586
inference_ms,2_7_r1_t1,211,1780387657141939966,21.107310925,24.185
inference_ms,2_7_r1_t1,212,1780387657243828688,21.209199647000002,23.697
inference_ms,2_7_r1_t1,213,1780387657313593668,21.278964627,24.458
inference_ms,2_7_r1_t1,214,1780387657432750209,21.398121168000003,22.45
inference_ms,2_7_r1_t1,215,1780387657521927617,21.487298576,22.555
inference_ms,2_7_r1_t1,216,1780387657613935364,21.579306323,25.856
inference_ms,2_7_r1_t1,217,1780387657716707017,21.682077976000002,26.667
inference_ms,2_7_r1_t1,218,1780387657804589638,21.769960597,23.848
inference_ms,2_7_r1_t1,219,1780387657918467505,21.883838464,26.559
inference_ms,2_7_r1_t1,220,1780387657999874114,21.965245073000002,23.163
inference_ms,2_7_r1_t1,221,1780387658104337373,22.069708332,22.098
inference_ms,2_7_r1_t1,222,1780387658216069649,22.181440608000003,27.613
inference_ms,2_7_r1_t1,223,1780387658308668364,22.274039323,35.135
inference_ms,2_7_r1_t1,224,1780387658426208258,22.391579217,25.908
inference_ms,2_7_r1_t1,225,1780387658538663694,22.504034653,25.868
inference_ms,2_7_r1_t1,226,1780387658619030999,22.584401958,25.432
inference_ms,2_7_r1_t1,227,1780387658706835597,22.672206556000003,28.233
inference_ms,2_7_r1_t1,228,1780387658799761778,22.765132737000002,25.816
inference_ms,2_7_r1_t1,229,1780387658924371638,22.889742597,30.618
inference_ms,2_7_r1_t1,230,1780387659052749096,23.018120055,30.693
inference_ms,2_7_r1_t1,231,1780387659138485223,23.103856182,28.01
inference_ms,2_7_r1_t1,232,1780387659212363688,23.177734647,27.686
inference_ms,2_7_r1_t1,233,1780387659314389963,23.279760922,25.41
inference_ms,2_7_r1_t1,234,1780387659441267886,23.406638845,27.468
inference_ms,2_7_r1_t1,235,1780387659528739148,23.494110107,45.327
inference_ms,2_7_r1_t1,236,1780387659650794771,23.616165730000002,33.809
inference_ms,2_7_r1_t1,237,1780387659718009493,23.683380452,25.312
inference_ms,2_7_r1_t1,238,1780387659840500615,23.805871574,31.545
inference_ms,2_7_r1_t1,239,1780387659923878305,23.889249264,25.718
inference_ms,2_7_r1_t1,240,1780387660012208628,23.977579587,25.752
inference_ms,2_7_r1_t1,241,1780387660118623569,24.083994528,25.666
inference_ms,2_7_r1_t1,242,1780387660212062378,24.177433337,24.851
inference_ms,2_7_r1_t1,243,1780387660311780488,24.277151447,22.253
inference_ms,2_7_r1_t1,244,1780387660430261286,24.395632245,27.072
inference_ms,2_7_r1_t1,245,1780387660541390025,24.506760984000003,28.884
inference_ms,2_7_r1_t1,246,1780387660601421176,24.566792135,22.188
inference_ms,2_7_r1_t1,247,1780387660724215517,24.689586476000002,24.825
inference_ms,2_7_r1_t1,248,1780387660799835381,24.765206340000002,21.991
inference_ms,2_7_r1_t1,249,1780387660926886060,24.892257019000002,23.794
inference_ms,2_7_r1_t1,250,1780387661030643955,24.996014914,27.777
inference_ms,2_7_r1_t1,251,1780387661118603462,25.083974421,26.299
inference_ms,2_7_r1_t1,252,1780387661226170403,25.191541362000002,25.384
inference_ms,2_7_r1_t1,253,1780387661341031782,25.306402741000003,30.553
inference_ms,2_7_r1_t1,254,1780387661399027548,25.364398507,23.865
inference_ms,2_7_r1_t1,255,1780387661536643572,25.502014531,25.063
inference_ms,2_7_r1_t1,256,1780387661614281541,25.5796525,26.313
inference_ms,2_7_r1_t1,257,1780387661697410068,25.662781027,22.754
inference_ms,2_7_r1_t1,258,1780387661840046531,25.80541749,30.376
inference_ms,2_7_r1_t1,259,1780387661934218882,25.899589841,28.504
inference_ms,2_7_r1_t1,260,1780387662027248808,25.992619767,27.841
inference_ms,2_7_r1_t1,261,1780387662119317114,26.084688073000002,23.977
inference_ms,2_7_r1_t1,262,1780387662235918211,26.201289170000003,28.855
inference_ms,2_7_r1_t1,263,1780387662324069473,26.289440432000003,24.46
inference_ms,2_7_r1_t1,264,1780387662411191494,26.376562453000002,25.331
inference_ms,2_7_r1_t1,265,1780387662527112822,26.492483781,26.081
inference_ms,2_7_r1_t1,266,1780387662619207891,26.584578850000003,27.11
inference_ms,2_7_r1_t1,267,1780387662722956710,26.688327669000003,27.181
inference_ms,2_7_r1_t1,268,1780387662827209481,26.792580440000002,25.899
inference_ms,2_7_r1_t1,269,1780387662921656084,26.887027043000003,25.939
inference_ms,2_7_r1_t1,270,1780387663039600368,27.004971327000003,39.475
inference_ms,2_7_r1_t1,271,1780387663114902574,27.080273533000003,27.111
inference_ms,2_7_r1_t1,272,1780387663213640885,27.179011844,24.956
inference_ms,2_7_r1_t1,273,1780387663293483242,27.258854201000002,23.074
inference_ms,2_7_r1_t1,274,1780387663420355701,27.385726660000003,26.679
inference_ms,2_7_r1_t1,275,1780387663525158479,27.490529438000003,24.954
inference_ms,2_7_r1_t1,276,1780387663641268491,27.606639450000003,29.685
inference_ms,2_7_r1_t1,277,1780387663710299637,27.675670596000003,26.643
inference_ms,2_7_r1_t1,278,1780387663822582329,27.787953288,29.013
inference_ms,2_7_r1_t1,279,1780387663896517378,27.861888337000003,25.355
inference_ms,2_7_r1_t1,280,1780387664014286189,27.979657148,26.483
inference_ms,2_7_r1_t1,281,1780387664101153987,28.066524946,22.505
inference_ms,2_7_r1_t1,282,1780387664242381647,28.207752606000003,28.199
inference_ms,2_7_r1_t1,283,1780387664314321818,28.279692777,28.605
inference_ms,2_7_r1_t1,284,1780387664448314929,28.413685888000003,31.568
inference_ms,2_7_r1_t1,285,1780387664527643309,28.493014268000003,25.481
inference_ms,2_7_r1_t1,286,1780387664604378862,28.569749821000002,23.121
inference_ms,2_7_r1_t1,287,1780387664712993002,28.678363961000002,30.498
inference_ms,2_7_r1_t1,288,1780387664800602641,28.765973600000002,22.473
inference_ms,2_7_r1_t1,289,1780387664918714934,28.884085893,25.919
inference_ms,2_7_r1_t1,290,1780387665011052552,28.976423511,26.717
inference_ms,2_7_r1_t1,291,1780387665147935134,29.113306093000002,28.277
inference_ms,2_7_r1_t1,292,1780387665229995123,29.195366082000003,26.207
inference_ms,2_7_r1_t1,293,1780387665353654328,29.319025287000002,31.914
inference_ms,2_7_r1_t1,294,1780387665421306305,29.386677264000003,24.085
inference_ms,2_7_r1_t1,295,1780387665512660423,29.478031382,25.33
inference_ms,2_7_r1_t1,296,1780387665626332307,29.591703266000003,26.541
inference_ms,2_7_r1_t1,297,1780387665712287210,29.677658169,27.905
inference_ms,2_7_r1_t1,298,1780387665797886010,29.763256969,22.654
inference_ms,2_7_r1_t1,299,1780387665902623734,29.867994693000004,22.06
inference_ms,2_7_r1_t1,300,1780387666032027291,29.997398250000003,26.606
inference_ms,2_7_r1_t1,301,1780387666110987758,30.076358717,25.903
inference_ms,2_7_r1_t1,302,1780387666232488560,30.197859519,34.393
inference_ms,2_7_r1_t1,303,1780387666314792861,30.280163820000002,26.182
inference_ms,2_7_r1_t1,304,1780387666407371423,30.372742382000002,23.402
inference_ms,2_7_r1_t1,305,1780387666520102241,30.4854732,38.691
inference_ms,2_7_r1_t1,306,1780387666617914919,30.583285878,25.037
inference_ms,2_7_r1_t1,307,1780387666711546128,30.676917087000003,26.346
inference_ms,2_7_r1_t1,308,1780387666820247577,30.785618536,26.665
inference_ms,2_7_r1_t1,309,1780387666904737993,30.870108952000002,22.77
inference_ms,2_7_r1_t1,310,1780387667046670399,31.012041358,31.741
inference_ms,2_7_r1_t1,311,1780387667118334447,31.083705406000004,26.739
inference_ms,2_7_r1_t1,312,1780387667207784934,31.173155893,31.945
inference_ms,2_7_r1_t1,313,1780387667306833151,31.27220411,27.745
inference_ms,2_7_r1_t1,314,1780387667429162767,31.394533726000002,24.925
inference_ms,2_7_r1_t1,315,1780387667504030853,31.469401812,24.766
inference_ms,2_7_r1_t1,316,1780387667605158480,31.570529439,24.027
inference_ms,2_7_r1_t1,317,1780387667727145208,31.692516167,27.31
inference_ms,2_7_r1_t1,318,1780387667839615784,31.804986743,28.387
inference_ms,2_7_r1_t1,319,1780387667903230135,31.868601094000002,27.263
inference_ms,2_7_r1_t1,320,1780387667997012468,31.962383427000002,21.625
inference_ms,2_7_r1_t1,321,1780387668134438899,32.099809858,29.101
inference_ms,2_7_r1_t1,322,1780387668218207646,32.183578605,25.621
inference_ms,2_7_r1_t1,323,1780387668320315899,32.285686858000005,26.386
inference_ms,2_7_r1_t1,324,1780387668407042831,32.37241379,26.951
inference_ms,2_7_r1_t1,325,1780387668515126906,32.480497865000004,24.875
inference_ms,2_7_r1_t1,326,1780387668609332472,32.574703431,27.672
inference_ms,2_7_r1_t1,327,1780387668731284960,32.696655919,22.37
inference_ms,2_7_r1_t1,328,1780387668843544548,32.808915507,42.6
inference_ms,2_7_r1_t1,329,1780387668942751826,32.908122785,43.886
inference_ms,2_7_r1_t1,330,1780387669062044015,33.027414974,36.515
inference_ms,2_7_r1_t1,331,1780387669136372999,33.101743958,42.292
inference_ms,2_7_r1_t1,332,1780387669240936897,33.206307856,41.412
inference_ms,2_7_r1_t1,333,1780387669354355629,33.319726588,51.805
inference_ms,2_7_r1_t1,334,1780387669434586926,33.399957885,36.535
inference_ms,2_7_r1_t1,335,1780387669513549204,33.478920163000005,24.34
inference_ms,2_7_r1_t1,336,1780387669639747340,33.605118299000004,29.914
inference_ms,2_7_r1_t1,337,1780387669722058157,33.687429116000004,27.118
inference_ms,2_7_r1_t1,338,1780387669826743966,33.792114925,26.152
inference_ms,2_7_r1_t1,339,1780387669911304128,33.876675087,30.237
inference_ms,2_7_r1_t1,340,1780387670018351919,33.983722878,24.267
inference_ms,2_7_r1_t1,341,1780387670109366629,34.074737588000005,27.103
inference_ms,2_7_r1_t1,342,1780387670239746871,34.20511783,31.621
inference_ms,2_7_r1_t1,343,1780387670304845318,34.270216277,22.705
inference_ms,2_7_r1_t1,344,1780387670438851162,34.404222121000004,28.748
inference_ms,2_7_r1_t1,345,1780387670542493364,34.507864323,57.845
inference_ms,2_7_r1_t1,346,1780387670614233744,34.579604703,25.056
inference_ms,2_7_r1_t1,347,1780387670715627992,34.680998951,25.848
inference_ms,2_7_r1_t1,348,1780387670848665988,34.814036947000005,27.706
inference_ms,2_7_r1_t1,349,1780387670955927700,34.921298659,32.129
inference_ms,2_7_r1_t1,350,1780387671003106912,34.968477871000005,23.747
inference_ms,2_7_r1_t1,351,1780387671137038651,35.10240961,35.738
inference_ms,2_7_r1_t1,352,1780387671207495883,35.172866842000005,24.285
inference_ms,2_7_r1_t1,353,1780387671304118882,35.269489841,22.632
inference_ms,2_7_r1_t1,354,1780387671436111230,35.401482189,25.566
inference_ms,2_7_r1_t1,355,1780387671514554536,35.479925495,29.831
inference_ms,2_7_r1_t1,356,1780387671618007122,35.583378081,29.14
inference_ms,2_7_r1_t1,357,1780387671714995929,35.680366888,24.016
inference_ms,2_7_r1_t1,358,1780387671827962316,35.793333275,27.021
inference_ms,2_7_r1_t1,359,1780387671909918177,35.875289136,24.709
inference_ms,2_7_r1_t1,360,1780387672029508960,35.994879919,29.661
inference_ms,2_7_r1_t1,361,1780387672104142773,36.069513732000004,26.333
inference_ms,2_7_r1_t1,362,1780387672207375843,36.172746802,21.52
inference_ms,2_7_r1_t1,363,1780387672319530243,36.284901202,24.766
inference_ms,2_7_r1_t1,364,1780387672420839534,36.386210493,24.091
inference_ms,2_7_r1_t1,365,1780387672537501645,36.502872604000004,25.541
inference_ms,2_7_r1_t1,366,1780387672617508480,36.582879439,26.818
inference_ms,2_7_r1_t1,367,1780387672710216153,36.675587112,22.529
inference_ms,2_7_r1_t1,368,1780387672807088125,36.772459084000005,26.586
inference_ms,2_7_r1_t1,369,1780387672917641044,36.883012003000005,27.064
inference_ms,2_7_r1_t1,370,1780387673020217529,36.985588488000005,25.978
inference_ms,2_7_r1_t1,371,1780387673113942929,37.079313888,29.122
inference_ms,2_7_r1_t1,372,1780387673268244337,37.233615296,47.571
inference_ms,2_7_r1_t1,373,1780387673325698943,37.291069902000004,28.915
inference_ms,2_7_r1_t1,374,1780387673402516141,37.367887100000004,26.288
inference_ms,2_7_r1_t1,375,1780387673504542927,37.469913886,24.102
inference_ms,2_7_r1_t1,376,1780387673627172220,37.592543179,28.443
inference_ms,2_7_r1_t1,377,1780387673726859316,37.692230275,27.791
inference_ms,2_7_r1_t1,378,1780387673859447562,37.824818521000005,32.632
inference_ms,2_7_r1_t1,379,1780387673914367517,37.879738476,23.693
inference_ms,2_7_r1_t1,380,1780387674031637808,37.997008767000004,25.3
inference_ms,2_7_r1_t1,381,1780387674116861662,38.082232621,26.883
inference_ms,2_7_r1_t1,382,1780387674234214962,38.199585921,22.983
inference_ms,2_7_r1_t1,383,1780387674319351507,38.284722466000005,22.659
inference_ms,2_7_r1_t1,384,1780387674419155796,38.384526755,26.693
inference_ms,2_7_r1_t1,385,1780387674520765418,38.486136377,25.787
inference_ms,2_7_r1_t1,386,1780387674617231968,38.582602927,23.402
inference_ms,2_7_r1_t1,387,1780387674721521905,38.686892864,26.2
inference_ms,2_7_r1_t1,388,1780387674806194209,38.771565168,29.281
inference_ms,2_7_r1_t1,389,1780387674906639794,38.872010753000005,25.1
inference_ms,2_7_r1_t1,390,1780387675004924224,38.970295183000005,22.684
inference_ms,2_7_r1_t1,391,1780387675141792472,39.107163431000004,31.032
inference_ms,2_7_r1_t1,392,1780387675241669996,39.207040955000004,26.618
inference_ms,2_7_r1_t1,393,1780387675342706077,39.308077036,44.732
inference_ms,2_7_r1_t1,394,1780387675432160599,39.397531558000004,29.296
inference_ms,2_7_r1_t1,395,1780387675513841228,39.479212187,26.676
inference_ms,2_7_r1_t1,396,1780387675607749649,39.573120608,28.443
inference_ms,2_7_r1_t1,397,1780387675724041004,39.689411963000005,25.542
inference_ms,2_7_r1_t1,398,1780387675817404226,39.782775185000006,27.106
inference_ms,2_7_r1_t1,399,1780387675930439602,39.895810561000005,22.818
inference_ms,2_7_r1_t1,400,1780387676018288724,39.983659683,25.289
inference_ms,2_7_r1_t1,401,1780387676157204101,40.12257506,35.715
inference_ms,2_7_r1_t1,402,1780387676238680626,40.204051585,27.783
inference_ms,2_7_r1_t1,403,1780387676304199826,40.269570785,22.842
inference_ms,2_7_r1_t1,404,1780387676423973611,40.389344570000006,24.749
inference_ms,2_7_r1_t1,405,1780387676511625722,40.476996681,28.041
inference_ms,2_7_r1_t1,406,1780387676607255430,40.572626389,24.376
inference_ms,2_7_r1_t1,407,1780387676731100291,40.69647125,29.22
inference_ms,2_7_r1_t1,408,1780387676825870872,40.791241831,26.175
inference_ms,2_7_r1_t1,409,1780387676922577144,40.887948103,24.639
inference_ms,2_7_r1_t1,410,1780387677018306969,40.983677928000006,24.44
inference_ms,2_7_r1_t1,411,1780387677118857888,41.084228847000006,27.801
inference_ms,2_7_r1_t1,412,1780387677227630557,41.193001516,26.516
inference_ms,2_7_r1_t1,413,1780387677309045345,41.274416304000006,26.785
inference_ms,2_7_r1_t1,414,1780387677422597805,41.387968764,26.155
inference_ms,2_7_r1_t1,415,1780387677505903902,41.471274861000005,25.098
inference_ms,2_7_r1_t1,416,1780387677620802483,41.586173442,25.974
inference_ms,2_7_r1_t1,417,1780387677721644508,41.687015467,26.66
inference_ms,2_7_r1_t1,418,1780387677804747334,41.770118293,24.708
inference_ms,2_7_r1_t1,419,1780387677909403427,41.874774386000006,26.975
inference_ms,2_7_r1_t1,420,1780387678023924881,41.989295840000004,28.998
inference_ms,2_7_r1_t1,421,1780387678147624265,42.112995224,24.822
inference_ms,2_7_r1_t1,422,1780387678254215320,42.219586279000005,31.435
inference_ms,2_7_r1_t1,423,1780387678315948979,42.281319938,26.676
inference_ms,2_7_r1_t1,424,1780387678439496059,42.404867018000004,24.444
inference_ms,2_7_r1_t1,425,1780387678533523640,42.498894599,29.93
inference_ms,2_7_r1_t1,426,1780387678629981169,42.595352128,29.037
inference_ms,2_7_r1_t1,427,1780387678732356038,42.697726997000004,38.432
inference_ms,2_7_r1_t1,428,1780387678832659602,42.798030561000004,23.008
inference_ms,2_7_r1_t1,429,1780387678919471298,42.884842257,29.366
inference_ms,2_7_r1_t1,430,1780387679013586535,42.978957494,25.198
inference_ms,2_7_r1_t1,431,1780387679123972425,43.089343384,29.195
inference_ms,2_7_r1_t1,432,1780387679232808314,43.198179273,29.169
inference_ms,2_7_r1_t1,433,1780387679311334934,43.276705893000006,28.35
inference_ms,2_7_r1_t1,434,1780387679413818679,43.379189638,24.659
inference_ms,2_7_r1_t1,435,1780387679506073689,43.471444648,27.809
inference_ms,2_7_r1_t1,436,1780387679613058663,43.578429622,25.93
inference_ms,2_7_r1_t1,437,1780387679721578243,43.686949202,26.852
inference_ms,2_7_r1_t1,438,1780387679824141219,43.789512178,28.311
inference_ms,2_7_r1_t1,439,1780387679905846836,43.871217795,25.845
inference_ms,2_7_r1_t1,440,1780387680003434016,43.968804975000005,28.3
inference_ms,2_7_r1_t1,441,1780387680107509303,44.072880262000005,29.105
inference_ms,2_7_r1_t1,442,1780387680202922401,44.16829336,24.441
inference_ms,2_7_r1_t1,443,1780387680301510744,44.266881703,24.13
inference_ms,2_7_r1_t1,444,1780387680428290776,44.393661735,28.017
inference_ms,2_7_r1_t1,445,1780387680506841384,44.472212343,24.31
inference_ms,2_7_r1_t1,446,1780387680625844335,44.591215294,25.588
inference_ms,2_7_r1_t1,447,1780387680726553213,44.691924172,31.067
inference_ms,2_7_r1_t1,448,1780387680810198915,44.775569874000006,28.597
inference_ms,2_7_r1_t1,449,1780387680946452931,44.91182389,31.098
inference_ms,2_7_r1_t1,450,1780387681015726478,44.981097437,27.366
inference_ms,2_7_r1_t1,451,1780387681131555305,45.096926264000004,32.675
inference_ms,2_7_r1_t1,452,1780387681208397188,45.173768147000004,31.196
inference_ms,2_7_r1_t1,453,1780387681365869584,45.331240543,40.268
inference_ms,2_7_r1_t1,454,1780387681415373403,45.380744362,31.429
inference_ms,2_7_r1_t1,455,1780387681549121814,45.514492773,34.433
inference_ms,2_7_r1_t1,456,1780387681619270141,45.584641100000006,29.552
inference_ms,2_7_r1_t1,457,1780387681706638502,45.672009461,28.126
inference_ms,2_7_r1_t1,458,1780387681807092228,45.772463187,28.46
inference_ms,2_7_r1_t1,459,1780387681909102990,45.874473949000006,24.365
inference_ms,2_7_r1_t1,460,1780387682018113582,45.983484541,30.073
inference_ms,2_7_r1_t1,461,1780387682112719963,46.078090922,28.385
inference_ms,2_7_r1_t1,462,1780387682209836498,46.175207457000006,24.93
inference_ms,2_7_r1_t1,463,1780387682314277219,46.279648178,25.441
inference_ms,2_7_r1_t1,464,1780387682457039214,46.422410173,30.235
inference_ms,2_7_r1_t1,465,1780387682510818056,46.476189015,30.484
inference_ms,2_7_r1_t1,466,1780387682619165401,46.58453636,26.771
inference_ms,2_7_r1_t1,467,1780387682715226037,46.680596996000006,27.622
inference_ms,2_7_r1_t1,468,1780387682810167698,46.775538657000006,29.783
inference_ms,2_7_r1_t1,469,1780387682913468491,46.87883945,26.484
inference_ms,2_7_r1_t1,470,1780387683038755552,47.004126511,33.799
inference_ms,2_7_r1_t1,471,1780387683133352419,47.098723378,28.11
inference_ms,2_7_r1_t1,472,1780387683207110862,47.172481821000005,27.353
inference_ms,2_7_r1_t1,473,1780387683346555998,47.311926957000004,27.944
inference_ms,2_7_r1_t1,474,1780387683436730583,47.402101542000004,26.637
inference_ms,2_7_r1_t1,475,1780387683532942816,47.498313775,26.666
inference_ms,2_7_r1_t1,476,1780387683625864994,47.591235953,29.242
inference_ms,2_7_r1_t1,477,1780387683730690847,47.696061806,30.222
inference_ms,2_7_r1_t1,478,1780387683838650028,47.804020987,25.906
inference_ms,2_7_r1_t1,479,1780387683918982699,47.884353658,28.327
inference_ms,2_7_r1_t1,480,1780387684041742485,48.007113444000005,33.594
inference_ms,2_7_r1_t1,481,1780387684132463280,48.097834239,31.034
inference_ms,2_7_r1_t1,482,1780387684228726229,48.194097188,26.872
inference_ms,2_7_r1_t1,483,1780387684315065896,48.280436855000005,26.888
inference_ms,2_7_r1_t1,484,1780387684408547580,48.373918539,26.064
inference_ms,2_7_r1_t1,485,1780387684507193302,48.472564261,26.933
inference_ms,2_7_r1_t1,486,1780387684619550395,48.584921354,24.834
inference_ms,2_7_r1_t1,487,1780387684718635738,48.684006697,25.565
inference_ms,2_7_r1_t1,488,1780387684832969969,48.798340928,25.228
inference_ms,2_7_r1_t1,489,1780387684912787054,48.878158013000004,28.175
inference_ms,2_7_r1_t1,490,1780387685029707779,48.995078738000004,26.074
inference_ms,2_7_r1_t1,491,1780387685117734961,49.08310592,29.27
inference_ms,2_7_r1_t1,492,1780387685202940069,49.168311028000005,27.107
inference_ms,2_7_r1_t1,493,1780387685303835690,49.269206649000004,26.403
inference_ms,2_7_r1_t1,494,1780387685405224800,49.370595759000004,27.335
inference_ms,2_7_r1_t1,495,1780387685503448346,49.468819305000004,24.203
inference_ms,2_7_r1_t1,496,1780387685633213384,49.598584343000006,30.666
inference_ms,2_7_r1_t1,497,1780387685702796749,49.668167708000006,23.25
inference_ms,2_7_r1_t1,498,1780387685808510546,49.773881505000006,26.307
inference_ms,2_7_r1_t1,499,1780387685918974559,49.884345518,26.365
inference_ms,2_7_r1_t1,500,1780387686055748893,50.021119852000005,39.641
inference_ms,2_7_r1_t1,501,1780387686131362587,50.096733546,26.112
inference_ms,2_7_r1_t1,502,1780387686221645884,50.187016843,28.476
inference_ms,2_7_r1_t1,503,1780387686322468338,50.287839297000005,27.104
inference_ms,2_7_r1_t1,504,1780387686401875574,50.36724653300001,26.61
inference_ms,2_7_r1_t1,505,1780387686506647800,50.472018759,21.039
inference_ms,2_7_r1_t1,506,1780387686604476933,50.569847892000006,28.254
inference_ms,2_7_r1_t1,507,1780387686722903469,50.688274428,26.197
inference_ms,2_7_r1_t1,508,1780387686829604868,50.794975827,25.696
inference_ms,2_7_r1_t1,509,1780387686915917318,50.881288277,27.433
inference_ms,2_7_r1_t1,510,1780387687037811079,51.003182038000006,29.04
inference_ms,2_7_r1_t1,511,1780387687117141256,51.082512215,24.127
inference_ms,2_7_r1_t1,512,1780387687244422158,51.209793117000004,29.493
inference_ms,2_7_r1_t1,513,1780387687324219147,51.289590106000006,27.407
inference_ms,2_7_r1_t1,514,1780387687422592319,51.387963278,22.861
inference_ms,2_7_r1_t1,515,1780387687536933869,51.502304828,29.437
inference_ms,2_7_r1_t1,516,1780387687637158874,51.602529833000006,32.483
inference_ms,2_7_r1_t1,517,1780387687748803994,51.714174953000004,34.886
inference_ms,2_7_r1_t1,518,1780387687816418646,51.781789605,28.059
inference_ms,2_7_r1_t1,519,1780387687902651550,51.868022509000006,22.414
inference_ms,2_7_r1_t1,520,1780387688029948069,51.995319028000004,27.139
inference_ms,2_7_r1_t1,521,1780387688112637864,52.078008823000005,26.75
inference_ms,2_7_r1_t1,522,1780387688264967325,52.230338284000005,48.897
inference_ms,2_7_r1_t1,523,1780387688303508279,52.268879238000004,20.564
inference_ms,2_7_r1_t1,524,1780387688415794895,52.381165854,23.927
inference_ms,2_7_r1_t1,525,1780387688523986775,52.489357734,23.859
inference_ms,2_7_r1_t1,526,1780387688644818408,52.610189367000004,28.638
inference_ms,2_7_r1_t1,527,1780387688714734865,52.680105824,23.955
inference_ms,2_7_r1_t1,528,1780387688802029178,52.767400137,27.216
inference_ms,2_7_r1_t1,529,1780387688936452959,52.901823918000005,26.005
inference_ms,2_7_r1_t1,530,1780387689044628926,53.009999885000006,28.568
inference_ms,2_7_r1_t1,531,1780387689109137955,53.074508914000006,23.426
inference_ms,2_7_r1_t1,532,1780387689223964729,53.189335688,24.034
inference_ms,2_7_r1_t1,533,1780387689319591630,53.284962589,24.628
inference_ms,2_7_r1_t1,534,1780387689416719016,53.38208997500001,25.637
inference_ms,2_7_r1_t1,535,1780387689518876995,53.484247954000004,25.035
inference_ms,2_7_r1_t1,536,1780387689607816980,53.573187939,26.748
inference_ms,2_7_r1_t1,537,1780387689708169996,53.673540955,22.104
inference_ms,2_7_r1_t1,538,1780387689854396734,53.819767693,29.071
inference_ms,2_7_r1_t1,539,1780387689910745551,53.87611651,25.698
inference_ms,2_7_r1_t1,540,1780387689997447245,53.962818204,25.878
inference_ms,2_7_r1_t1,541,1780387690114279942,54.079650901,27.064
inference_ms,2_7_r1_t1,542,1780387690211729789,54.177100748,25.865
inference_ms,2_7_r1_t1,543,1780387690320886168,54.286257127000006,23.339
inference_ms,2_7_r1_t1,544,1780387690422072164,54.387443123000004,24.794
inference_ms,2_7_r1_t1,545,1780387690517897475,54.483268434,26.066
inference_ms,2_7_r1_t1,546,1780387690633014837,54.598385796,28.241
inference_ms,2_7_r1_t1,547,1780387690717873978,54.683244937000005,26.038
inference_ms,2_7_r1_t1,548,1780387690818532564,54.783903523000006,29.471
inference_ms,2_7_r1_t1,549,1780387690909921616,54.875292575,29.029
inference_ms,2_7_r1_t1,550,1780387691017363123,54.982734082,27.598
inference_ms,2_7_r1_t1,551,1780387691116005783,55.081376742,28.534
inference_ms,2_7_r1_t1,552,1780387691206825795,55.172196754000005,22.212
inference_ms,2_7_r1_t1,553,1780387691330186449,55.295557408,22.701
inference_ms,2_7_r1_t1,554,1780387691425307791,55.390678750000006,24.693
inference_ms,2_7_r1_t1,555,1780387691545950942,55.511321901,30.384
inference_ms,2_7_r1_t1,556,1780387691645940804,55.611311763,33.864
inference_ms,2_7_r1_t1,557,1780387691736622862,55.701993821,26.655
inference_ms,2_7_r1_t1,558,1780387691814479403,55.779850362000005,25.907
inference_ms,2_7_r1_t1,559,1780387691905625130,55.870996089,25.096
inference_ms,2_7_r1_t1,560,1780387692023429206,55.988800165,27.108
inference_ms,2_7_r1_t1,561,1780387692105466156,56.070837115,24.976
inference_ms,2_7_r1_t1,562,1780387692275717501,56.24108846,33.886
inference_ms,2_7_r1_t1,563,1780387692309277382,56.274648341,26.378
inference_ms,2_7_r1_t1,564,1780387692420755863,56.386126822,26.626
inference_ms,2_7_r1_t1,565,1780387692555041491,56.52041245,47.939
inference_ms,2_7_r1_t1,566,1780387692619555844,56.584926803,26.044
inference_ms,2_7_r1_t1,567,1780387692707980159,56.67335111800001,22.176
inference_ms,2_7_r1_t1,568,1780387692818276468,56.783647427000005,25.136
inference_ms,2_7_r1_t1,569,1780387692910117425,56.875488384,22.275
inference_ms,2_7_r1_t1,570,1780387693022529493,56.987900452000005,23.446
inference_ms,2_7_r1_t1,571,1780387693150767052,57.116138011000004,30.762
inference_ms,2_7_r1_t1,572,1780387693229552986,57.194923945000006,27.477
inference_ms,2_7_r1_t1,573,1780387693304799775,57.270170734000004,23.547
inference_ms,2_7_r1_t1,574,1780387693416397260,57.381768219,26.929
inference_ms,2_7_r1_t1,575,1780387693529783849,57.495154808,23.694
inference_ms,2_7_r1_t1,576,1780387693618754795,57.584125754000006,25.726
inference_ms,2_7_r1_t1,577,1780387693707010427,57.672381386000005,21.918
inference_ms,2_7_r1_t1,578,1780387693819610572,57.78498153100001,25.088
inference_ms,2_7_r1_t2,0,1780387837634175402,0.0,31.861
inference_ms,2_7_r1_t2,1,1780387837662994017,0.028818615000000002,24.104
inference_ms,2_7_r1_t2,2,1780387837794621219,0.16044581700000002,32.407
inference_ms,2_7_r1_t2,3,1780387837858588339,0.224412937,23.318
inference_ms,2_7_r1_t2,4,1780387837960118827,0.325943425,24.285
inference_ms,2_7_r1_t2,5,1780387838071372334,0.43719693200000004,22.408
inference_ms,2_7_r1_t2,6,1780387838192352863,0.558177461,29.294
inference_ms,2_7_r1_t2,7,1780387838272616354,0.6384409520000001,26.383
inference_ms,2_7_r1_t2,8,1780387838409269969,0.775094567,43.687
inference_ms,2_7_r1_t2,9,1780387838457801435,0.823626033,24.416
inference_ms,2_7_r1_t2,10,1780387838555916814,0.921741412,24.591
inference_ms,2_7_r1_t2,11,1780387838683909416,1.049734014,27.184
inference_ms,2_7_r1_t2,12,1780387838791947067,1.157771665,26.912
inference_ms,2_7_r1_t2,13,1780387838878680304,1.244504902,26.494
inference_ms,2_7_r1_t2,14,1780387838960831619,1.326656217,25.239
inference_ms,2_7_r1_t2,15,1780387839050918969,1.4167435670000001,23.818
inference_ms,2_7_r1_t2,16,1780387839168477214,1.534301812,28.546
inference_ms,2_7_r1_t2,17,1780387839270612064,1.6364366620000002,24.321
inference_ms,2_7_r1_t2,18,1780387839370377922,1.7362025200000002,27.944
inference_ms,2_7_r1_t2,19,1780387839462143337,1.8279679350000002,25.658
inference_ms,2_7_r1_t2,20,1780387839549165624,1.9149902220000001,26.941
inference_ms,2_7_r1_t2,21,1780387839657191090,2.023015688,27.828
inference_ms,2_7_r1_t2,22,1780387839770006986,2.135831584,25.395
inference_ms,2_7_r1_t2,23,1780387839858481107,2.2243057050000004,26.275
inference_ms,2_7_r1_t2,24,1780387839970152157,2.3359767550000003,28.138
inference_ms,2_7_r1_t2,25,1780387840067254808,2.433079406,27.632
inference_ms,2_7_r1_t2,26,1780387840158514684,2.524339282,24.512
inference_ms,2_7_r1_t2,27,1780387840275746936,2.641571534,24.387
inference_ms,2_7_r1_t2,28,1780387840360236351,2.7260609490000003,25.216
inference_ms,2_7_r1_t2,29,1780387840483302340,2.8491269380000004,26.434
inference_ms,2_7_r1_t2,30,1780387840557637492,2.92346209,32.468
inference_ms,2_7_r1_t2,31,1780387840654134005,3.019958603,29.598
inference_ms,2_7_r1_t2,32,1780387840782539064,3.1483636620000004,24.53
inference_ms,2_7_r1_t2,33,1780387840868450840,3.234275438,27.271
inference_ms,2_7_r1_t2,34,1780387840962716822,3.32854142,23.951
inference_ms,2_7_r1_t2,35,1780387841062243987,3.428068585,26.39
inference_ms,2_7_r1_t2,36,1780387841180890591,3.5467151890000004,29.96
inference_ms,2_7_r1_t2,37,1780387841264875538,3.630700136,24.162
inference_ms,2_7_r1_t2,38,1780387841350783190,3.716607788,23.779
inference_ms,2_7_r1_t2,39,1780387841444710742,3.8105353400000004,23.799
inference_ms,2_7_r1_t2,40,1780387841552341121,3.918165719,23.881
inference_ms,2_7_r1_t2,41,1780387841665366741,4.031191339,24.146
inference_ms,2_7_r1_t2,42,1780387841769284370,4.135108968,26.086
inference_ms,2_7_r1_t2,43,1780387841857525805,4.223350403,28.351
inference_ms,2_7_r1_t2,44,1780387841954949060,4.320773658,24.17
inference_ms,2_7_r1_t2,45,1780387842081496975,4.447321573,26.52
inference_ms,2_7_r1_t2,46,1780387842171755753,4.537580351,24.59
inference_ms,2_7_r1_t2,47,1780387842262159143,4.627983741,26.669
inference_ms,2_7_r1_t2,48,1780387842370921993,4.736746591,21.6
inference_ms,2_7_r1_t2,49,1780387842461248512,4.827073110000001,22.907
inference_ms,2_7_r1_t2,50,1780387842564726364,4.930550962,28.987
inference_ms,2_7_r1_t2,51,1780387842656144279,5.021968877,23.786
inference_ms,2_7_r1_t2,52,1780387842762048445,5.127873043,24.94
inference_ms,2_7_r1_t2,53,1780387842852302020,5.218126618,26.718
inference_ms,2_7_r1_t2,54,1780387842956766254,5.322590852,24.384
inference_ms,2_7_r1_t2,55,1780387843087063240,5.4528878380000005,27.912
inference_ms,2_7_r1_t2,56,1780387843172467165,5.538291763,24.962
inference_ms,2_7_r1_t2,57,1780387843246550616,5.612375214,29.283
inference_ms,2_7_r1_t2,58,1780387843365361319,5.731185917,25.749
inference_ms,2_7_r1_t2,59,1780387843445197053,5.811021651000001,25.381
inference_ms,2_7_r1_t2,60,1780387843565858522,5.931683120000001,23.761
inference_ms,2_7_r1_t2,61,1780387843645695966,6.0115205640000005,22.974
inference_ms,2_7_r1_t2,62,1780387843759472726,6.125297324000001,20.776
inference_ms,2_7_r1_t2,63,1780387843852411228,6.218235826000001,24.887
inference_ms,2_7_r1_t2,64,1780387843957126195,6.322950793,26.428
inference_ms,2_7_r1_t2,65,1780387844088391354,6.454215952,29.842
inference_ms,2_7_r1_t2,66,1780387844174281954,6.540106552,26.803
inference_ms,2_7_r1_t2,67,1780387844249614707,6.615439305000001,21.561
inference_ms,2_7_r1_t2,68,1780387844398938584,6.764763182,36.295
inference_ms,2_7_r1_t2,69,1780387844499340204,6.865164802000001,24.833
inference_ms,2_7_r1_t2,70,1780387844588034470,6.953859068000001,41.37
inference_ms,2_7_r1_t2,71,1780387844702501546,7.068326144,42.314
inference_ms,2_7_r1_t2,72,1780387844799251034,7.165075632000001,42.914
inference_ms,2_7_r1_t2,73,1780387844887215672,7.2530402700000005,43.033
inference_ms,2_7_r1_t2,74,1780387844988800631,7.354625229000001,25.825
inference_ms,2_7_r1_t2,75,1780387845085080655,7.450905253,43.205
inference_ms,2_7_r1_t2,76,1780387845162644123,7.528468721,27.237
inference_ms,2_7_r1_t2,77,1780387845287644867,7.653469465000001,39.423
inference_ms,2_7_r1_t2,78,1780387845436508076,7.8023326740000005,28.814
inference_ms,2_7_r1_t2,79,1780387845528914863,7.894739461,27.686
inference_ms,2_7_r1_t2,80,1780387845612884786,7.978709384,37.948
inference_ms,2_7_r1_t2,81,1780387845715513803,8.081338401,54.378
inference_ms,2_7_r1_t2,82,1780387845764794359,8.130618957000001,26.581
inference_ms,2_7_r1_t2,83,1780387845853235635,8.219060233,25.466
inference_ms,2_7_r1_t2,84,1780387845962256313,8.328080911,24.053
inference_ms,2_7_r1_t2,85,1780387846047791442,8.41361604,24.908
inference_ms,2_7_r1_t2,86,1780387846194529447,8.560354045,26.703
inference_ms,2_7_r1_t2,87,1780387846272142545,8.637967143000001,28.529
inference_ms,2_7_r1_t2,88,1780387846360858822,8.72668342,24.601
inference_ms,2_7_r1_t2,89,1780387846465218016,8.831042614000001,26.217
inference_ms,2_7_r1_t2,90,1780387846570320053,8.936144651000001,26.677
inference_ms,2_7_r1_t2,91,1780387846644001942,9.00982654,22.984
inference_ms,2_7_r1_t2,92,1780387846794427598,9.160252196,33.66
inference_ms,2_7_r1_t2,93,1780387846909280415,9.275105013000001,55.764
inference_ms,2_7_r1_t2,94,1780387846980707553,9.346532151,36.359
inference_ms,2_7_r1_t2,95,1780387847052564116,9.418388714,23.126
inference_ms,2_7_r1_t2,96,1780387847166655054,9.532479652000001,22.97
inference_ms,2_7_r1_t2,97,1780387847293613738,9.659438336000001,29.342
inference_ms,2_7_r1_t2,98,1780387847361135202,9.726959800000001,25.521
inference_ms,2_7_r1_t2,99,1780387847452136650,9.817961248000001,26.353
inference_ms,2_7_r1_t2,100,1780387847546661945,9.912486543,24.259
inference_ms,2_7_r1_t2,101,1780387847693397965,10.059222563,43.465
inference_ms,2_7_r1_t2,102,1780387847771722648,10.137547246,25.09
inference_ms,2_7_r1_t2,103,1780387847848268652,10.214093250000001,23.688
inference_ms,2_7_r1_t2,104,1780387847970384050,10.336208648000001,26.601
inference_ms,2_7_r1_t2,105,1780387848079410752,10.44523535,23.987
inference_ms,2_7_r1_t2,106,1780387848169282115,10.535106713000001,24.83
inference_ms,2_7_r1_t2,107,1780387848267168646,10.632993244000001,24.978
inference_ms,2_7_r1_t2,108,1780387848371944395,10.737768993000001,27.566
inference_ms,2_7_r1_t2,109,1780387848464805348,10.830629946,26.979
inference_ms,2_7_r1_t2,110,1780387848571929856,10.937754454,24.693
inference_ms,2_7_r1_t2,111,1780387848651601667,11.017426265000001,24.908
inference_ms,2_7_r1_t2,112,1780387848765026279,11.130850877,24.108
inference_ms,2_7_r1_t2,113,1780387848861330750,11.227155348,25.329
inference_ms,2_7_r1_t2,114,1780387848976241654,11.342066252,23.745
inference_ms,2_7_r1_t2,115,1780387849104453045,11.470277643000001,32.938
inference_ms,2_7_r1_t2,116,1780387849154449305,11.520273903000001,29.026
inference_ms,2_7_r1_t2,117,1780387849291974210,11.657798808,28.793
inference_ms,2_7_r1_t2,118,1780387849364622335,11.730446933000001,24.75
inference_ms,2_7_r1_t2,119,1780387849470398366,11.836222964000001,27.535
inference_ms,2_7_r1_t2,120,1780387849570466098,11.936290696,25.061
inference_ms,2_7_r1_t2,121,1780387849651362741,12.017187339000001,21.72
inference_ms,2_7_r1_t2,122,1780387849761930989,12.127755587000001,26.012
inference_ms,2_7_r1_t2,123,1780387849881766272,12.247590870000002,22.146
inference_ms,2_7_r1_t2,124,1780387849965069855,12.330894453,23.938
inference_ms,2_7_r1_t2,125,1780387850079598114,12.445422712000001,25.045
inference_ms,2_7_r1_t2,126,1780387850160774600,12.526599198000001,24.665
inference_ms,2_7_r1_t2,127,1780387850267398728,12.633223326000001,21.862
inference_ms,2_7_r1_t2,128,1780387850396089607,12.761914205,26.751
inference_ms,2_7_r1_t2,129,1780387850481448802,12.8472734,28.29
inference_ms,2_7_r1_t2,130,1780387850583368002,12.9491926,26.721
inference_ms,2_7_r1_t2,131,1780387850668218167,13.034042765,21.026
inference_ms,2_7_r1_t2,132,1780387850799984107,13.165808705000002,30.345
inference_ms,2_7_r1_t2,133,1780387850864510975,13.230335573000001,23.072
inference_ms,2_7_r1_t2,134,1780387850964490696,13.330315294,23.461
inference_ms,2_7_r1_t2,135,1780387851084818211,13.450642809000001,29.317
inference_ms,2_7_r1_t2,136,1780387851161661847,13.527486445000001,23.644
inference_ms,2_7_r1_t2,137,1780387851246302639,13.612127237000001,25.399
inference_ms,2_7_r1_t2,138,1780387851355488572,13.72131317,25.266
inference_ms,2_7_r1_t2,139,1780387851451493037,13.817317635,22.83
inference_ms,2_7_r1_t2,140,1780387851572446167,13.938270765,22.233
inference_ms,2_7_r1_t2,141,1780387851670200078,14.036024676,25.58
inference_ms,2_7_r1_t2,142,1780387851770021677,14.135846275,24.99
inference_ms,2_7_r1_t2,143,1780387851876563944,14.242388542,24.21
inference_ms,2_7_r1_t2,144,1780387851959105463,14.324930061000002,25.281
inference_ms,2_7_r1_t2,145,1780387852073565351,14.439389949,22.169
inference_ms,2_7_r1_t2,146,1780387852159835284,14.525659882000001,27.398
inference_ms,2_7_r1_t2,147,1780387852265560843,14.631385441,25.317
inference_ms,2_7_r1_t2,148,1780387852354198517,14.720023115,26.753
inference_ms,2_7_r1_t2,149,1780387852453341437,14.819166035,24.688
inference_ms,2_7_r1_t2,150,1780387852565528039,14.931352637000002,28.899
inference_ms,2_7_r1_t2,151,1780387852663163763,15.028988361000001,23.039
inference_ms,2_7_r1_t2,152,1780387852757039934,15.122864532000001,26.652
inference_ms,2_7_r1_t2,153,1780387852864156517,15.229981115000001,24.555
inference_ms,2_7_r1_t2,154,1780387852971160485,15.336985083,25.009
inference_ms,2_7_r1_t2,155,1780387853064401449,15.430226047000001,27.107
inference_ms,2_7_r1_t2,156,1780387853162597977,15.528422575,23.577
inference_ms,2_7_r1_t2,157,1780387853264664314,15.630488912,22.134
inference_ms,2_7_r1_t2,158,1780387853352803173,15.718627771000001,26.379
inference_ms,2_7_r1_t2,159,1780387853446582033,15.812406631000002,23.391
inference_ms,2_7_r1_t2,160,1780387853572822416,15.938647014,22.446
inference_ms,2_7_r1_t2,161,1780387853662361771,16.028186369,23.202
inference_ms,2_7_r1_t2,162,1780387853764280625,16.130105223,24.011
inference_ms,2_7_r1_t2,163,1780387853878394644,16.244219242,23.788
inference_ms,2_7_r1_t2,164,1780387853960890351,16.326714949,23.567
inference_ms,2_7_r1_t2,165,1780387854067357630,16.433182228,25.547
inference_ms,2_7_r1_t2,166,1780387854174803236,16.540627834000002,24.587
inference_ms,2_7_r1_t2,167,1780387854262201227,16.628025825,21.863
inference_ms,2_7_r1_t2,168,1780387854371231730,16.737056328,21.379
inference_ms,2_7_r1_t2,169,1780387854460362074,16.826186672000002,24.769
inference_ms,2_7_r1_t2,170,1780387854546809269,16.912633867,21.025
inference_ms,2_7_r1_t2,171,1780387854670838799,17.036663397,24.881
inference_ms,2_7_r1_t2,172,1780387854754444967,17.120269565,21.745
inference_ms,2_7_r1_t2,173,1780387854860155601,17.225980199000002,24.721
inference_ms,2_7_r1_t2,174,1780387854971044954,17.336869552,27.422
inference_ms,2_7_r1_t2,175,1780387855083017855,17.448842453,27.166
inference_ms,2_7_r1_t2,176,1780387855151690435,17.517515033000002,24.243
inference_ms,2_7_r1_t2,177,1780387855266978118,17.632802716,25.223
inference_ms,2_7_r1_t2,178,1780387855384001965,17.749826563000003,27.059
inference_ms,2_7_r1_t2,179,1780387855453561371,17.819385969000002,22.325
inference_ms,2_7_r1_t2,180,1780387855550935158,17.916759756,25.06
inference_ms,2_7_r1_t2,181,1780387855680862101,18.046686699000002,24.968
inference_ms,2_7_r1_t2,182,1780387855777888032,18.14371263,28.663
inference_ms,2_7_r1_t2,183,1780387855884953108,18.250777706,25.696
inference_ms,2_7_r1_t2,184,1780387855962983990,18.328808588,26.986
inference_ms,2_7_r1_t2,185,1780387856044096772,18.409921370000003,26.021
inference_ms,2_7_r1_t2,186,1780387856148489727,18.514314325,23.965
inference_ms,2_7_r1_t2,187,1780387856258291490,18.624116088,26.376
inference_ms,2_7_r1_t2,188,1780387856385042040,18.750866638,27.688
inference_ms,2_7_r1_t2,189,1780387856462118333,18.827942931000003,25.425
inference_ms,2_7_r1_t2,190,1780387856599323741,18.965148339000002,36.256
inference_ms,2_7_r1_t2,191,1780387856674539234,19.040363832,32.887
inference_ms,2_7_r1_t2,192,1780387856752298430,19.118123028000003,27.557
inference_ms,2_7_r1_t2,193,1780387856896026605,19.261851203000003,36.011
inference_ms,2_7_r1_t2,194,1780387856986562861,19.352387459000003,28.398
inference_ms,2_7_r1_t2,195,1780387857062990938,19.428815536000002,24.997
inference_ms,2_7_r1_t2,196,1780387857188774118,19.554598716,30.352
inference_ms,2_7_r1_t2,197,1780387857271275398,19.637099996,27.395
inference_ms,2_7_r1_t2,198,1780387857354858925,19.720683523,25.842
inference_ms,2_7_r1_t2,199,1780387857484351161,19.850175759000003,27.26
inference_ms,2_7_r1_t2,200,1780387857586409140,19.952233738,32.23
inference_ms,2_7_r1_t2,201,1780387857675695068,20.041519666000003,26.128
inference_ms,2_7_r1_t2,202,1780387857748804521,20.114629119,25.241
inference_ms,2_7_r1_t2,203,1780387857860870920,20.226695518,26.395
inference_ms,2_7_r1_t2,204,1780387857976598459,20.342423057,26.47
inference_ms,2_7_r1_t2,205,1780387858083636931,20.449461529,22.581
inference_ms,2_7_r1_t2,206,1780387858161290524,20.527115122,24.429
inference_ms,2_7_r1_t2,207,1780387858254280734,20.620105332,28.628
inference_ms,2_7_r1_t2,208,1780387858380613551,20.746438149000003,27.141
inference_ms,2_7_r1_t2,209,1780387858453986058,20.819810656,24.406
inference_ms,2_7_r1_t2,210,1780387858558157143,20.923981741000002,27.864
inference_ms,2_7_r1_t2,211,1780387858645755084,21.011579682,23.231
inference_ms,2_7_r1_t2,212,1780387858761676702,21.127501300000002,23.94
inference_ms,2_7_r1_t2,213,1780387858851065155,21.216889753,24.302
inference_ms,2_7_r1_t2,214,1780387858966875100,21.332699698000003,23.126
inference_ms,2_7_r1_t2,215,1780387859058749096,21.424573694000003,25.724
inference_ms,2_7_r1_t2,216,1780387859177913550,21.543738148000003,30.699
inference_ms,2_7_r1_t2,217,1780387859255196208,21.621020806,24.219
inference_ms,2_7_r1_t2,218,1780387859387259102,21.7530837,23.205
inference_ms,2_7_r1_t2,219,1780387859466548979,21.832373577000002,26.267
inference_ms,2_7_r1_t2,220,1780387859552216624,21.918041222000003,25.352
inference_ms,2_7_r1_t2,221,1780387859655802382,22.02162698,22.997
inference_ms,2_7_r1_t2,222,1780387859760636406,22.126461004000003,26.308
inference_ms,2_7_r1_t2,223,1780387859852698332,22.218522930000002,25.07
inference_ms,2_7_r1_t2,224,1780387859967365365,22.333189963000002,28.231
inference_ms,2_7_r1_t2,225,1780387860076007952,22.44183255,32.664
inference_ms,2_7_r1_t2,226,1780387860187948187,22.553772785000003,34.742
inference_ms,2_7_r1_t2,227,1780387860298264746,22.664089344,30.736
inference_ms,2_7_r1_t2,228,1780387860361151379,22.726975977000002,26.099
inference_ms,2_7_r1_t2,229,1780387860472960810,22.838785408,25.098
inference_ms,2_7_r1_t2,230,1780387860568136110,22.933960708,26.461
inference_ms,2_7_r1_t2,231,1780387860701129753,23.066954351,34.204
inference_ms,2_7_r1_t2,232,1780387860787500333,23.153324931,39.799
inference_ms,2_7_r1_t2,233,1780387860907473262,23.273297860000003,30.46
inference_ms,2_7_r1_t2,234,1780387860980786450,23.346611048,35.387
inference_ms,2_7_r1_t2,235,1780387861067183389,23.433007987,31.935
inference_ms,2_7_r1_t2,236,1780387861160204200,23.526028798000002,29.157
inference_ms,2_7_r1_t2,237,1780387861263889781,23.629714379000003,31.69
inference_ms,2_7_r1_t2,238,1780387861356955656,23.722780254,29.06
inference_ms,2_7_r1_t2,239,1780387861466262603,23.832087201,31.451
inference_ms,2_7_r1_t2,240,1780387861564452469,23.930277067000002,25.502
inference_ms,2_7_r1_t2,241,1780387861666850984,24.032675582000003,31.894
inference_ms,2_7_r1_t2,242,1780387861758689236,24.124513834000002,28.174
inference_ms,2_7_r1_t2,243,1780387861878499000,24.244323598,25.421
inference_ms,2_7_r1_t2,244,1780387861982034133,24.347858731000002,24.507
inference_ms,2_7_r1_t2,245,1780387862073367041,24.439191639,30.092
inference_ms,2_7_r1_t2,246,1780387862160485053,24.526309651000002,26.631
inference_ms,2_7_r1_t2,247,1780387862265989059,24.631813657000002,27.724
inference_ms,2_7_r1_t2,248,1780387862380776887,24.746601485000003,29.51
inference_ms,2_7_r1_t2,249,1780387862477423603,24.843248201,30.343
inference_ms,2_7_r1_t2,250,1780387862570015424,24.935840022,22.834
inference_ms,2_7_r1_t2,251,1780387862665348088,25.031172686,27.656
inference_ms,2_7_r1_t2,252,1780387862809876374,25.175700972,35.495
inference_ms,2_7_r1_t2,253,1780387862897632999,25.263457597000002,32.45
inference_ms,2_7_r1_t2,254,1780387862972836568,25.338661166,24.26
inference_ms,2_7_r1_t2,255,1780387863104975079,25.470799677000002,34.429
inference_ms,2_7_r1_t2,256,1780387863197241006,25.563065604000002,28.214
inference_ms,2_7_r1_t2,257,1780387863279718696,25.645543294000003,22.612
inference_ms,2_7_r1_t2,258,1780387863412022184,25.777846782,35.817
inference_ms,2_7_r1_t2,259,1780387863457554008,25.823378606000002,26.698
inference_ms,2_7_r1_t2,260,1780387863586322887,25.952147485,32.158
inference_ms,2_7_r1_t2,261,1780387863662915652,26.028740250000002,26.998
inference_ms,2_7_r1_t2,262,1780387863780096770,26.145921368000003,26.089
inference_ms,2_7_r1_t2,263,1780387863905662262,26.271486860000003,44.797
inference_ms,2_7_r1_t2,264,1780387863960909781,26.326734379,26.495
inference_ms,2_7_r1_t2,265,1780387864100813347,26.466637945000002,29.192
inference_ms,2_7_r1_t2,266,1780387864213358838,26.579183436,33.249
inference_ms,2_7_r1_t2,267,1780387864264252595,26.630077193,29.048
inference_ms,2_7_r1_t2,268,1780387864359244035,26.725068633000003,27.545
inference_ms,2_7_r1_t2,269,1780387864454214021,26.820038619,24.358
inference_ms,2_7_r1_t2,270,1780387864630148707,26.995973305000003,27.761
inference_ms,2_7_r1_t2,271,1780387864669067089,27.034891687000002,31.862
inference_ms,2_7_r1_t2,272,1780387864790824810,27.156649408000003,28.454
inference_ms,2_7_r1_t2,273,1780387864872746909,27.238571507000003,27.93
inference_ms,2_7_r1_t2,274,1780387864982246581,27.348071179,25.008
inference_ms,2_7_r1_t2,275,1780387865105957724,27.471782322000003,35.838
inference_ms,2_7_r1_t2,276,1780387865152976025,27.518800623,25.603
inference_ms,2_7_r1_t2,277,1780387865262508801,27.628333399000002,28.568
inference_ms,2_7_r1_t2,278,1780387865361878327,27.727702925000003,37.713
inference_ms,2_7_r1_t2,279,1780387865461755079,27.827579677000003,23.878
inference_ms,2_7_r1_t2,280,1780387865554965870,27.920790468000003,24.334
inference_ms,2_7_r1_t2,281,1780387865671818838,28.037643436000003,28.689
inference_ms,2_7_r1_t2,282,1780387865787390129,28.153214727,27.152
inference_ms,2_7_r1_t2,283,1780387865859134312,28.22495891,25.173
inference_ms,2_7_r1_t2,284,1780387865956290719,28.322115317,26.332
inference_ms,2_7_r1_t2,285,1780387866052038329,28.417862927,27.341
inference_ms,2_7_r1_t2,286,1780387866182443591,28.548268189,24.703
inference_ms,2_7_r1_t2,287,1780387866266231635,28.632056233,26.556
inference_ms,2_7_r1_t2,288,1780387866360165282,28.72598988,24.186
inference_ms,2_7_r1_t2,289,1780387866471090429,28.836915027000003,26.967
inference_ms,2_7_r1_t2,290,1780387866551125110,28.916949708,28.06
inference_ms,2_7_r1_t2,291,1780387866679382932,29.045207530000003,26.043
inference_ms,2_7_r1_t2,292,1780387866774258592,29.140083190000002,26.992
inference_ms,2_7_r1_t2,293,1780387866873855124,29.239679722,27.277
inference_ms,2_7_r1_t2,294,1780387866973249854,29.339074452000002,27.244
inference_ms,2_7_r1_t2,295,1780387867073772285,29.439596883,22.016
inference_ms,2_7_r1_t2,296,1780387867162195387,29.528019985,24.53
inference_ms,2_7_r1_t2,297,1780387867271508312,29.63733291,31.186
inference_ms,2_7_r1_t2,298,1780387867387097630,29.752922228000003,30.031
inference_ms,2_7_r1_t2,299,1780387867471239473,29.837064071,27.568
inference_ms,2_7_r1_t2,300,1780387867583040003,29.948864601,26.857
inference_ms,2_7_r1_t2,301,1780387867672222768,30.038047366,25.77
inference_ms,2_7_r1_t2,302,1780387867783990049,30.149814647000003,58.139
inference_ms,2_7_r1_t2,303,1780387867875429491,30.241254089,26.898
inference_ms,2_7_r1_t2,304,1780387867963949467,30.329774065000002,27.734
inference_ms,2_7_r1_t2,305,1780387868069648256,30.435472854,24.946
inference_ms,2_7_r1_t2,306,1780387868172294065,30.538118663000002,25.812
inference_ms,2_7_r1_t2,307,1780387868270998663,30.636823261000004,26.457
inference_ms,2_7_r1_t2,308,1780387868347478160,30.713302758,24.473
inference_ms,2_7_r1_t2,309,1780387868462444449,30.828269047000003,25.792
inference_ms,2_7_r1_t2,310,1780387868559565109,30.925389707,25.138
inference_ms,2_7_r1_t2,311,1780387868669195657,31.035020255000003,24.029
inference_ms,2_7_r1_t2,312,1780387868763897925,31.129722523,25.613
inference_ms,2_7_r1_t2,313,1780387868864999225,31.230823823,23.244
inference_ms,2_7_r1_t2,314,1780387868991766890,31.357591488,32.802
inference_ms,2_7_r1_t2,315,1780387869050217886,31.416042484000002,24.369
inference_ms,2_7_r1_t2,316,1780387869162348023,31.528172621000003,29.557
inference_ms,2_7_r1_t2,317,1780387869296400256,31.662224854,27.975
inference_ms,2_7_r1_t2,318,1780387869378419972,31.744244570000003,29.019
inference_ms,2_7_r1_t2,319,1780387869452802593,31.818627191,23.641
inference_ms,2_7_r1_t2,320,1780387869563390864,31.929215462000002,25.907
inference_ms,2_7_r1_t2,321,1780387869647745614,32.013570212000005,21.676
inference_ms,2_7_r1_t2,322,1780387869770350163,32.136174761,42.359
inference_ms,2_7_r1_t2,323,1780387869901309932,32.26713453,32.165
inference_ms,2_7_r1_t2,324,1780387869956799444,32.322624042,24.87
inference_ms,2_7_r1_t2,325,1780387870070471754,32.436296352,25.503
inference_ms,2_7_r1_t2,326,1780387870158479191,32.524303789,25.644
inference_ms,2_7_r1_t2,327,1780387870266922197,32.632746795,26.98
inference_ms,2_7_r1_t2,328,1780387870363617533,32.729442131,25.821
inference_ms,2_7_r1_t2,329,1780387870480982500,32.846807098,30.738
inference_ms,2_7_r1_t2,330,1780387870555004122,32.92082872,24.375
inference_ms,2_7_r1_t2,331,1780387870665326366,33.031150964000005,27.772
inference_ms,2_7_r1_t2,332,1780387870759116782,33.12494138,27.464
inference_ms,2_7_r1_t2,333,1780387870849455974,33.215280572000005,22.905
inference_ms,2_7_r1_t2,334,1780387870972169242,33.33799384,28.849
inference_ms,2_7_r1_t2,335,1780387871050971174,33.416795772,26.442
inference_ms,2_7_r1_t2,336,1780387871157963281,33.523787879000004,26.09
inference_ms,2_7_r1_t2,337,1780387871259676243,33.625500841000004,26.401
inference_ms,2_7_r1_t2,338,1780387871357833735,33.723658333,22.404
inference_ms,2_7_r1_t2,339,1780387871465850295,33.831674893,26.076
inference_ms,2_7_r1_t2,340,1780387871551635480,33.917460078000005,29.311
inference_ms,2_7_r1_t2,341,1780387871679225057,34.045049655,27.637
inference_ms,2_7_r1_t2,342,1780387871750280138,34.116104736000004,27.268
inference_ms,2_7_r1_t2,343,1780387871864704570,34.230529168000004,25.603
inference_ms,2_7_r1_t2,344,1780387871956849540,34.322674138,26.363
inference_ms,2_7_r1_t2,345,1780387872047529431,34.413354029000004,22.49
inference_ms,2_7_r1_t2,346,1780387872174508283,34.540332881000005,25.954
inference_ms,2_7_r1_t2,347,1780387872270178350,34.636002948000005,26.649
inference_ms,2_7_r1_t2,348,1780387872361303587,34.727128185000005,26.285
inference_ms,2_7_r1_t2,349,1780387872492033163,34.857857761000005,27.514
inference_ms,2_7_r1_t2,350,1780387872605287436,34.971112034,29.3
inference_ms,2_7_r1_t2,351,1780387872655388337,35.021212935,26.223
inference_ms,2_7_r1_t2,352,1780387872765751317,35.131575915,24.401
inference_ms,2_7_r1_t2,353,1780387872851154107,35.216978705,28.035
inference_ms,2_7_r1_t2,354,1780387872953211795,35.319036393000005,24.349
inference_ms,2_7_r1_t2,355,1780387873055403139,35.421227737,27.695
inference_ms,2_7_r1_t2,356,1780387873160766319,35.526590917,26.568
inference_ms,2_7_r1_t2,357,1780387873261761298,35.627585896,25.38
inference_ms,2_7_r1_t2,358,1780387873382338915,35.748163513,25.59
inference_ms,2_7_r1_t2,359,1780387873462442213,35.828266811,23.699
inference_ms,2_7_r1_t2,360,1780387873596921900,35.962746498,27.288
inference_ms,2_7_r1_t2,361,1780387873678416302,36.044240900000005,23.045
inference_ms,2_7_r1_t2,362,1780387873788405219,36.154229817,23.058
inference_ms,2_7_r1_t2,363,1780387873870316352,36.23614095,25.317
inference_ms,2_7_r1_t2,364,1780387873975596903,36.341421501,26.72
inference_ms,2_7_r1_t2,365,1780387874049242472,36.41506707,22.083
inference_ms,2_7_r1_t2,366,1780387874167197771,36.533022369,27.425
inference_ms,2_7_r1_t2,367,1780387874256237872,36.62206247,28.58
inference_ms,2_7_r1_t2,368,1780387874377981020,36.743805618,25.652
inference_ms,2_7_r1_t2,369,1780387874492145655,36.857970253000005,28.321
inference_ms,2_7_r1_t2,370,1780387874558940988,36.924765586,24.874
inference_ms,2_7_r1_t2,371,1780387874665846519,37.031671117,23.899
inference_ms,2_7_r1_t2,372,1780387874760238728,37.126063326,22.941
inference_ms,2_7_r1_t2,373,1780387874870342010,37.236166608000005,26.302
inference_ms,2_7_r1_t2,374,1780387874984912938,37.350737536000004,26.042
inference_ms,2_7_r1_t2,375,1780387875090845197,37.456669795,26.675
inference_ms,2_7_r1_t2,376,1780387875203556634,37.569381232000005,36.421
inference_ms,2_7_r1_t2,377,1780387875261668312,37.62749291,26.588
inference_ms,2_7_r1_t2,378,1780387875371862305,37.737686903000004,24.662
inference_ms,2_7_r1_t2,379,1780387875472873095,37.838697693,25.919
inference_ms,2_7_r1_t2,380,1780387875563581523,37.929406121,25.455
inference_ms,2_7_r1_t2,381,1780387875688681025,38.054505623000004,27.45
inference_ms,2_7_r1_t2,382,1780387875773952060,38.139776658,23.263
inference_ms,2_7_r1_t2,383,1780387875861883186,38.227707784,26.79
inference_ms,2_7_r1_t2,384,1780387875945633630,38.311458228,26.161
inference_ms,2_7_r1_t2,385,1780387876100283088,38.466107686,28.202
inference_ms,2_7_r1_t2,386,1780387876157949673,38.523774271,27.55
inference_ms,2_7_r1_t2,387,1780387876265168512,38.630993110000006,24.169
inference_ms,2_7_r1_t2,388,1780387876377078116,38.742902714,29.096
inference_ms,2_7_r1_t2,389,1780387876455024517,38.820849115,25.098
inference_ms,2_7_r1_t2,390,1780387876590527883,38.956352481,28.304
inference_ms,2_7_r1_t2,391,1780387876671763650,39.037588248000006,22.343
inference_ms,2_7_r1_t2,392,1780387876781499412,39.147324010000006,23.947
inference_ms,2_7_r1_t2,393,1780387876872177608,39.238002206000004,28.812
inference_ms,2_7_r1_t2,394,1780387876953126351,39.318950949000005,26.17
inference_ms,2_7_r1_t2,395,1780387877057404693,39.423229291000006,25.064
inference_ms,2_7_r1_t2,396,1780387877155621231,39.521445829,27.606
inference_ms,2_7_r1_t2,397,1780387877255668986,39.621493584,25.339
inference_ms,2_7_r1_t2,398,1780387877364231213,39.730055811,26.128
inference_ms,2_7_r1_t2,399,1780387877473020253,39.838844851000005,25.967
inference_ms,2_7_r1_t2,400,1780387877562923376,39.928747974000004,25.085
inference_ms,2_7_r1_t2,401,1780387877673427318,40.039251916000005,25.493
inference_ms,2_7_r1_t2,402,1780387877759633866,40.125458464000005,25.051
inference_ms,2_7_r1_t2,403,1780387877863313482,40.229138080000006,25.306
inference_ms,2_7_r1_t2,404,1780387877956831494,40.322656092,31.354
inference_ms,2_7_r1_t2,405,1780387878048131794,40.413956392,22.588
inference_ms,2_7_r1_t2,406,1780387878154159768,40.519984366,23.181
inference_ms,2_7_r1_t2,407,1780387878256920877,40.622745475,27.384
inference_ms,2_7_r1_t2,408,1780387878369599349,40.735423947,29.357
inference_ms,2_7_r1_t2,409,1780387878453590790,40.819415388,28.804
inference_ms,2_7_r1_t2,410,1780387878583026101,40.948850699000005,24.898
inference_ms,2_7_r1_t2,411,1780387878663622079,41.029446677,30.325
inference_ms,2_7_r1_t2,412,1780387878772527589,41.138352187,29.573
inference_ms,2_7_r1_t2,413,1780387878888655391,41.254479989000004,32.149
inference_ms,2_7_r1_t2,414,1780387878974371224,41.340195822000005,27.336
inference_ms,2_7_r1_t2,415,1780387879053678293,41.419502891,24.683
inference_ms,2_7_r1_t2,416,1780387879157254184,41.523078782000006,24.358
inference_ms,2_7_r1_t2,417,1780387879248409901,41.614234499000005,29.618
inference_ms,2_7_r1_t2,418,1780387879370412122,41.73623672,27.864
inference_ms,2_7_r1_t2,419,1780387879458183193,41.824007791,27.597
inference_ms,2_7_r1_t2,420,1780387879571025769,41.936850367000005,26.558
inference_ms,2_7_r1_t2,421,1780387879660154960,42.025979558,27.496
inference_ms,2_7_r1_t2,422,1780387879749792465,42.115617063,23.781
inference_ms,2_7_r1_t2,423,1780387879873297457,42.239122055,26.65
inference_ms,2_7_r1_t2,424,1780387880008685256,42.374509854,35.468
inference_ms,2_7_r1_t2,425,1780387880066556123,42.432380721,25.11
inference_ms,2_7_r1_t2,426,1780387880154332175,42.520156773000004,27.875
inference_ms,2_7_r1_t2,427,1780387880249367885,42.615192483,23.206
inference_ms,2_7_r1_t2,428,1780387880357913713,42.723738311000005,25.285
inference_ms,2_7_r1_t2,429,1780387880484965159,42.850789757,26.74
inference_ms,2_7_r1_t2,430,1780387880551341187,42.917165785,24.676
inference_ms,2_7_r1_t2,431,1780387880659619842,43.02544444,26.226
inference_ms,2_7_r1_t2,432,1780387880762408693,43.128233291,22.877
inference_ms,2_7_r1_t2,433,1780387880871986335,43.237810933000006,26.001
inference_ms,2_7_r1_t2,434,1780387880961109004,43.326933602000004,25.47
inference_ms,2_7_r1_t2,435,1780387881070361824,43.436186422000006,29.894
inference_ms,2_7_r1_t2,436,1780387881166173867,43.531998465,26.74
inference_ms,2_7_r1_t2,437,1780387881279317407,43.645142005000004,25.918
inference_ms,2_7_r1_t2,438,1780387881370611096,43.736435694,26.3
inference_ms,2_7_r1_t2,439,1780387881479051061,43.844875659,24.438
inference_ms,2_7_r1_t2,440,1780387881634425251,44.000249849,59.826
inference_ms,2_7_r1_t2,441,1780387881708316319,44.074140917,26.227
inference_ms,2_7_r1_t2,442,1780387881769072557,44.134897155000004,26.843
inference_ms,2_7_r1_t2,443,1780387881869911139,44.235735737000006,23.135
inference_ms,2_7_r1_t2,444,1780387881963348344,44.329172942,26.59
inference_ms,2_7_r1_t2,445,1780387882057613257,44.423437855,24.505
inference_ms,2_7_r1_t2,446,1780387882165705806,44.531530404,24.571
inference_ms,2_7_r1_t2,447,1780387882267660138,44.633484736,24.09
inference_ms,2_7_r1_t2,448,1780387882389120621,44.754945219,28.955
inference_ms,2_7_r1_t2,449,1780387882457860197,44.823684795000005,27.213
inference_ms,2_7_r1_t2,450,1780387882571798390,44.937622988,28.518
inference_ms,2_7_r1_t2,451,1780387882675497738,45.041322336,25.534
inference_ms,2_7_r1_t2,452,1780387882752955910,45.118780508,24.252
inference_ms,2_7_r1_t2,453,1780387882858117613,45.223942211,21.938
inference_ms,2_7_r1_t2,454,1780387882971345357,45.337169955,23.995
inference_ms,2_7_r1_t2,455,1780387883082971976,45.448796574,26.546
inference_ms,2_7_r1_t2,456,1780387883175223831,45.541048429,27.559
inference_ms,2_7_r1_t2,457,1780387883258825032,45.62464963,29.752
inference_ms,2_7_r1_t2,458,1780387883374071864,45.739896462000004,26.371
inference_ms,2_7_r1_t2,459,1780387883482747576,45.848572174000005,32.709
inference_ms,2_7_r1_t2,460,1780387883585384385,45.951208983,26.409
inference_ms,2_7_r1_t2,461,1780387883650152514,46.015977112,25.67
inference_ms,2_7_r1_t2,462,1780387883754791959,46.120616557000005,25.951
inference_ms,2_7_r1_t2,463,1780387883877051282,46.24287588,25.319
inference_ms,2_7_r1_t2,464,1780387884005219112,46.37104371,28.794
inference_ms,2_7_r1_t2,465,1780387884072471353,46.438295951,27.296
inference_ms,2_7_r1_t2,466,1780387884160654377,46.526478975,26.253
inference_ms,2_7_r1_t2,467,1780387884251047652,46.61687225,22.965
inference_ms,2_7_r1_t2,468,1780387884385273556,46.751098154000005,37.237
inference_ms,2_7_r1_t2,469,1780387884486816129,46.852640727,37.801
inference_ms,2_7_r1_t2,470,1780387884573873602,46.9396982,22.552
inference_ms,2_7_r1_t2,471,1780387884705838015,47.071662613,30.076
inference_ms,2_7_r1_t2,472,1780387884754578673,47.120403271,25.266
inference_ms,2_7_r1_t2,473,1780387884896645466,47.262470064000006,25.756
inference_ms,2_7_r1_t2,474,1780387884975521264,47.341345862000004,29.831
inference_ms,2_7_r1_t2,475,1780387885054149990,47.419974588,25.048
inference_ms,2_7_r1_t2,476,1780387885157760723,47.523585321000006,27.387
inference_ms,2_7_r1_t2,477,1780387885305813082,47.67163768,37.717
inference_ms,2_7_r1_t2,478,1780387885371819983,47.737644581000005,24.921
inference_ms,2_7_r1_t2,479,1780387885471787856,47.837612454,25.764
inference_ms,2_7_r1_t2,480,1780387885554641463,47.920466061000006,26.691
inference_ms,2_7_r1_t2,481,1780387885659038156,48.024862754000004,27.469
inference_ms,2_7_r1_t2,482,1780387885798466001,48.164290599000005,29.453
inference_ms,2_7_r1_t2,483,1780387885881533651,48.247358249,29.43
inference_ms,2_7_r1_t2,484,1780387885965418549,48.331243147,24.646
inference_ms,2_7_r1_t2,485,1780387886059481602,48.4253062,26.954
inference_ms,2_7_r1_t2,486,1780387886157807741,48.523632339,24.539
inference_ms,2_7_r1_t2,487,1780387886273634401,48.639458999000006,24.949
inference_ms,2_7_r1_t2,488,1780387886356693476,48.722518074,28.003
inference_ms,2_7_r1_t2,489,1780387886459310020,48.825134618,26.821
inference_ms,2_7_r1_t2,490,1780387886583539888,48.949364486,26.165
inference_ms,2_7_r1_t2,491,1780387886683912801,49.049737399,27.271
inference_ms,2_7_r1_t2,492,1780387886775317247,49.141141845,27.699
inference_ms,2_7_r1_t2,493,1780387886883312126,49.249136724,28.866
inference_ms,2_7_r1_t2,494,1780387886969962553,49.335787151000005,27.036
inference_ms,2_7_r1_t2,495,1780387887067662011,49.433486609000006,26.652
inference_ms,2_7_r1_t2,496,1780387887173901410,49.539726008,27.762
inference_ms,2_7_r1_t2,497,1780387887272181829,49.638006427,28.825
inference_ms,2_7_r1_t2,498,1780387887355156314,49.720980912,26.362
inference_ms,2_7_r1_t2,499,1780387887464336383,49.830160981000006,24.822
inference_ms,2_7_r1_t2,500,1780387887598509261,49.964333859,32.582
inference_ms,2_7_r1_t2,501,1780387887662533075,50.028357673,25.184
inference_ms,2_7_r1_t2,502,1780387887781259109,50.147083707,26.695
inference_ms,2_7_r1_t2,503,1780387887880031695,50.245856293,25.487
inference_ms,2_7_r1_t2,504,1780387887995256333,50.361080931000004,26.757
inference_ms,2_7_r1_t2,505,1780387888102107851,50.467932449,36.746
inference_ms,2_7_r1_t2,506,1780387888155302164,50.521126762,24.606
inference_ms,2_7_r1_t2,507,1780387888257843228,50.623667826,26.762
inference_ms,2_7_r1_t2,508,1780387888360035982,50.72586058,24.165
inference_ms,2_7_r1_t2,509,1780387888493025624,50.858850222,29.048
inference_ms,2_7_r1_t2,510,1780387888570988237,50.936812835000005,27.773
inference_ms,2_7_r1_t2,511,1780387888654119341,51.019943939,22.656
inference_ms,2_7_r1_t2,512,1780387888761708109,51.127532707,23.149
inference_ms,2_7_r1_t2,513,1780387888849840014,51.215664612000005,27.744
inference_ms,2_7_r1_t2,514,1780387888983665211,51.349489809000005,27.118
inference_ms,2_7_r1_t2,515,1780387889048724233,51.414548831000005,23.408
inference_ms,2_7_r1_t2,516,1780387889151909924,51.517734522000005,23.474
inference_ms,2_7_r1_t2,517,1780387889275299427,51.641124025,23.151
inference_ms,2_7_r1_t2,518,1780387889366150575,51.731975173,26.908
inference_ms,2_7_r1_t2,519,1780387889463656075,51.829480673000006,23.406
inference_ms,2_7_r1_t2,520,1780387889574657633,51.940482231000004,22.853
inference_ms,2_7_r1_t2,521,1780387889665694007,52.031518605,25.948
inference_ms,2_7_r1_t2,522,1780387889784689949,52.150514547,29.751
inference_ms,2_7_r1_t2,523,1780387889852872869,52.218697467000005,27.078
inference_ms,2_7_r1_t2,524,1780387889966749086,52.332573684,28.143
inference_ms,2_7_r1_t2,525,1780387890051244040,52.417068638,23.975
inference_ms,2_7_r1_t2,526,1780387890167440401,52.533264999000004,23.671
inference_ms,2_7_r1_t2,527,1780387890256134737,52.62195933500001,23.008
inference_ms,2_7_r1_t2,528,1780387890357763388,52.723587986000005,21.787
inference_ms,2_7_r1_t2,529,1780387890462247742,52.828072340000006,28.727
inference_ms,2_7_r1_t2,530,1780387890576678971,52.942503569,26.266
inference_ms,2_7_r1_t2,531,1780387890686245387,53.052069985,28.18
inference_ms,2_7_r1_t2,532,1780387890777477316,53.143301914000006,22.982
inference_ms,2_7_r1_t2,533,1780387890841414722,53.207239320000006,24.411
inference_ms,2_7_r1_t2,534,1780387890944705961,53.310530559,24.801
inference_ms,2_7_r1_t2,535,1780387891081033735,53.446858333,25.521
inference_ms,2_7_r1_t2,536,1780387891150397161,53.516221759000004,24.977
inference_ms,2_7_r1_t2,537,1780387891264438794,53.630263392,23.999
inference_ms,2_7_r1_t2,538,1780387891346655835,53.712480433,26.453
inference_ms,2_7_r1_t2,539,1780387891461329650,53.82715424800001,23.35
inference_ms,2_7_r1_t2,540,1780387891560924404,53.926749002,23.651
inference_ms,2_7_r1_t2,541,1780387891674740713,54.040565311,26.188
inference_ms,2_7_r1_t2,542,1780387891769824792,54.135649390000005,24.803
inference_ms,2_7_r1_t2,543,1780387891858418584,54.224243182,22.964
inference_ms,2_7_r1_t2,544,1780387891979726765,54.345551363000006,27.131
inference_ms,2_7_r1_t2,545,1780387892048722195,54.41454679300001,22.9
inference_ms,2_7_r1_t2,546,1780387892163134770,54.528959368,22.393
inference_ms,2_7_r1_t2,547,1780387892266955953,54.632780551,26.849
inference_ms,2_7_r1_t2,548,1780387892370435729,54.736260327000004,26.375
inference_ms,2_7_r1_t2,549,1780387892450002548,54.815827146000004,24.343
inference_ms,2_7_r1_t2,550,1780387892550039572,54.915864170000006,23.418
inference_ms,2_7_r1_t2,551,1780387892644155695,55.009980293000005,25.459
inference_ms,2_7_r1_t2,552,1780387892749582495,55.115407093,29.641
inference_ms,2_7_r1_t2,553,1780387892857489315,55.223313913000005,26.076
inference_ms,2_7_r1_t2,554,1780387892984051119,55.349875717,24.548
inference_ms,2_7_r1_t2,555,1780387893056653163,55.422477761,29.019
inference_ms,2_7_r1_t2,556,1780387893174620315,55.540444913,30.328
inference_ms,2_7_r1_t2,557,1780387893276903199,55.642727797000006,26.057
inference_ms,2_7_r1_t2,558,1780387893370119302,55.7359439,25.726
inference_ms,2_7_r1_t2,559,1780387893451169627,55.816994225,25.494
inference_ms,2_7_r1_t2,560,1780387893597326408,55.963151006000004,28.84
inference_ms,2_7_r1_t2,561,1780387893673185772,56.03901037000001,28.951
inference_ms,2_7_r1_t2,562,1780387893765401015,56.131225613000005,26.539
inference_ms,2_7_r1_t2,563,1780387893860518102,56.226342700000004,26.18
inference_ms,2_7_r1_t2,564,1780387893965987621,56.33181221900001,29.843
inference_ms,2_7_r1_t2,565,1780387894076530465,56.442355063,26.728
inference_ms,2_7_r1_t2,566,1780387894189261861,56.555086459,27.031
inference_ms,2_7_r1_t2,567,1780387894288748066,56.65457266400001,26.445
inference_ms,2_7_r1_t2,568,1780387894371779812,56.73760441,25.023
inference_ms,2_7_r1_t2,569,1780387894450618385,56.816442983,22.351
inference_ms,2_7_r1_t2,570,1780387894567440807,56.933265405,27.098
inference_ms,2_7_r1_t2,571,1780387894671815964,57.03764056200001,25.708
inference_ms,2_7_r1_t2,572,1780387894751595752,57.11742035,24.572
inference_ms,2_7_r1_t2,573,1780387894853166467,57.218991065000004,31.131
inference_ms,2_7_r1_t2,574,1780387894990778270,57.356602868,28.547
inference_ms,2_7_r1_t2,575,1780387895059823388,57.425647986,25.435
inference_ms,2_7_r1_t2,576,1780387895162060607,57.527885205000004,29.628
inference_ms,2_7_r1_t2,577,1780387895248605698,57.614430296,27.998
inference_ms,2_7_r1_t2,578,1780387895381806591,57.747631189,28.926
inference_ms,2_7_r1_t2,579,1780387895455469981,57.821294579,24.334
inference_ms,2_7_r1_t2,580,1780387895589637935,57.955462533,25.863
inference_ms,2_7_r1_t2,581,1780387895672696330,58.038520928000004,27.995
inference_ms,2_7_r1_t2,582,1780387895765886914,58.131711512,29.896
inference_ms,2_7_r1_t2,583,1780387895889108283,58.254932881,32.101
inference_ms,2_7_r1_t2,584,1780387895949028728,58.314853326000005,22.573
inference_ms,2_7_r1_t2,585,1780387896069794115,58.435618713000004,23.517
inference_ms,2_7_r1_t2,586,1780387896167564642,58.533389240000005,24.651
inference_ms,2_7_r1_t2,587,1780387896265453633,58.631278231,24.501
inference_ms,2_7_r1_t2,588,1780387896372288940,58.738113538,30.915
inference_ms,2_7_r1_t2,589,1780387896456963445,58.822788043,29.579
inference_ms,2_7_r1_t2,590,1780387896563161356,58.928985954000005,26.907
inference_ms,2_7_r1_t2,591,1780387896665713324,59.031537922000005,30.032
inference_ms,2_7_r1_t2,592,1780387896755916942,59.12174154,24.256
inference_ms,2_7_r1_t2,593,1780387896844375084,59.210199682,24.751
inference_ms,bevfusion_2_7,0,1779961711091676545,0.0,38.123
inference_ms,bevfusion_2_7,1,1779961711139900883,0.048224338000000005,39.168
inference_ms,bevfusion_2_7,2,1779961711186589331,0.094912786,37.391
inference_ms,bevfusion_2_7,3,1779961711273784196,0.182107651,34.89
inference_ms,bevfusion_2_7,4,1779961711400938518,0.309261973,34.384
inference_ms,bevfusion_2_7,5,1779961711484340199,0.39266365400000003,35.433
inference_ms,bevfusion_2_7,6,1779961711583267789,0.49159124400000004,32.088
inference_ms,bevfusion_2_7,7,1779961711678532765,0.58685622,33.069
inference_ms,bevfusion_2_7,8,1779961711787965970,0.696289425,30.377
inference_ms,bevfusion_2_7,9,1779961711859067279,0.767390734,26.229
inference_ms,bevfusion_2_7,10,1779961711957406082,0.8657295370000001,31.413
inference_ms,bevfusion_2_7,11,1779961712084489809,0.992813264,32.533
inference_ms,bevfusion_2_7,12,1779961712155163628,1.063487083,30.246
inference_ms,bevfusion_2_7,13,1779961712244682766,1.153006221,30.413
inference_ms,bevfusion_2_7,14,1779961712370739420,1.2790628750000002,29.614
inference_ms,bevfusion_2_7,15,1779961712452030898,1.3603543530000002,34.545
inference_ms,bevfusion_2_7,16,1779961712578412392,1.486735847,32.858
inference_ms,bevfusion_2_7,17,1779961712667379027,1.575702482,31.025
inference_ms,bevfusion_2_7,18,1779961712796943739,1.7052671940000002,35.723
inference_ms,bevfusion_2_7,19,1779961712868368532,1.7766919870000002,32.451
inference_ms,bevfusion_2_7,20,1779961712965174257,1.873497712,32.111
inference_ms,bevfusion_2_7,21,1779961713053600325,1.9619237800000002,33.058
inference_ms,bevfusion_2_7,22,1779961713146413824,2.0547372790000002,31.402
inference_ms,bevfusion_2_7,23,1779961713273101896,2.181425351,33.427
inference_ms,bevfusion_2_7,24,1779961713370530200,2.2788536550000003,32.013
inference_ms,bevfusion_2_7,25,1779961713449671883,2.3579953380000003,32.92
inference_ms,bevfusion_2_7,26,1779961713551226294,2.4595497490000002,33.43
inference_ms,bevfusion_2_7,27,1779961713653940510,2.562263965,27.126
inference_ms,bevfusion_2_7,28,1779961713793680834,2.702004289,48.442
inference_ms,bevfusion_2_7,29,1779961713844898448,2.753221903,29.597
inference_ms,bevfusion_2_7,30,1779961713978120985,2.88644444,41.397
inference_ms,bevfusion_2_7,31,1779961714099865511,3.008188966,34.356
inference_ms,bevfusion_2_7,32,1779961714155840716,3.0641641710000003,34.204
inference_ms,bevfusion_2_7,33,1779961714269576211,3.177899666,30.655
inference_ms,bevfusion_2_7,34,1779961714351417077,3.2597405320000004,29.551
inference_ms,bevfusion_2_7,35,1779961714460967992,3.369291447,33.351
inference_ms,bevfusion_2_7,36,1779961714566032400,3.474355855,27.481
inference_ms,bevfusion_2_7,37,1779961714659815787,3.5681392420000004,27.746
inference_ms,bevfusion_2_7,38,1779961714745717329,3.654040784,29.014
inference_ms,bevfusion_2_7,39,1779961714868702064,3.7770255190000004,28.094
inference_ms,bevfusion_2_7,40,1779961714971265223,3.879588678,28.889
inference_ms,bevfusion_2_7,41,1779961715059051220,3.9673746750000003,29.458
inference_ms,bevfusion_2_7,42,1779961715144740423,4.053063878000001,31.181
inference_ms,bevfusion_2_7,43,1779961715253316990,4.161640445000001,25.23
inference_ms,bevfusion_2_7,44,1779961715349085098,4.257408553,32.674
inference_ms,bevfusion_2_7,45,1779961715448054329,4.356377784,24.975
inference_ms,bevfusion_2_7,46,1779961715543152586,4.451476041,26.265
inference_ms,bevfusion_2_7,47,1779961715648390581,4.556714036000001,30.745
inference_ms,bevfusion_2_7,48,1779961715791035828,4.699359283000001,32.465
inference_ms,bevfusion_2_7,49,1779961715887099393,4.795422848,32.115
inference_ms,bevfusion_2_7,50,1779961715956504671,4.864828126,26.26
inference_ms,bevfusion_2_7,51,1779961716053680863,4.962004318,29.452
inference_ms,bevfusion_2_7,52,1779961716152656209,5.060979664,27.814
inference_ms,bevfusion_2_7,53,1779961716266253082,5.174576537,25.958
inference_ms,bevfusion_2_7,54,1779961716393822447,5.302145902,34.156
inference_ms,bevfusion_2_7,55,1779961716478286475,5.3866099300000005,38.11
inference_ms,bevfusion_2_7,56,1779961716562162314,5.470485769000001,30.457
inference_ms,bevfusion_2_7,57,1779961716667030110,5.575353565,28.741
inference_ms,bevfusion_2_7,58,1779961716768208144,5.6765315990000005,31.228
inference_ms,bevfusion_2_7,59,1779961716919454796,5.827778251000001,39.644
inference_ms,bevfusion_2_7,60,1779961716985094442,5.893417897,35.432
inference_ms,bevfusion_2_7,61,1779961717106944363,6.015267818000001,59.69
inference_ms,bevfusion_2_7,62,1779961717156809352,6.065132807,28.312
inference_ms,bevfusion_2_7,63,1779961717247489764,6.155813219000001,31.351
inference_ms,bevfusion_2_7,64,1779961717384056738,6.2923801930000005,31.108
inference_ms,bevfusion_2_7,65,1779961717454861888,6.3631853430000005,30.048
inference_ms,bevfusion_2_7,66,1779961717599512137,6.507835592,33.455
inference_ms,bevfusion_2_7,67,1779961717665423693,6.573747148000001,28.25
inference_ms,bevfusion_2_7,68,1779961717749728411,6.658051866,26.843
inference_ms,bevfusion_2_7,69,1779961717872914517,6.7812379720000004,34.633
inference_ms,bevfusion_2_7,70,1779961717950707827,6.859031282,28.288
inference_ms,bevfusion_2_7,71,1779961718056107522,6.964430977,30.025
inference_ms,bevfusion_2_7,72,1779961718191284389,7.099607844,32.81
inference_ms,bevfusion_2_7,73,1779961718252431080,7.160754535000001,31.721
inference_ms,bevfusion_2_7,74,1779961718372496296,7.280819751,32.862
inference_ms,bevfusion_2_7,75,1779961718449814756,7.358138211000001,28.839
inference_ms,bevfusion_2_7,76,1779961718579101641,7.487425096000001,30.53
inference_ms,bevfusion_2_7,77,1779961718654392876,7.562716331000001,30.06
inference_ms,bevfusion_2_7,78,1779961718769598199,7.677921654,45.499
inference_ms,bevfusion_2_7,79,1779961718847472386,7.755795841,29.431
inference_ms,bevfusion_2_7,80,1779961718977974153,7.8862976080000005,32.206
inference_ms,bevfusion_2_7,81,1779961719054834587,7.963158042000001,29.303
inference_ms,bevfusion_2_7,82,1779961719153656282,8.061979737,30.054
inference_ms,bevfusion_2_7,83,1779961719262322542,8.170645997000001,28.42
inference_ms,bevfusion_2_7,84,1779961719346189432,8.254512887,30.407
inference_ms,bevfusion_2_7,85,1779961719459799525,8.36812298,30.953
inference_ms,bevfusion_2_7,86,1779961719564098654,8.472422109,27.908
inference_ms,bevfusion_2_7,87,1779961719646045844,8.554369299000001,29.908
inference_ms,bevfusion_2_7,88,1779961719760140910,8.668464365,31.664
inference_ms,bevfusion_2_7,89,1779961719848275085,8.75659854,30.512
inference_ms,bevfusion_2_7,90,1779961719973391933,8.881715388,32.085
inference_ms,bevfusion_2_7,91,1779961720063591121,8.971914576000001,29.351
inference_ms,bevfusion_2_7,92,1779961720155406708,9.063730163,28.95
inference_ms,bevfusion_2_7,93,1779961720247379653,9.155703108,29.969
inference_ms,bevfusion_2_7,94,1779961720352169268,9.260492723,28.478
inference_ms,bevfusion_2_7,95,1779961720460124364,9.368447819,26.394
inference_ms,bevfusion_2_7,96,1779961720587575215,9.49589867,32.049
inference_ms,bevfusion_2_7,97,1779961720655805109,9.564128564,28.034
inference_ms,bevfusion_2_7,98,1779961720767025887,9.675349342,28.577
inference_ms,bevfusion_2_7,99,1779961720856459035,9.76478249,29.244
inference_ms,bevfusion_2_7,100,1779961720970316654,9.878640109000001,30.408
inference_ms,bevfusion_2_7,101,1779961721053947391,9.962270846000001,30.192
inference_ms,bevfusion_2_7,102,1779961721152717617,10.061041072,23.606
inference_ms,bevfusion_2_7,103,1779961721262407171,10.170730626000001,31.333
inference_ms,bevfusion_2_7,104,1779961721356521727,10.264845182,27.669
inference_ms,bevfusion_2_7,105,1779961721468428630,10.376752085000001,27.227
inference_ms,bevfusion_2_7,106,1779961721559851882,10.468175337,29.824
inference_ms,bevfusion_2_7,107,1779961721650687682,10.559011137,25.407
inference_ms,bevfusion_2_7,108,1779961721742793950,10.651117405,25.546
inference_ms,bevfusion_2_7,109,1779961721847231942,10.755555397,29.304
inference_ms,bevfusion_2_7,110,1779961721943802723,10.852126178,29.44
inference_ms,bevfusion_2_7,111,1779961722067764056,10.976087511000001,30.945
inference_ms,bevfusion_2_7,112,1779961722158152055,11.06647551,24.53
inference_ms,bevfusion_2_7,113,1779961722266791572,11.175115027,29.16
inference_ms,bevfusion_2_7,114,1779961722368708574,11.277032029,30.191
inference_ms,bevfusion_2_7,115,1779961722442531487,11.350854942000002,28.775
inference_ms,bevfusion_2_7,116,1779961722547255447,11.455578902000001,28.952
inference_ms,bevfusion_2_7,117,1779961722684750392,11.593073847000001,47.545
inference_ms,bevfusion_2_7,118,1779961722818051597,11.726375052,60.981
inference_ms,bevfusion_2_7,119,1779961722909467835,11.81779129,41.966
inference_ms,bevfusion_2_7,120,1779961722962416804,11.870740259000002,26.268
inference_ms,bevfusion_2_7,121,1779961723134994132,12.043317587,51.954
inference_ms,bevfusion_2_7,122,1779961723188061802,12.096385257000001,43.761
inference_ms,bevfusion_2_7,123,1779961723260982740,12.169306195,27.456
inference_ms,bevfusion_2_7,124,1779961723357768963,12.266092418000001,30.179
inference_ms,bevfusion_2_7,125,1779961723464223016,12.372546471000001,28.026
inference_ms,bevfusion_2_7,126,1779961723572344308,12.480667763000001,29.005
inference_ms,bevfusion_2_7,127,1779961723687678051,12.596001506,28.579
inference_ms,bevfusion_2_7,128,1779961723794199365,12.70252282,34.737
inference_ms,bevfusion_2_7,129,1779961723847152797,12.755476252000001,27.033
inference_ms,bevfusion_2_7,130,1779961723975730148,12.884053603000002,29.661
inference_ms,bevfusion_2_7,131,1779961724052567473,12.960890928000001,26.448
inference_ms,bevfusion_2_7,132,1779961724165237391,13.073560846000001,30.056
inference_ms,bevfusion_2_7,133,1779961724256706567,13.165030022000002,30.675
inference_ms,bevfusion_2_7,134,1779961724345914629,13.254238084,30.092
inference_ms,bevfusion_2_7,135,1779961724451159263,13.359482718,26.972
inference_ms,bevfusion_2_7,136,1779961724582422486,13.490745941,29.043
inference_ms,bevfusion_2_7,137,1779961724694003623,13.602327078,38.913
inference_ms,bevfusion_2_7,138,1779961724773035576,13.681359031000001,31.629
inference_ms,bevfusion_2_7,139,1779961724857042205,13.76536566,30.653
inference_ms,bevfusion_2_7,140,1779961724944837051,13.853160506,28.544
inference_ms,bevfusion_2_7,141,1779961725074495059,13.982818514000002,30.444
inference_ms,bevfusion_2_7,142,1779961725179206406,14.087529861,28.597
inference_ms,bevfusion_2_7,143,1779961725259472763,14.167796218000001,27.546
inference_ms,bevfusion_2_7,144,1779961725400612183,14.308935638000001,44.002
inference_ms,bevfusion_2_7,145,1779961725472747340,14.381070795000001,32.582
inference_ms,bevfusion_2_7,146,1779961725552213966,14.460537421000002,28.778
inference_ms,bevfusion_2_7,147,1779961725642633730,14.550957185000001,27.608
inference_ms,bevfusion_2_7,148,1779961725781499159,14.689822614,26.397
inference_ms,bevfusion_2_7,149,1779961725866097514,14.774420969000001,30.161
inference_ms,bevfusion_2_7,150,1779961725950005066,14.858328521,27.232
inference_ms,bevfusion_2_7,151,1779961726055620705,14.96394416,25.236
inference_ms,bevfusion_2_7,152,1779961726173726033,15.082049488000001,27.425
inference_ms,bevfusion_2_7,153,1779961726252851146,15.161174601,30.677
inference_ms,bevfusion_2_7,154,1779961726356390118,15.264713573000002,30.995
inference_ms,bevfusion_2_7,155,1779961726450809407,15.359132862000001,26.284
inference_ms,bevfusion_2_7,156,1779961726560890964,15.469214419000002,26.395
inference_ms,bevfusion_2_7,157,1779961726654062954,15.562386409,29.74
inference_ms,bevfusion_2_7,158,1779961726741105567,15.649429022000001,27.012
inference_ms,bevfusion_2_7,159,1779961726858154807,15.766478262000001,25.603
inference_ms,bevfusion_2_7,160,1779961726942972820,15.851296275000001,25.272
inference_ms,bevfusion_2_7,161,1779961727050714485,15.959037940000002,22.843
inference_ms,bevfusion_2_7,162,1779961727153868458,16.062191913,28.544
inference_ms,bevfusion_2_7,163,1779961727260880587,16.169204042,24.787
inference_ms,bevfusion_2_7,164,1779961727359768517,16.268091972,31.378
inference_ms,bevfusion_2_7,165,1779961727478315042,16.386638497,26.902
inference_ms,bevfusion_2_7,166,1779961727567406200,16.475729655000002,30.384
inference_ms,bevfusion_2_7,167,1779961727657589816,16.565913271,30.669
inference_ms,bevfusion_2_7,168,1779961727771681044,16.680004499000002,30.277
inference_ms,bevfusion_2_7,169,1779961727867974989,16.776298444000002,27.92
inference_ms,bevfusion_2_7,170,1779961727952620146,16.860943601000002,25.14
inference_ms,bevfusion_2_7,171,1779961728064388130,16.972711585000003,28.985
inference_ms,bevfusion_2_7,172,1779961728153155856,17.061479311,32.107
inference_ms,bevfusion_2_7,173,1779961728271461947,17.179785402,32.241
inference_ms,bevfusion_2_7,174,1779961728382329515,17.29065297,32.67
inference_ms,bevfusion_2_7,175,1779961728448927683,17.357251138000002,31.688
inference_ms,bevfusion_2_7,176,1779961728551506201,17.459829656,25.573
inference_ms,bevfusion_2_7,177,1779961728653099002,17.561422457000003,31.576
inference_ms,bevfusion_2_7,178,1779961728774879291,17.683202746000003,31.676
inference_ms,bevfusion_2_7,179,1779961728850164190,17.758487645000002,32.432
inference_ms,bevfusion_2_7,180,1779961728952669584,17.860993039,33.721
inference_ms,bevfusion_2_7,181,1779961729050386845,17.9587103,29.102
inference_ms,bevfusion_2_7,182,1779961729169103737,18.077427192000002,30.796
inference_ms,bevfusion_2_7,183,1779961729252513439,18.160836894000003,27.407
inference_ms,bevfusion_2_7,184,1779961729391951076,18.300274531,36.011
inference_ms,bevfusion_2_7,185,1779961729457652059,18.365975514000002,28.729
inference_ms,bevfusion_2_7,186,1779961729557502995,18.46582645,36.845
inference_ms,bevfusion_2_7,187,1779961729673117783,18.581441238,44.983
inference_ms,bevfusion_2_7,188,1779961729746450281,18.654773736000003,26.911
inference_ms,bevfusion_2_7,189,1779961729893003776,18.801327231000002,34.291
inference_ms,bevfusion_2_7,190,1779961729952943900,18.861267355000003,28.878
inference_ms,bevfusion_2_7,191,1779961730050252903,18.958576358000002,25.775
inference_ms,bevfusion_2_7,192,1779961730184999074,19.093322529,29.496
inference_ms,bevfusion_2_7,193,1779961730267693825,19.17601728,26.507
inference_ms,bevfusion_2_7,194,1779961730383277942,19.291601397,35.871
inference_ms,bevfusion_2_7,195,1779961730452461545,19.360785,30.629
inference_ms,bevfusion_2_7,196,1779961730551820403,19.460143858000002,30.184
inference_ms,bevfusion_2_7,197,1779961730645263656,19.553587111000002,27.661
inference_ms,bevfusion_2_7,198,1779961730761884157,19.670207612000002,28.075
inference_ms,bevfusion_2_7,199,1779961730846871750,19.755195205,26.677
inference_ms,bevfusion_2_7,200,1779961730956463941,19.864787396,30.469
inference_ms,bevfusion_2_7,201,1779961731064704678,19.973028133,29.349
inference_ms,bevfusion_2_7,202,1779961731184954631,20.093278086,27.387
inference_ms,bevfusion_2_7,203,1779961731261996777,20.170320232,28.018
inference_ms,bevfusion_2_7,204,1779961731368819473,20.277142928,32.787
inference_ms,bevfusion_2_7,205,1779961731458433201,20.366756656,25.988
inference_ms,bevfusion_2_7,206,1779961731565427252,20.473750707,26.225
inference_ms,bevfusion_2_7,207,1779961731657417131,20.565740586,26.304
inference_ms,bevfusion_2_7,208,1779961731748050462,20.656373917,28.863
inference_ms,bevfusion_2_7,209,1779961731846103865,20.75442732,28.037
inference_ms,bevfusion_2_7,210,1779961731945436408,20.853759863,31.657
inference_ms,bevfusion_2_7,211,1779961732050031598,20.958355053000002,27.039
inference_ms,bevfusion_2_7,212,1779961732147686968,21.056010423,31.219
inference_ms,bevfusion_2_7,213,1779961732290242779,21.198566234,31.66
inference_ms,bevfusion_2_7,214,1779961732383829316,21.292152771,30.475
inference_ms,bevfusion_2_7,215,1779961732458675087,21.366998542,32.352
inference_ms,bevfusion_2_7,216,1779961732594795002,21.503118457000003,32.925
inference_ms,bevfusion_2_7,217,1779961732713216556,21.621540011,50.528
inference_ms,bevfusion_2_7,218,1779961732783870051,21.692193506000002,29.556
inference_ms,bevfusion_2_7,219,1779961732874788769,21.783112224,31.447
inference_ms,bevfusion_2_7,220,1779961732948518177,21.856841632000002,29.898
inference_ms,bevfusion_2_7,221,1779961733090073463,21.998396918,38.875
inference_ms,bevfusion_2_7,222,1779961733157872734,22.066196189000003,32.65
inference_ms,bevfusion_2_7,223,1779961733274840624,22.183164079,29.586
inference_ms,bevfusion_2_7,224,1779961733352419578,22.260743033,32.453
inference_ms,bevfusion_2_7,225,1779961733451501582,22.359825037,28.91
inference_ms,bevfusion_2_7,226,1779961733545239414,22.453562869000002,31.202
inference_ms,bevfusion_2_7,227,1779961733664068427,22.572391882,30.469
inference_ms,bevfusion_2_7,228,1779961733745528308,22.653851763000002,28.698
inference_ms,bevfusion_2_7,229,1779961733858302230,22.766625685,31.241
inference_ms,bevfusion_2_7,230,1779961733947988461,22.856311916000003,32.976
inference_ms,bevfusion_2_7,231,1779961734070738209,22.979061664000003,30.236
inference_ms,bevfusion_2_7,232,1779961734152271980,23.060595435,31.226
inference_ms,bevfusion_2_7,233,1779961734297177958,23.205501413,35.959
inference_ms,bevfusion_2_7,234,1779961734347957426,23.256280881000002,29.535
inference_ms,bevfusion_2_7,235,1779961734476174529,23.384497984000003,33.85
inference_ms,bevfusion_2_7,236,1779961734594072810,23.502396265,38.819
inference_ms,bevfusion_2_7,237,1779961734657552802,23.565876257000003,30.839
inference_ms,bevfusion_2_7,238,1779961734772468177,23.680791632000002,30.359
inference_ms,bevfusion_2_7,239,1779961734853172211,23.761495666000002,29.963
inference_ms,bevfusion_2_7,240,1779961734977267872,23.885591327,38.229
inference_ms,bevfusion_2_7,241,1779961735091700441,24.000023896000002,35.102
inference_ms,bevfusion_2_7,242,1779961735159979617,24.068303072000003,37.691
inference_ms,bevfusion_2_7,243,1779961735307713955,24.216037410000002,40.012
inference_ms,bevfusion_2_7,244,1779961735395715847,24.304039302000003,40.028
inference_ms,bevfusion_2_7,245,1779961735487221805,24.395545260000002,39.459
inference_ms,bevfusion_2_7,246,1779961735590676159,24.498999614000002,36.795
inference_ms,bevfusion_2_7,247,1779961735667219211,24.575542666,37.037
inference_ms,bevfusion_2_7,248,1779961735761998217,24.670321672,31.377
inference_ms,bevfusion_2_7,249,1779961735878219015,24.78654247,29.153
inference_ms,bevfusion_2_7,250,1779961735950960943,24.859284398,29.197
inference_ms,bevfusion_2_7,251,1779961736071633377,24.979956832000003,30.024
inference_ms,bevfusion_2_7,252,1779961736158368654,25.066692109,32.513
inference_ms,bevfusion_2_7,253,1779961736245137329,25.153460784,27.822
inference_ms,bevfusion_2_7,254,1779961736370249705,25.27857316,35.174
inference_ms,bevfusion_2_7,255,1779961736453430767,25.361754222000002,31.508
inference_ms,bevfusion_2_7,256,1779961736558333135,25.466656590000003,31.423
inference_ms,bevfusion_2_7,257,1779961736656170244,25.564493699000003,29.23
inference_ms,bevfusion_2_7,258,1779961736762761791,25.671085246,32.691
inference_ms,bevfusion_2_7,259,1779961736922028184,25.830351639,56.455
inference_ms,bevfusion_2_7,260,1779961736952026591,25.860350046,26.075
inference_ms,bevfusion_2_7,261,1779961737058537241,25.966860696,29.529
inference_ms,bevfusion_2_7,262,1779961737172188113,26.080511568000002,31.179
inference_ms,bevfusion_2_7,263,1779961737248952919,26.157276374000002,33.067
inference_ms,bevfusion_2_7,264,1779961737352517434,26.260840889,28.429
inference_ms,bevfusion_2_7,265,1779961737452423204,26.360746659,27.13
inference_ms,bevfusion_2_7,266,1779961737564309449,26.472632904,29.676
inference_ms,bevfusion_2_7,267,1779961737680723358,26.589046813000003,36.425
inference_ms,bevfusion_2_7,268,1779961737751750219,26.660073674000003,32.206
inference_ms,bevfusion_2_7,269,1779961737844262459,26.752585914,30.878
inference_ms,bevfusion_2_7,270,1779961737959592707,26.867916162,30.734
inference_ms,bevfusion_2_7,271,1779961738059683381,26.968006836,28.987
inference_ms,bevfusion_2_7,272,1779961738148744075,27.05706753,28.331
inference_ms,bevfusion_2_7,273,1779961738269315721,27.177639176000003,29.616
inference_ms,bevfusion_2_7,274,1779961738353050992,27.261374447,27.717
inference_ms,bevfusion_2_7,275,1779961738469699944,27.378023399000003,30.526
inference_ms,bevfusion_2_7,276,1779961738559775845,27.468099300000002,27.891
inference_ms,bevfusion_2_7,277,1779961738663084597,27.571408052000002,26.922
inference_ms,bevfusion_2_7,278,1779961738750626219,27.658949674000002,27.806
inference_ms,bevfusion_2_7,279,1779961738868534587,27.776858042,31.7
inference_ms,bevfusion_2_7,280,1779961738978313745,27.886637200000003,28.746
inference_ms,bevfusion_2_7,281,1779961739108134663,28.016458118000003,42.397
inference_ms,bevfusion_2_7,282,1779961739186200800,28.094524255000003,35.274
inference_ms,bevfusion_2_7,283,1779961739258288655,28.166612110000003,35.662
inference_ms,bevfusion_2_7,284,1779961739357848998,28.266172453000003,30.21
inference_ms,bevfusion_2_7,285,1779961739477177047,28.385500502000003,31.46
inference_ms,bevfusion_2_7,286,1779961739573181762,28.481505217000002,31.433
inference_ms,bevfusion_2_7,287,1779961739670367910,28.578691365,31.292
inference_ms,bevfusion_2_7,288,1779961739769215942,28.677539397,32.2
inference_ms,bevfusion_2_7,289,1779961739872796307,28.781119762000003,33.423
inference_ms,bevfusion_2_7,290,1779961739961563864,28.869887319,34.301
inference_ms,bevfusion_2_7,291,1779961740086126315,28.994449770000003,29.8
inference_ms,bevfusion_2_7,292,1779961740166586544,29.074909999000003,32.157
inference_ms,bevfusion_2_7,293,1779961740247781497,29.156104952000003,27.441
inference_ms,bevfusion_2_7,294,1779961740384554120,29.292877575000002,28.959
inference_ms,bevfusion_2_7,295,1779961740465924322,29.374247777,28.709
inference_ms,bevfusion_2_7,296,1779961740573464061,29.481787516,30.809
inference_ms,bevfusion_2_7,297,1779961740652554703,29.560878158,30.261
inference_ms,bevfusion_2_7,298,1779961740748964994,29.657288449000003,30.946
inference_ms,bevfusion_2_7,299,1779961740850360329,29.758683784000002,35.141
inference_ms,bevfusion_2_7,300,1779961740958107721,29.866431176000003,27.108
inference_ms,bevfusion_2_7,301,1779961741069788476,29.978111931,30.339
inference_ms,bevfusion_2_7,302,1779961741206652402,30.114975857,36.188
inference_ms,bevfusion_2_7,303,1779961741267149787,30.175473242000002,31.232
inference_ms,bevfusion_2_7,304,1779961741388546741,30.296870196,31.379
inference_ms,bevfusion_2_7,305,1779961741474615636,30.382939091,33.491
inference_ms,bevfusion_2_7,306,1779961741594110707,30.502434162,32.651
inference_ms,bevfusion_2_7,307,1779961741709150467,30.617473922000002,43.24
inference_ms,bevfusion_2_7,308,1779961741762550183,30.670873638000003,28.342
inference_ms,bevfusion_2_7,309,1779961741892796440,30.801119895000003,40.132
inference_ms,bevfusion_2_7,310,1779961741952194410,30.860517865000002,29.37
inference_ms,bevfusion_2_7,311,1779961742073161499,30.981484954000003,31.828
inference_ms,bevfusion_2_7,312,1779961742212546830,31.120870285000002,35.03
inference_ms,bevfusion_2_7,313,1779961742288820808,31.197144263000002,37.934
inference_ms,bevfusion_2_7,314,1779961742359405322,31.267728777000002,30.483
inference_ms,bevfusion_2_7,315,1779961742462679989,31.371003444000003,29.383
inference_ms,bevfusion_2_7,316,1779961742560838388,31.469161843000002,27.192
inference_ms,bevfusion_2_7,317,1779961742667660540,31.575983995,34.634
inference_ms,bevfusion_2_7,318,1779961742772210316,31.680533771,32.684
inference_ms,bevfusion_2_7,319,1779961742862257570,31.770581025000002,33.329
inference_ms,bevfusion_2_7,320,1779961742950394060,31.858717515000002,30.374
inference_ms,bevfusion_2_7,321,1779961743076270956,31.984594411000003,33.509
inference_ms,bevfusion_2_7,322,1779961743160444089,32.068767544,32.071
inference_ms,bevfusion_2_7,323,1779961743264508919,32.172832374,35.561
inference_ms,bevfusion_2_7,324,1779961743356332521,32.264655976,33.422
inference_ms,bevfusion_2_7,325,1779961743443223975,32.351547430000004,28.352
inference_ms,bevfusion_2_7,326,1779961743575903430,32.484226885000005,29.778
inference_ms,bevfusion_2_7,327,1779961743658681279,32.567004734,30.824
inference_ms,bevfusion_2_7,328,1779961743766705720,32.675029175,30.827
inference_ms,bevfusion_2_7,329,1779961743874175713,32.782499168,34.03
inference_ms,bevfusion_2_7,330,1779961743978405388,32.886728843,31.11
inference_ms,bevfusion_2_7,331,1779961744060528524,32.968851979,32.966
inference_ms,bevfusion_2_7,332,1779961744152163468,33.060486923,31.721
inference_ms,bevfusion_2_7,333,1779961744283997239,33.192320694,28.256
inference_ms,bevfusion_2_7,334,1779961744366109204,33.274432659,29.734
inference_ms,bevfusion_2_7,335,1779961744448486166,33.356809621000004,31.088
inference_ms,bevfusion_2_7,336,1779961744579304640,33.487628095000005,35.76
inference_ms,bevfusion_2_7,337,1779961744669987121,33.578310576,29.476
inference_ms,bevfusion_2_7,338,1779961744758935068,33.667258523,32.641
inference_ms,bevfusion_2_7,339,1779961744860951200,33.769274655000004,28.412
inference_ms,bevfusion_2_7,340,1779961744970435489,33.878758944000005,35.222
inference_ms,bevfusion_2_7,341,1779961745053566945,33.9618904,29.04
inference_ms,bevfusion_2_7,342,1779961745154521253,34.062844708,27.973
inference_ms,bevfusion_2_7,343,1779961745253448598,34.161772053,31.953
inference_ms,bevfusion_2_7,344,1779961745361550374,34.269873829000005,30.767
inference_ms,bevfusion_2_7,345,1779961745475033998,34.383357453,32.826
inference_ms,bevfusion_2_7,346,1779961745587825471,34.496148926000004,36.331
inference_ms,bevfusion_2_7,347,1779961745673270502,34.581593957,30.495
inference_ms,bevfusion_2_7,348,1779961745810223164,34.718546619,41.213
inference_ms,bevfusion_2_7,349,1779961745913909163,34.822232618,45.77
inference_ms,bevfusion_2_7,350,1779961745986565659,34.894889114,38.706
inference_ms,bevfusion_2_7,351,1779961746062723990,34.971047445,34.398
inference_ms,bevfusion_2_7,352,1779961746172508597,35.080832052000005,34.743
inference_ms,bevfusion_2_7,353,1779961746263647957,35.171971412000005,30.868
inference_ms,bevfusion_2_7,354,1779961746375884265,35.284207720000005,29.58
inference_ms,bevfusion_2_7,355,1779961746485159861,35.393483316,35.4
inference_ms,bevfusion_2_7,356,1779961746557809258,35.466132713,28.417
inference_ms,bevfusion_2_7,357,1779961746647205634,35.555529089000004,30.487
inference_ms,bevfusion_2_7,358,1779961746777781778,35.686105233,35.153
inference_ms,bevfusion_2_7,359,1779961746851518311,35.759841766,29.769
inference_ms,bevfusion_2_7,360,1779961746964259121,35.872582576,28.609
inference_ms,bevfusion_2_7,361,1779961747083696461,35.992019916000004,28.663
inference_ms,bevfusion_2_7,362,1779961747162855339,36.071178794000005,27.534
inference_ms,bevfusion_2_7,363,1779961747270887719,36.179211174,28.409
inference_ms,bevfusion_2_7,364,1779961747385596868,36.293920323,36.307
inference_ms,bevfusion_2_7,365,1779961747460542273,36.368865728,31.087
inference_ms,bevfusion_2_7,366,1779961747597726811,36.506050266,36.895
inference_ms,bevfusion_2_7,367,1779961747687260431,36.595583886,35.989
inference_ms,bevfusion_2_7,368,1779961747786730043,36.695053498,37.918
inference_ms,bevfusion_2_7,369,1779961747881509635,36.78983309,36.003
inference_ms,bevfusion_2_7,370,1779961747961537356,36.869860811,32.319
inference_ms,bevfusion_2_7,371,1779961748099314091,37.007637546000005,36.888
inference_ms,bevfusion_2_7,372,1779961748168479818,37.076803273,27.81
inference_ms,bevfusion_2_7,373,1779961748279443402,37.187766857,34.122
inference_ms,bevfusion_2_7,374,1779961748358897910,37.267221365000005,26.381
inference_ms,bevfusion_2_7,375,1779961748465245942,37.373569397000004,32.079
inference_ms,bevfusion_2_7,376,1779961748567256932,37.475580387,30.695
inference_ms,bevfusion_2_7,377,1779961748653351465,37.56167492,29.824
inference_ms,bevfusion_2_7,378,1779961748761443321,37.669766776,31.386
inference_ms,bevfusion_2_7,379,1779961748880140975,37.788464430000005,31.165
inference_ms,bevfusion_2_7,380,1779961748968105196,37.876428651000005,33.38
inference_ms,bevfusion_2_7,381,1779961749079175960,37.987499415,32.66
inference_ms,bevfusion_2_7,382,1779961749154654288,38.062977743000005,28.43
inference_ms,bevfusion_2_7,383,1779961749281532164,38.189855619,35.792
inference_ms,bevfusion_2_7,384,1779961749364940367,38.273263822000004,39.883
inference_ms,bevfusion_2_7,385,1779961749525537293,38.433860748,46.19
inference_ms,bevfusion_2_7,386,1779961749585624343,38.493947798,38.632
inference_ms,bevfusion_2_7,387,1779961749692128899,38.600452354000005,34.614
inference_ms,bevfusion_2_7,388,1779961749786384964,38.694708419,33.363
inference_ms,bevfusion_2_7,389,1779961749888223101,38.796546556,38.814
inference_ms,bevfusion_2_7,390,1779961749975292310,38.883615765,32.491
inference_ms,bevfusion_2_7,391,1779961750070918694,38.979242149,31.245
inference_ms,bevfusion_2_7,392,1779961750151714270,39.060037725,27.375
inference_ms,bevfusion_2_7,393,1779961750247573972,39.155897427,33.178
inference_ms,bevfusion_2_7,394,1779961750347153186,39.255476641,29.813
inference_ms,bevfusion_2_7,395,1779961750492093735,39.400417190000006,30.508
inference_ms,bevfusion_2_7,396,1779961750571353093,39.479676548,29.383
inference_ms,bevfusion_2_7,397,1779961750684409072,39.592732527,32.879
inference_ms,bevfusion_2_7,398,1779961750759884734,39.668208189000005,28.69
inference_ms,bevfusion_2_7,399,1779961750851502910,39.759826365,30.915
inference_ms,bevfusion_2_7,400,1779961750966735322,39.875058777,33.909
inference_ms,bevfusion_2_7,401,1779961751064660731,39.972984186000005,28.984
inference_ms,bevfusion_2_7,402,1779961751158381528,40.066704983,28.988
inference_ms,bevfusion_2_7,403,1779961751266835390,40.175158845000006,31.298
inference_ms,bevfusion_2_7,404,1779961751352227491,40.260550946,33.277
inference_ms,bevfusion_2_7,405,1779961751464428698,40.372752153,32.941
inference_ms,bevfusion_2_7,406,1779961751554237639,40.462561094,28.275
inference_ms,bevfusion_2_7,407,1779961751659142663,40.567466118000006,28.688
inference_ms,bevfusion_2_7,408,1779961751777180567,40.685504022,31.929
inference_ms,bevfusion_2_7,409,1779961751860622307,40.768945762,27.239
inference_ms,bevfusion_2_7,410,1779961751974476932,40.882800387,33.967
inference_ms,bevfusion_2_7,411,1779961752054263555,40.96258701,34.423
inference_ms,bevfusion_2_7,412,1779961752148603755,41.056927210000005,34.183
inference_ms,bevfusion_2_7,413,1779961752265568271,41.173891726,34.546
inference_ms,bevfusion_2_7,414,1779961752372774883,41.281098338,32.005
inference_ms,bevfusion_2_7,415,1779961752504512866,41.412836321,33.351
inference_ms,bevfusion_2_7,416,1779961752567788993,41.476112448,31.221
inference_ms,bevfusion_2_7,417,1779961752650856269,41.559179724,27.821
inference_ms,bevfusion_2_7,418,1779961752760653325,41.66897678,31.405
inference_ms,bevfusion_2_7,419,1779961752876721892,41.785045347,33.308
inference_ms,bevfusion_2_7,420,1779961752976443130,41.884766585,32.501
inference_ms,bevfusion_2_7,421,1779961753050279749,41.958603204,28.671
inference_ms,bevfusion_2_7,422,1779961753165572620,42.073896075,30.369
inference_ms,bevfusion_2_7,423,1779961753271658382,42.179981837,33.498
inference_ms,bevfusion_2_7,424,1779961753364422352,42.272745807,31.102
inference_ms,bevfusion_2_7,425,1779961753468919499,42.377242954,31.005
inference_ms,bevfusion_2_7,426,1779961753565962672,42.474286127,37.144
inference_ms,bevfusion_2_7,427,1779961753673003748,42.581327203,30.428
inference_ms,bevfusion_2_7,428,1779961753824278475,42.73260193,47.558
inference_ms,bevfusion_2_7,429,1779961753889888226,42.798211681000005,34.479
inference_ms,bevfusion_2_7,430,1779961753985257544,42.893580999,40.056
inference_ms,bevfusion_2_7,431,1779961754072894357,42.981217812000004,31.504
inference_ms,bevfusion_2_7,432,1779961754162288172,43.070611627000005,33.665
inference_ms,bevfusion_2_7,433,1779961754262620080,43.170943535,32.57
inference_ms,bevfusion_2_7,434,1779961754389193934,43.297517389,45.671
inference_ms,bevfusion_2_7,435,1779961754454046328,43.362369783000005,32.129
inference_ms,bevfusion_2_7,436,1779961754570364756,43.478688211000005,30.912
inference_ms,bevfusion_2_7,437,1779961754660597692,43.568921147000005,27.561
inference_ms,bevfusion_2_7,438,1779961754777262434,43.685585889,33.993
inference_ms,bevfusion_2_7,439,1779961754851283449,43.759606904,27.982
inference_ms,bevfusion_2_7,440,1779961754975072811,43.883396266000005,37.6
inference_ms,bevfusion_2_7,441,1779961755078896394,43.987219849000006,33.065
inference_ms,bevfusion_2_7,442,1779961755185456001,44.093779456,33.315
inference_ms,bevfusion_2_7,443,1779961755273059647,44.181383102000005,32.307
inference_ms,bevfusion_2_7,444,1779961755375876502,44.284199957000006,34.763
inference_ms,bevfusion_2_7,445,1779961755450376438,44.358699893,29.891
inference_ms,bevfusion_2_7,446,1779961755564775042,44.473098497,31.49
inference_ms,bevfusion_2_7,447,1779961755644814859,44.553138314,30.72
inference_ms,bevfusion_2_7,448,1779961755777103747,44.685427202,32.691
inference_ms,bevfusion_2_7,449,1779961755886687093,44.795010548,36.275
inference_ms,bevfusion_2_7,450,1779961755957473940,44.865797395,29.441
inference_ms,bevfusion_2_7,451,1779961756070094857,44.978418312,31.907
inference_ms,bevfusion_2_7,452,1779961756168691209,45.077014664000004,30.159
inference_ms,bevfusion_2_7,453,1779961756270752332,45.179075787,32.866
inference_ms,bevfusion_2_7,454,1779961756365320902,45.273644357,30.613
inference_ms,bevfusion_2_7,455,1779961756462916242,45.371239697,32.326
inference_ms,bevfusion_2_7,456,1779961756584268050,45.492591505,33.969
inference_ms,bevfusion_2_7,457,1779961756665449843,45.573773298000006,29.175
inference_ms,bevfusion_2_7,458,1779961756779334000,45.687657455,30.959
inference_ms,bevfusion_2_7,459,1779961756861728982,45.770052437000004,35.515
inference_ms,bevfusion_2_7,460,1779961756954878747,45.863202202000004,29.182
inference_ms,bevfusion_2_7,461,1779961757077912205,45.986235660000006,29.363
inference_ms,bevfusion_2_7,462,1779961757162632626,46.070956081000006,28.918
inference_ms,bevfusion_2_7,463,1779961757247387993,46.155711448000005,30.347
inference_ms,bevfusion_2_7,464,1779961757352580249,46.260903704,29.866
inference_ms,bevfusion_2_7,465,1779961757451441861,46.359765316,30.529
inference_ms,bevfusion_2_7,466,1779961757560392321,46.468715776,35.7
inference_ms,bevfusion_2_7,467,1779961757670462439,46.578785894000006,31.549
inference_ms,bevfusion_2_7,468,1779961757754205232,46.662528687000005,30.874
inference_ms,bevfusion_2_7,469,1779961757851049548,46.759373003,26.906
inference_ms,bevfusion_2_7,470,1779961757966701264,46.875024719,34.624
inference_ms,bevfusion_2_7,471,1779961758049687820,46.958011275000004,29.911
inference_ms,bevfusion_2_7,472,1779961758185977784,47.094301239,37.302
inference_ms,bevfusion_2_7,473,1779961758273815415,47.18213887,33.935
inference_ms,bevfusion_2_7,474,1779961758404649736,47.312973191000005,35.899
inference_ms,bevfusion_2_7,475,1779961758495120812,47.403444267000005,40.712
inference_ms,bevfusion_2_7,476,1779961758591219919,47.499543374000005,45.495
inference_ms,bevfusion_2_7,477,1779961758658726527,47.567049982,30.62
inference_ms,bevfusion_2_7,478,1779961758758135791,47.666459246,29.299
inference_ms,bevfusion_2_7,479,1779961758858855458,47.767178913,29.2
inference_ms,bevfusion_2_7,480,1779961758973390748,47.881714203,35.608
inference_ms,bevfusion_2_7,481,1779961759042496924,47.950820379,29.147
inference_ms,bevfusion_2_7,482,1779961759166384782,48.074708237,32.892
inference_ms,bevfusion_2_7,483,1779961759250279392,48.158602847000004,29.451
inference_ms,bevfusion_2_7,484,1779961759392175662,48.300499117,39.13
inference_ms,bevfusion_2_7,485,1779961759446566740,48.354890195,30.659
inference_ms,bevfusion_2_7,486,1779961759562717742,48.471041197000005,28.278
inference_ms,bevfusion_2_7,487,1779961759661053224,48.569376679,27.703
inference_ms,bevfusion_2_7,488,1779961759790349222,48.698672677000005,34.467
inference_ms,bevfusion_2_7,489,1779961759904072813,48.812396268,47.529
inference_ms,bevfusion_2_7,490,1779961759968993608,48.877317063,29.702
inference_ms,bevfusion_2_7,491,1779961760083649409,48.991972864000005,35.292
inference_ms,bevfusion_2_7,492,1779961760197694694,49.106018149,40.697
inference_ms,bevfusion_2_7,493,1779961760260602087,49.168925542000004,39.176
inference_ms,bevfusion_2_7,494,1779961760400388103,49.308711558000006,39.337
inference_ms,bevfusion_2_7,495,1779961760453907690,49.362231145,34.344
inference_ms,bevfusion_2_7,496,1779961760601140168,49.509463623,35.52
inference_ms,bevfusion_2_7,497,1779961760656115900,49.564439355000005,31.607
inference_ms,bevfusion_2_7,498,1779961760763181975,49.67150543,35.392
inference_ms,bevfusion_2_7,499,1779961760868359462,49.776682917,37.126
inference_ms,bevfusion_2_7,500,1779961760948001096,49.856324551,29.897
inference_ms,bevfusion_2_7,501,1779961761064271790,49.972595245,32.963
inference_ms,bevfusion_2_7,502,1779961761163689958,50.072013413,45.521
inference_ms,bevfusion_2_7,503,1779961761250274818,50.158598273,32.217
inference_ms,bevfusion_2_7,504,1779961761353654387,50.261977842,33.423
inference_ms,bevfusion_2_7,505,1779961761464611861,50.372935316,32.579
inference_ms,bevfusion_2_7,506,1779961761555616691,50.463940146000006,37.356
inference_ms,bevfusion_2_7,507,1779961761663018259,50.571341714000006,27.659
inference_ms,bevfusion_2_7,508,1779961761748021069,50.656344524000005,31.598
inference_ms,bevfusion_2_7,509,1779961761867411860,50.775735315000006,33.419
inference_ms,bevfusion_2_7,510,1779961761964553815,50.872877270000004,32.772
inference_ms,bevfusion_2_7,511,1779961762094193097,51.002516552,38.09
inference_ms,bevfusion_2_7,512,1779961762167448960,51.075772415,29.036
inference_ms,bevfusion_2_7,513,1779961762262517012,51.170840467000005,31.844
inference_ms,bevfusion_2_7,514,1779961762359952599,51.268276054000005,40.965
inference_ms,bevfusion_2_7,515,1779961762448597564,51.356921019000005,31.636
inference_ms,bevfusion_2_7,516,1779961762554223621,51.462547076,30.255
inference_ms,bevfusion_2_7,517,1779961762651903334,51.560226789000005,28.985
inference_ms,bevfusion_2_7,518,1779961762754486756,51.662810211,27.965
inference_ms,bevfusion_2_7,519,1779961762865025079,51.773348534,28.766
inference_ms,bevfusion_2_7,520,1779961762959648557,51.867972012,27.745
inference_ms,bevfusion_2_7,521,1779961763067031101,51.975354556000006,28.814
inference_ms,bevfusion_2_7,522,1779961763173426009,52.081749464000005,42.142
inference_ms,bevfusion_2_7,523,1779961763246024826,52.154348281000004,29.436
inference_ms,bevfusion_2_7,524,1779961763384675937,52.292999392000006,35.615
inference_ms,bevfusion_2_7,525,1779961763454297228,52.362620683,31.211
inference_ms,bevfusion_2_7,526,1779961763565391227,52.473714682,30.973
inference_ms,bevfusion_2_7,527,1779961763648956414,52.557279869000006,30.618
inference_ms,bevfusion_2_7,528,1779961763799450845,52.707774300000004,36.743
inference_ms,bevfusion_2_7,529,1779961763854242488,52.762565943000006,30.515
inference_ms,bevfusion_2_7,530,1779961763949042027,52.857365482000006,30.416
inference_ms,bevfusion_2_7,531,1779961764055629273,52.963952728,29.741
inference_ms,bevfusion_2_7,532,1779961764153941163,53.062264618,28.98
inference_ms,bevfusion_2_7,533,1779961764263909906,53.172233361,29.216
inference_ms,bevfusion_2_7,534,1779961764341402378,53.24972583300001,26.124
inference_ms,bevfusion_2_7,535,1779961764473609575,53.381933030000006,31.198
inference_ms,bevfusion_2_7,536,1779961764562368559,53.470692014,27.835
inference_ms,bevfusion_2_7,537,1779961764685647067,53.593970522000006,31.007
inference_ms,bevfusion_2_7,538,1779961764808971030,53.717294485000004,40.671
inference_ms,bevfusion_2_7,539,1779961764851563348,53.759886803,28.161
inference_ms,bevfusion_2_7,540,1779961764942498898,53.850822353000005,28.703
inference_ms,bevfusion_2_7,541,1779961765052712584,53.96103603900001,26.671
inference_ms,bevfusion_2_7,542,1779961765205800527,54.114123982,29.731
inference_ms,bevfusion_2_7,543,1779961765269047299,54.177370754,29.938
inference_ms,bevfusion_2_7,544,1779961765374179337,54.282502792,28.404
inference_ms,bevfusion_2_7,545,1779961765500232170,54.408555625000005,33.72
inference_ms,bevfusion_2_7,546,1779961765551655779,54.459979234,31.085
inference_ms,bevfusion_2_7,547,1779961765658811481,54.567134936,28.237
inference_ms,bevfusion_2_7,548,1779961765753187182,54.661510637000006,26.917
inference_ms,bevfusion_2_7,549,1779961765850418072,54.758741527000005,31.637
inference_ms,bevfusion_2_7,550,1779961765950843468,54.859166923000004,27.918
inference_ms,bevfusion_2_7,551,1779961766075472038,54.983795493,32.722
inference_ms,bevfusion_2_7,552,1779961766151794606,55.060118061000004,26.891
inference_ms,bevfusion_2_7,553,1779961766258372699,55.166696154,32.117
inference_ms,bevfusion_2_7,554,1779961766383105105,55.29142856,35.217
inference_ms,bevfusion_2_7,555,1779961766444064224,55.352387679,26.709
inference_ms,bevfusion_2_7,556,1779961766562289751,55.470613206,29.23
inference_ms,bevfusion_2_7,557,1779961766655071544,55.563394999,29.977
inference_ms,bevfusion_2_7,558,1779961766749403248,55.657726703,27.551
inference_ms,bevfusion_2_7,559,1779961766858332449,55.766655904000004,29.807
inference_ms,bevfusion_2_7,560,1779961766978025693,55.886349148,33.559
inference_ms,bevfusion_2_7,561,1779961767068327460,55.976650915,31.805
inference_ms,bevfusion_2_7,562,1779961767153587597,56.061911052000006,30.582
inference_ms,bevfusion_2_7,563,1779961767243078035,56.151401490000005,27.255
inference_ms,bevfusion_2_7,564,1779961767346186725,56.254510180000004,31.02
inference_ms,bevfusion_2_7,565,1779961767454098834,56.362422289,26.495
inference_ms,bevfusion_2_7,566,1779961767558581875,56.46690533,30.73
inference_ms,bevfusion_2_7,567,1779961767653095971,56.561419426,30.415
inference_ms,bevfusion_2_7,568,1779961767746198707,56.654522162000006,28.212
inference_ms,bevfusion_2_7,569,1779961767860339443,56.768662898,27.35
inference_ms,bevfusion_2_7,570,1779961767984626622,56.892950077,32.123
inference_ms,bevfusion_2_7,571,1779961768054403846,56.962727301,29.621
inference_ms,bevfusion_2_7,572,1779961768163128798,57.071452253000004,31.084
inference_ms,bevfusion_2_7,573,1779961768278707034,57.187030489,29.614
inference_ms,bevfusion_2_7,574,1779961768352940631,57.261264086000004,31.829
inference_ms,bevfusion_2_7,575,1779961768456538624,57.364862079000005,30.735
inference_ms,bevfusion_2_7,576,1779961768558997264,57.46732071900001,33.02
inference_ms,bevfusion_2_7,577,1779961768667850139,57.576173594000004,35.571
inference_ms,bevfusion_2_7,578,1779961768761745703,57.670069158000004,29.26
inference_ms,bevfusion_2_7,579,1779961768905720152,57.814043607,39.248
inference_ms,bevfusion_2_7,580,1779961768953583269,57.861906724,34.115
inference_ms,bevfusion_2_7,581,1779961769053495465,57.961818920000006,29.315
inference_ms,bevfusion_2_7,582,1779961769203522590,58.11184604500001,39.299
inference_ms,bevfusion_2_7,583,1779961769249840543,58.158163998000006,30.73
inference_ms,bevfusion_2_7,584,1779961769383966522,58.292289977,30.999
inference_ms,bevfusion_2_7,585,1779961769453703448,58.362026903,30.206
inference_ms,bevfusion_2_7,586,1779961769613737716,58.522061171000004,33.256
inference_ms,bevfusion_2_7,587,1779961769650491618,58.558815073000005,30.018
inference_ms,bevfusion_2_7,588,1779961769751521197,58.659844652000004,37.622
inference_ms,bevfusion_2_7,589,1779961769876141722,58.784465177,33.127
inference_ms,bevfusion_2_7,590,1779961769950944844,58.85926829900001,28.733
inference_ms,bevfusion_2_7,591,1779961770060592244,58.96891569900001,29.838
inference_ms,bevfusion_2_7,592,1779961770151996461,59.060319916000005,31.255
inference_ms,bevfusion_2_7,593,1779961770250518431,59.158841886000005,30.467
inference_ms,bevfusion_2_7,594,1779961770366507893,59.274831348000006,32.345
inference_ms,bevfusion_2_7,595,1779961770470558540,59.378881995,32.293
inference_ms,bevfusion_2_7,596,1779961770555969034,59.464292489,27.796
inference_ms,bevfusion_2_7,597,1779961770646949672,59.55527312700001,25.598
inference_ms,bevfusion_2_7_slow,0,1779956296019919693,0.0,50.278
inference_ms,bevfusion_2_7_slow,1,1779956296965625813,0.9457061200000001,22.758
inference_ms,bevfusion_2_7_slow,2,1779956297954075693,1.9341560000000002,27.774
inference_ms,bevfusion_2_7_slow,3,1779956298938406914,2.9184872210000004,27.792
inference_ms,bevfusion_2_7_slow,4,1779956299931846726,3.9119270330000004,28.137
inference_ms,bevfusion_2_7_slow,5,1779956300935194462,4.915274769000001,25.729
inference_ms,bevfusion_2_7_slow,6,1779956301931069837,5.9111501440000005,26.815
inference_ms,bevfusion_2_7_slow,7,1779956302943775604,6.923855911,25.658
inference_ms,bevfusion_2_7_slow,8,1779956303973463424,7.953543731000001,30.139
inference_ms,bevfusion_2_7_slow,9,1779956304929706916,8.909787223,25.689
inference_ms,bevfusion_2_7_slow,10,1779956305959870376,9.939950683000001,29.42
inference_ms,bevfusion_2_7_slow,11,1779956306962175909,10.942256216,25.199
inference_ms,bevfusion_2_7_slow,12,1779956307939673088,11.919753395,31.273
inference_ms,bevfusion_2_7_slow,13,1779956308944300525,12.924380832,30.406
inference_ms,bevfusion_2_7_slow,14,1779956309933700642,13.913780949000001,27.859
inference_ms,bevfusion_2_7_slow,15,1779956310933904649,14.913984956,26.076
inference_ms,bevfusion_2_7_slow,16,1779956311947039859,15.927120166000002,28.761
inference_ms,bevfusion_2_7_slow,17,1779956312933946592,16.914026899,26.645
inference_ms,bevfusion_2_7_slow,18,1779956313961567376,17.941647683,31.152
inference_ms,bevfusion_2_7_slow,19,1779956314977385768,18.957466075000003,30.824
inference_ms,bevfusion_2_7_slow,20,1779956315971359038,19.951439345,28.523
inference_ms,bevfusion_2_7_slow,21,1779956316951805503,20.93188581,24.47
inference_ms,bevfusion_2_7_slow,22,1779956317975162375,21.955242682,27.032
inference_ms,bevfusion_2_7_slow,23,1779956318976737065,22.956817372,29.198
inference_ms,bevfusion_2_7_slow,24,1779956319940118891,23.920199198000002,30.479
inference_ms,bevfusion_2_7_slow,25,1779956320951301316,24.931381623,28.985
inference_ms,bevfusion_2_7_slow,26,1779956321977061129,25.957141436,30.42
inference_ms,bevfusion_2_7_slow,27,1779956322971899837,26.951980144,24.799
inference_ms,bevfusion_2_7_slow,28,1779956323943639782,27.923720089000003,32.218
inference_ms,bevfusion_2_7_slow,29,1779956324949172447,28.929252754,26.625
inference_ms,bevfusion_2_7_slow,30,1779956325947860294,29.927940601000003,29.488
inference_ms,bevfusion_2_7_slow,31,1779956326940753255,30.920833562000002,29.839
inference_ms,bevfusion_2_7_slow,32,1779956327933214830,31.913295137000002,28.444
inference_ms,bevfusion_2_7_slow,33,1779956328944721571,32.924801878000004,29.18
inference_ms,bevfusion_2_7_slow,34,1779956329933354958,33.913435265000004,27.275
inference_ms,bevfusion_2_7_slow,35,1779956330938869554,34.918949861,28.104
inference_ms,bevfusion_2_7_slow,36,1779956331976735396,35.956815703000004,32.846
inference_ms,bevfusion_2_7_slow,37,1779956332939334636,36.919414943,30.725
inference_ms,bevfusion_2_7_slow,38,1779956333973332051,37.953412358,31.373
inference_ms,bevfusion_2_7_slow,39,1779956334971871448,38.951951755,26.84
inference_ms,bevfusion_2_7_slow,40,1779956335940568364,39.920648671,23.411
inference_ms,bevfusion_2_7_slow,41,1779956336938314723,40.91839503,24.33
inference_ms,bevfusion_2_7_slow,42,1779956337957102867,41.937183174000005,29.619
inference_ms,bevfusion_2_7_slow,43,1779956338957213464,42.937293771,32.421
inference_ms,bevfusion_2_7_slow,44,1779956339934040407,43.914120714000006,25.218
inference_ms,bevfusion_2_7_slow,45,1779956340948405418,44.928485725,25.478
inference_ms,bevfusion_2_7_slow,46,1779956341971205786,45.951286093,37.843
inference_ms,bevfusion_2_7_slow,47,1779956342956385348,46.936465655000006,36.229
inference_ms,bevfusion_2_7_slow,48,1779956343933827680,47.913907987,28.42
inference_ms,bevfusion_2_7_slow,49,1779956344948261922,48.928342229,26.936
inference_ms,bevfusion_2_7_slow,50,1779956345945626265,49.925706572,24.814
inference_ms,bevfusion_2_7_slow,51,1779956346960976527,50.941056834,24.2
inference_ms,bevfusion_2_7_slow,52,1779956347938271146,51.91835145300001,28.543
inference_ms,bevfusion_2_7_slow,53,1779956348930826164,52.910906471000004,24.891
inference_ms,bevfusion_2_7_slow,54,1779956349941908323,53.92198863,24.055
inference_ms,bevfusion_2_7_slow,55,1779956350943001219,54.923081526000004,30.17
inference_ms,bevfusion_2_7_slow,56,1779956351973561789,55.953642096,27.401
inference_ms,bevfusion_2_7_slow,57,1779956352963498841,56.943579148000005,28.901
inference_ms,bevfusion_2_7_slow,58,1779956353942065245,57.922145552,26.292
inference_ms,bevfusion_2_7_slow,59,1779956354984733884,58.964814191,27.448
inference_ms,bevfusion_2_7_slow,60,1779956355940202083,59.920282390000004,26.803
inference_ms,bevfusion_2_7_slow,61,1779956356940336074,60.920416381,23.552
inference_ms,bevfusion_2_7_slow,62,1779956357966495559,61.946575866,24.962
inference_ms,bevfusion_2_7_slow,63,1779956358930529804,62.910610111000004,26.952
inference_ms,bevfusion_2_7_slow,64,1779956359947812136,63.927892443000005,29.688
inference_ms,bevfusion_2_7_slow,65,1779956360960463323,64.94054363000001,29.261
inference_ms,bevfusion_2_7_slow,66,1779956361936075504,65.91615581100001,28.614
inference_ms,bevfusion_2_7_slow,67,1779956362938069555,66.918149862,28.416
inference_ms,bevfusion_2_7_slow,68,1779956363943846581,67.92392688800001,33.889
inference_ms,bevfusion_2_7_slow,69,1779956364955207678,68.935287985,27.278
inference_ms,bevfusion_2_7_slow,70,1779956365954211618,69.93429192500001,27.993
inference_ms,bevfusion_2_7_slow,71,1779956366976669156,70.95674946300001,30.898
inference_ms,bevfusion_2_7_slow,72,1779956367941328286,71.92140859300001,31.697
inference_ms,bevfusion_2_7_slow,73,1779956368941277742,72.921358049,26.621
inference_ms,bevfusion_2_7_slow,74,1779956369990342587,73.97042289400001,31.15
inference_ms,bevfusion_2_7_slow,75,1779956370938868156,74.918948463,29.423
inference_ms,bevfusion_2_7_slow,76,1779956371940110951,75.920191258,28.8
inference_ms,bevfusion_2_7_slow,77,1779956372969363344,76.94944365100001,24.426
inference_ms,bevfusion_2_7_slow,78,1779956373951865850,77.931946157,26.452
inference_ms,bevfusion_2_7_slow,79,1779956374940287082,78.920367389,24.255
inference_ms,bevfusion_2_7_slow,80,1779956375932721473,79.91280178000001,25.62
inference_ms,bevfusion_2_7_slow,81,1779956376939907635,80.919987942,28.496
inference_ms,bevfusion_2_7_slow,82,1779956377966516829,81.94659713600001,26.216
inference_ms,bevfusion_2_7_slow,83,1779956378933224114,82.913304421,25.758
inference_ms,bevfusion_2_7_slow,84,1779956379922670921,83.902751228,25.107
inference_ms,bevfusion_2_7_slow,85,1779956380954010410,84.934090717,28.248
inference_ms,bevfusion_2_7_slow,86,1779956381953426841,85.933507148,24.925
inference_ms,bevfusion_2_7_slow,87,1779956382936912355,86.916992662,25.198
inference_ms,bevfusion_2_7_slow,88,1779956383951120917,87.931201224,30.288
inference_ms,bevfusion_2_7_slow,89,1779956384933220155,88.91330046200001,25.168
inference_ms,bevfusion_2_7_slow,90,1779956385972059531,89.95213983800001,25.274
inference_ms,bevfusion_2_7_slow,91,1779956386938026328,90.918106635,30.011
inference_ms,bevfusion_2_7_slow,92,1779956387946824617,91.926904924,27.668
inference_ms,bevfusion_2_7_slow,93,1779956388969628250,92.94970855700001,28.185
inference_ms,bevfusion_2_7_slow,94,1779956389969028052,93.94910835900001,30.426
inference_ms,bevfusion_2_7_slow,95,1779956390960981067,94.941061374,29.752
inference_ms,bevfusion_2_7_slow,96,1779956391938734156,95.918814463,24.242
inference_ms,bevfusion_2_7_slow,97,1779956392928891674,96.90897198100001,28.411
inference_ms,bevfusion_2_7_slow,98,1779956393974456197,97.954536504,25.906
inference_ms,bevfusion_2_7_slow,99,1779956394961583594,98.94166390100001,25.619
inference_ms,bevfusion_2_7_slow,100,1779956395941729198,99.92180950500001,28.185
inference_ms,bevfusion_2_7_slow,101,1779956396936635129,100.916715436,29.793
inference_ms,bevfusion_2_7_slow,102,1779956397934419240,101.914499547,24.239
inference_ms,bevfusion_2_7_slow,103,1779956398935836703,102.91591701,27.617
inference_ms,bevfusion_2_7_slow,104,1779956399949524299,103.92960460600001,29.972
inference_ms,bevfusion_2_7_slow,105,1779956400957377580,104.93745788700001,30.592
inference_ms,bevfusion_2_7_slow,106,1779956401956609081,105.936689388,27.633
inference_ms,bevfusion_2_7_slow,107,1779956402939029939,106.919110246,30.075
inference_ms,bevfusion_2_7_slow,108,1779956403932460262,107.912540569,27.988
inference_ms,bevfusion_2_7_slow,109,1779956404979941638,108.96002194500001,26.626
inference_ms,bevfusion_2_7_slow,110,1779956405968224467,109.94830477400001,30.484
inference_ms,bevfusion_2_7_slow,111,1779956406933572034,110.913652341,22.223
inference_ms,bevfusion_2_7_slow,112,1779956407935776786,111.91585709300001,24.439
inference_ms,bevfusion_2_7_slow,113,1779956408944054339,112.92413464600001,21.408
inference_ms,bevfusion_2_7_slow,114,1779956409944802254,113.924882561,23.257
inference_ms,bevfusion_2_7_slow,115,1779956410951931615,114.932011922,23.82
inference_ms,bevfusion_2_7_slow,116,1779956411927783375,115.90786368200001,24.4
inference_ms,bevfusion_2_7_slow,117,1779956412929398447,116.909478754,25.906
inference_ms,bevfusion_2_7_slow,118,1779956413954998690,117.935078997,25.719
inference_ms,bevfusion_2_7_slow,119,1779956414933038170,118.91311847700001,23.928
inference_ms,bevfusion_2_7_slow,120,1779956415923173850,119.903254157,22.704
inference_ms,bevfusion_2_7_slow,121,1779956416947871589,120.92795189600001,25.103
inference_ms,bevfusion_2_7_slow,122,1779956417939109838,121.919190145,28.052
inference_ms,bevfusion_2_7_slow,123,1779956418952624801,122.93270510800001,25.449
inference_ms,bevfusion_2_7_slow,124,1779956419950987397,123.93106770400001,25.309
inference_ms,bevfusion_2_7_slow,125,1779956420935795117,124.915875424,22.249
inference_ms,bevfusion_2_7_slow,126,1779956421945997880,125.926078187,30.444
inference_ms,bevfusion_2_7_slow,127,1779956422935065816,126.91514612300001,26.515
inference_ms,bevfusion_2_7_slow,128,1779956423941171182,127.92125148900001,21.783
inference_ms,bevfusion_2_7_slow,129,1779956424924695025,128.904775332,24.495
inference_ms,bevfusion_2_7_slow,130,1779956425940960663,129.92104097,21.86
inference_ms,bevfusion_2_7_slow,131,1779956426959564258,130.939644565,28.727
inference_ms,bevfusion_2_7_slow,132,1779956427954174674,131.934254981,26.442
inference_ms,bevfusion_2_7_slow,133,1779956428938505771,132.918586078,21.753
inference_ms,bevfusion_2_7_slow,134,1779956429933028592,133.913108899,22.934
inference_ms,bevfusion_2_7_slow,135,1779956430980824047,134.960904354,24.322
inference_ms,bevfusion_2_7_slow,136,1779956431942261825,135.922342132,25.492
inference_ms,bevfusion_2_7_slow,137,1779956432963748329,136.943828636,27.466
inference_ms,bevfusion_2_7_slow,138,1779956433936175107,137.916255414,26.848
inference_ms,bevfusion_2_7_slow,139,1779956434974405314,138.954485621,30.15
inference_ms,bevfusion_2_7_slow,140,1779956435954741337,139.934821644,25.861
inference_ms,bevfusion_2_7_slow,141,1779956436969205350,140.94928565700002,23.722
inference_ms,bevfusion_2_7_slow,142,1779956437928230499,141.908310806,22.362
inference_ms,bevfusion_2_7_slow,143,1779956438977042987,142.957123294,27.91
inference_ms,bevfusion_2_7_slow,144,1779956439953416605,143.933496912,27.643
inference_ms,bevfusion_2_7_slow,145,1779956440939810462,144.919890769,27.086
inference_ms,bevfusion_2_7_slow,146,1779956441952549024,145.93262933100002,25.415
inference_ms,bevfusion_2_7_slow,147,1779956442940871542,146.920951849,24.11
inference_ms,bevfusion_2_7_slow,148,1779956443930674331,147.91075463800001,23.004
inference_ms,bevfusion_2_7_slow,149,1779956444939266298,148.91934660500002,21.666
inference_ms,bevfusion_2_7_slow,150,1779956445941314869,149.921395176,26.493
inference_ms,bevfusion_2_7_slow,151,1779956446934933064,150.91501337100001,24.619
inference_ms,bevfusion_2_7_slow,152,1779956447941347066,151.921427373,23.613
inference_ms,bevfusion_2_7_slow,153,1779956448945126597,152.92520690400002,27.497
inference_ms,bevfusion_2_7_slow,154,1779956449964353907,153.944434214,26.125
inference_ms,bevfusion_2_7_slow,155,1779956450935929099,154.916009406,24.944
inference_ms,bevfusion_2_7_slow,156,1779956451951630460,155.931710767,24.659
inference_ms,bevfusion_2_7_slow,157,1779956452936894534,156.916974841,23.06
inference_ms,bevfusion_2_7_slow,158,1779956453930293926,157.910374233,24.923
inference_ms,bevfusion_2_7_slow,159,1779956454938101267,158.91818157400002,24.265
inference_ms,bevfusion_2_7_slow,160,1779956455959688360,159.939768667,25.686
inference_ms,bevfusion_2_7_slow,161,1779956456963922888,160.94400319500002,27.669
inference_ms,bevfusion_2_7_slow,162,1779956457957733925,161.93781423200002,26.053
inference_ms,bevfusion_2_7_slow,163,1779956458936423793,162.9165041,24.838
inference_ms,bevfusion_2_7_slow,164,1779956459940535025,163.920615332,27.0
inference_ms,bevfusion_2_7_slow,165,1779956460964224276,164.94430458300002,28.984
inference_ms,bevfusion_2_7_slow,166,1779956461938032088,165.918112395,26.784
inference_ms,bevfusion_2_7_slow,167,1779956462972152487,166.952232794,32.28
inference_ms,bevfusion_2_7_slow,168,1779956463953511819,167.933592126,29.665
inference_ms,bevfusion_2_7_slow,169,1779956464976325251,168.956405558,28.002
inference_ms,bevfusion_2_7_slow,170,1779956465938337561,169.918417868,27.636
inference_ms,bevfusion_2_7_slow,171,1779956466949168820,170.92924912700002,26.879
inference_ms,bevfusion_2_7_slow,172,1779956467953533553,171.93361386,27.703
inference_ms,bevfusion_2_7_slow,173,1779956468976636913,172.95671722,28.962
inference_ms,bevfusion_2_7_slow,174,1779956469941286440,173.921366747,25.755
inference_ms,bevfusion_2_7_slow,175,1779956470951576163,174.93165647,29.775
inference_ms,bevfusion_2_7_slow,176,1779956471949568524,175.929648831,28.859
inference_ms,bevfusion_2_7_slow,177,1779956472928707864,176.908788171,25.263
inference_ms,bevfusion_2_7_slow,178,1779956473940513668,177.920593975,28.953
inference_ms,bevfusion_2_7_slow,179,1779956474972332614,178.95241292100002,31.131
inference_ms,bevfusion_2_7_slow,180,1779956475941897169,179.92197747600002,23.888
inference_ms,bevfusion_2_7_slow,181,1779956476954791433,180.93487174,29.409
inference_ms,bevfusion_2_7_slow,182,1779956477931939246,181.91201955300002,24.99
inference_ms,bevfusion_2_7_slow,183,1779956478942086945,182.922167252,24.514
inference_ms,bevfusion_2_7_slow,184,1779956479953070474,183.93315078100002,24.936
inference_ms,bevfusion_2_7_slow,185,1779956480925531254,184.905611561,25.862
inference_ms,bevfusion_2_7_slow,186,1779956481968301134,185.948381441,29.226
inference_ms,bevfusion_2_7_slow,187,1779956482942392123,186.92247243,30.163
inference_ms,bevfusion_2_7_slow,188,1779956483942970395,187.923050702,24.984
inference_ms,bevfusion_2_7_slow,189,1779956484946917734,188.92699804100002,29.662
inference_ms,bevfusion_2_7_slow,190,1779956485950403973,189.93048428,29.23
inference_ms,bevfusion_2_7_slow,191,1779956486945095995,190.925176302,26.657
inference_ms,bevfusion_2_7_slow,192,1779956487932046164,191.91212647100002,27.118
inference_ms,bevfusion_2_7_slow,193,1779956488944581834,192.924662141,27.533
inference_ms,bevfusion_2_7_slow,194,1779956489939884510,193.91996481700002,28.552
inference_ms,bevfusion_2_7_slow,195,1779956490944495188,194.924575495,29.233
inference_ms,bevfusion_2_7_slow,196,1779956491954250992,195.934331299,30.435
inference_ms,bevfusion_2_7_slow,197,1779956492943942408,196.924022715,23.167
inference_ms,bevfusion_2_7_slow,198,1779956493935660307,197.91574061400001,24.534
inference_ms,bevfusion_2_7_slow,199,1779956494937266146,198.91734645300002,30.199
inference_ms,bevfusion_2_7_slow,200,1779956495935558453,199.91563876,26.493
inference_ms,bevfusion_2_7_slow,201,1779956496950831184,200.93091149100002,28.684
inference_ms,bevfusion_2_7_slow,202,1779956497940008899,201.920089206,25.428
inference_ms,bevfusion_2_7_slow,203,1779956498936249152,202.91632945900002,24.711
inference_ms,bevfusion_2_7_slow,204,1779956499967970318,203.948050625,27.668
inference_ms,bevfusion_2_7_slow,205,1779956500957504979,204.937585286,24.453
inference_ms,bevfusion_2_7_slow,206,1779956501933723217,205.913803524,25.021
inference_ms,bevfusion_2_7_slow,207,1779956502929922534,206.91000284100002,26.358
inference_ms,bevfusion_2_7_slow,208,1779956503972097263,207.95217757,24.648
inference_ms,bevfusion_2_7_slow,209,1779956504942836228,208.922916535,24.794
inference_ms,bevfusion_2_7_slow,210,1779956505965255979,209.945336286,26.967
inference_ms,bevfusion_2_7_slow,211,1779956506946467942,210.926548249,24.174
inference_ms,bevfusion_2_7_slow,212,1779956507947745198,211.92782550500002,32.325
inference_ms,bevfusion_2_7_slow,213,1779956508985104920,212.965185227,25.556
inference_ms,bevfusion_2_7_slow,214,1779956509930755617,213.91083592400003,28.571
inference_ms,bevfusion_2_7_slow,215,1779956510966130261,214.94621056800003,26.655
inference_ms,bevfusion_2_7_slow,216,1779956511975103388,215.95518369500002,28.969
inference_ms,bevfusion_2_7_slow,217,1779956512949123650,216.92920395700003,26.975
inference_ms,bevfusion_2_7_slow,218,1779956513967936044,217.948016351,25.031
inference_ms,bevfusion_2_7_slow,219,1779956514965652006,218.945732313,28.197
inference_ms,bevfusion_2_7_slow,220,1779956515960865504,219.940945811,27.073
inference_ms,bevfusion_2_7_slow,221,1779956516937316396,220.917396703,26.457
inference_ms,bevfusion_2_7_slow,222,1779956517974935934,221.955016241,29.881
inference_ms,bevfusion_2_7_slow,223,1779956518977250802,222.95733110900002,27.403
inference_ms,bevfusion_2_7_slow,224,1779956519969230207,223.94931051400002,28.844
inference_ms,bevfusion_2_7_slow,225,1779956520957397517,224.937477824,32.62
inference_ms,bevfusion_2_7_slow,226,1779956521939310866,225.919391173,26.509
inference_ms,bevfusion_2_7_slow,227,1779956522962383279,226.942463586,29.45
inference_ms,bevfusion_2_7_slow,228,1779956523952029919,227.93211022600002,28.395
inference_ms,bevfusion_2_7_slow,229,1779956524932992565,228.91307287200001,25.939
inference_ms,bevfusion_2_7_slow,230,1779956525930864239,229.91094454600002,29.617
inference_ms,bevfusion_2_7_slow,231,1779956526977728408,230.95780871500003,31.777
inference_ms,bevfusion_2_7_slow,232,1779956527942518933,231.92259924,33.232
inference_ms,bevfusion_2_7_slow,233,1779956528971177319,232.951257626,26.044
inference_ms,bevfusion_2_7_slow,234,1779956529948325071,233.928405378,25.015
inference_ms,bevfusion_2_7_slow,235,1779956530988724079,234.96880438600002,29.478
inference_ms,bevfusion_2_7_slow,236,1779956531932118634,235.912198941,26.987
inference_ms,bevfusion_2_7_slow,237,1779956532968356726,236.948437033,30.947
inference_ms,bevfusion_2_7_slow,238,1779956533950998092,237.93107839900003,29.744
inference_ms,bevfusion_2_7_slow,239,1779956534953754448,238.93383475500002,31.195
inference_ms,bevfusion_2_7_slow,240,1779956535959919233,239.93999954,29.485
inference_ms,bevfusion_2_7_slow,241,1779956536932100730,240.912181037,25.786
inference_ms,bevfusion_2_7_slow,242,1779956537940919157,241.920999464,25.872
inference_ms,bevfusion_2_7_slow,243,1779956538943397176,242.92347748300003,25.359
inference_ms,bevfusion_2_7_slow,244,1779956539940835090,243.92091539700002,25.53
inference_ms,bevfusion_2_7_slow,245,1779956540947843677,244.92792398400002,28.419
inference_ms,bevfusion_2_7_slow,246,1779956541968298217,245.94837852400002,26.249
inference_ms,bevfusion_2_7_slow,247,1779956542939440566,246.919520873,24.183
inference_ms,bevfusion_2_7_slow,248,1779956543938808277,247.91888858400003,27.957
inference_ms,bevfusion_2_7_slow,249,1779956544950369980,248.930450287,24.975
inference_ms,bevfusion_2_7_slow,250,1779956545976145484,249.956225791,26.501
inference_ms,bevfusion_2_7_slow,251,1779956546941838693,250.921919,26.358
inference_ms,bevfusion_2_7_slow,252,1779956547929787105,251.909867412,26.539
inference_ms,bevfusion_2_7_slow,253,1779956548938034548,252.91811485500003,26.384
inference_ms,bevfusion_2_7_slow,254,1779956549967453155,253.94753346200002,28.507
inference_ms,bevfusion_2_7_slow,255,1779956550933947162,254.91402746900002,29.073
inference_ms,bevfusion_2_7_slow,256,1779956551937540097,255.91762040400002,24.22
inference_ms,bevfusion_2_7_slow,257,1779956552946000492,256.92608079900003,25.447
inference_ms,bevfusion_2_7_slow,258,1779956553959254247,257.939334554,27.503
inference_ms,bevfusion_2_7_slow,259,1779956554933780259,258.91386056600004,24.879
inference_ms,bevfusion_2_7_slow,260,1779956555935346389,259.915426696,26.762
inference_ms,bevfusion_2_7_slow,261,1779956556942959571,260.923039878,24.465
inference_ms,bevfusion_2_7_slow,262,1779956557972800099,261.952880406,28.569
inference_ms,bevfusion_2_7_slow,263,1779956558941891481,262.921971788,30.868
inference_ms,bevfusion_2_7_slow,264,1779956559939976612,263.920056919,25.166
inference_ms,bevfusion_2_7_slow,265,1779956560935309420,264.915389727,24.914
inference_ms,bevfusion_2_7_slow,266,1779956561937631928,265.917712235,24.974
inference_ms,bevfusion_2_7_slow,267,1779956562956357113,266.93643742,28.491
inference_ms,bevfusion_2_7_slow,268,1779956563969098268,267.949178575,25.748
inference_ms,bevfusion_2_7_slow,269,1779956564960260758,268.94034106500004,26.911
inference_ms,bevfusion_2_7_slow,270,1779956565941611575,269.921691882,23.938
inference_ms,bevfusion_2_7_slow,271,1779956566955202278,270.93528258500004,27.733
inference_ms,bevfusion_2_7_slow,272,1779956567933742966,271.913823273,29.635
inference_ms,bevfusion_2_7_slow,273,1779956568950698733,272.93077904,30.349
inference_ms,bevfusion_2_7_slow,274,1779956569959360224,273.939440531,26.744
inference_ms,bevfusion_2_7_slow,275,1779956570931774651,274.911854958,25.194
inference_ms,bevfusion_2_7_slow,276,1779956571966554336,275.94663464300004,26.144
inference_ms,bevfusion_2_7_slow,277,1779956572953212825,276.933293132,25.922
inference_ms,bevfusion_2_7_slow,278,1779956573950672975,277.930753282,30.036
inference_ms,bevfusion_2_7_slow,279,1779956574952465337,278.932545644,27.263
inference_ms,bevfusion_2_7_slow,280,1779956575944201481,279.92428178800003,26.661
inference_ms,bevfusion_2_7_slow,281,1779956576988418247,280.968498554,30.874
inference_ms,bevfusion_2_7_slow,282,1779956577974155581,281.954235888,31.038
inference_ms,bevfusion_2_7_slow,283,1779956578965055863,282.94513617,31.309
inference_ms,bevfusion_2_7_slow,284,1779956579973666562,283.95374686900004,28.047
inference_ms,bevfusion_2_7_slow,285,1779956580948246725,284.928327032,31.228
inference_ms,bevfusion_2_7_slow,286,1779956581966790842,285.946871149,26.836
inference_ms,bevfusion_2_7_slow,287,1779956582940782889,286.920863196,27.993
inference_ms,bevfusion_2_7_slow,288,1779956583966677351,287.946757658,29.327
inference_ms,bevfusion_2_7_slow,289,1779956584943456454,288.92353676100004,29.247
inference_ms,bevfusion_2_7_slow,290,1779956585955941331,289.936021638,30.129
inference_ms,bevfusion_2_7_slow,291,1779956586944059712,290.924140019,25.454
inference_ms,bevfusion_2_7_slow,292,1779956587934147691,291.914227998,27.338
inference_ms,bevfusion_2_7_slow,293,1779956588973999634,292.95407994100003,28.471
inference_ms,bevfusion_2_7_slow,294,1779956589934769893,293.91485020000005,29.643
inference_ms,bevfusion_2_7_slow,295,1779956590974833732,294.954914039,31.315
inference_ms,bevfusion_2_7_slow,296,1779956591929897603,295.90997791,26.089
inference_ms,bevfusion_2_7_slow,297,1779956592937962192,296.918042499,28.89
inference_ms,bevfusion_2_7_slow,298,1779956593937187680,297.917267987,25.461
inference_ms,bevfusion_2_7_slow,299,1779956594956420674,298.936500981,26.986
inference_ms,bevfusion_2_7_slow,300,1779956595937138502,299.917218809,27.81
inference_ms,bevfusion_2_7_slow,301,1779956596935250901,300.915331208,30.039
inference_ms,bevfusion_2_7_slow,302,1779956597957460008,301.93754031500004,29.154
inference_ms,bevfusion_2_7_slow,303,1779956598962381419,302.94246172600003,28.322
inference_ms,bevfusion_2_7_slow,304,1779956599952604554,303.93268486100004,30.828
inference_ms,bevfusion_2_7_slow,305,1779956600949335555,304.92941586200004,30.114
inference_ms,bevfusion_2_7_slow,306,1779956601943653704,305.923734011,24.806
inference_ms,bevfusion_2_7_slow,307,1779956602938190929,306.918271236,29.355
inference_ms,bevfusion_2_7_slow,308,1779956603959589070,307.93966937700003,27.675
inference_ms,bevfusion_2_7_slow,309,1779956604951655916,308.93173622300003,29.672
inference_ms,bevfusion_2_7_slow,310,1779956605958955809,309.939036116,28.069
inference_ms,bevfusion_2_7_slow,311,1779956606934623040,310.914703347,25.601
inference_ms,bevfusion_2_7_slow,312,1779956607941082998,311.921163305,29.745
inference_ms,bevfusion_2_7_slow,313,1779956608946114302,312.926194609,31.129
inference_ms,bevfusion_2_7_slow,314,1779956609941852878,313.921933185,26.788
inference_ms,bevfusion_2_7_slow,315,1779956610942721946,314.92280225300004,28.257
inference_ms,bevfusion_2_7_slow,316,1779956611950071188,315.930151495,27.032
inference_ms,bevfusion_2_7_slow,317,1779956612958563777,316.93864408400003,25.369
inference_ms,bevfusion_2_7_slow,318,1779956613938891948,317.918972255,26.833
inference_ms,bevfusion_2_7_slow,319,1779956614972732698,318.952813005,25.201
inference_ms,bevfusion_2_7_slow,320,1779956615932882192,319.912962499,29.247
inference_ms,bevfusion_2_7_slow,321,1779956616963923139,320.944003446,26.602
inference_ms,bevfusion_2_7_slow,322,1779956617979015597,321.95909590400004,28.276
inference_ms,bevfusion_2_7_slow,323,1779956618956566217,322.936646524,30.751
inference_ms,bevfusion_2_7_slow,324,1779956619942551475,323.922631782,30.019
inference_ms,bevfusion_2_7_slow,325,1779956620942078765,324.922159072,29.022
inference_ms,bevfusion_2_7_slow,326,1779956621942680338,325.92276064500004,31.089
inference_ms,bevfusion_2_7_slow,327,1779956622968975214,326.94905552100005,34.162
inference_ms,bevfusion_2_7_slow,328,1779956623970263451,327.95034375800003,29.65
inference_ms,bevfusion_2_7_slow,329,1779956624945038158,328.925118465,23.831
inference_ms,bevfusion_2_7_slow,330,1779956625937767755,329.917848062,30.156
inference_ms,bevfusion_2_7_slow,331,1779956626944262404,330.924342711,25.682
inference_ms,bevfusion_2_7_slow,332,1779956627957142663,331.93722297,26.082
inference_ms,bevfusion_2_7_slow,333,1779956628948924401,332.92900470800004,29.067
inference_ms,bevfusion_2_7_slow,334,1779956629946005950,333.926086257,27.519
inference_ms,bevfusion_2_7_slow,335,1779956630961233659,334.941313966,26.648
inference_ms,bevfusion_2_7_slow,336,1779956631967618102,335.947698409,27.27
inference_ms,bevfusion_2_7_slow,337,1779956632959553291,336.939633598,27.441
inference_ms,bevfusion_2_7_slow,338,1779956633948861203,337.92894151,31.588
inference_ms,bevfusion_2_7_slow,339,1779956634954064234,338.934144541,27.455
inference_ms,bevfusion_2_7_slow,340,1779956635935635708,339.91571601500004,26.085
inference_ms,bevfusion_2_7_slow,341,1779956636971173924,340.951254231,26.08
inference_ms,bevfusion_2_7_slow,342,1779956637934091121,341.91417142800003,26.184
inference_ms,bevfusion_2_7_slow,343,1779956638966134659,342.946214966,27.939
inference_ms,bevfusion_2_7_slow,344,1779956639952221357,343.932301664,29.476
inference_ms,bevfusion_2_7_slow,345,1779956640954518287,344.934598594,31.232
inference_ms,bevfusion_2_7_slow,346,1779956641979700230,345.95978053700003,31.137
inference_ms,bevfusion_2_7_slow,347,1779956642929664359,346.909744666,26.641
inference_ms,bevfusion_2_7_slow,348,1779956643953852600,347.93393290700004,29.063
inference_ms,bevfusion_2_7_slow,349,1779956644950139642,348.93021994900005,26.43
inference_ms,bevfusion_2_7_slow,350,1779956645951538823,349.93161913,29.591
inference_ms,bevfusion_2_7_slow,351,1779956646955142443,350.93522275000004,27.919
inference_ms,bevfusion_2_7_slow,352,1779956647944359481,351.92443978800003,27.6
inference_ms,bevfusion_2_7_slow,353,1779956648972206822,352.952287129,24.246
inference_ms,bevfusion_2_7_slow,354,1779956649975252087,353.95533239400004,31.045
inference_ms,bevfusion_2_7_slow,355,1779956650932340897,354.912421204,27.551
inference_ms,bevfusion_2_7_slow,356,1779956651953815192,355.933895499,31.595
inference_ms,bevfusion_2_7_slow,357,1779956652950085082,356.930165389,25.291
inference_ms,bevfusion_2_7_slow,358,1779956653969380392,357.94946069900004,26.298
inference_ms,bevfusion_2_7_slow,359,1779956654967251814,358.94733212100004,31.249
inference_ms,bevfusion_2_7_slow,360,1779956655945643915,359.92572422200004,25.302
inference_ms,bevfusion_2_7_slow,361,1779956656932666886,360.91274719300003,27.293
inference_ms,bevfusion_2_7_slow,362,1779956657936570912,361.916651219,27.132
inference_ms,bevfusion_2_7_slow,363,1779956658978190097,362.958270404,27.679
inference_ms,bevfusion_2_7_slow,364,1779956659954653118,363.93473342500005,28.19
inference_ms,bevfusion_2_7_slow,365,1779956660942687944,364.92276825100004,25.371
inference_ms,bevfusion_2_7_slow,366,1779956661970276587,365.95035689400004,24.709
inference_ms,bevfusion_2_7_slow,367,1779956662944872215,366.924952522,29.908
inference_ms,bevfusion_2_7_slow,368,1779956663960871745,367.940952052,28.167
inference_ms,bevfusion_2_7_slow,369,1779956664936065682,368.91614598900003,26.626
inference_ms,bevfusion_2_7_slow,370,1779956665948710874,369.928791181,32.244
inference_ms,bevfusion_2_7_slow,371,1779956666961991910,370.94207221700003,26.349
inference_ms,bevfusion_2_7_slow,372,1779956667949560314,371.92964062100003,32.135
inference_ms,bevfusion_2_7_slow,373,1779956668948060271,372.928140578,29.47
inference_ms,bevfusion_2_7_slow,374,1779956669970158456,373.950238763,24.242
inference_ms,bevfusion_2_7_slow,375,1779956670981554700,374.96163500700004,31.072
inference_ms,bevfusion_2_7_slow,376,1779956671926074462,375.906154769,24.618
inference_ms,bevfusion_2_7_slow,377,1779956672939233011,376.91931331800004,27.543
inference_ms,bevfusion_2_7_slow,378,1779956673973847019,377.95392732600004,24.774
inference_ms,bevfusion_2_7_slow,379,1779956674932967328,378.913047635,25.141
inference_ms,bevfusion_2_7_slow,380,1779956675937629954,379.917710261,26.388
inference_ms,bevfusion_2_7_slow,381,1779956676948561744,380.928642051,25.114
inference_ms,bevfusion_2_7_slow,382,1779956677933766097,381.913846404,29.051
inference_ms,bevfusion_2_7_slow,383,1779956678989339323,382.96941963,31.009
inference_ms,bevfusion_2_7_slow,384,1779956679944595770,383.924676077,26.032
inference_ms,bevfusion_2_7_slow,385,1779956680958971660,384.939051967,29.131
inference_ms,bevfusion_2_7_slow,386,1779956681950473182,385.93055348900003,26.063
inference_ms,bevfusion_2_7_slow,387,1779956682943641343,386.92372165,30.582
inference_ms,bevfusion_2_7_slow,388,1779956683933138650,387.913218957,30.228
inference_ms,bevfusion_2_7_slow,389,1779956684968416615,388.948496922,28.085
inference_ms,bevfusion_2_7_slow,390,1779956685941769082,389.92184938900004,30.624
inference_ms,bevfusion_2_7_slow,391,1779956686981010315,390.96109062200003,30.427
inference_ms,bevfusion_2_7_slow,392,1779956687945355751,391.925436058,29.459
inference_ms,bevfusion_2_7_slow,393,1779956688951047090,392.931127397,32.531
inference_ms,bevfusion_2_7_slow,394,1779956689948241074,393.92832138100005,25.72
inference_ms,bevfusion_2_7_slow,395,1779956690934908701,394.914989008,28.15
inference_ms,bevfusion_2_7_slow,396,1779956691935793577,395.915873884,23.909
inference_ms,bevfusion_2_7_slow,397,1779956692951290009,396.931370316,26.744
inference_ms,bevfusion_2_7_slow,398,1779956693933504766,397.91358507300004,28.915
inference_ms,bevfusion_2_7_slow,399,1779956694936949288,398.91702959500003,29.911
inference_ms,bevfusion_2_7_slow,400,1779956695955519320,399.93559962700004,28.139
inference_ms,bevfusion_2_7_slow,401,1779956696949820217,400.929900524,26.736
inference_ms,bevfusion_2_7_slow,402,1779956697969803754,401.94988406100003,27.548
inference_ms,bevfusion_2_7_slow,403,1779956698973378001,402.95345830800005,27.313
inference_ms,bevfusion_2_7_slow,404,1779956699936294715,403.916375022,28.994
inference_ms,bevfusion_2_7_slow,405,1779956700961964276,404.94204458300004,25.641
inference_ms,bevfusion_2_7_slow,406,1779956701964364329,405.944444636,29.138
inference_ms,bevfusion_2_7_slow,407,1779956702934937963,406.91501827,28.142
inference_ms,bevfusion_2_7_slow,408,1779956703944853593,407.92493390000004,26.649
inference_ms,bevfusion_2_7_slow,409,1779956704953669277,408.933749584,29.733
inference_ms,bevfusion_2_7_slow,410,1779956705971214837,409.951295144,27.643
inference_ms,bevfusion_2_7_slow,411,1779956706943739676,410.92381998300004,29.532
inference_ms,bevfusion_2_7_slow,412,1779956707953205893,411.9332862,25.974
inference_ms,bevfusion_2_7_slow,413,1779956708939772351,412.919852658,28.814
inference_ms,bevfusion_2_7_slow,414,1779956709955717229,413.93579753600005,28.557
inference_ms,bevfusion_2_7_slow,415,1779956710965005790,414.945086097,33.131
inference_ms,bevfusion_2_7_slow,416,1779956711955253854,415.935334161,31.453
inference_ms,bevfusion_2_7_slow,417,1779956712966326268,416.946406575,28.909
inference_ms,bevfusion_2_7_slow,418,1779956713944206101,417.924286408,26.822
inference_ms,bevfusion_2_7_slow,419,1779956714961845691,418.94192599800004,28.464
inference_ms,bevfusion_2_7_slow,420,1779956715942710651,419.922790958,31.988
inference_ms,bevfusion_2_7_slow,421,1779956716950584838,420.93066514500003,30.076
inference_ms,bevfusion_2_7_slow,422,1779956717939293593,421.91937390000004,28.213
inference_ms,bevfusion_2_7_slow,423,1779956718971562642,422.951642949,34.039
inference_ms,bevfusion_2_7_slow,424,1779956719971092150,423.95117245700004,26.496
inference_ms,bevfusion_2_7_slow,425,1779956720932690335,424.912770642,27.932
inference_ms,bevfusion_2_7_slow,426,1779956721943800457,425.92388076400005,29.279
inference_ms,bevfusion_2_7_slow,427,1779956722951531464,426.931611771,29.645
inference_ms,bevfusion_2_7_slow,428,1779956723937955522,427.918035829,29.585
inference_ms,bevfusion_2_7_slow,429,1779956724970087786,428.950168093,30.829
inference_ms,bevfusion_2_7_slow,430,1779956725944063679,429.92414398600005,28.22
inference_ms,bevfusion_2_7_slow,431,1779956726969006119,430.949086426,26.843
inference_ms,bevfusion_2_7_slow,432,1779956727956260366,431.936340673,29.57
inference_ms,bevfusion_2_7_slow,433,1779956728951259124,432.931339431,31.355
inference_ms,bevfusion_2_7_slow,434,1779956729944278907,433.92435921400005,28.062
inference_ms,bevfusion_2_7_slow,435,1779956730958576514,434.93865682100005,28.363
inference_ms,bevfusion_2_7_slow,436,1779956731994594163,435.97467447,29.484
inference_ms,bevfusion_2_7_slow,437,1779956732948268449,436.92834875600005,28.774
inference_ms,bevfusion_2_7_slow,438,1779956733962031790,437.942112097,29.052
inference_ms,bevfusion_2_7_slow,439,1779956734956345010,438.93642531700004,28.466
inference_ms,bevfusion_2_7_slow,440,1779956735947368571,439.927448878,27.27
inference_ms,bevfusion_2_7_slow,441,1779956736947720739,440.927801046,28.542
inference_ms,bevfusion_2_7_slow,442,1779956737928431860,441.908512167,26.771
inference_ms,bevfusion_2_7_slow,443,1779956738955057699,442.93513800600005,31.472
inference_ms,bevfusion_2_7_slow,444,1779956739946579558,443.92665986500003,28.294
inference_ms,bevfusion_2_7_slow,445,1779956740962881586,444.942961893,25.68
inference_ms,bevfusion_2_7_slow,446,1779956741933745749,445.913826056,26.54
inference_ms,bevfusion_2_7_slow,447,1779956742934527063,446.91460737000006,26.452
inference_ms,bevfusion_2_7_slow,448,1779956743936731994,447.91681230100005,27.648
inference_ms,bevfusion_2_7_slow,449,1779956744945709846,448.92579015300004,25.813
inference_ms,bevfusion_2_7_slow,450,1779956745980249003,449.96032931,32.494
inference_ms,bevfusion_2_7_slow,451,1779956746931961954,450.912042261,25.959
inference_ms,bevfusion_2_7_slow,452,1779956747932450057,451.912530364,28.49
inference_ms,bevfusion_2_7_slow,453,1779956748953611770,452.93369207700005,29.875
inference_ms,bevfusion_2_7_slow,454,1779956749969308852,453.949389159,30.523
inference_ms,bevfusion_2_7_slow,455,1779956750985130381,454.965210688,34.291
inference_ms,bevfusion_2_7_slow,456,1779956751942443874,455.922524181,30.171
inference_ms,bevfusion_2_7_slow,457,1779956752971479069,456.95155937600003,26.985
inference_ms,bevfusion_2_7_slow,458,1779956753947885712,457.92796601900005,26.874
inference_ms,bevfusion_2_7_slow,459,1779956754951433727,458.93151403400003,27.556
inference_ms,bevfusion_2_7_slow,460,1779956755937424009,459.917504316,26.137
inference_ms,bevfusion_2_7_slow,461,1779956756943048046,460.92312835300004,28.747
inference_ms,bevfusion_2_7_slow,462,1779956757951560370,461.931640677,29.868
inference_ms,bevfusion_2_7_slow,463,1779956758939293190,462.91937349700004,31.655
inference_ms,bevfusion_2_7_slow,464,1779956759951900127,463.931980434,29.142
inference_ms,bevfusion_2_7_slow,465,1779956760944449862,464.92453016900004,29.619
inference_ms,bevfusion_2_7_slow,466,1779956761958507487,465.93858779400006,30.03
inference_ms,bevfusion_2_7_slow,467,1779956762947653447,466.92773375400003,29.77
inference_ms,bevfusion_2_7_slow,468,1779956763943038421,467.923118728,31.618
inference_ms,bevfusion_2_7_slow,469,1779956764959990409,468.94007071600004,30.635
inference_ms,bevfusion_2_7_slow,470,1779956765996310708,469.97639101500005,27.043
inference_ms,bevfusion_2_7_slow,471,1779956766945386890,470.92546719700005,24.962
inference_ms,bevfusion_2_7_slow,472,1779956767941228219,471.921308526,28.261
inference_ms,bevfusion_2_7_slow,473,1779956768944177547,472.924257854,31.158
inference_ms,bevfusion_2_7_slow,474,1779956769948678320,473.92875862700004,30.509
inference_ms,bevfusion_2_7_slow,475,1779956770940675443,474.92075575,26.359
inference_ms,bevfusion_2_7_slow,476,1779956771962267016,475.94234732300004,28.053
inference_ms,bevfusion_2_7_slow,477,1779956772952265576,476.93234588300004,26.645
inference_ms,bevfusion_2_7_slow,478,1779956773965010717,477.945091024,28.276
inference_ms,bevfusion_2_7_slow,479,1779956774950538055,478.930618362,30.895
inference_ms,bevfusion_2_7_slow,480,1779956775946446519,479.92652682600004,29.758
inference_ms,bevfusion_2_7_slow,481,1779956776945528593,480.92560890000004,26.087
inference_ms,bevfusion_2_7_slow,482,1779956777936465355,481.91654566200003,28.89
inference_ms,bevfusion_2_7_slow,483,1779956778947270004,482.92735031100005,28.248
inference_ms,bevfusion_2_7_slow,484,1779956779962611720,483.942692027,29.776
inference_ms,bevfusion_2_7_slow,485,1779956780946043273,484.92612358,26.138
inference_ms,bevfusion_2_7_slow,486,1779956781942674036,485.922754343,26.594
inference_ms,bevfusion_2_7_slow,487,1779956782957828243,486.93790855000003,33.314
inference_ms,bevfusion_2_7_slow,488,1779956783952230581,487.932310888,26.111
inference_ms,bevfusion_2_7_slow,489,1779956784962736462,488.94281676900005,27.484
inference_ms,bevfusion_2_7_slow,490,1779956785937715149,489.917795456,27.203
inference_ms,bevfusion_2_7_slow,491,1779956786959099656,490.939179963,28.357
inference_ms,bevfusion_2_7_slow,492,1779956787948804475,491.928884782,26.642
inference_ms,bevfusion_2_7_slow,493,1779956788974495671,492.95457597800004,31.291
inference_ms,bevfusion_2_7_slow,494,1779956789952755516,493.932835823,30.281
inference_ms,bevfusion_2_7_slow,495,1779956790949231710,494.92931201700003,28.142
inference_ms,bevfusion_2_7_slow,496,1779956791953672723,495.93375303000005,32.24
inference_ms,bevfusion_2_7_slow,497,1779956792985581243,496.96566155000005,28.39
inference_ms,bevfusion_2_7_slow,498,1779956793968168387,497.94824869400003,29.709
inference_ms,bevfusion_2_7_slow,499,1779956794960441482,498.94052178900006,26.905
inference_ms,bevfusion_2_7_slow,500,1779956795938799450,499.918879757,26.995
inference_ms,bevfusion_2_7_slow,501,1779956796929754387,500.90983469400004,27.643
inference_ms,bevfusion_2_7_slow,502,1779956797945571955,501.925652262,28.308
inference_ms,bevfusion_2_7_slow,503,1779956798947878125,502.927958432,32.456
inference_ms,bevfusion_2_7_slow,504,1779956799982077353,503.96215766000006,30.255
inference_ms,bevfusion_2_7_slow,505,1779956800938171443,504.91825175,26.419
inference_ms,bevfusion_2_7_slow,506,1779956801970386474,505.95046678100005,26.213
inference_ms,bevfusion_2_7_slow,507,1779956802960440317,506.94052062400004,24.509
inference_ms,bevfusion_2_7_slow,508,1779956803936660239,507.916740546,25.328
inference_ms,bevfusion_2_7_slow,509,1779956804938763907,508.91884421400005,31.282
inference_ms,bevfusion_2_7_slow,510,1779956805937803463,509.91788377000006,25.569
inference_ms,bevfusion_2_7_slow,511,1779956806970182001,510.95026230800005,28.396
inference_ms,bevfusion_2_7_slow,512,1779956807953555196,511.933635503,25.974
inference_ms,bevfusion_2_7_slow,513,1779956808955019523,512.93509983,29.078
inference_ms,bevfusion_2_7_slow,514,1779956809963154487,513.943234794,32.942
inference_ms,bevfusion_2_7_slow,515,1779956810933440972,514.9135212790001,28.708
inference_ms,bevfusion_2_7_slow,516,1779956811944716881,515.9247971880001,27.907
inference_ms,bevfusion_2_7_slow,517,1779956812933047499,516.913127806,27.135
inference_ms,bevfusion_2_7_slow,518,1779956813932133545,517.912213852,25.137
inference_ms,bevfusion_2_7_slow,519,1779956814963901895,518.943982202,35.279
inference_ms,bevfusion_2_7_slow,520,1779956815930110581,519.910190888,27.249
inference_ms,bevfusion_2_7_slow,521,1779956816939957905,520.920038212,29.348
inference_ms,bevfusion_2_7_slow,522,1779956817938756950,521.9188372570001,26.453
inference_ms,bevfusion_2_7_slow,523,1779956818944643760,522.924724067,26.244
inference_ms,bevfusion_2_7_slow,524,1779956819946517633,523.9265979400001,25.654
inference_ms,bevfusion_2_7_slow,525,1779956820976268509,524.9563488160001,25.328
inference_ms,bevfusion_2_7_slow,526,1779956821970326900,525.950407207,25.122
inference_ms,bevfusion_2_7_slow,527,1779956822963016078,526.943096385,33.311
inference_ms,bevfusion_2_7_slow,528,1779956823955195767,527.9352760740001,29.861
inference_ms,bevfusion_2_7_slow,529,1779956824954642854,528.9347231610001,28.925
inference_ms,bevfusion_2_7_slow,530,1779956825953187721,529.933268028,30.448
inference_ms,bevfusion_2_7_slow,531,1779956826998307500,530.978387807,29.406
inference_ms,bevfusion_2_7_slow,532,1779956827957240044,531.937320351,30.363
inference_ms,bevfusion_2_7_slow,533,1779956828952482798,532.932563105,31.895
inference_ms,bevfusion_2_7_slow,534,1779956829933937009,533.914017316,25.295
inference_ms,bevfusion_2_7_slow,535,1779956830937097457,534.917177764,24.76
inference_ms,bevfusion_2_7_slow,536,1779956831936567443,535.91664775,25.059
inference_ms,bevfusion_2_7_slow,537,1779956832936752306,536.916832613,23.981
inference_ms,bevfusion_2_7_slow,538,1779956833970569782,537.9506500890001,26.752
inference_ms,bevfusion_2_7_slow,539,1779956834952866705,538.932947012,30.155
inference_ms,bevfusion_2_7_slow,540,1779956835960548783,539.94062909,27.313
inference_ms,bevfusion_2_7_slow,541,1779956837005028745,540.985109052,29.949
inference_ms,bevfusion_2_7_slow,542,1779956837972523044,541.952603351,24.989
inference_ms,bevfusion_2_7_slow,543,1779956838942119330,542.9221996370001,29.193
inference_ms,bevfusion_2_7_slow,544,1779956839966008083,543.94608839,26.434
inference_ms,bevfusion_2_7_slow,545,1779956840937977100,544.918057407,26.113
inference_ms,bevfusion_2_7_slow,546,1779956841958044307,545.938124614,27.273
inference_ms,bevfusion_2_7_slow,547,1779956842996065446,546.9761457530001,31.019
inference_ms,bevfusion_2_7_slow,548,1779956843959962270,547.940042577,24.778
inference_ms,bevfusion_2_7_slow,549,1779956844954207600,548.934287907,30.381
inference_ms,bevfusion_2_7_slow,550,1779956845944271025,549.924351332,25.884
inference_ms,bevfusion_2_7_slow,551,1779956846961016085,550.9410963920001,32.188
inference_ms,bevfusion_2_7_slow,552,1779956847945052381,551.9251326880001,24.555
inference_ms,bevfusion_2_7_slow,553,1779956848979934132,552.960014439,27.615
inference_ms,bevfusion_2_7_slow,554,1779956849942107229,553.922187536,25.866
inference_ms,bevfusion_2_7_slow,555,1779956850944099019,554.9241793260001,27.704
inference_ms,bevfusion_2_7_slow,556,1779956851947214974,555.927295281,26.04
inference_ms,bevfusion_2_7_slow,557,1779956852970575646,556.950655953,26.71
inference_ms,bevfusion_2_7_slow,558,1779956853934697604,557.914777911,27.025
inference_ms,bevfusion_2_7_slow,559,1779956854982564602,558.962644909,26.729
inference_ms,bevfusion_2_7_slow,560,1779956855941247888,559.921328195,25.295
inference_ms,bevfusion_2_7_slow,561,1779956856953841861,560.933922168,29.393
inference_ms,bevfusion_2_7_slow,562,1779956857960627981,561.940708288,30.784
inference_ms,bevfusion_2_7_slow,563,1779956858956716694,562.9367970010001,29.565
inference_ms,bevfusion_2_7_slow,564,1779956859975985553,563.9560658600001,29.029
inference_ms,bevfusion_2_7_slow,565,1779956860987591650,564.967671957,33.904
inference_ms,bevfusion_2_7_slow,566,1779956861963026480,565.943106787,30.1
inference_ms,bevfusion_2_7_slow,567,1779956862962774582,566.942854889,27.08
inference_ms,bevfusion_2_7_slow,568,1779956863963684534,567.9437648410001,27.757
inference_ms,bevfusion_2_7_slow,569,1779956864950868140,568.930948447,31.215
inference_ms,bevfusion_2_7_slow,570,1779956865945581187,569.925661494,27.144
inference_ms,bevfusion_2_7_slow,571,1779956866972614099,570.9526944060001,27.106
inference_ms,bevfusion_2_7_slow,572,1779956867945935983,571.92601629,26.821
inference_ms,bevfusion_2_7_slow,573,1779956869020855941,573.000936248,32.093
inference_ms,bevfusion_2_7_slow,574,1779956869935440120,573.915520427,28.236
inference_ms,bevfusion_2_7_slow,575,1779956870939194973,574.9192752800001,26.538
inference_ms,bevfusion_2_7_slow,576,1779956871948679693,575.92876,32.197
inference_ms,bevfusion_2_7_slow,577,1779956872947038689,576.927118996,30.207
inference_ms,bevfusion_2_7_slow,578,1779956873950098446,577.9301787530001,30.723
inference_ms,bevfusion_2_7_slow,579,1779956874963310494,578.9433908010001,27.907
inference_ms,bevfusion_2_7_slow,580,1779956875945989941,579.9260702480001,25.957
inference_ms,bevfusion_2_7_slow,581,1779956876969339338,580.949419645,27.583
inference_ms,bevfusion_2_7_slow,582,1779956877948746541,581.9288268480001,27.158
inference_ms,bevfusion_2_7_slow,583,1779956878934785111,582.9148654180001,27.31
inference_ms,bevfusion_2_7_slow,584,1779956879961813877,583.941894184,32.814
inference_ms,bevfusion_2_7_slow,585,1779956880935606338,584.915686645,26.628
inference_ms,bevfusion_2_7_slow,586,1779956881948072532,585.9281528390001,28.575
inference_ms,bevfusion_2_7_slow,587,1779956882948290032,586.928370339,28.999
inference_ms,bevfusion_2_7_slow,588,1779956883939892621,587.919972928,27.165
inference_ms,bevfusion_2_7_slow,589,1779956884960129718,588.940210025,26.831
inference_ms,bevfusion_2_7_slow,590,1779956885943072563,589.9231528700001,29.735
inference_ms,bevfusion_2_7_slow,591,1779956886945203456,590.925283763,28.337
inference_ms,bevfusion_2_7_slow,592,1779956887946704683,591.92678499,32.35
