metric,bag,sample_index,timestamp_ns,time_from_start_s,latency_ms
inference_ms,2_7_bag_slow,0,1779956296019919693,0.0,50.278
inference_ms,2_7_bag_slow,1,1779956296965625813,0.9457061200000001,22.758
inference_ms,2_7_bag_slow,2,1779956297954075693,1.9341560000000002,27.774
inference_ms,2_7_bag_slow,3,1779956298938406914,2.9184872210000004,27.792
inference_ms,2_7_bag_slow,4,1779956299931846726,3.9119270330000004,28.137
inference_ms,2_7_bag_slow,5,1779956300935194462,4.915274769000001,25.729
inference_ms,2_7_bag_slow,6,1779956301931069837,5.9111501440000005,26.815
inference_ms,2_7_bag_slow,7,1779956302943775604,6.923855911,25.658
inference_ms,2_7_bag_slow,8,1779956303973463424,7.953543731000001,30.139
inference_ms,2_7_bag_slow,9,1779956304929706916,8.909787223,25.689
inference_ms,2_7_bag_slow,10,1779956305959870376,9.939950683000001,29.42
inference_ms,2_7_bag_slow,11,1779956306962175909,10.942256216,25.199
inference_ms,2_7_bag_slow,12,1779956307939673088,11.919753395,31.273
inference_ms,2_7_bag_slow,13,1779956308944300525,12.924380832,30.406
inference_ms,2_7_bag_slow,14,1779956309933700642,13.913780949000001,27.859
inference_ms,2_7_bag_slow,15,1779956310933904649,14.913984956,26.076
inference_ms,2_7_bag_slow,16,1779956311947039859,15.927120166000002,28.761
inference_ms,2_7_bag_slow,17,1779956312933946592,16.914026899,26.645
inference_ms,2_7_bag_slow,18,1779956313961567376,17.941647683,31.152
inference_ms,2_7_bag_slow,19,1779956314977385768,18.957466075000003,30.824
inference_ms,2_7_bag_slow,20,1779956315971359038,19.951439345,28.523
inference_ms,2_7_bag_slow,21,1779956316951805503,20.93188581,24.47
inference_ms,2_7_bag_slow,22,1779956317975162375,21.955242682,27.032
inference_ms,2_7_bag_slow,23,1779956318976737065,22.956817372,29.198
inference_ms,2_7_bag_slow,24,1779956319940118891,23.920199198000002,30.479
inference_ms,2_7_bag_slow,25,1779956320951301316,24.931381623,28.985
inference_ms,2_7_bag_slow,26,1779956321977061129,25.957141436,30.42
inference_ms,2_7_bag_slow,27,1779956322971899837,26.951980144,24.799
inference_ms,2_7_bag_slow,28,1779956323943639782,27.923720089000003,32.218
inference_ms,2_7_bag_slow,29,1779956324949172447,28.929252754,26.625
inference_ms,2_7_bag_slow,30,1779956325947860294,29.927940601000003,29.488
inference_ms,2_7_bag_slow,31,1779956326940753255,30.920833562000002,29.839
inference_ms,2_7_bag_slow,32,1779956327933214830,31.913295137000002,28.444
inference_ms,2_7_bag_slow,33,1779956328944721571,32.924801878000004,29.18
inference_ms,2_7_bag_slow,34,1779956329933354958,33.913435265000004,27.275
inference_ms,2_7_bag_slow,35,1779956330938869554,34.918949861,28.104
inference_ms,2_7_bag_slow,36,1779956331976735396,35.956815703000004,32.846
inference_ms,2_7_bag_slow,37,1779956332939334636,36.919414943,30.725
inference_ms,2_7_bag_slow,38,1779956333973332051,37.953412358,31.373
inference_ms,2_7_bag_slow,39,1779956334971871448,38.951951755,26.84
inference_ms,2_7_bag_slow,40,1779956335940568364,39.920648671,23.411
inference_ms,2_7_bag_slow,41,1779956336938314723,40.91839503,24.33
inference_ms,2_7_bag_slow,42,1779956337957102867,41.937183174000005,29.619
inference_ms,2_7_bag_slow,43,1779956338957213464,42.937293771,32.421
inference_ms,2_7_bag_slow,44,1779956339934040407,43.914120714000006,25.218
inference_ms,2_7_bag_slow,45,1779956340948405418,44.928485725,25.478
inference_ms,2_7_bag_slow,46,1779956341971205786,45.951286093,37.843
inference_ms,2_7_bag_slow,47,1779956342956385348,46.936465655000006,36.229
inference_ms,2_7_bag_slow,48,1779956343933827680,47.913907987,28.42
inference_ms,2_7_bag_slow,49,1779956344948261922,48.928342229,26.936
inference_ms,2_7_bag_slow,50,1779956345945626265,49.925706572,24.814
inference_ms,2_7_bag_slow,51,1779956346960976527,50.941056834,24.2
inference_ms,2_7_bag_slow,52,1779956347938271146,51.91835145300001,28.543
inference_ms,2_7_bag_slow,53,1779956348930826164,52.910906471000004,24.891
inference_ms,2_7_bag_slow,54,1779956349941908323,53.92198863,24.055
inference_ms,2_7_bag_slow,55,1779956350943001219,54.923081526000004,30.17
inference_ms,2_7_bag_slow,56,1779956351973561789,55.953642096,27.401
inference_ms,2_7_bag_slow,57,1779956352963498841,56.943579148000005,28.901
inference_ms,2_7_bag_slow,58,1779956353942065245,57.922145552,26.292
inference_ms,2_7_bag_slow,59,1779956354984733884,58.964814191,27.448
inference_ms,2_7_bag_slow,60,1779956355940202083,59.920282390000004,26.803
inference_ms,2_7_bag_slow,61,1779956356940336074,60.920416381,23.552
inference_ms,2_7_bag_slow,62,1779956357966495559,61.946575866,24.962
inference_ms,2_7_bag_slow,63,1779956358930529804,62.910610111000004,26.952
inference_ms,2_7_bag_slow,64,1779956359947812136,63.927892443000005,29.688
inference_ms,2_7_bag_slow,65,1779956360960463323,64.94054363000001,29.261
inference_ms,2_7_bag_slow,66,1779956361936075504,65.91615581100001,28.614
inference_ms,2_7_bag_slow,67,1779956362938069555,66.918149862,28.416
inference_ms,2_7_bag_slow,68,1779956363943846581,67.92392688800001,33.889
inference_ms,2_7_bag_slow,69,1779956364955207678,68.935287985,27.278
inference_ms,2_7_bag_slow,70,1779956365954211618,69.93429192500001,27.993
inference_ms,2_7_bag_slow,71,1779956366976669156,70.95674946300001,30.898
inference_ms,2_7_bag_slow,72,1779956367941328286,71.92140859300001,31.697
inference_ms,2_7_bag_slow,73,1779956368941277742,72.921358049,26.621
inference_ms,2_7_bag_slow,74,1779956369990342587,73.97042289400001,31.15
inference_ms,2_7_bag_slow,75,1779956370938868156,74.918948463,29.423
inference_ms,2_7_bag_slow,76,1779956371940110951,75.920191258,28.8
inference_ms,2_7_bag_slow,77,1779956372969363344,76.94944365100001,24.426
inference_ms,2_7_bag_slow,78,1779956373951865850,77.931946157,26.452
inference_ms,2_7_bag_slow,79,1779956374940287082,78.920367389,24.255
inference_ms,2_7_bag_slow,80,1779956375932721473,79.91280178000001,25.62
inference_ms,2_7_bag_slow,81,1779956376939907635,80.919987942,28.496
inference_ms,2_7_bag_slow,82,1779956377966516829,81.94659713600001,26.216
inference_ms,2_7_bag_slow,83,1779956378933224114,82.913304421,25.758
inference_ms,2_7_bag_slow,84,1779956379922670921,83.902751228,25.107
inference_ms,2_7_bag_slow,85,1779956380954010410,84.934090717,28.248
inference_ms,2_7_bag_slow,86,1779956381953426841,85.933507148,24.925
inference_ms,2_7_bag_slow,87,1779956382936912355,86.916992662,25.198
inference_ms,2_7_bag_slow,88,1779956383951120917,87.931201224,30.288
inference_ms,2_7_bag_slow,89,1779956384933220155,88.91330046200001,25.168
inference_ms,2_7_bag_slow,90,1779956385972059531,89.95213983800001,25.274
inference_ms,2_7_bag_slow,91,1779956386938026328,90.918106635,30.011
inference_ms,2_7_bag_slow,92,1779956387946824617,91.926904924,27.668
inference_ms,2_7_bag_slow,93,1779956388969628250,92.94970855700001,28.185
inference_ms,2_7_bag_slow,94,1779956389969028052,93.94910835900001,30.426
inference_ms,2_7_bag_slow,95,1779956390960981067,94.941061374,29.752
inference_ms,2_7_bag_slow,96,1779956391938734156,95.918814463,24.242
inference_ms,2_7_bag_slow,97,1779956392928891674,96.90897198100001,28.411
inference_ms,2_7_bag_slow,98,1779956393974456197,97.954536504,25.906
inference_ms,2_7_bag_slow,99,1779956394961583594,98.94166390100001,25.619
inference_ms,2_7_bag_slow,100,1779956395941729198,99.92180950500001,28.185
inference_ms,2_7_bag_slow,101,1779956396936635129,100.916715436,29.793
inference_ms,2_7_bag_slow,102,1779956397934419240,101.914499547,24.239
inference_ms,2_7_bag_slow,103,1779956398935836703,102.91591701,27.617
inference_ms,2_7_bag_slow,104,1779956399949524299,103.92960460600001,29.972
inference_ms,2_7_bag_slow,105,1779956400957377580,104.93745788700001,30.592
inference_ms,2_7_bag_slow,106,1779956401956609081,105.936689388,27.633
inference_ms,2_7_bag_slow,107,1779956402939029939,106.919110246,30.075
inference_ms,2_7_bag_slow,108,1779956403932460262,107.912540569,27.988
inference_ms,2_7_bag_slow,109,1779956404979941638,108.96002194500001,26.626
inference_ms,2_7_bag_slow,110,1779956405968224467,109.94830477400001,30.484
inference_ms,2_7_bag_slow,111,1779956406933572034,110.913652341,22.223
inference_ms,2_7_bag_slow,112,1779956407935776786,111.91585709300001,24.439
inference_ms,2_7_bag_slow,113,1779956408944054339,112.92413464600001,21.408
inference_ms,2_7_bag_slow,114,1779956409944802254,113.924882561,23.257
inference_ms,2_7_bag_slow,115,1779956410951931615,114.932011922,23.82
inference_ms,2_7_bag_slow,116,1779956411927783375,115.90786368200001,24.4
inference_ms,2_7_bag_slow,117,1779956412929398447,116.909478754,25.906
inference_ms,2_7_bag_slow,118,1779956413954998690,117.935078997,25.719
inference_ms,2_7_bag_slow,119,1779956414933038170,118.91311847700001,23.928
inference_ms,2_7_bag_slow,120,1779956415923173850,119.903254157,22.704
inference_ms,2_7_bag_slow,121,1779956416947871589,120.92795189600001,25.103
inference_ms,2_7_bag_slow,122,1779956417939109838,121.919190145,28.052
inference_ms,2_7_bag_slow,123,1779956418952624801,122.93270510800001,25.449
inference_ms,2_7_bag_slow,124,1779956419950987397,123.93106770400001,25.309
inference_ms,2_7_bag_slow,125,1779956420935795117,124.915875424,22.249
inference_ms,2_7_bag_slow,126,1779956421945997880,125.926078187,30.444
inference_ms,2_7_bag_slow,127,1779956422935065816,126.91514612300001,26.515
inference_ms,2_7_bag_slow,128,1779956423941171182,127.92125148900001,21.783
inference_ms,2_7_bag_slow,129,1779956424924695025,128.904775332,24.495
inference_ms,2_7_bag_slow,130,1779956425940960663,129.92104097,21.86
inference_ms,2_7_bag_slow,131,1779956426959564258,130.939644565,28.727
inference_ms,2_7_bag_slow,132,1779956427954174674,131.934254981,26.442
inference_ms,2_7_bag_slow,133,1779956428938505771,132.918586078,21.753
inference_ms,2_7_bag_slow,134,1779956429933028592,133.913108899,22.934
inference_ms,2_7_bag_slow,135,1779956430980824047,134.960904354,24.322
inference_ms,2_7_bag_slow,136,1779956431942261825,135.922342132,25.492
inference_ms,2_7_bag_slow,137,1779956432963748329,136.943828636,27.466
inference_ms,2_7_bag_slow,138,1779956433936175107,137.916255414,26.848
inference_ms,2_7_bag_slow,139,1779956434974405314,138.954485621,30.15
inference_ms,2_7_bag_slow,140,1779956435954741337,139.934821644,25.861
inference_ms,2_7_bag_slow,141,1779956436969205350,140.94928565700002,23.722
inference_ms,2_7_bag_slow,142,1779956437928230499,141.908310806,22.362
inference_ms,2_7_bag_slow,143,1779956438977042987,142.957123294,27.91
inference_ms,2_7_bag_slow,144,1779956439953416605,143.933496912,27.643
inference_ms,2_7_bag_slow,145,1779956440939810462,144.919890769,27.086
inference_ms,2_7_bag_slow,146,1779956441952549024,145.93262933100002,25.415
inference_ms,2_7_bag_slow,147,1779956442940871542,146.920951849,24.11
inference_ms,2_7_bag_slow,148,1779956443930674331,147.91075463800001,23.004
inference_ms,2_7_bag_slow,149,1779956444939266298,148.91934660500002,21.666
inference_ms,2_7_bag_slow,150,1779956445941314869,149.921395176,26.493
inference_ms,2_7_bag_slow,151,1779956446934933064,150.91501337100001,24.619
inference_ms,2_7_bag_slow,152,1779956447941347066,151.921427373,23.613
inference_ms,2_7_bag_slow,153,1779956448945126597,152.92520690400002,27.497
inference_ms,2_7_bag_slow,154,1779956449964353907,153.944434214,26.125
inference_ms,2_7_bag_slow,155,1779956450935929099,154.916009406,24.944
inference_ms,2_7_bag_slow,156,1779956451951630460,155.931710767,24.659
inference_ms,2_7_bag_slow,157,1779956452936894534,156.916974841,23.06
inference_ms,2_7_bag_slow,158,1779956453930293926,157.910374233,24.923
inference_ms,2_7_bag_slow,159,1779956454938101267,158.91818157400002,24.265
inference_ms,2_7_bag_slow,160,1779956455959688360,159.939768667,25.686
inference_ms,2_7_bag_slow,161,1779956456963922888,160.94400319500002,27.669
inference_ms,2_7_bag_slow,162,1779956457957733925,161.93781423200002,26.053
inference_ms,2_7_bag_slow,163,1779956458936423793,162.9165041,24.838
inference_ms,2_7_bag_slow,164,1779956459940535025,163.920615332,27.0
inference_ms,2_7_bag_slow,165,1779956460964224276,164.94430458300002,28.984
inference_ms,2_7_bag_slow,166,1779956461938032088,165.918112395,26.784
inference_ms,2_7_bag_slow,167,1779956462972152487,166.952232794,32.28
inference_ms,2_7_bag_slow,168,1779956463953511819,167.933592126,29.665
inference_ms,2_7_bag_slow,169,1779956464976325251,168.956405558,28.002
inference_ms,2_7_bag_slow,170,1779956465938337561,169.918417868,27.636
inference_ms,2_7_bag_slow,171,1779956466949168820,170.92924912700002,26.879
inference_ms,2_7_bag_slow,172,1779956467953533553,171.93361386,27.703
inference_ms,2_7_bag_slow,173,1779956468976636913,172.95671722,28.962
inference_ms,2_7_bag_slow,174,1779956469941286440,173.921366747,25.755
inference_ms,2_7_bag_slow,175,1779956470951576163,174.93165647,29.775
inference_ms,2_7_bag_slow,176,1779956471949568524,175.929648831,28.859
inference_ms,2_7_bag_slow,177,1779956472928707864,176.908788171,25.263
inference_ms,2_7_bag_slow,178,1779956473940513668,177.920593975,28.953
inference_ms,2_7_bag_slow,179,1779956474972332614,178.95241292100002,31.131
inference_ms,2_7_bag_slow,180,1779956475941897169,179.92197747600002,23.888
inference_ms,2_7_bag_slow,181,1779956476954791433,180.93487174,29.409
inference_ms,2_7_bag_slow,182,1779956477931939246,181.91201955300002,24.99
inference_ms,2_7_bag_slow,183,1779956478942086945,182.922167252,24.514
inference_ms,2_7_bag_slow,184,1779956479953070474,183.93315078100002,24.936
inference_ms,2_7_bag_slow,185,1779956480925531254,184.905611561,25.862
inference_ms,2_7_bag_slow,186,1779956481968301134,185.948381441,29.226
inference_ms,2_7_bag_slow,187,1779956482942392123,186.92247243,30.163
inference_ms,2_7_bag_slow,188,1779956483942970395,187.923050702,24.984
inference_ms,2_7_bag_slow,189,1779956484946917734,188.92699804100002,29.662
inference_ms,2_7_bag_slow,190,1779956485950403973,189.93048428,29.23
inference_ms,2_7_bag_slow,191,1779956486945095995,190.925176302,26.657
inference_ms,2_7_bag_slow,192,1779956487932046164,191.91212647100002,27.118
inference_ms,2_7_bag_slow,193,1779956488944581834,192.924662141,27.533
inference_ms,2_7_bag_slow,194,1779956489939884510,193.91996481700002,28.552
inference_ms,2_7_bag_slow,195,1779956490944495188,194.924575495,29.233
inference_ms,2_7_bag_slow,196,1779956491954250992,195.934331299,30.435
inference_ms,2_7_bag_slow,197,1779956492943942408,196.924022715,23.167
inference_ms,2_7_bag_slow,198,1779956493935660307,197.91574061400001,24.534
inference_ms,2_7_bag_slow,199,1779956494937266146,198.91734645300002,30.199
inference_ms,2_7_bag_slow,200,1779956495935558453,199.91563876,26.493
inference_ms,2_7_bag_slow,201,1779956496950831184,200.93091149100002,28.684
inference_ms,2_7_bag_slow,202,1779956497940008899,201.920089206,25.428
inference_ms,2_7_bag_slow,203,1779956498936249152,202.91632945900002,24.711
inference_ms,2_7_bag_slow,204,1779956499967970318,203.948050625,27.668
inference_ms,2_7_bag_slow,205,1779956500957504979,204.937585286,24.453
inference_ms,2_7_bag_slow,206,1779956501933723217,205.913803524,25.021
inference_ms,2_7_bag_slow,207,1779956502929922534,206.91000284100002,26.358
inference_ms,2_7_bag_slow,208,1779956503972097263,207.95217757,24.648
inference_ms,2_7_bag_slow,209,1779956504942836228,208.922916535,24.794
inference_ms,2_7_bag_slow,210,1779956505965255979,209.945336286,26.967
inference_ms,2_7_bag_slow,211,1779956506946467942,210.926548249,24.174
inference_ms,2_7_bag_slow,212,1779956507947745198,211.92782550500002,32.325
inference_ms,2_7_bag_slow,213,1779956508985104920,212.965185227,25.556
inference_ms,2_7_bag_slow,214,1779956509930755617,213.91083592400003,28.571
inference_ms,2_7_bag_slow,215,1779956510966130261,214.94621056800003,26.655
inference_ms,2_7_bag_slow,216,1779956511975103388,215.95518369500002,28.969
inference_ms,2_7_bag_slow,217,1779956512949123650,216.92920395700003,26.975
inference_ms,2_7_bag_slow,218,1779956513967936044,217.948016351,25.031
inference_ms,2_7_bag_slow,219,1779956514965652006,218.945732313,28.197
inference_ms,2_7_bag_slow,220,1779956515960865504,219.940945811,27.073
inference_ms,2_7_bag_slow,221,1779956516937316396,220.917396703,26.457
inference_ms,2_7_bag_slow,222,1779956517974935934,221.955016241,29.881
inference_ms,2_7_bag_slow,223,1779956518977250802,222.95733110900002,27.403
inference_ms,2_7_bag_slow,224,1779956519969230207,223.94931051400002,28.844
inference_ms,2_7_bag_slow,225,1779956520957397517,224.937477824,32.62
inference_ms,2_7_bag_slow,226,1779956521939310866,225.919391173,26.509
inference_ms,2_7_bag_slow,227,1779956522962383279,226.942463586,29.45
inference_ms,2_7_bag_slow,228,1779956523952029919,227.93211022600002,28.395
inference_ms,2_7_bag_slow,229,1779956524932992565,228.91307287200001,25.939
inference_ms,2_7_bag_slow,230,1779956525930864239,229.91094454600002,29.617
inference_ms,2_7_bag_slow,231,1779956526977728408,230.95780871500003,31.777
inference_ms,2_7_bag_slow,232,1779956527942518933,231.92259924,33.232
inference_ms,2_7_bag_slow,233,1779956528971177319,232.951257626,26.044
inference_ms,2_7_bag_slow,234,1779956529948325071,233.928405378,25.015
inference_ms,2_7_bag_slow,235,1779956530988724079,234.96880438600002,29.478
inference_ms,2_7_bag_slow,236,1779956531932118634,235.912198941,26.987
inference_ms,2_7_bag_slow,237,1779956532968356726,236.948437033,30.947
inference_ms,2_7_bag_slow,238,1779956533950998092,237.93107839900003,29.744
inference_ms,2_7_bag_slow,239,1779956534953754448,238.93383475500002,31.195
inference_ms,2_7_bag_slow,240,1779956535959919233,239.93999954,29.485
inference_ms,2_7_bag_slow,241,1779956536932100730,240.912181037,25.786
inference_ms,2_7_bag_slow,242,1779956537940919157,241.920999464,25.872
inference_ms,2_7_bag_slow,243,1779956538943397176,242.92347748300003,25.359
inference_ms,2_7_bag_slow,244,1779956539940835090,243.92091539700002,25.53
inference_ms,2_7_bag_slow,245,1779956540947843677,244.92792398400002,28.419
inference_ms,2_7_bag_slow,246,1779956541968298217,245.94837852400002,26.249
inference_ms,2_7_bag_slow,247,1779956542939440566,246.919520873,24.183
inference_ms,2_7_bag_slow,248,1779956543938808277,247.91888858400003,27.957
inference_ms,2_7_bag_slow,249,1779956544950369980,248.930450287,24.975
inference_ms,2_7_bag_slow,250,1779956545976145484,249.956225791,26.501
inference_ms,2_7_bag_slow,251,1779956546941838693,250.921919,26.358
inference_ms,2_7_bag_slow,252,1779956547929787105,251.909867412,26.539
inference_ms,2_7_bag_slow,253,1779956548938034548,252.91811485500003,26.384
inference_ms,2_7_bag_slow,254,1779956549967453155,253.94753346200002,28.507
inference_ms,2_7_bag_slow,255,1779956550933947162,254.91402746900002,29.073
inference_ms,2_7_bag_slow,256,1779956551937540097,255.91762040400002,24.22
inference_ms,2_7_bag_slow,257,1779956552946000492,256.92608079900003,25.447
inference_ms,2_7_bag_slow,258,1779956553959254247,257.939334554,27.503
inference_ms,2_7_bag_slow,259,1779956554933780259,258.91386056600004,24.879
inference_ms,2_7_bag_slow,260,1779956555935346389,259.915426696,26.762
inference_ms,2_7_bag_slow,261,1779956556942959571,260.923039878,24.465
inference_ms,2_7_bag_slow,262,1779956557972800099,261.952880406,28.569
inference_ms,2_7_bag_slow,263,1779956558941891481,262.921971788,30.868
inference_ms,2_7_bag_slow,264,1779956559939976612,263.920056919,25.166
inference_ms,2_7_bag_slow,265,1779956560935309420,264.915389727,24.914
inference_ms,2_7_bag_slow,266,1779956561937631928,265.917712235,24.974
inference_ms,2_7_bag_slow,267,1779956562956357113,266.93643742,28.491
inference_ms,2_7_bag_slow,268,1779956563969098268,267.949178575,25.748
inference_ms,2_7_bag_slow,269,1779956564960260758,268.94034106500004,26.911
inference_ms,2_7_bag_slow,270,1779956565941611575,269.921691882,23.938
inference_ms,2_7_bag_slow,271,1779956566955202278,270.93528258500004,27.733
inference_ms,2_7_bag_slow,272,1779956567933742966,271.913823273,29.635
inference_ms,2_7_bag_slow,273,1779956568950698733,272.93077904,30.349
inference_ms,2_7_bag_slow,274,1779956569959360224,273.939440531,26.744
inference_ms,2_7_bag_slow,275,1779956570931774651,274.911854958,25.194
inference_ms,2_7_bag_slow,276,1779956571966554336,275.94663464300004,26.144
inference_ms,2_7_bag_slow,277,1779956572953212825,276.933293132,25.922
inference_ms,2_7_bag_slow,278,1779956573950672975,277.930753282,30.036
inference_ms,2_7_bag_slow,279,1779956574952465337,278.932545644,27.263
inference_ms,2_7_bag_slow,280,1779956575944201481,279.92428178800003,26.661
inference_ms,2_7_bag_slow,281,1779956576988418247,280.968498554,30.874
inference_ms,2_7_bag_slow,282,1779956577974155581,281.954235888,31.038
inference_ms,2_7_bag_slow,283,1779956578965055863,282.94513617,31.309
inference_ms,2_7_bag_slow,284,1779956579973666562,283.95374686900004,28.047
inference_ms,2_7_bag_slow,285,1779956580948246725,284.928327032,31.228
inference_ms,2_7_bag_slow,286,1779956581966790842,285.946871149,26.836
inference_ms,2_7_bag_slow,287,1779956582940782889,286.920863196,27.993
inference_ms,2_7_bag_slow,288,1779956583966677351,287.946757658,29.327
inference_ms,2_7_bag_slow,289,1779956584943456454,288.92353676100004,29.247
inference_ms,2_7_bag_slow,290,1779956585955941331,289.936021638,30.129
inference_ms,2_7_bag_slow,291,1779956586944059712,290.924140019,25.454
inference_ms,2_7_bag_slow,292,1779956587934147691,291.914227998,27.338
inference_ms,2_7_bag_slow,293,1779956588973999634,292.95407994100003,28.471
inference_ms,2_7_bag_slow,294,1779956589934769893,293.91485020000005,29.643
inference_ms,2_7_bag_slow,295,1779956590974833732,294.954914039,31.315
inference_ms,2_7_bag_slow,296,1779956591929897603,295.90997791,26.089
inference_ms,2_7_bag_slow,297,1779956592937962192,296.918042499,28.89
inference_ms,2_7_bag_slow,298,1779956593937187680,297.917267987,25.461
inference_ms,2_7_bag_slow,299,1779956594956420674,298.936500981,26.986
inference_ms,2_7_bag_slow,300,1779956595937138502,299.917218809,27.81
inference_ms,2_7_bag_slow,301,1779956596935250901,300.915331208,30.039
inference_ms,2_7_bag_slow,302,1779956597957460008,301.93754031500004,29.154
inference_ms,2_7_bag_slow,303,1779956598962381419,302.94246172600003,28.322
inference_ms,2_7_bag_slow,304,1779956599952604554,303.93268486100004,30.828
inference_ms,2_7_bag_slow,305,1779956600949335555,304.92941586200004,30.114
inference_ms,2_7_bag_slow,306,1779956601943653704,305.923734011,24.806
inference_ms,2_7_bag_slow,307,1779956602938190929,306.918271236,29.355
inference_ms,2_7_bag_slow,308,1779956603959589070,307.93966937700003,27.675
inference_ms,2_7_bag_slow,309,1779956604951655916,308.93173622300003,29.672
inference_ms,2_7_bag_slow,310,1779956605958955809,309.939036116,28.069
inference_ms,2_7_bag_slow,311,1779956606934623040,310.914703347,25.601
inference_ms,2_7_bag_slow,312,1779956607941082998,311.921163305,29.745
inference_ms,2_7_bag_slow,313,1779956608946114302,312.926194609,31.129
inference_ms,2_7_bag_slow,314,1779956609941852878,313.921933185,26.788
inference_ms,2_7_bag_slow,315,1779956610942721946,314.92280225300004,28.257
inference_ms,2_7_bag_slow,316,1779956611950071188,315.930151495,27.032
inference_ms,2_7_bag_slow,317,1779956612958563777,316.93864408400003,25.369
inference_ms,2_7_bag_slow,318,1779956613938891948,317.918972255,26.833
inference_ms,2_7_bag_slow,319,1779956614972732698,318.952813005,25.201
inference_ms,2_7_bag_slow,320,1779956615932882192,319.912962499,29.247
inference_ms,2_7_bag_slow,321,1779956616963923139,320.944003446,26.602
inference_ms,2_7_bag_slow,322,1779956617979015597,321.95909590400004,28.276
inference_ms,2_7_bag_slow,323,1779956618956566217,322.936646524,30.751
inference_ms,2_7_bag_slow,324,1779956619942551475,323.922631782,30.019
inference_ms,2_7_bag_slow,325,1779956620942078765,324.922159072,29.022
inference_ms,2_7_bag_slow,326,1779956621942680338,325.92276064500004,31.089
inference_ms,2_7_bag_slow,327,1779956622968975214,326.94905552100005,34.162
inference_ms,2_7_bag_slow,328,1779956623970263451,327.95034375800003,29.65
inference_ms,2_7_bag_slow,329,1779956624945038158,328.925118465,23.831
inference_ms,2_7_bag_slow,330,1779956625937767755,329.917848062,30.156
inference_ms,2_7_bag_slow,331,1779956626944262404,330.924342711,25.682
inference_ms,2_7_bag_slow,332,1779956627957142663,331.93722297,26.082
inference_ms,2_7_bag_slow,333,1779956628948924401,332.92900470800004,29.067
inference_ms,2_7_bag_slow,334,1779956629946005950,333.926086257,27.519
inference_ms,2_7_bag_slow,335,1779956630961233659,334.941313966,26.648
inference_ms,2_7_bag_slow,336,1779956631967618102,335.947698409,27.27
inference_ms,2_7_bag_slow,337,1779956632959553291,336.939633598,27.441
inference_ms,2_7_bag_slow,338,1779956633948861203,337.92894151,31.588
inference_ms,2_7_bag_slow,339,1779956634954064234,338.934144541,27.455
inference_ms,2_7_bag_slow,340,1779956635935635708,339.91571601500004,26.085
inference_ms,2_7_bag_slow,341,1779956636971173924,340.951254231,26.08
inference_ms,2_7_bag_slow,342,1779956637934091121,341.91417142800003,26.184
inference_ms,2_7_bag_slow,343,1779956638966134659,342.946214966,27.939
inference_ms,2_7_bag_slow,344,1779956639952221357,343.932301664,29.476
inference_ms,2_7_bag_slow,345,1779956640954518287,344.934598594,31.232
inference_ms,2_7_bag_slow,346,1779956641979700230,345.95978053700003,31.137
inference_ms,2_7_bag_slow,347,1779956642929664359,346.909744666,26.641
inference_ms,2_7_bag_slow,348,1779956643953852600,347.93393290700004,29.063
inference_ms,2_7_bag_slow,349,1779956644950139642,348.93021994900005,26.43
inference_ms,2_7_bag_slow,350,1779956645951538823,349.93161913,29.591
inference_ms,2_7_bag_slow,351,1779956646955142443,350.93522275000004,27.919
inference_ms,2_7_bag_slow,352,1779956647944359481,351.92443978800003,27.6
inference_ms,2_7_bag_slow,353,1779956648972206822,352.952287129,24.246
inference_ms,2_7_bag_slow,354,1779956649975252087,353.95533239400004,31.045
inference_ms,2_7_bag_slow,355,1779956650932340897,354.912421204,27.551
inference_ms,2_7_bag_slow,356,1779956651953815192,355.933895499,31.595
inference_ms,2_7_bag_slow,357,1779956652950085082,356.930165389,25.291
inference_ms,2_7_bag_slow,358,1779956653969380392,357.94946069900004,26.298
inference_ms,2_7_bag_slow,359,1779956654967251814,358.94733212100004,31.249
inference_ms,2_7_bag_slow,360,1779956655945643915,359.92572422200004,25.302
inference_ms,2_7_bag_slow,361,1779956656932666886,360.91274719300003,27.293
inference_ms,2_7_bag_slow,362,1779956657936570912,361.916651219,27.132
inference_ms,2_7_bag_slow,363,1779956658978190097,362.958270404,27.679
inference_ms,2_7_bag_slow,364,1779956659954653118,363.93473342500005,28.19
inference_ms,2_7_bag_slow,365,1779956660942687944,364.92276825100004,25.371
inference_ms,2_7_bag_slow,366,1779956661970276587,365.95035689400004,24.709
inference_ms,2_7_bag_slow,367,1779956662944872215,366.924952522,29.908
inference_ms,2_7_bag_slow,368,1779956663960871745,367.940952052,28.167
inference_ms,2_7_bag_slow,369,1779956664936065682,368.91614598900003,26.626
inference_ms,2_7_bag_slow,370,1779956665948710874,369.928791181,32.244
inference_ms,2_7_bag_slow,371,1779956666961991910,370.94207221700003,26.349
inference_ms,2_7_bag_slow,372,1779956667949560314,371.92964062100003,32.135
inference_ms,2_7_bag_slow,373,1779956668948060271,372.928140578,29.47
inference_ms,2_7_bag_slow,374,1779956669970158456,373.950238763,24.242
inference_ms,2_7_bag_slow,375,1779956670981554700,374.96163500700004,31.072
inference_ms,2_7_bag_slow,376,1779956671926074462,375.906154769,24.618
inference_ms,2_7_bag_slow,377,1779956672939233011,376.91931331800004,27.543
inference_ms,2_7_bag_slow,378,1779956673973847019,377.95392732600004,24.774
inference_ms,2_7_bag_slow,379,1779956674932967328,378.913047635,25.141
inference_ms,2_7_bag_slow,380,1779956675937629954,379.917710261,26.388
inference_ms,2_7_bag_slow,381,1779956676948561744,380.928642051,25.114
inference_ms,2_7_bag_slow,382,1779956677933766097,381.913846404,29.051
inference_ms,2_7_bag_slow,383,1779956678989339323,382.96941963,31.009
inference_ms,2_7_bag_slow,384,1779956679944595770,383.924676077,26.032
inference_ms,2_7_bag_slow,385,1779956680958971660,384.939051967,29.131
inference_ms,2_7_bag_slow,386,1779956681950473182,385.93055348900003,26.063
inference_ms,2_7_bag_slow,387,1779956682943641343,386.92372165,30.582
inference_ms,2_7_bag_slow,388,1779956683933138650,387.913218957,30.228
inference_ms,2_7_bag_slow,389,1779956684968416615,388.948496922,28.085
inference_ms,2_7_bag_slow,390,1779956685941769082,389.92184938900004,30.624
inference_ms,2_7_bag_slow,391,1779956686981010315,390.96109062200003,30.427
inference_ms,2_7_bag_slow,392,1779956687945355751,391.925436058,29.459
inference_ms,2_7_bag_slow,393,1779956688951047090,392.931127397,32.531
inference_ms,2_7_bag_slow,394,1779956689948241074,393.92832138100005,25.72
inference_ms,2_7_bag_slow,395,1779956690934908701,394.914989008,28.15
inference_ms,2_7_bag_slow,396,1779956691935793577,395.915873884,23.909
inference_ms,2_7_bag_slow,397,1779956692951290009,396.931370316,26.744
inference_ms,2_7_bag_slow,398,1779956693933504766,397.91358507300004,28.915
inference_ms,2_7_bag_slow,399,1779956694936949288,398.91702959500003,29.911
inference_ms,2_7_bag_slow,400,1779956695955519320,399.93559962700004,28.139
inference_ms,2_7_bag_slow,401,1779956696949820217,400.929900524,26.736
inference_ms,2_7_bag_slow,402,1779956697969803754,401.94988406100003,27.548
inference_ms,2_7_bag_slow,403,1779956698973378001,402.95345830800005,27.313
inference_ms,2_7_bag_slow,404,1779956699936294715,403.916375022,28.994
inference_ms,2_7_bag_slow,405,1779956700961964276,404.94204458300004,25.641
inference_ms,2_7_bag_slow,406,1779956701964364329,405.944444636,29.138
inference_ms,2_7_bag_slow,407,1779956702934937963,406.91501827,28.142
inference_ms,2_7_bag_slow,408,1779956703944853593,407.92493390000004,26.649
inference_ms,2_7_bag_slow,409,1779956704953669277,408.933749584,29.733
inference_ms,2_7_bag_slow,410,1779956705971214837,409.951295144,27.643
inference_ms,2_7_bag_slow,411,1779956706943739676,410.92381998300004,29.532
inference_ms,2_7_bag_slow,412,1779956707953205893,411.9332862,25.974
inference_ms,2_7_bag_slow,413,1779956708939772351,412.919852658,28.814
inference_ms,2_7_bag_slow,414,1779956709955717229,413.93579753600005,28.557
inference_ms,2_7_bag_slow,415,1779956710965005790,414.945086097,33.131
inference_ms,2_7_bag_slow,416,1779956711955253854,415.935334161,31.453
inference_ms,2_7_bag_slow,417,1779956712966326268,416.946406575,28.909
inference_ms,2_7_bag_slow,418,1779956713944206101,417.924286408,26.822
inference_ms,2_7_bag_slow,419,1779956714961845691,418.94192599800004,28.464
inference_ms,2_7_bag_slow,420,1779956715942710651,419.922790958,31.988
inference_ms,2_7_bag_slow,421,1779956716950584838,420.93066514500003,30.076
inference_ms,2_7_bag_slow,422,1779956717939293593,421.91937390000004,28.213
inference_ms,2_7_bag_slow,423,1779956718971562642,422.951642949,34.039
inference_ms,2_7_bag_slow,424,1779956719971092150,423.95117245700004,26.496
inference_ms,2_7_bag_slow,425,1779956720932690335,424.912770642,27.932
inference_ms,2_7_bag_slow,426,1779956721943800457,425.92388076400005,29.279
inference_ms,2_7_bag_slow,427,1779956722951531464,426.931611771,29.645
inference_ms,2_7_bag_slow,428,1779956723937955522,427.918035829,29.585
inference_ms,2_7_bag_slow,429,1779956724970087786,428.950168093,30.829
inference_ms,2_7_bag_slow,430,1779956725944063679,429.92414398600005,28.22
inference_ms,2_7_bag_slow,431,1779956726969006119,430.949086426,26.843
inference_ms,2_7_bag_slow,432,1779956727956260366,431.936340673,29.57
inference_ms,2_7_bag_slow,433,1779956728951259124,432.931339431,31.355
inference_ms,2_7_bag_slow,434,1779956729944278907,433.92435921400005,28.062
inference_ms,2_7_bag_slow,435,1779956730958576514,434.93865682100005,28.363
inference_ms,2_7_bag_slow,436,1779956731994594163,435.97467447,29.484
inference_ms,2_7_bag_slow,437,1779956732948268449,436.92834875600005,28.774
inference_ms,2_7_bag_slow,438,1779956733962031790,437.942112097,29.052
inference_ms,2_7_bag_slow,439,1779956734956345010,438.93642531700004,28.466
inference_ms,2_7_bag_slow,440,1779956735947368571,439.927448878,27.27
inference_ms,2_7_bag_slow,441,1779956736947720739,440.927801046,28.542
inference_ms,2_7_bag_slow,442,1779956737928431860,441.908512167,26.771
inference_ms,2_7_bag_slow,443,1779956738955057699,442.93513800600005,31.472
inference_ms,2_7_bag_slow,444,1779956739946579558,443.92665986500003,28.294
inference_ms,2_7_bag_slow,445,1779956740962881586,444.942961893,25.68
inference_ms,2_7_bag_slow,446,1779956741933745749,445.913826056,26.54
inference_ms,2_7_bag_slow,447,1779956742934527063,446.91460737000006,26.452
inference_ms,2_7_bag_slow,448,1779956743936731994,447.91681230100005,27.648
inference_ms,2_7_bag_slow,449,1779956744945709846,448.92579015300004,25.813
inference_ms,2_7_bag_slow,450,1779956745980249003,449.96032931,32.494
inference_ms,2_7_bag_slow,451,1779956746931961954,450.912042261,25.959
inference_ms,2_7_bag_slow,452,1779956747932450057,451.912530364,28.49
inference_ms,2_7_bag_slow,453,1779956748953611770,452.93369207700005,29.875
inference_ms,2_7_bag_slow,454,1779956749969308852,453.949389159,30.523
inference_ms,2_7_bag_slow,455,1779956750985130381,454.965210688,34.291
inference_ms,2_7_bag_slow,456,1779956751942443874,455.922524181,30.171
inference_ms,2_7_bag_slow,457,1779956752971479069,456.95155937600003,26.985
inference_ms,2_7_bag_slow,458,1779956753947885712,457.92796601900005,26.874
inference_ms,2_7_bag_slow,459,1779956754951433727,458.93151403400003,27.556
inference_ms,2_7_bag_slow,460,1779956755937424009,459.917504316,26.137
inference_ms,2_7_bag_slow,461,1779956756943048046,460.92312835300004,28.747
inference_ms,2_7_bag_slow,462,1779956757951560370,461.931640677,29.868
inference_ms,2_7_bag_slow,463,1779956758939293190,462.91937349700004,31.655
inference_ms,2_7_bag_slow,464,1779956759951900127,463.931980434,29.142
inference_ms,2_7_bag_slow,465,1779956760944449862,464.92453016900004,29.619
inference_ms,2_7_bag_slow,466,1779956761958507487,465.93858779400006,30.03
inference_ms,2_7_bag_slow,467,1779956762947653447,466.92773375400003,29.77
inference_ms,2_7_bag_slow,468,1779956763943038421,467.923118728,31.618
inference_ms,2_7_bag_slow,469,1779956764959990409,468.94007071600004,30.635
inference_ms,2_7_bag_slow,470,1779956765996310708,469.97639101500005,27.043
inference_ms,2_7_bag_slow,471,1779956766945386890,470.92546719700005,24.962
inference_ms,2_7_bag_slow,472,1779956767941228219,471.921308526,28.261
inference_ms,2_7_bag_slow,473,1779956768944177547,472.924257854,31.158
inference_ms,2_7_bag_slow,474,1779956769948678320,473.92875862700004,30.509
inference_ms,2_7_bag_slow,475,1779956770940675443,474.92075575,26.359
inference_ms,2_7_bag_slow,476,1779956771962267016,475.94234732300004,28.053
inference_ms,2_7_bag_slow,477,1779956772952265576,476.93234588300004,26.645
inference_ms,2_7_bag_slow,478,1779956773965010717,477.945091024,28.276
inference_ms,2_7_bag_slow,479,1779956774950538055,478.930618362,30.895
inference_ms,2_7_bag_slow,480,1779956775946446519,479.92652682600004,29.758
inference_ms,2_7_bag_slow,481,1779956776945528593,480.92560890000004,26.087
inference_ms,2_7_bag_slow,482,1779956777936465355,481.91654566200003,28.89
inference_ms,2_7_bag_slow,483,1779956778947270004,482.92735031100005,28.248
inference_ms,2_7_bag_slow,484,1779956779962611720,483.942692027,29.776
inference_ms,2_7_bag_slow,485,1779956780946043273,484.92612358,26.138
inference_ms,2_7_bag_slow,486,1779956781942674036,485.922754343,26.594
inference_ms,2_7_bag_slow,487,1779956782957828243,486.93790855000003,33.314
inference_ms,2_7_bag_slow,488,1779956783952230581,487.932310888,26.111
inference_ms,2_7_bag_slow,489,1779956784962736462,488.94281676900005,27.484
inference_ms,2_7_bag_slow,490,1779956785937715149,489.917795456,27.203
inference_ms,2_7_bag_slow,491,1779956786959099656,490.939179963,28.357
inference_ms,2_7_bag_slow,492,1779956787948804475,491.928884782,26.642
inference_ms,2_7_bag_slow,493,1779956788974495671,492.95457597800004,31.291
inference_ms,2_7_bag_slow,494,1779956789952755516,493.932835823,30.281
inference_ms,2_7_bag_slow,495,1779956790949231710,494.92931201700003,28.142
inference_ms,2_7_bag_slow,496,1779956791953672723,495.93375303000005,32.24
inference_ms,2_7_bag_slow,497,1779956792985581243,496.96566155000005,28.39
inference_ms,2_7_bag_slow,498,1779956793968168387,497.94824869400003,29.709
inference_ms,2_7_bag_slow,499,1779956794960441482,498.94052178900006,26.905
inference_ms,2_7_bag_slow,500,1779956795938799450,499.918879757,26.995
inference_ms,2_7_bag_slow,501,1779956796929754387,500.90983469400004,27.643
inference_ms,2_7_bag_slow,502,1779956797945571955,501.925652262,28.308
inference_ms,2_7_bag_slow,503,1779956798947878125,502.927958432,32.456
inference_ms,2_7_bag_slow,504,1779956799982077353,503.96215766000006,30.255
inference_ms,2_7_bag_slow,505,1779956800938171443,504.91825175,26.419
inference_ms,2_7_bag_slow,506,1779956801970386474,505.95046678100005,26.213
inference_ms,2_7_bag_slow,507,1779956802960440317,506.94052062400004,24.509
inference_ms,2_7_bag_slow,508,1779956803936660239,507.916740546,25.328
inference_ms,2_7_bag_slow,509,1779956804938763907,508.91884421400005,31.282
inference_ms,2_7_bag_slow,510,1779956805937803463,509.91788377000006,25.569
inference_ms,2_7_bag_slow,511,1779956806970182001,510.95026230800005,28.396
inference_ms,2_7_bag_slow,512,1779956807953555196,511.933635503,25.974
inference_ms,2_7_bag_slow,513,1779956808955019523,512.93509983,29.078
inference_ms,2_7_bag_slow,514,1779956809963154487,513.943234794,32.942
inference_ms,2_7_bag_slow,515,1779956810933440972,514.9135212790001,28.708
inference_ms,2_7_bag_slow,516,1779956811944716881,515.9247971880001,27.907
inference_ms,2_7_bag_slow,517,1779956812933047499,516.913127806,27.135
inference_ms,2_7_bag_slow,518,1779956813932133545,517.912213852,25.137
inference_ms,2_7_bag_slow,519,1779956814963901895,518.943982202,35.279
inference_ms,2_7_bag_slow,520,1779956815930110581,519.910190888,27.249
inference_ms,2_7_bag_slow,521,1779956816939957905,520.920038212,29.348
inference_ms,2_7_bag_slow,522,1779956817938756950,521.9188372570001,26.453
inference_ms,2_7_bag_slow,523,1779956818944643760,522.924724067,26.244
inference_ms,2_7_bag_slow,524,1779956819946517633,523.9265979400001,25.654
inference_ms,2_7_bag_slow,525,1779956820976268509,524.9563488160001,25.328
inference_ms,2_7_bag_slow,526,1779956821970326900,525.950407207,25.122
inference_ms,2_7_bag_slow,527,1779956822963016078,526.943096385,33.311
inference_ms,2_7_bag_slow,528,1779956823955195767,527.9352760740001,29.861
inference_ms,2_7_bag_slow,529,1779956824954642854,528.9347231610001,28.925
inference_ms,2_7_bag_slow,530,1779956825953187721,529.933268028,30.448
inference_ms,2_7_bag_slow,531,1779956826998307500,530.978387807,29.406
inference_ms,2_7_bag_slow,532,1779956827957240044,531.937320351,30.363
inference_ms,2_7_bag_slow,533,1779956828952482798,532.932563105,31.895
inference_ms,2_7_bag_slow,534,1779956829933937009,533.914017316,25.295
inference_ms,2_7_bag_slow,535,1779956830937097457,534.917177764,24.76
inference_ms,2_7_bag_slow,536,1779956831936567443,535.91664775,25.059
inference_ms,2_7_bag_slow,537,1779956832936752306,536.916832613,23.981
inference_ms,2_7_bag_slow,538,1779956833970569782,537.9506500890001,26.752
inference_ms,2_7_bag_slow,539,1779956834952866705,538.932947012,30.155
inference_ms,2_7_bag_slow,540,1779956835960548783,539.94062909,27.313
inference_ms,2_7_bag_slow,541,1779956837005028745,540.985109052,29.949
inference_ms,2_7_bag_slow,542,1779956837972523044,541.952603351,24.989
inference_ms,2_7_bag_slow,543,1779956838942119330,542.9221996370001,29.193
inference_ms,2_7_bag_slow,544,1779956839966008083,543.94608839,26.434
inference_ms,2_7_bag_slow,545,1779956840937977100,544.918057407,26.113
inference_ms,2_7_bag_slow,546,1779956841958044307,545.938124614,27.273
inference_ms,2_7_bag_slow,547,1779956842996065446,546.9761457530001,31.019
inference_ms,2_7_bag_slow,548,1779956843959962270,547.940042577,24.778
inference_ms,2_7_bag_slow,549,1779956844954207600,548.934287907,30.381
inference_ms,2_7_bag_slow,550,1779956845944271025,549.924351332,25.884
inference_ms,2_7_bag_slow,551,1779956846961016085,550.9410963920001,32.188
inference_ms,2_7_bag_slow,552,1779956847945052381,551.9251326880001,24.555
inference_ms,2_7_bag_slow,553,1779956848979934132,552.960014439,27.615
inference_ms,2_7_bag_slow,554,1779956849942107229,553.922187536,25.866
inference_ms,2_7_bag_slow,555,1779956850944099019,554.9241793260001,27.704
inference_ms,2_7_bag_slow,556,1779956851947214974,555.927295281,26.04
inference_ms,2_7_bag_slow,557,1779956852970575646,556.950655953,26.71
inference_ms,2_7_bag_slow,558,1779956853934697604,557.914777911,27.025
inference_ms,2_7_bag_slow,559,1779956854982564602,558.962644909,26.729
inference_ms,2_7_bag_slow,560,1779956855941247888,559.921328195,25.295
inference_ms,2_7_bag_slow,561,1779956856953841861,560.933922168,29.393
inference_ms,2_7_bag_slow,562,1779956857960627981,561.940708288,30.784
inference_ms,2_7_bag_slow,563,1779956858956716694,562.9367970010001,29.565
inference_ms,2_7_bag_slow,564,1779956859975985553,563.9560658600001,29.029
inference_ms,2_7_bag_slow,565,1779956860987591650,564.967671957,33.904
inference_ms,2_7_bag_slow,566,1779956861963026480,565.943106787,30.1
inference_ms,2_7_bag_slow,567,1779956862962774582,566.942854889,27.08
inference_ms,2_7_bag_slow,568,1779956863963684534,567.9437648410001,27.757
inference_ms,2_7_bag_slow,569,1779956864950868140,568.930948447,31.215
inference_ms,2_7_bag_slow,570,1779956865945581187,569.925661494,27.144
inference_ms,2_7_bag_slow,571,1779956866972614099,570.9526944060001,27.106
inference_ms,2_7_bag_slow,572,1779956867945935983,571.92601629,26.821
inference_ms,2_7_bag_slow,573,1779956869020855941,573.000936248,32.093
inference_ms,2_7_bag_slow,574,1779956869935440120,573.915520427,28.236
inference_ms,2_7_bag_slow,575,1779956870939194973,574.9192752800001,26.538
inference_ms,2_7_bag_slow,576,1779956871948679693,575.92876,32.197
inference_ms,2_7_bag_slow,577,1779956872947038689,576.927118996,30.207
inference_ms,2_7_bag_slow,578,1779956873950098446,577.9301787530001,30.723
inference_ms,2_7_bag_slow,579,1779956874963310494,578.9433908010001,27.907
inference_ms,2_7_bag_slow,580,1779956875945989941,579.9260702480001,25.957
inference_ms,2_7_bag_slow,581,1779956876969339338,580.949419645,27.583
inference_ms,2_7_bag_slow,582,1779956877948746541,581.9288268480001,27.158
inference_ms,2_7_bag_slow,583,1779956878934785111,582.9148654180001,27.31
inference_ms,2_7_bag_slow,584,1779956879961813877,583.941894184,32.814
inference_ms,2_7_bag_slow,585,1779956880935606338,584.915686645,26.628
inference_ms,2_7_bag_slow,586,1779956881948072532,585.9281528390001,28.575
inference_ms,2_7_bag_slow,587,1779956882948290032,586.928370339,28.999
inference_ms,2_7_bag_slow,588,1779956883939892621,587.919972928,27.165
inference_ms,2_7_bag_slow,589,1779956884960129718,588.940210025,26.831
inference_ms,2_7_bag_slow,590,1779956885943072563,589.9231528700001,29.735
inference_ms,2_7_bag_slow,591,1779956886945203456,590.925283763,28.337
inference_ms,2_7_bag_slow,592,1779956887946704683,591.92678499,32.35
inference_ms,2_7_new_plugin_bag,0,1779954819392512007,0.0,62.69
inference_ms,2_7_new_plugin_bag,1,1779954819465227321,0.072715314,26.112
inference_ms,2_7_new_plugin_bag,2,1779954819558433914,0.165921907,35.489
inference_ms,2_7_new_plugin_bag,3,1779954819661258030,0.268746023,41.596
inference_ms,2_7_new_plugin_bag,4,1779954819769525818,0.37701381100000003,33.038
inference_ms,2_7_new_plugin_bag,5,1779954819876286486,0.48377447900000004,55.05
inference_ms,2_7_new_plugin_bag,6,1779954820001531377,0.6090193700000001,58.585
inference_ms,2_7_new_plugin_bag,7,1779954820134497858,0.741985851,33.826
inference_ms,2_7_new_plugin_bag,8,1779954820179309108,0.786797101,30.694
inference_ms,2_7_new_plugin_bag,9,1779954820321769428,0.9292574210000001,43.453
inference_ms,2_7_new_plugin_bag,10,1779954820367054046,0.974542039,36.569
inference_ms,2_7_new_plugin_bag,11,1779954820495935079,1.103423072,45.95
inference_ms,2_7_new_plugin_bag,12,1779954820556629783,1.164117776,32.354
inference_ms,2_7_new_plugin_bag,13,1779954820645958369,1.253446362,30.14
inference_ms,2_7_new_plugin_bag,14,1779954820776398562,1.3838865550000001,53.739
inference_ms,2_7_new_plugin_bag,15,1779954820934929612,1.542417605,34.906
inference_ms,2_7_new_plugin_bag,16,1779954821022559939,1.630047932,43.219
inference_ms,2_7_new_plugin_bag,17,1779954821088309531,1.695797524,42.374
inference_ms,2_7_new_plugin_bag,18,1779954821171293970,1.7787819630000001,40.305
inference_ms,2_7_new_plugin_bag,19,1779954821395864054,2.003352047,127.191
inference_ms,2_7_new_plugin_bag,20,1779954821556800413,2.1642884060000003,149.009
inference_ms,2_7_new_plugin_bag,21,1779954821668276330,2.275764323,97.682
inference_ms,2_7_new_plugin_bag,22,1779954821955851876,2.563339869,152.881
inference_ms,2_7_new_plugin_bag,23,1779954822053450357,2.6609383500000003,69.985
inference_ms,2_7_new_plugin_bag,24,1779954822196340014,2.8038280070000003,40.464
inference_ms,2_7_new_plugin_bag,25,1779954822279451770,2.886939763,47.407
inference_ms,2_7_new_plugin_bag,26,1779954822433750787,3.04123878,127.747
inference_ms,2_7_new_plugin_bag,27,1779954822522537396,3.130025389,70.841
inference_ms,2_7_new_plugin_bag,28,1779954822688055594,3.295543587,90.642
inference_ms,2_7_new_plugin_bag,29,1779954822836125347,3.44361334,138.823
inference_ms,2_7_new_plugin_bag,30,1779954822927321640,3.534809633,84.368
inference_ms,2_7_new_plugin_bag,31,1779954823021845431,3.6293334240000004,84.267
inference_ms,2_7_new_plugin_bag,32,1779954823114082282,3.7215702750000004,69.791
inference_ms,2_7_new_plugin_bag,33,1779954823193047656,3.8005356490000004,51.764
inference_ms,2_7_new_plugin_bag,34,1779954823358234690,3.965722683,104.821
inference_ms,2_7_new_plugin_bag,35,1779954823440701616,4.0481896090000005,71.904
inference_ms,2_7_new_plugin_bag,36,1779954823504440026,4.1119280190000005,50.633
inference_ms,2_7_new_plugin_bag,37,1779954823564495894,4.171983887000001,53.141
inference_ms,2_7_new_plugin_bag,38,1779954823647854971,4.2553429640000004,53.061
inference_ms,2_7_new_plugin_bag,39,1779954823708392744,4.3158807370000005,38.672
inference_ms,2_7_new_plugin_bag,40,1779954823816296946,4.423784939,59.813
inference_ms,2_7_new_plugin_bag,41,1779954823877823676,4.485311669000001,38.703
inference_ms,2_7_new_plugin_bag,42,1779954824062987770,4.670475763000001,147.374
inference_ms,2_7_new_plugin_bag,43,1779954824145655793,4.753143786,64.152
inference_ms,2_7_new_plugin_bag,44,1779954824214259945,4.821747938000001,50.09
inference_ms,2_7_new_plugin_bag,45,1779954824348906692,4.956394685,64.063
inference_ms,2_7_new_plugin_bag,46,1779954824419074236,5.0265622290000005,59.201
inference_ms,2_7_new_plugin_bag,47,1779954824507932102,5.115420095,77.311
inference_ms,2_7_new_plugin_bag,48,1779954824599214642,5.206702635,83.648
inference_ms,2_7_new_plugin_bag,49,1779954824643865978,5.251353971,37.694
inference_ms,2_7_new_plugin_bag,50,1779954824737755098,5.345243091,53.131
inference_ms,2_7_new_plugin_bag,51,1779954824887721985,5.495209978,74.975
inference_ms,2_7_new_plugin_bag,52,1779954824968112177,5.57560017,69.005
inference_ms,2_7_new_plugin_bag,53,1779954825037725269,5.645213262,61.672
inference_ms,2_7_new_plugin_bag,54,1779954825119184012,5.726672005,67.58
inference_ms,2_7_new_plugin_bag,55,1779954825237182263,5.844670256000001,94.386
inference_ms,2_7_new_plugin_bag,56,1779954825298454771,5.905942764000001,53.871
inference_ms,2_7_new_plugin_bag,57,1779954825354002965,5.961490958000001,47.778
inference_ms,2_7_new_plugin_bag,58,1779954825445608932,6.053096925,37.085
inference_ms,2_7_new_plugin_bag,59,1779954825532445674,6.139933667,28.073
inference_ms,2_7_new_plugin_bag,60,1779954825616234300,6.223722293000001,28.356
inference_ms,2_7_new_plugin_bag,61,1779954825665015942,6.2725039350000005,35.309
inference_ms,2_7_new_plugin_bag,62,1779954825740953683,6.348441676,25.448
inference_ms,2_7_new_plugin_bag,63,1779954825850680925,6.458168918,31.141
inference_ms,2_7_new_plugin_bag,64,1779954825954889802,6.562377795000001,36.589
inference_ms,2_7_new_plugin_bag,65,1779954826052226918,6.659714911,28.939
inference_ms,2_7_new_plugin_bag,66,1779954826137174259,6.744662252,26.721
inference_ms,2_7_new_plugin_bag,67,1779954826230726394,6.838214387000001,30.178
inference_ms,2_7_new_plugin_bag,68,1779954826349765020,6.957253013000001,40.022
inference_ms,2_7_new_plugin_bag,69,1779954826473152814,7.080640807000001,39.435
inference_ms,2_7_new_plugin_bag,70,1779954826548317028,7.155805021000001,29.756
inference_ms,2_7_new_plugin_bag,71,1779954826667424689,7.274912682,43.936
inference_ms,2_7_new_plugin_bag,72,1779954826750325464,7.357813457000001,43.432
inference_ms,2_7_new_plugin_bag,73,1779954826865932840,7.4734208330000005,31.936
inference_ms,2_7_new_plugin_bag,74,1779954826971811017,7.579299010000001,44.307
inference_ms,2_7_new_plugin_bag,75,1779954827064967818,7.672455811000001,38.166
inference_ms,2_7_new_plugin_bag,76,1779954827169251067,7.776739060000001,42.929
inference_ms,2_7_new_plugin_bag,77,1779954827272371617,7.8798596100000005,30.118
inference_ms,2_7_new_plugin_bag,78,1779954827372095464,7.979583457,34.312
inference_ms,2_7_new_plugin_bag,79,1779954827438029556,8.045517549000001,26.353
inference_ms,2_7_new_plugin_bag,80,1779954827563092439,8.170580432000001,35.439
inference_ms,2_7_new_plugin_bag,81,1779954827642589388,8.250077381,34.571
inference_ms,2_7_new_plugin_bag,82,1779954827739213004,8.346700997000001,33.225
inference_ms,2_7_new_plugin_bag,83,1779954827839651962,8.447139955,34.949
inference_ms,2_7_new_plugin_bag,84,1779954827941441760,8.548929753000001,38.095
inference_ms,2_7_new_plugin_bag,85,1779954828096991176,8.704479169,51.896
inference_ms,2_7_new_plugin_bag,86,1779954828156896714,8.764384707000001,38.66
inference_ms,2_7_new_plugin_bag,87,1779954828239545595,8.847033588,32.523
inference_ms,2_7_new_plugin_bag,88,1779954828344710355,8.952198348000001,41.359
inference_ms,2_7_new_plugin_bag,89,1779954828451072909,9.058560902,33.857
inference_ms,2_7_new_plugin_bag,90,1779954828554459729,9.161947722,37.571
inference_ms,2_7_new_plugin_bag,91,1779954828638108353,9.245596346000001,33.505
inference_ms,2_7_new_plugin_bag,92,1779954828728480805,9.335968798000001,27.006
inference_ms,2_7_new_plugin_bag,93,1779954828854176546,9.461664539000001,34.791
inference_ms,2_7_new_plugin_bag,94,1779954828972907405,9.580395398,30.909
inference_ms,2_7_new_plugin_bag,95,1779954829060272475,9.667760468,36.669
inference_ms,2_7_new_plugin_bag,96,1779954829155909414,9.763397407000001,27.7
inference_ms,2_7_new_plugin_bag,97,1779954829255113328,9.862601321000001,27.426
inference_ms,2_7_new_plugin_bag,98,1779954829349979355,9.957467348,30.196
inference_ms,2_7_new_plugin_bag,99,1779954829428614555,10.036102548,26.413
inference_ms,2_7_new_plugin_bag,100,1779954829531306241,10.138794234,23.822
inference_ms,2_7_new_plugin_bag,101,1779954829692617046,10.300105039,33.384
inference_ms,2_7_new_plugin_bag,102,1779954829733004125,10.340492118,25.917
inference_ms,2_7_new_plugin_bag,103,1779954829829292438,10.436780431,27.591
inference_ms,2_7_new_plugin_bag,104,1779954829928449429,10.535937422,28.681
inference_ms,2_7_new_plugin_bag,105,1779954830060010402,10.667498395,33.811
inference_ms,2_7_new_plugin_bag,106,1779954830126557731,10.734045724000001,29.968
inference_ms,2_7_new_plugin_bag,107,1779954830225092428,10.832580421000001,29.262
inference_ms,2_7_new_plugin_bag,108,1779954830321363587,10.92885158,26.019
inference_ms,2_7_new_plugin_bag,109,1779954830460746011,11.068234004,40.914
inference_ms,2_7_new_plugin_bag,110,1779954830536394273,11.143882266,27.47
inference_ms,2_7_new_plugin_bag,111,1779954830631060183,11.238548176,26.889
inference_ms,2_7_new_plugin_bag,112,1779954830749278727,11.356766720000001,30.115
inference_ms,2_7_new_plugin_bag,113,1779954830829524175,11.437012168,30.49
inference_ms,2_7_new_plugin_bag,114,1779954830946899998,11.554387991,29.515
inference_ms,2_7_new_plugin_bag,115,1779954831033463286,11.640951279000001,28.581
inference_ms,2_7_new_plugin_bag,116,1779954831143271064,11.750759057000002,32.433
inference_ms,2_7_new_plugin_bag,117,1779954831268601006,11.876088999,40.552
inference_ms,2_7_new_plugin_bag,118,1779954831372614284,11.980102277,39.113
inference_ms,2_7_new_plugin_bag,119,1779954831445127580,12.052615573,33.415
inference_ms,2_7_new_plugin_bag,120,1779954831546712955,12.154200948000002,39.922
inference_ms,2_7_new_plugin_bag,121,1779954831669965939,12.277453932,36.159
inference_ms,2_7_new_plugin_bag,122,1779954831774807250,12.382295243000002,39.719
inference_ms,2_7_new_plugin_bag,123,1779954831857676240,12.465164233000001,34.613
inference_ms,2_7_new_plugin_bag,124,1779954831933121679,12.540609672,26.972
inference_ms,2_7_new_plugin_bag,125,1779954832067684638,12.675172631,33.769
inference_ms,2_7_new_plugin_bag,126,1779954832131382537,12.738870530000002,32.546
inference_ms,2_7_new_plugin_bag,127,1779954832234791513,12.842279506,36.219
inference_ms,2_7_new_plugin_bag,128,1779954832347581524,12.955069517,31.196
inference_ms,2_7_new_plugin_bag,129,1779954832434394058,13.041882051,27.184
inference_ms,2_7_new_plugin_bag,130,1779954832538521897,13.14600989,30.505
inference_ms,2_7_new_plugin_bag,131,1779954832631859748,13.239347741000001,27.352
inference_ms,2_7_new_plugin_bag,132,1779954832747781134,13.355269127000001,28.671
inference_ms,2_7_new_plugin_bag,133,1779954832853380934,13.460868927000002,29.224
inference_ms,2_7_new_plugin_bag,134,1779954832925047150,13.532535143,29.005
inference_ms,2_7_new_plugin_bag,135,1779954833056174595,13.663662588000001,31.62
inference_ms,2_7_new_plugin_bag,136,1779954833140823665,13.748311658,27.598
inference_ms,2_7_new_plugin_bag,137,1779954833275162164,13.882650157,42.729
inference_ms,2_7_new_plugin_bag,138,1779954833332548081,13.940036074,26.97
inference_ms,2_7_new_plugin_bag,139,1779954833455506360,14.062994353,32.198
inference_ms,2_7_new_plugin_bag,140,1779954833571042344,14.178530337000002,42.945
inference_ms,2_7_new_plugin_bag,141,1779954833635760986,14.243248979,32.178
inference_ms,2_7_new_plugin_bag,142,1779954833748832156,14.356320149,31.988
inference_ms,2_7_new_plugin_bag,143,1779954833897449217,14.504937210000001,44.039
inference_ms,2_7_new_plugin_bag,144,1779954833975067776,14.582555769,40.878
inference_ms,2_7_new_plugin_bag,145,1779954834055061491,14.662549484000001,29.071
inference_ms,2_7_new_plugin_bag,146,1779954834160548759,14.768036752,34.534
inference_ms,2_7_new_plugin_bag,147,1779954834246279212,14.853767205,28.995
inference_ms,2_7_new_plugin_bag,148,1779954834363482293,14.970970286000002,41.92
inference_ms,2_7_new_plugin_bag,149,1779954834497925848,15.105413841,54.513
inference_ms,2_7_new_plugin_bag,150,1779954834582471470,15.189959463000001,33.097
inference_ms,2_7_new_plugin_bag,151,1779954834666683734,15.274171727,35.777
inference_ms,2_7_new_plugin_bag,152,1779954834752133229,15.359621222000001,40.868
inference_ms,2_7_new_plugin_bag,153,1779954834859026669,15.466514662000002,29.46
inference_ms,2_7_new_plugin_bag,154,1779954834957991623,15.565479616000001,33.408
inference_ms,2_7_new_plugin_bag,155,1779954835088062114,15.695550107,46.508
inference_ms,2_7_new_plugin_bag,156,1779954835155082613,15.762570606,29.31
inference_ms,2_7_new_plugin_bag,157,1779954835291457262,15.898945255000001,43.231
inference_ms,2_7_new_plugin_bag,158,1779954835364095534,15.971583527000002,33.768
inference_ms,2_7_new_plugin_bag,159,1779954835430973956,16.038461949000002,28.261
inference_ms,2_7_new_plugin_bag,160,1779954835544872746,16.152360739000002,26.761
inference_ms,2_7_new_plugin_bag,161,1779954835643338042,16.250826035,28.086
inference_ms,2_7_new_plugin_bag,162,1779954835757896447,16.36538444,34.943
inference_ms,2_7_new_plugin_bag,163,1779954835826061045,16.433549038000002,27.311
inference_ms,2_7_new_plugin_bag,164,1779954835995822511,16.603310504,37.213
inference_ms,2_7_new_plugin_bag,165,1779954836030413924,16.637901917,25.573
inference_ms,2_7_new_plugin_bag,166,1779954836155520532,16.763008525,32.286
inference_ms,2_7_new_plugin_bag,167,1779954836231450010,16.838938003000003,28.027
inference_ms,2_7_new_plugin_bag,168,1779954836352433597,16.95992159,28.699
inference_ms,2_7_new_plugin_bag,169,1779954836499857585,17.107345578,40.926
inference_ms,2_7_new_plugin_bag,170,1779954836539352926,17.146840919000002,31.514
inference_ms,2_7_new_plugin_bag,171,1779954836640972808,17.248460801,32.232
inference_ms,2_7_new_plugin_bag,172,1779954836724108989,17.331596982,27.5
inference_ms,2_7_new_plugin_bag,173,1779954836835477082,17.442965075,25.422
inference_ms,2_7_new_plugin_bag,174,1779954836943473144,17.550961137,31.847
inference_ms,2_7_new_plugin_bag,175,1779954837059307792,17.666795785,32.666
inference_ms,2_7_new_plugin_bag,176,1779954837142919746,17.750407739,41.334
inference_ms,2_7_new_plugin_bag,177,1779954837231180182,17.838668175000002,30.257
inference_ms,2_7_new_plugin_bag,178,1779954837344926257,17.95241425,25.694
inference_ms,2_7_new_plugin_bag,179,1779954837428489516,18.035977509000002,24.864
inference_ms,2_7_new_plugin_bag,180,1779954837544986589,18.152474582,31.465
inference_ms,2_7_new_plugin_bag,181,1779954837626381293,18.233869286,27.451
inference_ms,2_7_new_plugin_bag,182,1779954837746746088,18.354234081,33.299
inference_ms,2_7_new_plugin_bag,183,1779954837825295723,18.432783716,30.661
inference_ms,2_7_new_plugin_bag,184,1779954837943349420,18.550837413,30.319
inference_ms,2_7_new_plugin_bag,185,1779954838052899859,18.660387852,35.011
inference_ms,2_7_new_plugin_bag,186,1779954838136743065,18.744231058,26.227
inference_ms,2_7_new_plugin_bag,187,1779954838230377448,18.837865441,25.563
inference_ms,2_7_new_plugin_bag,188,1779954838355056274,18.962544267000002,31.869
inference_ms,2_7_new_plugin_bag,189,1779954838457694197,19.06518219,28.008
inference_ms,2_7_new_plugin_bag,190,1779954838541799751,19.149287744000002,28.899
inference_ms,2_7_new_plugin_bag,191,1779954838661335251,19.268823244,35.414
inference_ms,2_7_new_plugin_bag,192,1779954838754509294,19.361997287,34.69
inference_ms,2_7_new_plugin_bag,193,1779954838830132290,19.437620283,29.875
inference_ms,2_7_new_plugin_bag,194,1779954838946158434,19.553646427,32.888
inference_ms,2_7_new_plugin_bag,195,1779954839060277375,19.667765368,35.651
inference_ms,2_7_new_plugin_bag,196,1779954839132734983,19.740222976000002,28.463
inference_ms,2_7_new_plugin_bag,197,1779954839229888253,19.837376246,29.134
inference_ms,2_7_new_plugin_bag,198,1779954839342890913,19.950378906,30.6
inference_ms,2_7_new_plugin_bag,199,1779954839462015677,20.06950367,38.297
inference_ms,2_7_new_plugin_bag,200,1779954839536901030,20.144389023000002,34.426
inference_ms,2_7_new_plugin_bag,201,1779954839679205095,20.286693088,43.237
inference_ms,2_7_new_plugin_bag,202,1779954839755991068,20.363479061,37.256
inference_ms,2_7_new_plugin_bag,203,1779954839861455248,20.468943241,29.011
inference_ms,2_7_new_plugin_bag,204,1779954839991698388,20.599186381000003,40.068
inference_ms,2_7_new_plugin_bag,205,1779954840036177342,20.643665335,29.524
inference_ms,2_7_new_plugin_bag,206,1779954840144676690,20.752164683,32.53
inference_ms,2_7_new_plugin_bag,207,1779954840236454559,20.843942552,35.711
inference_ms,2_7_new_plugin_bag,208,1779954840334880400,20.942368393000002,32.589
inference_ms,2_7_new_plugin_bag,209,1779954840444310299,21.051798292,29.653
inference_ms,2_7_new_plugin_bag,210,1779954840578063143,21.185551136,37.645
inference_ms,2_7_new_plugin_bag,211,1779954840639424583,21.246912576,33.7
inference_ms,2_7_new_plugin_bag,212,1779954840730942799,21.338430792,32.547
inference_ms,2_7_new_plugin_bag,213,1779954840858591420,21.466079413000003,36.12
inference_ms,2_7_new_plugin_bag,214,1779954840948892303,21.556380296,32.142
inference_ms,2_7_new_plugin_bag,215,1779954841035769661,21.643257654000003,32.245
inference_ms,2_7_new_plugin_bag,216,1779954841180154619,21.787642612000003,52.338
inference_ms,2_7_new_plugin_bag,217,1779954841280184401,21.887672394000003,42.632
inference_ms,2_7_new_plugin_bag,218,1779954841349001313,21.956489306,35.714
inference_ms,2_7_new_plugin_bag,219,1779954841448115173,22.055603166,31.725
inference_ms,2_7_new_plugin_bag,220,1779954841541671156,22.149159149000003,31.614
inference_ms,2_7_new_plugin_bag,221,1779954841678911524,22.286399517000003,29.394
inference_ms,2_7_new_plugin_bag,222,1779954841764139305,22.371627298,40.833
inference_ms,2_7_new_plugin_bag,223,1779954841837761253,22.445249246000003,32.489
inference_ms,2_7_new_plugin_bag,224,1779954841953258588,22.560746581,32.361
inference_ms,2_7_new_plugin_bag,225,1779954842032947651,22.640435644,33.728
inference_ms,2_7_new_plugin_bag,226,1779954842133652777,22.74114077,32.884
inference_ms,2_7_new_plugin_bag,227,1779954842240285408,22.847773401,34.022
inference_ms,2_7_new_plugin_bag,228,1779954842328887045,22.936375038,30.432
inference_ms,2_7_new_plugin_bag,229,1779954842453990860,23.061478853,34.046
inference_ms,2_7_new_plugin_bag,230,1779954842590565341,23.198053334,44.953
inference_ms,2_7_new_plugin_bag,231,1779954842637792118,23.245280111000003,30.633
inference_ms,2_7_new_plugin_bag,232,1779954842734187906,23.341675899000002,29.799
inference_ms,2_7_new_plugin_bag,233,1779954842830370490,23.437858483000003,29.511
inference_ms,2_7_new_plugin_bag,234,1779954842940337416,23.547825409,31.663
inference_ms,2_7_new_plugin_bag,235,1779954843043798879,23.651286872,33.63
inference_ms,2_7_new_plugin_bag,236,1779954843130025169,23.737513162000003,30.912
inference_ms,2_7_new_plugin_bag,237,1779954843231459913,23.838947906,33.378
inference_ms,2_7_new_plugin_bag,238,1779954843355973625,23.963461618,34.208
inference_ms,2_7_new_plugin_bag,239,1779954843438705644,24.046193637000002,31.146
inference_ms,2_7_new_plugin_bag,240,1779954843533675805,24.141163798,30.489
inference_ms,2_7_new_plugin_bag,241,1779954843636604498,24.244092491,29.968
inference_ms,2_7_new_plugin_bag,242,1779954843736814889,24.344302882,26.981
inference_ms,2_7_new_plugin_bag,243,1779954843845371438,24.452859431,31.919
inference_ms,2_7_new_plugin_bag,244,1779954843943504567,24.55099256,31.019
inference_ms,2_7_new_plugin_bag,245,1779954844036925910,24.644413903,31.223
inference_ms,2_7_new_plugin_bag,246,1779954844154854181,24.762342174,32.152
inference_ms,2_7_new_plugin_bag,247,1779954844238006364,24.845494357000003,31.276
inference_ms,2_7_new_plugin_bag,248,1779954844343858713,24.951346706000002,29.584
inference_ms,2_7_new_plugin_bag,249,1779954844456222597,25.063710590000003,36.246
inference_ms,2_7_new_plugin_bag,250,1779954844527483093,25.134971086,32.787
inference_ms,2_7_new_plugin_bag,251,1779954844674176289,25.281664282,38.507
inference_ms,2_7_new_plugin_bag,252,1779954844754021629,25.361509622,35.343
inference_ms,2_7_new_plugin_bag,253,1779954844839909742,25.447397735000003,30.503
inference_ms,2_7_new_plugin_bag,254,1779954844936345872,25.543833865,29.714
inference_ms,2_7_new_plugin_bag,255,1779954845073167960,25.680655953000002,32.858
inference_ms,2_7_new_plugin_bag,256,1779954845136824755,25.744312748000002,31.295
inference_ms,2_7_new_plugin_bag,257,1779954845248297407,25.855785400000002,33.291
inference_ms,2_7_new_plugin_bag,258,1779954845382654900,25.990142893,43.159
inference_ms,2_7_new_plugin_bag,259,1779954845451346209,26.058834202,28.557
inference_ms,2_7_new_plugin_bag,260,1779954845544991119,26.152479112,30.395
inference_ms,2_7_new_plugin_bag,261,1779954845677802330,26.285290323,34.969
inference_ms,2_7_new_plugin_bag,262,1779954845743800377,26.351288370000002,28.86
inference_ms,2_7_new_plugin_bag,263,1779954845841991662,26.449479655,27.422
inference_ms,2_7_new_plugin_bag,264,1779954845942037961,26.549525954,30.601
inference_ms,2_7_new_plugin_bag,265,1779954846058430552,26.665918545,32.38
inference_ms,2_7_new_plugin_bag,266,1779954846171731479,26.779219472,36.824
inference_ms,2_7_new_plugin_bag,267,1779954846250999286,26.858487279000002,37.275
inference_ms,2_7_new_plugin_bag,268,1779954846360144706,26.967632699000003,40.522
inference_ms,2_7_new_plugin_bag,269,1779954846428875152,27.036363145000003,27.438
inference_ms,2_7_new_plugin_bag,270,1779954846534880709,27.142368702000002,31.79
inference_ms,2_7_new_plugin_bag,271,1779954846628261668,27.235749661000003,31.119
inference_ms,2_7_new_plugin_bag,272,1779954846740596240,27.348084233,32.435
inference_ms,2_7_new_plugin_bag,273,1779954846828708985,27.436196978,28.942
inference_ms,2_7_new_plugin_bag,274,1779954846985762093,27.593250086,52.024
inference_ms,2_7_new_plugin_bag,275,1779954847062039775,27.669527768000002,37.843
inference_ms,2_7_new_plugin_bag,276,1779954847162165516,27.769653509,48.796
inference_ms,2_7_new_plugin_bag,277,1779954847273163476,27.880651469,45.663
inference_ms,2_7_new_plugin_bag,278,1779954847357666917,27.965154910000003,34.757
inference_ms,2_7_new_plugin_bag,279,1779954847460913671,28.068401664000003,38.581
inference_ms,2_7_new_plugin_bag,280,1779954847596950773,28.204438766000003,70.0
inference_ms,2_7_new_plugin_bag,281,1779954847645428454,28.252916447,34.793
inference_ms,2_7_new_plugin_bag,282,1779954847797454143,28.404942136000003,46.38
inference_ms,2_7_new_plugin_bag,283,1779954847839779165,28.447267158000002,32.625
inference_ms,2_7_new_plugin_bag,284,1779954847963940753,28.571428746000002,36.401
inference_ms,2_7_new_plugin_bag,285,1779954848058770001,28.666257994000002,32.439
inference_ms,2_7_new_plugin_bag,286,1779954848189008620,28.796496613000002,45.782
inference_ms,2_7_new_plugin_bag,287,1779954848252109015,28.859597008,32.269
inference_ms,2_7_new_plugin_bag,288,1779954848329760192,28.937248185,33.488
inference_ms,2_7_new_plugin_bag,289,1779954848435276854,29.042764847,32.349
inference_ms,2_7_new_plugin_bag,290,1779954848545094878,29.152582871000003,30.821
inference_ms,2_7_new_plugin_bag,291,1779954848645476011,29.252964004000003,34.586
inference_ms,2_7_new_plugin_bag,292,1779954848738692885,29.346180878000002,33.475
inference_ms,2_7_new_plugin_bag,293,1779954848857456299,29.464944292000002,33.248
inference_ms,2_7_new_plugin_bag,294,1779954848958006292,29.565494285000003,33.675
inference_ms,2_7_new_plugin_bag,295,1779954849029160868,29.636648861,29.379
inference_ms,2_7_new_plugin_bag,296,1779954849148003037,29.75549103,30.57
inference_ms,2_7_new_plugin_bag,297,1779954849233706668,29.841194661000003,32.286
inference_ms,2_7_new_plugin_bag,298,1779954849334552545,29.942040538,28.611
inference_ms,2_7_new_plugin_bag,299,1779954849435278382,30.042766375000003,32.298
inference_ms,2_7_new_plugin_bag,300,1779954849572028063,30.179516056,48.833
inference_ms,2_7_new_plugin_bag,301,1779954849657495659,30.264983652,31.97
inference_ms,2_7_new_plugin_bag,302,1779954849735483687,30.34297168,31.5
inference_ms,2_7_new_plugin_bag,303,1779954849870391383,30.477879376,42.224
inference_ms,2_7_new_plugin_bag,304,1779954849972401949,30.579889942,33.669
inference_ms,2_7_new_plugin_bag,305,1779954850048731811,30.656219804000003,30.479
inference_ms,2_7_new_plugin_bag,306,1779954850146034212,30.753522205000003,33.446
inference_ms,2_7_new_plugin_bag,307,1779954850253980280,30.861468273000003,34.808
inference_ms,2_7_new_plugin_bag,308,1779954850331277312,30.938765305,28.845
inference_ms,2_7_new_plugin_bag,309,1779954850475804465,31.083292458000003,38.954
inference_ms,2_7_new_plugin_bag,310,1779954850536769050,31.144257043000003,31.506
inference_ms,2_7_new_plugin_bag,311,1779954850637915248,31.245403241,33.079
inference_ms,2_7_new_plugin_bag,312,1779954850735142710,31.342630703,32.056
inference_ms,2_7_new_plugin_bag,313,1779954850836268631,31.443756624000002,28.246
inference_ms,2_7_new_plugin_bag,314,1779954850940927049,31.548415042000002,39.72
inference_ms,2_7_new_plugin_bag,315,1779954851049797079,31.657285072,27.378
inference_ms,2_7_new_plugin_bag,316,1779954851158717181,31.766205174000003,35.295
inference_ms,2_7_new_plugin_bag,317,1779954851236352984,31.843840977000003,32.263
inference_ms,2_7_new_plugin_bag,318,1779954851355887097,31.963375090000003,29.89
inference_ms,2_7_new_plugin_bag,319,1779954851437505305,32.044993298,27.693
inference_ms,2_7_new_plugin_bag,320,1779954851548419730,32.155907723,31.822
inference_ms,2_7_new_plugin_bag,321,1779954851635626981,32.243114974,28.594
inference_ms,2_7_new_plugin_bag,322,1779954851756203966,32.363691959,32.708
inference_ms,2_7_new_plugin_bag,323,1779954851865180777,32.47266877,35.167
inference_ms,2_7_new_plugin_bag,324,1779954851942417410,32.549905403000004,33.731
inference_ms,2_7_new_plugin_bag,325,1779954852080701836,32.688189829,40.077
inference_ms,2_7_new_plugin_bag,326,1779954852131412227,32.738900220000005,28.321
inference_ms,2_7_new_plugin_bag,327,1779954852240735306,32.848223299000004,32.584
inference_ms,2_7_new_plugin_bag,328,1779954852365464581,32.972952574000004,39.324
inference_ms,2_7_new_plugin_bag,329,1779954852456808599,33.064296592000005,37.707
inference_ms,2_7_new_plugin_bag,330,1779954852536146773,33.143634766000005,30.337
inference_ms,2_7_new_plugin_bag,331,1779954852644383505,33.251871498,33.039
inference_ms,2_7_new_plugin_bag,332,1779954852782616655,33.390104648000005,45.144
inference_ms,2_7_new_plugin_bag,333,1779954852829693566,33.437181559,29.72
inference_ms,2_7_new_plugin_bag,334,1779954852946543726,33.554031719,31.86
inference_ms,2_7_new_plugin_bag,335,1779954853057945616,33.665433609000004,41.218
inference_ms,2_7_new_plugin_bag,336,1779954853141564845,33.749052838000004,36.765
inference_ms,2_7_new_plugin_bag,337,1779954853231959338,33.839447331,30.435
inference_ms,2_7_new_plugin_bag,338,1779954853368903712,33.976391705000005,39.989
inference_ms,2_7_new_plugin_bag,339,1779954853459117742,34.066605735,31.389
inference_ms,2_7_new_plugin_bag,340,1779954853554283218,34.161771211,42.636
inference_ms,2_7_new_plugin_bag,341,1779954853682731881,34.290219874,41.889
inference_ms,2_7_new_plugin_bag,342,1779954853769934718,34.377422711,41.136
inference_ms,2_7_new_plugin_bag,343,1779954853878585020,34.486073013,42.33
inference_ms,2_7_new_plugin_bag,344,1779954853997739202,34.605227195000005,60.088
inference_ms,2_7_new_plugin_bag,345,1779954854058496896,34.665984889,36.505
inference_ms,2_7_new_plugin_bag,346,1779954854149828909,34.757316902,34.623
inference_ms,2_7_new_plugin_bag,347,1779954854237166689,34.844654682000005,32.917
inference_ms,2_7_new_plugin_bag,348,1779954854357924850,34.965412843,32.669
inference_ms,2_7_new_plugin_bag,349,1779954854432693734,35.040181727000004,32.706
inference_ms,2_7_new_plugin_bag,350,1779954854554102683,35.161590676,33.541
inference_ms,2_7_new_plugin_bag,351,1779954854678285558,35.285773551000005,41.739
inference_ms,2_7_new_plugin_bag,352,1779954854727849589,35.335337582,32.249
inference_ms,2_7_new_plugin_bag,353,1779954854859174619,35.466662612,34.588
inference_ms,2_7_new_plugin_bag,354,1779954854954969250,35.562457243000004,34.131
inference_ms,2_7_new_plugin_bag,355,1779954855038073808,35.645561801,31.766
inference_ms,2_7_new_plugin_bag,356,1779954855153344304,35.760832297,36.482
inference_ms,2_7_new_plugin_bag,357,1779954855299186566,35.906674559,47.474
inference_ms,2_7_new_plugin_bag,358,1779954855368429614,35.975917607,57.923
inference_ms,2_7_new_plugin_bag,359,1779954855478996698,36.086484691,32.8
inference_ms,2_7_new_plugin_bag,360,1779954855546265621,36.153753614,33.695
inference_ms,2_7_new_plugin_bag,361,1779954855668588355,36.276076348000004,39.221
inference_ms,2_7_new_plugin_bag,362,1779954855743490369,36.350978362,31.836
inference_ms,2_7_new_plugin_bag,363,1779954855840605445,36.448093438,30.166
inference_ms,2_7_new_plugin_bag,364,1779954855970575249,36.578063242,35.104
inference_ms,2_7_new_plugin_bag,365,1779954856072718621,36.680206614,50.79
inference_ms,2_7_new_plugin_bag,366,1779954856139800443,36.747288436000005,30.99
inference_ms,2_7_new_plugin_bag,367,1779954856305479078,36.912967071000004,55.024
inference_ms,2_7_new_plugin_bag,368,1779954856344491436,36.951979429000005,35.222
inference_ms,2_7_new_plugin_bag,369,1779954856468113932,37.075601925,36.828
inference_ms,2_7_new_plugin_bag,370,1779954856556963503,37.164451496000005,34.161
inference_ms,2_7_new_plugin_bag,371,1779954856646724369,37.254212362000004,32.968
inference_ms,2_7_new_plugin_bag,372,1779954856745984024,37.353472017,33.241
inference_ms,2_7_new_plugin_bag,373,1779954856862167348,37.469655341,38.24
inference_ms,2_7_new_plugin_bag,374,1779954856931653060,37.539141053,35.717
inference_ms,2_7_new_plugin_bag,375,1779954857034169232,37.641657225,29.379
inference_ms,2_7_new_plugin_bag,376,1779954857138827090,37.746315083,32.348
inference_ms,2_7_new_plugin_bag,377,1779954857230226351,37.837714344000005,30.764
inference_ms,2_7_new_plugin_bag,378,1779954857330144044,37.937632037,30.482
inference_ms,2_7_new_plugin_bag,379,1779954857432606402,38.040094395000004,31.616
inference_ms,2_7_new_plugin_bag,380,1779954857553718398,38.161206391,31.399
inference_ms,2_7_new_plugin_bag,381,1779954857643925150,38.251413143,31.463
inference_ms,2_7_new_plugin_bag,382,1779954857756294634,38.363782627,33.126
inference_ms,2_7_new_plugin_bag,383,1779954857853702765,38.461190758,34.628
inference_ms,2_7_new_plugin_bag,384,1779954857983294722,38.590782715,49.237
inference_ms,2_7_new_plugin_bag,385,1779954858065186598,38.672674591,32.922
inference_ms,2_7_new_plugin_bag,386,1779954858159240995,38.766728988000004,38.998
inference_ms,2_7_new_plugin_bag,387,1779954858263183277,38.87067127,30.66
inference_ms,2_7_new_plugin_bag,388,1779954858367126974,38.974614967,52.558
inference_ms,2_7_new_plugin_bag,389,1779954858453385274,39.060873267000005,33.958
inference_ms,2_7_new_plugin_bag,390,1779954858556692405,39.164180398,33.628
inference_ms,2_7_new_plugin_bag,391,1779954858645105360,39.252593353,34.464
inference_ms,2_7_new_plugin_bag,392,1779954858733241444,39.340729437,30.59
inference_ms,2_7_new_plugin_bag,393,1779954858853783993,39.461271986,33.176
inference_ms,2_7_new_plugin_bag,394,1779954858977010217,39.58449821,57.231
inference_ms,2_7_new_plugin_bag,395,1779954859033678298,39.641166291000005,32.48
inference_ms,2_7_new_plugin_bag,396,1779954859133240041,39.740728034,30.99
inference_ms,2_7_new_plugin_bag,397,1779954859261882216,39.869370209,33.134
inference_ms,2_7_new_plugin_bag,398,1779954859373567327,39.98105532,51.128
inference_ms,2_7_new_plugin_bag,399,1779954859441304765,40.048792758000005,33.792
inference_ms,2_7_new_plugin_bag,400,1779954859538174642,40.145662635,30.083
inference_ms,2_7_new_plugin_bag,401,1779954859683067449,40.290555442000006,37.347
inference_ms,2_7_new_plugin_bag,402,1779954859738867594,40.346355587000005,32.977
inference_ms,2_7_new_plugin_bag,403,1779954859836061055,40.443549048,33.777
inference_ms,2_7_new_plugin_bag,404,1779954859953607166,40.561095159000004,36.326
inference_ms,2_7_new_plugin_bag,405,1779954860100110909,40.707598902,50.556
inference_ms,2_7_new_plugin_bag,406,1779954860141029588,40.748517581,31.675
inference_ms,2_7_new_plugin_bag,407,1779954860277531217,40.88501921,42.692
inference_ms,2_7_new_plugin_bag,408,1779954860375666947,40.983154940000006,59.889
inference_ms,2_7_new_plugin_bag,409,1779954860445272988,41.052760981000006,30.369
inference_ms,2_7_new_plugin_bag,410,1779954860560905666,41.168393659,39.017
inference_ms,2_7_new_plugin_bag,411,1779954860638716704,41.246204697,29.157
inference_ms,2_7_new_plugin_bag,412,1779954860803536305,41.411024298,60.454
inference_ms,2_7_new_plugin_bag,413,1779954860869352977,41.476840970000005,31.719
inference_ms,2_7_new_plugin_bag,414,1779954860948317424,41.555805417,30.791
inference_ms,2_7_new_plugin_bag,415,1779954861043398685,41.650886678,31.541
inference_ms,2_7_new_plugin_bag,416,1779954861156723266,41.764211259,35.523
inference_ms,2_7_new_plugin_bag,417,1779954861229365186,41.836853179,28.337
inference_ms,2_7_new_plugin_bag,418,1779954861364495019,41.971983012,46.683
inference_ms,2_7_new_plugin_bag,419,1779954861439180240,42.046668233000005,30.073
inference_ms,2_7_new_plugin_bag,420,1779954861546425908,42.153913901,29.653
inference_ms,2_7_new_plugin_bag,421,1779954861658893714,42.266381707,32.149
inference_ms,2_7_new_plugin_bag,422,1779954861753170050,42.360658043,41.563
inference_ms,2_7_new_plugin_bag,423,1779954861838383520,42.445871513,34.793
inference_ms,2_7_new_plugin_bag,424,1779954861956428255,42.563916248000005,34.139
inference_ms,2_7_new_plugin_bag,425,1779954862038471697,42.645959690000005,35.432
inference_ms,2_7_new_plugin_bag,426,1779954862168623536,42.776111529000005,37.366
inference_ms,2_7_new_plugin_bag,427,1779954862241232038,42.848720031,32.501
inference_ms,2_7_new_plugin_bag,428,1779954862336659469,42.944147462000004,32.891
inference_ms,2_7_new_plugin_bag,429,1779954862435940692,43.043428685,32.936
inference_ms,2_7_new_plugin_bag,430,1779954862559367753,43.166855746,34.011
inference_ms,2_7_new_plugin_bag,431,1779954862659503618,43.266991611,35.111
inference_ms,2_7_new_plugin_bag,432,1779954862763807338,43.371295331000006,39.941
inference_ms,2_7_new_plugin_bag,433,1779954862839719961,43.447207954,32.571
inference_ms,2_7_new_plugin_bag,434,1779954862935293100,43.542781093,31.534
inference_ms,2_7_new_plugin_bag,435,1779954863043569997,43.651057990000005,34.08
inference_ms,2_7_new_plugin_bag,436,1779954863153752295,43.761240288,34.574
inference_ms,2_7_new_plugin_bag,437,1779954863264642909,43.872130902,31.619
inference_ms,2_7_new_plugin_bag,438,1779954863358031845,43.965519838000006,32.659
inference_ms,2_7_new_plugin_bag,439,1779954863449926692,44.057414685000005,33.494
inference_ms,2_7_new_plugin_bag,440,1779954863575062030,44.182550023000005,41.686
inference_ms,2_7_new_plugin_bag,441,1779954863650262666,44.257750659,35.821
inference_ms,2_7_new_plugin_bag,442,1779954863738935578,44.346423571,31.696
inference_ms,2_7_new_plugin_bag,443,1779954863856638291,44.464126284,32.507
inference_ms,2_7_new_plugin_bag,444,1779954863950921864,44.558409857,31.249
inference_ms,2_7_new_plugin_bag,445,1779954864062520715,44.670008708000005,41.908
inference_ms,2_7_new_plugin_bag,446,1779954864135872539,44.743360532000004,34.249
inference_ms,2_7_new_plugin_bag,447,1779954864246464310,44.853952303,32.827
inference_ms,2_7_new_plugin_bag,448,1779954864338954122,44.946442115,33.188
inference_ms,2_7_new_plugin_bag,449,1779954864463852079,45.071340072000005,41.667
inference_ms,2_7_new_plugin_bag,450,1779954864559590354,45.167078347,35.081
inference_ms,2_7_new_plugin_bag,451,1779954864647194558,45.254682551,32.132
inference_ms,2_7_new_plugin_bag,452,1779954864807707235,45.415195228,48.724
inference_ms,2_7_new_plugin_bag,453,1779954864842898547,45.450386540000004,29.601
inference_ms,2_7_new_plugin_bag,454,1779954864954855823,45.562343816,33.061
inference_ms,2_7_new_plugin_bag,455,1779954865064241699,45.671729692,31.314
inference_ms,2_7_new_plugin_bag,456,1779954865153657155,45.761145148000004,33.019
inference_ms,2_7_new_plugin_bag,457,1779954865235433972,45.842921965,35.491
inference_ms,2_7_new_plugin_bag,458,1779954865363941343,45.971429336,37.274
inference_ms,2_7_new_plugin_bag,459,1779954865482886651,46.090374644,39.696
inference_ms,2_7_new_plugin_bag,460,1779954865546770206,46.154258199000004,31.823
inference_ms,2_7_new_plugin_bag,461,1779954865654562800,46.262050793,32.271
inference_ms,2_7_new_plugin_bag,462,1779954865739855208,46.347343201,31.568
inference_ms,2_7_new_plugin_bag,463,1779954865836253367,46.443741360000004,35.938
inference_ms,2_7_new_plugin_bag,464,1779954865929554566,46.537042559,31.771
inference_ms,2_7_new_plugin_bag,465,1779954866059629537,46.667117530000006,32.69
inference_ms,2_7_new_plugin_bag,466,1779954866156494942,46.763982935,37.51
inference_ms,2_7_new_plugin_bag,467,1779954866257874787,46.865362780000005,36.095
inference_ms,2_7_new_plugin_bag,468,1779954866350135710,46.957623703,43.345
inference_ms,2_7_new_plugin_bag,469,1779954866502612136,47.110100129,47.784
inference_ms,2_7_new_plugin_bag,470,1779954866560710705,47.168198698000005,34.35
inference_ms,2_7_new_plugin_bag,471,1779954866672636250,47.280124243,43.567
inference_ms,2_7_new_plugin_bag,472,1779954866779812416,47.387300409000005,50.352
inference_ms,2_7_new_plugin_bag,473,1779954866857225922,47.464713915000004,32.553
inference_ms,2_7_new_plugin_bag,474,1779954866957780658,47.565268651000004,39.726
inference_ms,2_7_new_plugin_bag,475,1779954867052958404,47.660446397,28.012
inference_ms,2_7_new_plugin_bag,476,1779954867164306249,47.771794242000006,39.389
inference_ms,2_7_new_plugin_bag,477,1779954867272247429,47.879735422,39.155
inference_ms,2_7_new_plugin_bag,478,1779954867340411420,47.947899413,33.79
inference_ms,2_7_new_plugin_bag,479,1779954867433764096,48.041252089000004,31.24
inference_ms,2_7_new_plugin_bag,480,1779954867572158084,48.179646077,33.463
inference_ms,2_7_new_plugin_bag,481,1779954867665562354,48.273050347,33.344
inference_ms,2_7_new_plugin_bag,482,1779954867774110505,48.381598498,39.7
inference_ms,2_7_new_plugin_bag,483,1779954867841004917,48.448492910000006,34.246
inference_ms,2_7_new_plugin_bag,484,1779954867934979867,48.54246786,30.573
inference_ms,2_7_new_plugin_bag,485,1779954868057709804,48.665197797000005,29.776
inference_ms,2_7_new_plugin_bag,486,1779954868164822239,48.772310232,37.065
inference_ms,2_7_new_plugin_bag,487,1779954868266022848,48.873510841000005,38.899
inference_ms,2_7_new_plugin_bag,488,1779954868354612113,48.962100106,37.902
inference_ms,2_7_new_plugin_bag,489,1779954868491409392,49.098897385,44.706
inference_ms,2_7_new_plugin_bag,490,1779954868542254630,49.149742623,28.448
inference_ms,2_7_new_plugin_bag,491,1779954868653687965,49.261175958,35.214
inference_ms,2_7_new_plugin_bag,492,1779954868778214491,49.38570248400001,39.968
inference_ms,2_7_new_plugin_bag,493,1779954868838784274,49.446272267000005,32.543
inference_ms,2_7_new_plugin_bag,494,1779954868931136253,49.538624246000005,30.345
inference_ms,2_7_new_plugin_bag,495,1779954869031080203,49.638568196,29.729
inference_ms,2_7_new_plugin_bag,496,1779954869157422923,49.764910916000005,30.434
inference_ms,2_7_new_plugin_bag,497,1779954869244568080,49.852056073,28.988
inference_ms,2_7_new_plugin_bag,498,1779954869356427891,49.963915884,35.157
inference_ms,2_7_new_plugin_bag,499,1779954869460494105,50.067982098,33.087
inference_ms,2_7_new_plugin_bag,500,1779954869565979329,50.173467322,29.921
inference_ms,2_7_new_plugin_bag,501,1779954869649388126,50.256876119000005,32.231
inference_ms,2_7_new_plugin_bag,502,1779954869740240521,50.347728514,32.413
inference_ms,2_7_new_plugin_bag,503,1779954869840777747,50.448265740000004,27.707
inference_ms,2_7_new_plugin_bag,504,1779954869962903950,50.570391943000004,41.83
inference_ms,2_7_new_plugin_bag,505,1779954870055705595,50.663193588000006,26.424
inference_ms,2_7_new_plugin_bag,506,1779954870184152119,50.791640112,34.829
inference_ms,2_7_new_plugin_bag,507,1779954870253097680,50.860585673,35.492
inference_ms,2_7_new_plugin_bag,508,1779954870362347154,50.969835147000005,32.81
inference_ms,2_7_new_plugin_bag,509,1779954870430136375,51.037624368,28.679
inference_ms,2_7_new_plugin_bag,510,1779954870559807783,51.167295776,33.002
inference_ms,2_7_new_plugin_bag,511,1779954870632312661,51.239800654,30.859
inference_ms,2_7_new_plugin_bag,512,1779954870733984468,51.341472461,32.241
inference_ms,2_7_new_plugin_bag,513,1779954870830872753,51.438360746,29.231
inference_ms,2_7_new_plugin_bag,514,1779954870938261471,51.545749464000004,32.528
inference_ms,2_7_new_plugin_bag,515,1779954871042858442,51.650346435,30.831
inference_ms,2_7_new_plugin_bag,516,1779954871150152049,51.757640042000006,30.245
inference_ms,2_7_new_plugin_bag,517,1779954871251841540,51.859329533,31.46
inference_ms,2_7_new_plugin_bag,518,1779954871342053329,51.949541322,29.62
inference_ms,2_7_new_plugin_bag,519,1779954871451865767,52.05935376,31.975
inference_ms,2_7_new_plugin_bag,520,1779954871558298497,52.16578649,31.939
inference_ms,2_7_new_plugin_bag,521,1779954871671963849,52.279451842,37.553
inference_ms,2_7_new_plugin_bag,522,1779954871732444396,52.339932389000005,33.197
inference_ms,2_7_new_plugin_bag,523,1779954871846940591,52.454428584000006,33.047
inference_ms,2_7_new_plugin_bag,524,1779954871939891574,52.547379567,33.263
inference_ms,2_7_new_plugin_bag,525,1779954872069489297,52.67697729,38.218
inference_ms,2_7_new_plugin_bag,526,1779954872148063982,52.755551975,33.229
inference_ms,2_7_new_plugin_bag,527,1779954872251057396,52.85854538900001,32.238
inference_ms,2_7_new_plugin_bag,528,1779954872382279942,52.989767935,34.14
inference_ms,2_7_new_plugin_bag,529,1779954872468298337,53.07578633000001,37.31
inference_ms,2_7_new_plugin_bag,530,1779954872531403549,53.138891542,28.363
inference_ms,2_7_new_plugin_bag,531,1779954872631364999,53.238852992000005,29.892
inference_ms,2_7_new_plugin_bag,532,1779954872739304738,53.346792731,33.957
inference_ms,2_7_new_plugin_bag,533,1779954872859744049,53.467232042000006,37.199
inference_ms,2_7_new_plugin_bag,534,1779954872968329018,53.575817011000005,39.574
inference_ms,2_7_new_plugin_bag,535,1779954873062368069,53.669856062,31.092
inference_ms,2_7_new_plugin_bag,536,1779954873152281105,53.75976909800001,40.693
inference_ms,2_7_new_plugin_bag,537,1779954873285746083,53.893234076000006,43.664
inference_ms,2_7_new_plugin_bag,538,1779954873350554021,53.958042014,34.398
inference_ms,2_7_new_plugin_bag,539,1779954873439333982,54.046821975,33.615
inference_ms,2_7_new_plugin_bag,540,1779954873536170815,54.143658808000005,34.217
inference_ms,2_7_new_plugin_bag,541,1779954873642815007,54.250303,28.27
inference_ms,2_7_new_plugin_bag,542,1779954873769893607,54.37738160000001,31.163
inference_ms,2_7_new_plugin_bag,543,1779954873868725100,54.476213093000005,39.962
inference_ms,2_7_new_plugin_bag,544,1779954873939780541,54.547268534000004,26.978
inference_ms,2_7_new_plugin_bag,545,1779954874055712068,54.663200061000005,32.538
inference_ms,2_7_new_plugin_bag,546,1779954874139625056,54.747113049000006,30.727
inference_ms,2_7_new_plugin_bag,547,1779954874241068880,54.84855687300001,29.745
inference_ms,2_7_new_plugin_bag,548,1779954874371042605,54.978530598000006,35.516
inference_ms,2_7_new_plugin_bag,549,1779954874452865304,55.060353297000006,30.031
inference_ms,2_7_new_plugin_bag,550,1779954874535502659,55.142990652,29.961
inference_ms,2_7_new_plugin_bag,551,1779954874643709075,55.251197068,32.345
inference_ms,2_7_new_plugin_bag,552,1779954874748619720,55.356107713,30.004
inference_ms,2_7_new_plugin_bag,553,1779954874886362475,55.493850468000005,45.617
inference_ms,2_7_new_plugin_bag,554,1779954874936659321,55.544147314,32.579
inference_ms,2_7_new_plugin_bag,555,1779954875065270992,55.672758985,40.279
inference_ms,2_7_new_plugin_bag,556,1779954875129824552,55.737312545,29.953
inference_ms,2_7_new_plugin_bag,557,1779954875250603892,55.858091885,35.39
inference_ms,2_7_new_plugin_bag,558,1779954875376691460,55.984179453,38.699
inference_ms,2_7_new_plugin_bag,559,1779954875438288329,56.045776322,28.646
inference_ms,2_7_new_plugin_bag,560,1779954875545469220,56.152957213,34.932
inference_ms,2_7_new_plugin_bag,561,1779954875663723661,56.271211654000005,39.35
inference_ms,2_7_new_plugin_bag,562,1779954875782278893,56.389766886000004,63.288
inference_ms,2_7_new_plugin_bag,563,1779954875869035852,56.476523845,45.138
inference_ms,2_7_new_plugin_bag,564,1779954875952876538,56.560364531000005,38.006
inference_ms,2_7_new_plugin_bag,565,1779954876066004817,56.673492810000006,44.575
inference_ms,2_7_new_plugin_bag,566,1779954876150522329,56.758010322000004,35.273
inference_ms,2_7_new_plugin_bag,567,1779954876267835392,56.875323385,44.302
inference_ms,2_7_new_plugin_bag,568,1779954876336438237,56.94392623,31.612
inference_ms,2_7_new_plugin_bag,569,1779954876446330803,57.053818796,34.518
inference_ms,2_7_new_plugin_bag,570,1779954876564817378,57.172305371,44.391
inference_ms,2_7_new_plugin_bag,571,1779954876681906998,57.289394991,50.305
inference_ms,2_7_new_plugin_bag,572,1779954876741367547,57.34885554,31.989
inference_ms,2_7_new_plugin_bag,573,1779954876883574073,57.491062066000005,42.581
inference_ms,2_7_new_plugin_bag,574,1779954876975272666,57.582760659,47.549
inference_ms,2_7_new_plugin_bag,575,1779954877055098816,57.662586809000004,34.72
inference_ms,2_7_new_plugin_bag,576,1779954877165289995,57.772777988,39.364
inference_ms,2_7_new_plugin_bag,577,1779954877228902248,57.836390241000004,28.947
inference_ms,2_7_new_plugin_bag_2,0,1779961608395029894,0.0,29.417
inference_ms,2_7_new_plugin_bag_2,1,1779961608507140150,0.112110256,29.872
inference_ms,2_7_new_plugin_bag_2,2,1779961608603042279,0.20801238500000002,28.406
inference_ms,2_7_new_plugin_bag_2,3,1779961608698724831,0.303694937,30.211
inference_ms,2_7_new_plugin_bag_2,4,1779961608808099054,0.41306916000000005,25.298
inference_ms,2_7_new_plugin_bag_2,5,1779961608895915325,0.500885431,25.033
inference_ms,2_7_new_plugin_bag_2,6,1779961609026998551,0.631968657,32.461
inference_ms,2_7_new_plugin_bag_2,7,1779961609091269652,0.696239758,29.437
inference_ms,2_7_new_plugin_bag_2,8,1779961609192551795,0.7975219010000001,26.943
inference_ms,2_7_new_plugin_bag_2,9,1779961609318916800,0.923886906,32.792
inference_ms,2_7_new_plugin_bag_2,10,1779961609389644296,0.9946144020000001,25.316
inference_ms,2_7_new_plugin_bag_2,11,1779961609512299006,1.117269112,24.953
inference_ms,2_7_new_plugin_bag_2,12,1779961609605260325,1.210230431,26.757
inference_ms,2_7_new_plugin_bag_2,13,1779961609692743470,1.297713576,27.38
inference_ms,2_7_new_plugin_bag_2,14,1779961609808908433,1.4138785390000002,31.998
inference_ms,2_7_new_plugin_bag_2,15,1779961609908776502,1.5137466080000002,25.233
inference_ms,2_7_new_plugin_bag_2,16,1779961609999260024,1.6042301300000001,27.743
inference_ms,2_7_new_plugin_bag_2,17,1779961610095154548,1.7001246540000001,26.827
inference_ms,2_7_new_plugin_bag_2,18,1779961610194389587,1.7993596930000002,28.147
inference_ms,2_7_new_plugin_bag_2,19,1779961610315955748,1.920925854,41.475
inference_ms,2_7_new_plugin_bag_2,20,1779961610407953189,2.0129232950000002,30.355
inference_ms,2_7_new_plugin_bag_2,21,1779961610515647519,2.120617625,27.905
inference_ms,2_7_new_plugin_bag_2,22,1779961610635862620,2.2408327260000003,34.056
inference_ms,2_7_new_plugin_bag_2,23,1779961610715408613,2.3203787190000003,26.842
inference_ms,2_7_new_plugin_bag_2,24,1779961610818466306,2.423436412,32.706
inference_ms,2_7_new_plugin_bag_2,25,1779961610910059846,2.5150299520000003,28.129
inference_ms,2_7_new_plugin_bag_2,26,1779961610992345259,2.597315365,25.71
inference_ms,2_7_new_plugin_bag_2,27,1779961611097265410,2.702235516,30.918
inference_ms,2_7_new_plugin_bag_2,28,1779961611229638196,2.8346083020000004,32.552
inference_ms,2_7_new_plugin_bag_2,29,1779961611332200943,2.9371710490000003,36.131
inference_ms,2_7_new_plugin_bag_2,30,1779961611417669704,3.0226398100000003,32.896
inference_ms,2_7_new_plugin_bag_2,31,1779961611525329094,3.1302992,27.407
inference_ms,2_7_new_plugin_bag_2,32,1779961611634719899,3.2396900050000004,45.681
inference_ms,2_7_new_plugin_bag_2,33,1779961611762541113,3.3675112190000003,41.607
inference_ms,2_7_new_plugin_bag_2,34,1779961611830413194,3.4353833000000003,32.086
inference_ms,2_7_new_plugin_bag_2,35,1779961611977151188,3.5821212940000002,79.787
inference_ms,2_7_new_plugin_bag_2,36,1779961612034450727,3.6394208330000004,37.156
inference_ms,2_7_new_plugin_bag_2,37,1779961612105612681,3.7105827870000003,31.857
inference_ms,2_7_new_plugin_bag_2,38,1779961612203385865,3.808355971,33.359
inference_ms,2_7_new_plugin_bag_2,39,1779961612283549921,3.888520027,35.184
inference_ms,2_7_new_plugin_bag_2,40,1779961612431548236,4.036518342,36.719
inference_ms,2_7_new_plugin_bag_2,41,1779961612525328332,4.1302984380000005,43.803
inference_ms,2_7_new_plugin_bag_2,42,1779961612610373735,4.215343841,30.08
inference_ms,2_7_new_plugin_bag_2,43,1779961612690798782,4.2957688880000005,38.622
inference_ms,2_7_new_plugin_bag_2,44,1779961612821039354,4.42600946,31.811
inference_ms,2_7_new_plugin_bag_2,45,1779961612941375402,4.546345508,53.532
inference_ms,2_7_new_plugin_bag_2,46,1779961613022986130,4.627956236,34.1
inference_ms,2_7_new_plugin_bag_2,47,1779961613104932748,4.709902854,28.857
inference_ms,2_7_new_plugin_bag_2,48,1779961613201874991,4.806845097,29.103
inference_ms,2_7_new_plugin_bag_2,49,1779961613350285231,4.9552553370000005,58.914
inference_ms,2_7_new_plugin_bag_2,50,1779961613455628466,5.060598572,34.997
inference_ms,2_7_new_plugin_bag_2,51,1779961613493952024,5.09892213,29.099
inference_ms,2_7_new_plugin_bag_2,52,1779961613587172571,5.1921426770000005,33.143
inference_ms,2_7_new_plugin_bag_2,53,1779961613697044382,5.302014488,35.84
inference_ms,2_7_new_plugin_bag_2,54,1779961613794603302,5.399573408,33.045
inference_ms,2_7_new_plugin_bag_2,55,1779961613891847300,5.496817406,32.795
inference_ms,2_7_new_plugin_bag_2,56,1779961614026922439,5.631892545,33.603
inference_ms,2_7_new_plugin_bag_2,57,1779961614095466914,5.700437020000001,27.372
inference_ms,2_7_new_plugin_bag_2,58,1779961614212173533,5.817143639,27.552
inference_ms,2_7_new_plugin_bag_2,59,1779961614300051382,5.905021488,30.207
inference_ms,2_7_new_plugin_bag_2,60,1779961614390519493,5.995489599000001,28.639
inference_ms,2_7_new_plugin_bag_2,61,1779961614524241098,6.129211204000001,43.079
inference_ms,2_7_new_plugin_bag_2,62,1779961614625645980,6.230616086,35.964
inference_ms,2_7_new_plugin_bag_2,63,1779961614710246394,6.3152165,37.115
inference_ms,2_7_new_plugin_bag_2,64,1779961614809242070,6.414212176,36.669
inference_ms,2_7_new_plugin_bag_2,65,1779961614891361039,6.496331145,33.44
inference_ms,2_7_new_plugin_bag_2,66,1779961615030899063,6.635869169,32.178
inference_ms,2_7_new_plugin_bag_2,67,1779961615131036363,6.736006469,38.571
inference_ms,2_7_new_plugin_bag_2,68,1779961615205130264,6.810100370000001,30.83
inference_ms,2_7_new_plugin_bag_2,69,1779961615291230248,6.896200354,31.438
inference_ms,2_7_new_plugin_bag_2,70,1779961615404680460,7.009650566,30.069
inference_ms,2_7_new_plugin_bag_2,71,1779961615484668702,7.089638808,30.22
inference_ms,2_7_new_plugin_bag_2,72,1779961615611038897,7.216009003000001,29.863
inference_ms,2_7_new_plugin_bag_2,73,1779961615706047080,7.311017186000001,29.021
inference_ms,2_7_new_plugin_bag_2,74,1779961615805549960,7.410520066,29.654
inference_ms,2_7_new_plugin_bag_2,75,1779961615893299790,7.498269896,31.132
inference_ms,2_7_new_plugin_bag_2,76,1779961616007518146,7.612488252,30.24
inference_ms,2_7_new_plugin_bag_2,77,1779961616088565325,7.693535431000001,32.807
inference_ms,2_7_new_plugin_bag_2,78,1779961616187756303,7.792726409,26.65
inference_ms,2_7_new_plugin_bag_2,79,1779961616282317248,7.887287354000001,29.398
inference_ms,2_7_new_plugin_bag_2,80,1779961616396105554,8.00107566,28.926
inference_ms,2_7_new_plugin_bag_2,81,1779961616488247657,8.093217763,27.927
inference_ms,2_7_new_plugin_bag_2,82,1779961616633670725,8.238640831,39.682
inference_ms,2_7_new_plugin_bag_2,83,1779961616715239057,8.320209163000001,28.345
inference_ms,2_7_new_plugin_bag_2,84,1779961616808738605,8.413708711,33.918
inference_ms,2_7_new_plugin_bag_2,85,1779961616886071279,8.491041385,28.337
inference_ms,2_7_new_plugin_bag_2,86,1779961617033489641,8.638459747,29.638
inference_ms,2_7_new_plugin_bag_2,87,1779961617099340129,8.704310235000001,27.764
inference_ms,2_7_new_plugin_bag_2,88,1779961617225590107,8.830560213,34.8
inference_ms,2_7_new_plugin_bag_2,89,1779961617297584009,8.902554115000001,26.358
inference_ms,2_7_new_plugin_bag_2,90,1779961617401438009,9.006408115000001,29.949
inference_ms,2_7_new_plugin_bag_2,91,1779961617486153525,9.091123631,27.426
inference_ms,2_7_new_plugin_bag_2,92,1779961617591968197,9.196938303000001,30.578
inference_ms,2_7_new_plugin_bag_2,93,1779961617678458897,9.283429003,26.684
inference_ms,2_7_new_plugin_bag_2,94,1779961617785705680,9.390675786000001,22.954
inference_ms,2_7_new_plugin_bag_2,95,1779961617897583036,9.502553142,46.032
inference_ms,2_7_new_plugin_bag_2,96,1779961618012871719,9.617841825000001,32.773
inference_ms,2_7_new_plugin_bag_2,97,1779961618094999579,9.699969685000001,30.77
inference_ms,2_7_new_plugin_bag_2,98,1779961618227633394,9.832603500000001,40.189
inference_ms,2_7_new_plugin_bag_2,99,1779961618292647610,9.897617716000001,40.973
inference_ms,2_7_new_plugin_bag_2,100,1779961618397627432,10.002597538,31.182
inference_ms,2_7_new_plugin_bag_2,101,1779961618488792111,10.093762217,27.351
inference_ms,2_7_new_plugin_bag_2,102,1779961618616874099,10.221844205,27.24
inference_ms,2_7_new_plugin_bag_2,103,1779961618682417772,10.287387878,27.944
inference_ms,2_7_new_plugin_bag_2,104,1779961618789668786,10.394638892000001,29.226
inference_ms,2_7_new_plugin_bag_2,105,1779961618906721456,10.511691562000001,28.731
inference_ms,2_7_new_plugin_bag_2,106,1779961618992318582,10.597288688,27.506
inference_ms,2_7_new_plugin_bag_2,107,1779961619100827214,10.70579732,28.6
inference_ms,2_7_new_plugin_bag_2,108,1779961619222636140,10.827606246,31.947
inference_ms,2_7_new_plugin_bag_2,109,1779961619306665525,10.911635631000001,27.949
inference_ms,2_7_new_plugin_bag_2,110,1779961619386459173,10.991429279,24.694
inference_ms,2_7_new_plugin_bag_2,111,1779961619486711584,11.091681690000001,26.207
inference_ms,2_7_new_plugin_bag_2,112,1779961619587061670,11.192031776,29.481
inference_ms,2_7_new_plugin_bag_2,113,1779961619686386132,11.291356238,27.67
inference_ms,2_7_new_plugin_bag_2,114,1779961619792231122,11.397201228,28.043
inference_ms,2_7_new_plugin_bag_2,115,1779961619920756164,11.525726270000002,44.972
inference_ms,2_7_new_plugin_bag_2,116,1779961619984692963,11.589663069,24.776
inference_ms,2_7_new_plugin_bag_2,117,1779961620079375087,11.684345193,25.726
inference_ms,2_7_new_plugin_bag_2,118,1779961620219711072,11.824681178,40.843
inference_ms,2_7_new_plugin_bag_2,119,1779961620287916648,11.892886754000001,34.408
inference_ms,2_7_new_plugin_bag_2,120,1779961620380948305,11.985918411,25.543
inference_ms,2_7_new_plugin_bag_2,121,1779961620482339243,12.087309349,29.136
inference_ms,2_7_new_plugin_bag_2,122,1779961620582852762,12.187822868000001,23.705
inference_ms,2_7_new_plugin_bag_2,123,1779961620738162125,12.343132231,34.888
inference_ms,2_7_new_plugin_bag_2,124,1779961620795356925,12.400327031000002,42.674
inference_ms,2_7_new_plugin_bag_2,125,1779961620905096079,12.510066185000001,25.611
inference_ms,2_7_new_plugin_bag_2,126,1779961620997498907,12.602469013,28.813
inference_ms,2_7_new_plugin_bag_2,127,1779961621119044156,12.724014262,36.661
inference_ms,2_7_new_plugin_bag_2,128,1779961621206904525,12.811874631,33.387
inference_ms,2_7_new_plugin_bag_2,129,1779961621343472062,12.948442168000001,53.158
inference_ms,2_7_new_plugin_bag_2,130,1779961621423161885,13.028131991,32.696
inference_ms,2_7_new_plugin_bag_2,131,1779961621495267252,13.100237358000001,28.094
inference_ms,2_7_new_plugin_bag_2,132,1779961621605739720,13.210709826,31.212
inference_ms,2_7_new_plugin_bag_2,133,1779961621709461013,13.314431119,26.626
inference_ms,2_7_new_plugin_bag_2,134,1779961621792236380,13.397206486,28.252
inference_ms,2_7_new_plugin_bag_2,135,1779961621921815913,13.526786019000001,32.869
inference_ms,2_7_new_plugin_bag_2,136,1779961621991275909,13.596246015,28.151
inference_ms,2_7_new_plugin_bag_2,137,1779961622084141189,13.689111295,26.449
inference_ms,2_7_new_plugin_bag_2,138,1779961622195123027,13.800093133,26.518
inference_ms,2_7_new_plugin_bag_2,139,1779961622309891032,13.914861138000001,35.228
inference_ms,2_7_new_plugin_bag_2,140,1779961622396205709,14.001175815000002,27.634
inference_ms,2_7_new_plugin_bag_2,141,1779961622496575459,14.101545565,30.588
inference_ms,2_7_new_plugin_bag_2,142,1779961622630523781,14.235493887,35.374
inference_ms,2_7_new_plugin_bag_2,143,1779961622682102632,14.287072738,27.076
inference_ms,2_7_new_plugin_bag_2,144,1779961622800500974,14.405471080000002,24.952
inference_ms,2_7_new_plugin_bag_2,145,1779961622899606549,14.504576655000001,28.963
inference_ms,2_7_new_plugin_bag_2,146,1779961622990900633,14.595870739,27.316
inference_ms,2_7_new_plugin_bag_2,147,1779961623094797035,14.699767141,27.324
inference_ms,2_7_new_plugin_bag_2,148,1779961623215578215,14.820548321,36.121
inference_ms,2_7_new_plugin_bag_2,149,1779961623319105639,14.924075745000001,31.9
inference_ms,2_7_new_plugin_bag_2,150,1779961623386592992,14.991563098,30.049
inference_ms,2_7_new_plugin_bag_2,151,1779961623482128750,15.087098856,32.196
inference_ms,2_7_new_plugin_bag_2,152,1779961623632317636,15.237287742000001,39.935
inference_ms,2_7_new_plugin_bag_2,153,1779961623690790131,15.295760237000001,26.352
inference_ms,2_7_new_plugin_bag_2,154,1779961623783846990,15.388817096,32.811
inference_ms,2_7_new_plugin_bag_2,155,1779961623930996005,15.535966111,28.556
inference_ms,2_7_new_plugin_bag_2,156,1779961624016391577,15.621361683000002,34.648
inference_ms,2_7_new_plugin_bag_2,157,1779961624126588068,15.731558174000002,34.278
inference_ms,2_7_new_plugin_bag_2,158,1779961624233912676,15.838882782,37.374
inference_ms,2_7_new_plugin_bag_2,159,1779961624290573288,15.895543394,30.223
inference_ms,2_7_new_plugin_bag_2,160,1779961624425071591,16.030041697,41.386
inference_ms,2_7_new_plugin_bag_2,161,1779961624508315861,16.113285967,33.355
inference_ms,2_7_new_plugin_bag_2,162,1779961624634632725,16.239602831000003,56.333
inference_ms,2_7_new_plugin_bag_2,163,1779961624719320944,16.32429105,32.741
inference_ms,2_7_new_plugin_bag_2,164,1779961624803299891,16.408269997,31.819
inference_ms,2_7_new_plugin_bag_2,165,1779961624901006803,16.505976909,32.95
inference_ms,2_7_new_plugin_bag_2,166,1779961624980746062,16.585716168,30.162
inference_ms,2_7_new_plugin_bag_2,167,1779961625110302795,16.715272901000002,30.96
inference_ms,2_7_new_plugin_bag_2,168,1779961625187299239,16.792269345,27.486
inference_ms,2_7_new_plugin_bag_2,169,1779961625329413084,16.934383190000002,30.174
inference_ms,2_7_new_plugin_bag_2,170,1779961625431180024,17.03615013,33.842
inference_ms,2_7_new_plugin_bag_2,171,1779961625489192604,17.094162710000003,26.878
inference_ms,2_7_new_plugin_bag_2,172,1779961625583604007,17.188574113,29.115
inference_ms,2_7_new_plugin_bag_2,173,1779961625692504260,17.297474366,31.653
inference_ms,2_7_new_plugin_bag_2,174,1779961625802787824,17.407757930000002,31.459
inference_ms,2_7_new_plugin_bag_2,175,1779961625902771736,17.507741842,29.342
inference_ms,2_7_new_plugin_bag_2,176,1779961625991926597,17.596896703000002,32.381
inference_ms,2_7_new_plugin_bag_2,177,1779961626098139782,17.703109888,28.072
inference_ms,2_7_new_plugin_bag_2,178,1779961626196453866,17.801423972000002,32.092
inference_ms,2_7_new_plugin_bag_2,179,1779961626292808264,17.89777837,28.179
inference_ms,2_7_new_plugin_bag_2,180,1779961626431094874,18.036064980000003,44.698
inference_ms,2_7_new_plugin_bag_2,181,1779961626508381197,18.113351303,33.267
inference_ms,2_7_new_plugin_bag_2,182,1779961626593923497,18.198893603000002,29.268
inference_ms,2_7_new_plugin_bag_2,183,1779961626699791686,18.304761792,27.154
inference_ms,2_7_new_plugin_bag_2,184,1779961626792935008,18.397905114,41.935
inference_ms,2_7_new_plugin_bag_2,185,1779961626888584339,18.493554445,25.966
inference_ms,2_7_new_plugin_bag_2,186,1779961626981690193,18.586660299000002,28.818
inference_ms,2_7_new_plugin_bag_2,187,1779961627090593006,18.695563112000002,30.831
inference_ms,2_7_new_plugin_bag_2,188,1779961627178189019,18.783159125,30.025
inference_ms,2_7_new_plugin_bag_2,189,1779961627331464456,18.936434562000002,34.267
inference_ms,2_7_new_plugin_bag_2,190,1779961627426705455,19.031675561,41.143
inference_ms,2_7_new_plugin_bag_2,191,1779961627492225386,19.097195492,29.4
inference_ms,2_7_new_plugin_bag_2,192,1779961627585864394,19.1908345,33.058
inference_ms,2_7_new_plugin_bag_2,193,1779961627690010482,19.294980588,25.663
inference_ms,2_7_new_plugin_bag_2,194,1779961627805487501,19.410457607,40.897
inference_ms,2_7_new_plugin_bag_2,195,1779961627882002773,19.486972879,29.307
inference_ms,2_7_new_plugin_bag_2,196,1779961627982639694,19.587609800000003,27.256
inference_ms,2_7_new_plugin_bag_2,197,1779961628106573648,19.711543754,35.313
inference_ms,2_7_new_plugin_bag_2,198,1779961628195054588,19.800024694,28.53
inference_ms,2_7_new_plugin_bag_2,199,1779961628287149158,19.892119264,27.482
inference_ms,2_7_new_plugin_bag_2,200,1779961628404240823,20.009210929,32.232
inference_ms,2_7_new_plugin_bag_2,201,1779961628490868787,20.095838893,30.711
inference_ms,2_7_new_plugin_bag_2,202,1779961628595394602,20.200364708000002,28.469
inference_ms,2_7_new_plugin_bag_2,203,1779961628707457611,20.312427717000002,29.427
inference_ms,2_7_new_plugin_bag_2,204,1779961628832512563,20.437482669,40.302
inference_ms,2_7_new_plugin_bag_2,205,1779961628922364834,20.527334940000003,38.087
inference_ms,2_7_new_plugin_bag_2,206,1779961629036653042,20.641623148,39.408
inference_ms,2_7_new_plugin_bag_2,207,1779961629098958976,20.703929082000002,33.942
inference_ms,2_7_new_plugin_bag_2,208,1779961629230750164,20.835720270000003,32.048
inference_ms,2_7_new_plugin_bag_2,209,1779961629296274058,20.901244164,34.866
inference_ms,2_7_new_plugin_bag_2,210,1779961629407583709,21.012553815,33.671
inference_ms,2_7_new_plugin_bag_2,211,1779961629525980586,21.130950692000003,35.863
inference_ms,2_7_new_plugin_bag_2,212,1779961629627863134,21.23283324,36.628
inference_ms,2_7_new_plugin_bag_2,213,1779961629713113437,21.318083543,30.881
inference_ms,2_7_new_plugin_bag_2,214,1779961629816755219,21.421725325,31.662
inference_ms,2_7_new_plugin_bag_2,215,1779961629886144187,21.491114293000003,28.653
inference_ms,2_7_new_plugin_bag_2,216,1779961629995225916,21.600196022000002,29.981
inference_ms,2_7_new_plugin_bag_2,217,1779961630112999855,21.717969961,32.844
inference_ms,2_7_new_plugin_bag_2,218,1779961630204778715,21.809748821000003,33.078
inference_ms,2_7_new_plugin_bag_2,219,1779961630310694033,21.915664139,32.956
inference_ms,2_7_new_plugin_bag_2,220,1779961630413257859,22.018227965,37.076
inference_ms,2_7_new_plugin_bag_2,221,1779961630521142855,22.126112961,40.192
inference_ms,2_7_new_plugin_bag_2,222,1779961630601379115,22.206349221,32.558
inference_ms,2_7_new_plugin_bag_2,223,1779961630701547198,22.306517304,30.84
inference_ms,2_7_new_plugin_bag_2,224,1779961630799979799,22.404949905000002,32.693
inference_ms,2_7_new_plugin_bag_2,225,1779961630919303342,22.524273448000002,33.148
inference_ms,2_7_new_plugin_bag_2,226,1779961631006164738,22.611134844000002,29.962
inference_ms,2_7_new_plugin_bag_2,227,1779961631136131090,22.741101196000002,36.293
inference_ms,2_7_new_plugin_bag_2,228,1779961631197711861,22.802681967,28.351
inference_ms,2_7_new_plugin_bag_2,229,1779961631328964326,22.933934432,28.187
inference_ms,2_7_new_plugin_bag_2,230,1779961631404153657,23.009123763,31.942
inference_ms,2_7_new_plugin_bag_2,231,1779961631509852742,23.114822848000003,32.153
inference_ms,2_7_new_plugin_bag_2,232,1779961631626032922,23.231003028,30.793
inference_ms,2_7_new_plugin_bag_2,233,1779961631719806464,23.32477657,31.146
inference_ms,2_7_new_plugin_bag_2,234,1779961631810742445,23.415712551000002,32.67
inference_ms,2_7_new_plugin_bag_2,235,1779961631908500966,23.513471072,33.214
inference_ms,2_7_new_plugin_bag_2,236,1779961632014834650,23.619804756,30.844
inference_ms,2_7_new_plugin_bag_2,237,1779961632088173693,23.693143799,34.369
inference_ms,2_7_new_plugin_bag_2,238,1779961632205784039,23.810754145,31.838
inference_ms,2_7_new_plugin_bag_2,239,1779961632297463089,23.902433195,31.843
inference_ms,2_7_new_plugin_bag_2,240,1779961632387054146,23.992024252,33.834
inference_ms,2_7_new_plugin_bag_2,241,1779961632488015276,24.092985382000002,26.761
inference_ms,2_7_new_plugin_bag_2,242,1779961632589424350,24.194394456,31.515
inference_ms,2_7_new_plugin_bag_2,243,1779961632706904375,24.311874481,29.805
inference_ms,2_7_new_plugin_bag_2,244,1779961632793720961,24.398691067,29.037
inference_ms,2_7_new_plugin_bag_2,245,1779961632932941496,24.537911602,32.505
inference_ms,2_7_new_plugin_bag_2,246,1779961633036659544,24.641629650000002,38.322
inference_ms,2_7_new_plugin_bag_2,247,1779961633092800232,24.697770338,27.88
inference_ms,2_7_new_plugin_bag_2,248,1779961633205509267,24.810479373000003,31.243
inference_ms,2_7_new_plugin_bag_2,249,1779961633298063418,24.903033524,29.071
inference_ms,2_7_new_plugin_bag_2,250,1779961633416116666,25.021086772,30.055
inference_ms,2_7_new_plugin_bag_2,251,1779961633502358177,25.107328283,31.373
inference_ms,2_7_new_plugin_bag_2,252,1779961633621883448,25.226853554,33.506
inference_ms,2_7_new_plugin_bag_2,253,1779961633726353974,25.33132408,41.637
inference_ms,2_7_new_plugin_bag_2,254,1779961633788983615,25.393953721000003,28.047
inference_ms,2_7_new_plugin_bag_2,255,1779961633912229832,25.517199938,30.691
inference_ms,2_7_new_plugin_bag_2,256,1779961633995493075,25.600463181000002,31.269
inference_ms,2_7_new_plugin_bag_2,257,1779961634111641869,25.716611975000003,30.405
inference_ms,2_7_new_plugin_bag_2,258,1779961634193243840,25.798213946,29.985
inference_ms,2_7_new_plugin_bag_2,259,1779961634319431168,25.924401274,32.485
inference_ms,2_7_new_plugin_bag_2,260,1779961634388581192,25.993551298,27.864
inference_ms,2_7_new_plugin_bag_2,261,1779961634492344270,26.097314376,32.035
inference_ms,2_7_new_plugin_bag_2,262,1779961634619998167,26.224968273,32.374
inference_ms,2_7_new_plugin_bag_2,263,1779961634699817818,26.304787924000003,30.988
inference_ms,2_7_new_plugin_bag_2,264,1779961634788171855,26.393141961,32.645
inference_ms,2_7_new_plugin_bag_2,265,1779961634886767354,26.491737460000003,36.141
inference_ms,2_7_new_plugin_bag_2,266,1779961635004065192,26.609035298000002,32.425
inference_ms,2_7_new_plugin_bag_2,267,1779961635104531566,26.709501672000002,31.309
inference_ms,2_7_new_plugin_bag_2,268,1779961635237243967,26.842214073,40.226
inference_ms,2_7_new_plugin_bag_2,269,1779961635294430248,26.899400354,30.345
inference_ms,2_7_new_plugin_bag_2,270,1779961635400676163,27.005646269000003,26.254
inference_ms,2_7_new_plugin_bag_2,271,1779961635508288051,27.113258157,32.34
inference_ms,2_7_new_plugin_bag_2,272,1779961635593333168,27.198303274,28.457
inference_ms,2_7_new_plugin_bag_2,273,1779961635686887324,27.29185743,28.897
inference_ms,2_7_new_plugin_bag_2,274,1779961635805364224,27.41033433,36.274
inference_ms,2_7_new_plugin_bag_2,275,1779961635903302381,27.508272487000003,39.834
inference_ms,2_7_new_plugin_bag_2,276,1779961635997233704,27.602203810000002,31.352
inference_ms,2_7_new_plugin_bag_2,277,1779961636086997451,27.691967557,27.878
inference_ms,2_7_new_plugin_bag_2,278,1779961636198573092,27.803543198000003,29.546
inference_ms,2_7_new_plugin_bag_2,279,1779961636292510171,27.897480277000003,28.0
inference_ms,2_7_new_plugin_bag_2,280,1779961636427236688,28.032206794,34.35
inference_ms,2_7_new_plugin_bag_2,281,1779961636508854828,28.113824934,30.815
inference_ms,2_7_new_plugin_bag_2,282,1779961636617524492,28.222494598,34.023
inference_ms,2_7_new_plugin_bag_2,283,1779961636731237218,28.336207324,43.076
inference_ms,2_7_new_plugin_bag_2,284,1779961636796572816,28.401542922,33.95
inference_ms,2_7_new_plugin_bag_2,285,1779961636921230691,28.526200797,31.133
inference_ms,2_7_new_plugin_bag_2,286,1779961636993584129,28.598554235,30.105
inference_ms,2_7_new_plugin_bag_2,287,1779961637137622744,28.74259285,36.822
inference_ms,2_7_new_plugin_bag_2,288,1779961637225196988,28.830167094,32.031
inference_ms,2_7_new_plugin_bag_2,289,1779961637338914728,28.943884834000002,39.087
inference_ms,2_7_new_plugin_bag_2,290,1779961637437267910,29.042238016000002,38.326
inference_ms,2_7_new_plugin_bag_2,291,1779961637504699200,29.109669306,32.002
inference_ms,2_7_new_plugin_bag_2,292,1779961637617996197,29.222966303000003,32.026
inference_ms,2_7_new_plugin_bag_2,293,1779961637744017729,29.348987835000003,36.485
inference_ms,2_7_new_plugin_bag_2,294,1779961637816852304,29.42182241,30.959
inference_ms,2_7_new_plugin_bag_2,295,1779961637904618446,29.509588552,29.733
inference_ms,2_7_new_plugin_bag_2,296,1779961637990536936,29.595507042,28.545
inference_ms,2_7_new_plugin_bag_2,297,1779961638101366390,29.706336496000002,33.477
inference_ms,2_7_new_plugin_bag_2,298,1779961638200346332,29.805316438000002,30.588
inference_ms,2_7_new_plugin_bag_2,299,1779961638296634836,29.901604942000002,29.624
inference_ms,2_7_new_plugin_bag_2,300,1779961638387726715,29.992696821000003,31.704
inference_ms,2_7_new_plugin_bag_2,301,1779961638486131424,30.091101530000003,34.159
inference_ms,2_7_new_plugin_bag_2,302,1779961638603531384,30.208501490000003,31.098
inference_ms,2_7_new_plugin_bag_2,303,1779961638683833488,30.288803594,25.458
inference_ms,2_7_new_plugin_bag_2,304,1779961638793651602,30.398621708,29.691
inference_ms,2_7_new_plugin_bag_2,305,1779961638902045741,30.507015847,30.61
inference_ms,2_7_new_plugin_bag_2,306,1779961639016312389,30.621282495000003,31.361
inference_ms,2_7_new_plugin_bag_2,307,1779961639099825073,30.704795179,28.534
inference_ms,2_7_new_plugin_bag_2,308,1779961639203101640,30.808071746000003,31.423
inference_ms,2_7_new_plugin_bag_2,309,1779961639288435949,30.893406055000003,34.983
inference_ms,2_7_new_plugin_bag_2,310,1779961639423295261,31.028265367000003,29.65
inference_ms,2_7_new_plugin_bag_2,311,1779961639510179811,31.115149917000004,34.821
inference_ms,2_7_new_plugin_bag_2,312,1779961639591628348,31.196598454000004,30.699
inference_ms,2_7_new_plugin_bag_2,313,1779961639681181958,31.286152064000003,30.417
inference_ms,2_7_new_plugin_bag_2,314,1779961639803245800,31.408215906000002,32.338
inference_ms,2_7_new_plugin_bag_2,315,1779961639938325117,31.543295223,36.24
inference_ms,2_7_new_plugin_bag_2,316,1779961639998463509,31.603433615000004,32.347
inference_ms,2_7_new_plugin_bag_2,317,1779961640131240718,31.736210824,34.654
inference_ms,2_7_new_plugin_bag_2,318,1779961640212644299,31.817614405,29.697
inference_ms,2_7_new_plugin_bag_2,319,1779961640330258525,31.935228631,37.881
inference_ms,2_7_new_plugin_bag_2,320,1779961640397665032,32.002635138,31.715
inference_ms,2_7_new_plugin_bag_2,321,1779961640494844690,32.099814796000004,31.455
inference_ms,2_7_new_plugin_bag_2,322,1779961640615919486,32.220889592,31.172
inference_ms,2_7_new_plugin_bag_2,323,1779961640699026273,32.303996379000004,33.747
inference_ms,2_7_new_plugin_bag_2,324,1779961640817256906,32.422227012,37.435
inference_ms,2_7_new_plugin_bag_2,325,1779961640904838985,32.509809091,32.608
inference_ms,2_7_new_plugin_bag_2,326,1779961641018579459,32.623549565000005,33.053
inference_ms,2_7_new_plugin_bag_2,327,1779961641120860420,32.725830526,37.633
inference_ms,2_7_new_plugin_bag_2,328,1779961641219335904,32.82430601,34.32
inference_ms,2_7_new_plugin_bag_2,329,1779961641297767824,32.90273793,29.134
inference_ms,2_7_new_plugin_bag_2,330,1779961641407102190,33.012072296,33.448
inference_ms,2_7_new_plugin_bag_2,331,1779961641503111883,33.108081989,27.561
inference_ms,2_7_new_plugin_bag_2,332,1779961641608549321,33.213519427,32.209
inference_ms,2_7_new_plugin_bag_2,333,1779961641693073806,33.298043912000004,36.213
inference_ms,2_7_new_plugin_bag_2,334,1779961641838371352,33.443341458,39.508
inference_ms,2_7_new_plugin_bag_2,335,1779961641922996921,33.527967027,35.302
inference_ms,2_7_new_plugin_bag_2,336,1779961642006207993,33.611178099,35.286
inference_ms,2_7_new_plugin_bag_2,337,1779961642094083477,33.699053583,28.8
inference_ms,2_7_new_plugin_bag_2,338,1779961642206818069,33.811788175000004,34.612
inference_ms,2_7_new_plugin_bag_2,339,1779961642291866598,33.896836704,30.999
inference_ms,2_7_new_plugin_bag_2,340,1779961642436999930,34.041970036,48.052
inference_ms,2_7_new_plugin_bag_2,341,1779961642552534967,34.157505073,44.111
inference_ms,2_7_new_plugin_bag_2,342,1779961642626620413,34.231590519,42.293
inference_ms,2_7_new_plugin_bag_2,343,1779961642732083831,34.337053937,40.097
inference_ms,2_7_new_plugin_bag_2,344,1779961642801200020,34.406170126,31.082
inference_ms,2_7_new_plugin_bag_2,345,1779961642948780307,34.553750413,39.488
inference_ms,2_7_new_plugin_bag_2,346,1779961643034457657,34.639427763,53.594
inference_ms,2_7_new_plugin_bag_2,347,1779961643099351958,34.704322064,33.017
inference_ms,2_7_new_plugin_bag_2,348,1779961643205817172,34.810787278,30.038
inference_ms,2_7_new_plugin_bag_2,349,1779961643314679500,34.919649606,31.762
inference_ms,2_7_new_plugin_bag_2,350,1779961643408766787,35.013736893,38.85
inference_ms,2_7_new_plugin_bag_2,351,1779961643511576225,35.116546331,33.044
inference_ms,2_7_new_plugin_bag_2,352,1779961643593175141,35.198145247,32.288
inference_ms,2_7_new_plugin_bag_2,353,1779961643688793505,35.293763611,25.805
inference_ms,2_7_new_plugin_bag_2,354,1779961643832389554,35.437359660000006,42.481
inference_ms,2_7_new_plugin_bag_2,355,1779961643905417061,35.510387167000005,39.003
inference_ms,2_7_new_plugin_bag_2,356,1779961643995093513,35.600063619000004,29.455
inference_ms,2_7_new_plugin_bag_2,357,1779961644089095899,35.694066005,29.819
inference_ms,2_7_new_plugin_bag_2,358,1779961644212421800,35.817391906000005,32.099
inference_ms,2_7_new_plugin_bag_2,359,1779961644317401182,35.922371288,35.103
inference_ms,2_7_new_plugin_bag_2,360,1779961644392168760,35.997138866,28.963
inference_ms,2_7_new_plugin_bag_2,361,1779961644494056112,36.099026218,32.023
inference_ms,2_7_new_plugin_bag_2,362,1779961644594993930,36.199964036000004,33.145
inference_ms,2_7_new_plugin_bag_2,363,1779961644717466167,36.322436273,35.187
inference_ms,2_7_new_plugin_bag_2,364,1779961644791220551,36.396190657000005,30.185
inference_ms,2_7_new_plugin_bag_2,365,1779961644882283818,36.487253924,27.343
inference_ms,2_7_new_plugin_bag_2,366,1779961644997229558,36.602199664000004,29.456
inference_ms,2_7_new_plugin_bag_2,367,1779961645137250057,36.742220163,40.707
inference_ms,2_7_new_plugin_bag_2,368,1779961645220899330,36.825869436000005,34.947
inference_ms,2_7_new_plugin_bag_2,369,1779961645310808234,36.91577834,27.56
inference_ms,2_7_new_plugin_bag_2,370,1779961645398622859,37.003592965,30.069
inference_ms,2_7_new_plugin_bag_2,371,1779961645523131763,37.128101869000005,31.821
inference_ms,2_7_new_plugin_bag_2,372,1779961645594680471,37.199650577,30.573
inference_ms,2_7_new_plugin_bag_2,373,1779961645699878075,37.304848181000004,30.271
inference_ms,2_7_new_plugin_bag_2,374,1779961645807174348,37.412144454,45.245
inference_ms,2_7_new_plugin_bag_2,375,1779961645891839298,37.496809404000004,32.556
inference_ms,2_7_new_plugin_bag_2,376,1779961645994082880,37.599052986000004,31.496
inference_ms,2_7_new_plugin_bag_2,377,1779961646103923900,37.708894006,30.165
inference_ms,2_7_new_plugin_bag_2,378,1779961646186622556,37.791592662,29.04
inference_ms,2_7_new_plugin_bag_2,379,1779961646317624787,37.922594893,31.301
inference_ms,2_7_new_plugin_bag_2,380,1779961646403862836,38.008832942000005,33.312
inference_ms,2_7_new_plugin_bag_2,381,1779961646502426247,38.107396353000006,33.885
inference_ms,2_7_new_plugin_bag_2,382,1779961646615266057,38.220236163,31.225
inference_ms,2_7_new_plugin_bag_2,383,1779961646689298167,38.294268273,26.712
inference_ms,2_7_new_plugin_bag_2,384,1779961646794665830,38.399635936,31.136
inference_ms,2_7_new_plugin_bag_2,385,1779961646887608424,38.49257853,27.938
inference_ms,2_7_new_plugin_bag_2,386,1779961647012073790,38.617043896000006,34.463
inference_ms,2_7_new_plugin_bag_2,387,1779961647122242459,38.727212565,32.743
inference_ms,2_7_new_plugin_bag_2,388,1779961647218595690,38.823565796000004,40.225
inference_ms,2_7_new_plugin_bag_2,389,1779961647336531653,38.941501759000005,42.828
inference_ms,2_7_new_plugin_bag_2,390,1779961647419229434,39.024199540000005,39.763
inference_ms,2_7_new_plugin_bag_2,391,1779961647489688477,39.094658583000005,32.642
inference_ms,2_7_new_plugin_bag_2,392,1779961647586822838,39.191792944,27.539
inference_ms,2_7_new_plugin_bag_2,393,1779961647717503670,39.322473776,31.558
inference_ms,2_7_new_plugin_bag_2,394,1779961647820955253,39.425925359000004,31.81
inference_ms,2_7_new_plugin_bag_2,395,1779961647923794277,39.528764383,31.705
inference_ms,2_7_new_plugin_bag_2,396,1779961648015463139,39.620433245,35.014
inference_ms,2_7_new_plugin_bag_2,397,1779961648135941259,39.740911365,38.635
inference_ms,2_7_new_plugin_bag_2,398,1779961648222965586,39.827935692000004,37.729
inference_ms,2_7_new_plugin_bag_2,399,1779961648304785503,39.909755609,32.392
inference_ms,2_7_new_plugin_bag_2,400,1779961648395683093,40.000653199000006,31.234
inference_ms,2_7_new_plugin_bag_2,401,1779961648502862353,40.107832459,34.139
inference_ms,2_7_new_plugin_bag_2,402,1779961648606727485,40.211697591000004,45.156
inference_ms,2_7_new_plugin_bag_2,403,1779961648703897614,40.30886772,41.143
inference_ms,2_7_new_plugin_bag_2,404,1779961648840714679,40.445684785000005,35.767
inference_ms,2_7_new_plugin_bag_2,405,1779961648921330761,40.526300867,34.432
inference_ms,2_7_new_plugin_bag_2,406,1779961649027283228,40.632253334000005,48.495
inference_ms,2_7_new_plugin_bag_2,407,1779961649116790507,40.721760613,39.924
inference_ms,2_7_new_plugin_bag_2,408,1779961649214000424,40.81897053,51.16
inference_ms,2_7_new_plugin_bag_2,409,1779961649315987802,40.920957908000005,29.79
inference_ms,2_7_new_plugin_bag_2,410,1779961649454573637,41.059543743000006,37.421
inference_ms,2_7_new_plugin_bag_2,411,1779961649511850603,41.116820709,29.981
inference_ms,2_7_new_plugin_bag_2,412,1779961649626804794,41.231774900000005,35.328
inference_ms,2_7_new_plugin_bag_2,413,1779961649698500097,41.303470203,30.541
inference_ms,2_7_new_plugin_bag_2,414,1779961649803056594,41.4080267,31.823
inference_ms,2_7_new_plugin_bag_2,415,1779961649895031096,41.500001202,28.763
inference_ms,2_7_new_plugin_bag_2,416,1779961650030356507,41.635326613000004,34.392
inference_ms,2_7_new_plugin_bag_2,417,1779961650122085075,41.727055181000004,36.992
inference_ms,2_7_new_plugin_bag_2,418,1779961650197369585,41.802339691,34.491
inference_ms,2_7_new_plugin_bag_2,419,1779961650293736527,41.898706633,33.869
inference_ms,2_7_new_plugin_bag_2,420,1779961650421160729,42.026130835000004,36.443
inference_ms,2_7_new_plugin_bag_2,421,1779961650495013263,42.099983369,30.54
inference_ms,2_7_new_plugin_bag_2,422,1779961650642565902,42.247536008000004,42.521
inference_ms,2_7_new_plugin_bag_2,423,1779961650688919102,42.293889208,28.807
inference_ms,2_7_new_plugin_bag_2,424,1779961650813936787,42.418906893000006,34.69
inference_ms,2_7_new_plugin_bag_2,425,1779961650911022773,42.515992879,30.518
inference_ms,2_7_new_plugin_bag_2,426,1779961651005760003,42.610730109,29.979
inference_ms,2_7_new_plugin_bag_2,427,1779961651108922290,42.713892396000006,35.019
inference_ms,2_7_new_plugin_bag_2,428,1779961651204285417,42.809255523000004,43.546
inference_ms,2_7_new_plugin_bag_2,429,1779961651307808977,42.912779083000004,32.161
inference_ms,2_7_new_plugin_bag_2,430,1779961651391779981,42.996750087,28.309
inference_ms,2_7_new_plugin_bag_2,431,1779961651495731762,43.100701868,29.188
inference_ms,2_7_new_plugin_bag_2,432,1779961651616595044,43.22156515,32.985
inference_ms,2_7_new_plugin_bag_2,433,1779961651700333254,43.30530336,30.901
inference_ms,2_7_new_plugin_bag_2,434,1779961651792719652,43.397689758000006,29.739
inference_ms,2_7_new_plugin_bag_2,435,1779961651887901634,43.492871740000005,30.24
inference_ms,2_7_new_plugin_bag_2,436,1779961652015587694,43.6205578,42.45
inference_ms,2_7_new_plugin_bag_2,437,1779961652099129379,43.704099485,33.9
inference_ms,2_7_new_plugin_bag_2,438,1779961652194869882,43.799839988,33.655
inference_ms,2_7_new_plugin_bag_2,439,1779961652310963209,43.915933315000004,33.093
inference_ms,2_7_new_plugin_bag_2,440,1779961652390323759,43.995293865,29.496
inference_ms,2_7_new_plugin_bag_2,441,1779961652519422369,44.124392475,31.14
inference_ms,2_7_new_plugin_bag_2,442,1779961652611595996,44.216566102,33.553
inference_ms,2_7_new_plugin_bag_2,443,1779961652703440553,44.308410659,30.884
inference_ms,2_7_new_plugin_bag_2,444,1779961652790844044,44.39581415,30.999
inference_ms,2_7_new_plugin_bag_2,445,1779961652904857633,44.509827739,32.865
inference_ms,2_7_new_plugin_bag_2,446,1779961652993054477,44.598024583000004,40.288
inference_ms,2_7_new_plugin_bag_2,447,1779961653133266151,44.738236257000004,37.89
inference_ms,2_7_new_plugin_bag_2,448,1779961653213973706,44.818943812,30.199
inference_ms,2_7_new_plugin_bag_2,449,1779961653321364193,44.926334299000004,45.56
inference_ms,2_7_new_plugin_bag_2,450,1779961653415187324,45.020157430000005,37.802
inference_ms,2_7_new_plugin_bag_2,451,1779961653485564242,45.090534348000006,26.348
inference_ms,2_7_new_plugin_bag_2,452,1779961653611001430,45.215971536000005,40.848
inference_ms,2_7_new_plugin_bag_2,453,1779961653700322820,45.305292926,33.759
inference_ms,2_7_new_plugin_bag_2,454,1779961653789035041,45.394005147,32.236
inference_ms,2_7_new_plugin_bag_2,455,1779961653919951913,45.524922019,32.499
inference_ms,2_7_new_plugin_bag_2,456,1779961654004254874,45.60922498,34.381
inference_ms,2_7_new_plugin_bag_2,457,1779961654103248445,45.708218551,31.913
inference_ms,2_7_new_plugin_bag_2,458,1779961654219892214,45.82486232,35.932
inference_ms,2_7_new_plugin_bag_2,459,1779961654288326693,45.893296799000005,34.183
inference_ms,2_7_new_plugin_bag_2,460,1779961654408077795,46.013047901,35.395
inference_ms,2_7_new_plugin_bag_2,461,1779961654496193020,46.101163126,30.364
inference_ms,2_7_new_plugin_bag_2,462,1779961654589572963,46.194543069000005,31.675
inference_ms,2_7_new_plugin_bag_2,463,1779961654713917010,46.318887116000006,30.772
inference_ms,2_7_new_plugin_bag_2,464,1779961654822454564,46.42742467,36.118
inference_ms,2_7_new_plugin_bag_2,465,1779961654889540342,46.494510448,28.826
inference_ms,2_7_new_plugin_bag_2,466,1779961655009602592,46.614572698,34.315
inference_ms,2_7_new_plugin_bag_2,467,1779961655089587099,46.694557205,31.976
inference_ms,2_7_new_plugin_bag_2,468,1779961655211746003,46.816716109000005,49.089
inference_ms,2_7_new_plugin_bag_2,469,1779961655317154516,46.922124622000005,30.27
inference_ms,2_7_new_plugin_bag_2,470,1779961655432203564,47.03717367,41.861
inference_ms,2_7_new_plugin_bag_2,471,1779961655504976681,47.109946787000005,37.338
inference_ms,2_7_new_plugin_bag_2,472,1779961655618674856,47.223644962,35.065
inference_ms,2_7_new_plugin_bag_2,473,1779961655687473160,47.29244326600001,30.802
inference_ms,2_7_new_plugin_bag_2,474,1779961655799749619,47.404719725,31.124
inference_ms,2_7_new_plugin_bag_2,475,1779961655937829572,47.542799678,40.793
inference_ms,2_7_new_plugin_bag_2,476,1779961656030469107,47.635439213000005,30.279
inference_ms,2_7_new_plugin_bag_2,477,1779961656114899810,47.719869916,33.744
inference_ms,2_7_new_plugin_bag_2,478,1779961656210038638,47.815008744000004,31.518
inference_ms,2_7_new_plugin_bag_2,479,1779961656308765689,47.913735795,35.478
inference_ms,2_7_new_plugin_bag_2,480,1779961656432859997,48.037830103000005,39.36
inference_ms,2_7_new_plugin_bag_2,481,1779961656498675384,48.103645490000005,34.67
inference_ms,2_7_new_plugin_bag_2,482,1779961656607796190,48.212766296000005,33.945
inference_ms,2_7_new_plugin_bag_2,483,1779961656705844871,48.310814977,32.362
inference_ms,2_7_new_plugin_bag_2,484,1779961656846407912,48.451378018,38.044
inference_ms,2_7_new_plugin_bag_2,485,1779961656888234058,48.493204164000005,33.317
inference_ms,2_7_new_plugin_bag_2,486,1779961657009861198,48.614831304000006,33.22
inference_ms,2_7_new_plugin_bag_2,487,1779961657097921824,48.70289193,31.067
inference_ms,2_7_new_plugin_bag_2,488,1779961657198491363,48.803461469000005,31.776
inference_ms,2_7_new_plugin_bag_2,489,1779961657285254054,48.89022416,33.271
inference_ms,2_7_new_plugin_bag_2,490,1779961657413534247,49.018504353000004,32.67
inference_ms,2_7_new_plugin_bag_2,491,1779961657487365016,49.092335122,32.804
inference_ms,2_7_new_plugin_bag_2,492,1779961657583838997,49.188809103000004,34.237
inference_ms,2_7_new_plugin_bag_2,493,1779961657686138417,49.291108523000005,34.512
inference_ms,2_7_new_plugin_bag_2,494,1779961657790133901,49.395104007,30.013
inference_ms,2_7_new_plugin_bag_2,495,1779961657881792824,49.486762930000005,30.602
inference_ms,2_7_new_plugin_bag_2,496,1779961657994076521,49.599046627,29.853
inference_ms,2_7_new_plugin_bag_2,497,1779961658106217640,49.711187746,30.809
inference_ms,2_7_new_plugin_bag_2,498,1779961658227800283,49.832770389000004,50.662
inference_ms,2_7_new_plugin_bag_2,499,1779961658308063354,49.91303346,32.587
inference_ms,2_7_new_plugin_bag_2,500,1779961658413938298,50.018908404,53.599
inference_ms,2_7_new_plugin_bag_2,501,1779961658486798459,50.091768565,29.469
inference_ms,2_7_new_plugin_bag_2,502,1779961658606636464,50.21160657,33.759
inference_ms,2_7_new_plugin_bag_2,503,1779961658708724490,50.313694596000005,32.218
inference_ms,2_7_new_plugin_bag_2,504,1779961658792192020,50.397162126000005,32.761
inference_ms,2_7_new_plugin_bag_2,505,1779961658942993208,50.547963314,53.232
inference_ms,2_7_new_plugin_bag_2,506,1779961658998897374,50.603867480000005,32.354
inference_ms,2_7_new_plugin_bag_2,507,1779961659116614297,50.721584403,31.583
inference_ms,2_7_new_plugin_bag_2,508,1779961659185315042,50.790285148,30.747
inference_ms,2_7_new_plugin_bag_2,509,1779961659319197381,50.924167487000005,47.265
inference_ms,2_7_new_plugin_bag_2,510,1779961659404468988,51.009439094,27.977
inference_ms,2_7_new_plugin_bag_2,511,1779961659493522096,51.098492202,27.878
inference_ms,2_7_new_plugin_bag_2,512,1779961659590719200,51.195689306000006,29.223
inference_ms,2_7_new_plugin_bag_2,513,1779961659699752722,51.304722828,28.212
inference_ms,2_7_new_plugin_bag_2,514,1779961659795473127,51.400443233000004,25.812
inference_ms,2_7_new_plugin_bag_2,515,1779961659908139300,51.513109406000005,29.226
inference_ms,2_7_new_plugin_bag_2,516,1779961659985162206,51.590132312,29.234
inference_ms,2_7_new_plugin_bag_2,517,1779961660099636669,51.704606775,27.887
inference_ms,2_7_new_plugin_bag_2,518,1779961660212401237,51.817371343000005,24.184
inference_ms,2_7_new_plugin_bag_2,519,1779961660327583722,51.932553828,31.542
inference_ms,2_7_new_plugin_bag_2,520,1779961660402481744,52.00745185,30.569
inference_ms,2_7_new_plugin_bag_2,521,1779961660486251504,52.091221610000005,28.27
inference_ms,2_7_new_plugin_bag_2,522,1779961660582678277,52.187648383,31.182
inference_ms,2_7_new_plugin_bag_2,523,1779961660685813741,52.290783847,24.981
inference_ms,2_7_new_plugin_bag_2,524,1779961660795570685,52.400540791000005,30.237
inference_ms,2_7_new_plugin_bag_2,525,1779961660885834854,52.490804960000006,26.82
inference_ms,2_7_new_plugin_bag_2,526,1779961661039992430,52.644962536,45.452
inference_ms,2_7_new_plugin_bag_2,527,1779961661134441693,52.739411799,32.639
inference_ms,2_7_new_plugin_bag_2,528,1779961661223706765,52.828676871000006,37.129
inference_ms,2_7_new_plugin_bag_2,529,1779961661338190736,52.943160842000005,36.01
inference_ms,2_7_new_plugin_bag_2,530,1779961661399028834,53.00399894,29.705
inference_ms,2_7_new_plugin_bag_2,531,1779961661531011494,53.1359816,33.547
inference_ms,2_7_new_plugin_bag_2,532,1779961661599321037,53.204291143000006,34.164
inference_ms,2_7_new_plugin_bag_2,533,1779961661689047412,53.294017518000004,31.085
inference_ms,2_7_new_plugin_bag_2,534,1779961661787626622,53.392596728,28.595
inference_ms,2_7_new_plugin_bag_2,535,1779961661902168821,53.50713892700001,34.929
inference_ms,2_7_new_plugin_bag_2,536,1779961661995069289,53.600039395,30.581
inference_ms,2_7_new_plugin_bag_2,537,1779961662083908685,53.688878791,28.945
inference_ms,2_7_new_plugin_bag_2,538,1779961662187703445,53.792673551,26.478
inference_ms,2_7_new_plugin_bag_2,539,1779961662294915151,53.899885257,33.083
inference_ms,2_7_new_plugin_bag_2,540,1779961662420019494,54.024989600000005,30.615
inference_ms,2_7_new_plugin_bag_2,541,1779961662485594680,54.090564786,33.215
inference_ms,2_7_new_plugin_bag_2,542,1779961662594679973,54.199650079,28.691
inference_ms,2_7_new_plugin_bag_2,543,1779961662727027639,54.331997745,60.88
inference_ms,2_7_new_plugin_bag_2,544,1779961662796136245,54.401106351,30.86
inference_ms,2_7_new_plugin_bag_2,545,1779961662892113172,54.497083278000005,28.211
inference_ms,2_7_new_plugin_bag_2,546,1779961663009845845,54.614815951000004,31.801
inference_ms,2_7_new_plugin_bag_2,547,1779961663080601636,54.685571742,29.786
inference_ms,2_7_new_plugin_bag_2,548,1779961663188481693,54.793451799,30.034
inference_ms,2_7_new_plugin_bag_2,549,1779961663292325627,54.897295733,27.339
inference_ms,2_7_new_plugin_bag_2,550,1779961663436656547,55.041626653,41.996
inference_ms,2_7_new_plugin_bag_2,551,1779961663499549194,55.10451930000001,35.418
inference_ms,2_7_new_plugin_bag_2,552,1779961663596118423,55.201088529,33.195
inference_ms,2_7_new_plugin_bag_2,553,1779961663698416028,55.303386134,30.23
inference_ms,2_7_new_plugin_bag_2,554,1779961663794618102,55.399588208000004,30.837
inference_ms,2_7_new_plugin_bag_2,555,1779961663896289951,55.501260057,30.471
inference_ms,2_7_new_plugin_bag_2,556,1779961664022447814,55.627417920000006,34.391
inference_ms,2_7_new_plugin_bag_2,557,1779961664093402420,55.698372526,29.344
inference_ms,2_7_new_plugin_bag_2,558,1779961664219913268,55.824883374,32.724
inference_ms,2_7_new_plugin_bag_2,559,1779961664320257799,55.92522790500001,43.085
inference_ms,2_7_new_plugin_bag_2,560,1779961664409590172,56.014560278000005,36.095
inference_ms,2_7_new_plugin_bag_2,561,1779961664488455015,56.093425121,33.031
inference_ms,2_7_new_plugin_bag_2,562,1779961664604738634,56.20970874,34.303
inference_ms,2_7_new_plugin_bag_2,563,1779961664697434588,56.302404694,34.164
inference_ms,2_7_new_plugin_bag_2,564,1779961664809574915,56.414545021,30.249
inference_ms,2_7_new_plugin_bag_2,565,1779961664913668632,56.51863873800001,34.429
inference_ms,2_7_new_plugin_bag_2,566,1779961665044582737,56.649552843,39.031
inference_ms,2_7_new_plugin_bag_2,567,1779961665096587330,56.701557436,31.642
inference_ms,2_7_new_plugin_bag_2,568,1779961665238906624,56.843876730000005,40.277
inference_ms,2_7_new_plugin_bag_2,569,1779961665313078644,56.918048750000004,30.03
inference_ms,2_7_new_plugin_bag_2,570,1779961665417089391,57.022059497,41.338
inference_ms,2_7_new_plugin_bag_2,571,1779961665505226823,57.110196929000004,29.2
inference_ms,2_7_new_plugin_bag_2,572,1779961665603408377,57.208378483000004,31.274
inference_ms,2_7_new_plugin_bag_2,573,1779961665716526114,57.32149622,39.14
inference_ms,2_7_new_plugin_bag_2,574,1779961665791153964,57.396124070000006,30.531
inference_ms,2_7_new_plugin_bag_2,575,1779961665912769126,57.517739232000004,48.512
inference_ms,2_7_new_plugin_bag_2,576,1779961666020870326,57.625840432000004,35.995
inference_ms,2_7_new_plugin_bag_2,577,1779961666134575649,57.739545755,34.055
inference_ms,2_7_new_plugin_bag_2,578,1779961666199809556,57.804779662,33.146
inference_ms,2_7_new_plugin_bag_2,579,1779961666288887039,57.893857145000005,26.67
inference_ms,2_7_new_plugin_bag_3,0,1779961711091676545,0.0,38.123
inference_ms,2_7_new_plugin_bag_3,1,1779961711139900883,0.048224338000000005,39.168
inference_ms,2_7_new_plugin_bag_3,2,1779961711186589331,0.094912786,37.391
inference_ms,2_7_new_plugin_bag_3,3,1779961711273784196,0.182107651,34.89
inference_ms,2_7_new_plugin_bag_3,4,1779961711400938518,0.309261973,34.384
inference_ms,2_7_new_plugin_bag_3,5,1779961711484340199,0.39266365400000003,35.433
inference_ms,2_7_new_plugin_bag_3,6,1779961711583267789,0.49159124400000004,32.088
inference_ms,2_7_new_plugin_bag_3,7,1779961711678532765,0.58685622,33.069
inference_ms,2_7_new_plugin_bag_3,8,1779961711787965970,0.696289425,30.377
inference_ms,2_7_new_plugin_bag_3,9,1779961711859067279,0.767390734,26.229
inference_ms,2_7_new_plugin_bag_3,10,1779961711957406082,0.8657295370000001,31.413
inference_ms,2_7_new_plugin_bag_3,11,1779961712084489809,0.992813264,32.533
inference_ms,2_7_new_plugin_bag_3,12,1779961712155163628,1.063487083,30.246
inference_ms,2_7_new_plugin_bag_3,13,1779961712244682766,1.153006221,30.413
inference_ms,2_7_new_plugin_bag_3,14,1779961712370739420,1.2790628750000002,29.614
inference_ms,2_7_new_plugin_bag_3,15,1779961712452030898,1.3603543530000002,34.545
inference_ms,2_7_new_plugin_bag_3,16,1779961712578412392,1.486735847,32.858
inference_ms,2_7_new_plugin_bag_3,17,1779961712667379027,1.575702482,31.025
inference_ms,2_7_new_plugin_bag_3,18,1779961712796943739,1.7052671940000002,35.723
inference_ms,2_7_new_plugin_bag_3,19,1779961712868368532,1.7766919870000002,32.451
inference_ms,2_7_new_plugin_bag_3,20,1779961712965174257,1.873497712,32.111
inference_ms,2_7_new_plugin_bag_3,21,1779961713053600325,1.9619237800000002,33.058
inference_ms,2_7_new_plugin_bag_3,22,1779961713146413824,2.0547372790000002,31.402
inference_ms,2_7_new_plugin_bag_3,23,1779961713273101896,2.181425351,33.427
inference_ms,2_7_new_plugin_bag_3,24,1779961713370530200,2.2788536550000003,32.013
inference_ms,2_7_new_plugin_bag_3,25,1779961713449671883,2.3579953380000003,32.92
inference_ms,2_7_new_plugin_bag_3,26,1779961713551226294,2.4595497490000002,33.43
inference_ms,2_7_new_plugin_bag_3,27,1779961713653940510,2.562263965,27.126
inference_ms,2_7_new_plugin_bag_3,28,1779961713793680834,2.702004289,48.442
inference_ms,2_7_new_plugin_bag_3,29,1779961713844898448,2.753221903,29.597
inference_ms,2_7_new_plugin_bag_3,30,1779961713978120985,2.88644444,41.397
inference_ms,2_7_new_plugin_bag_3,31,1779961714099865511,3.008188966,34.356
inference_ms,2_7_new_plugin_bag_3,32,1779961714155840716,3.0641641710000003,34.204
inference_ms,2_7_new_plugin_bag_3,33,1779961714269576211,3.177899666,30.655
inference_ms,2_7_new_plugin_bag_3,34,1779961714351417077,3.2597405320000004,29.551
inference_ms,2_7_new_plugin_bag_3,35,1779961714460967992,3.369291447,33.351
inference_ms,2_7_new_plugin_bag_3,36,1779961714566032400,3.474355855,27.481
inference_ms,2_7_new_plugin_bag_3,37,1779961714659815787,3.5681392420000004,27.746
inference_ms,2_7_new_plugin_bag_3,38,1779961714745717329,3.654040784,29.014
inference_ms,2_7_new_plugin_bag_3,39,1779961714868702064,3.7770255190000004,28.094
inference_ms,2_7_new_plugin_bag_3,40,1779961714971265223,3.879588678,28.889
inference_ms,2_7_new_plugin_bag_3,41,1779961715059051220,3.9673746750000003,29.458
inference_ms,2_7_new_plugin_bag_3,42,1779961715144740423,4.053063878000001,31.181
inference_ms,2_7_new_plugin_bag_3,43,1779961715253316990,4.161640445000001,25.23
inference_ms,2_7_new_plugin_bag_3,44,1779961715349085098,4.257408553,32.674
inference_ms,2_7_new_plugin_bag_3,45,1779961715448054329,4.356377784,24.975
inference_ms,2_7_new_plugin_bag_3,46,1779961715543152586,4.451476041,26.265
inference_ms,2_7_new_plugin_bag_3,47,1779961715648390581,4.556714036000001,30.745
inference_ms,2_7_new_plugin_bag_3,48,1779961715791035828,4.699359283000001,32.465
inference_ms,2_7_new_plugin_bag_3,49,1779961715887099393,4.795422848,32.115
inference_ms,2_7_new_plugin_bag_3,50,1779961715956504671,4.864828126,26.26
inference_ms,2_7_new_plugin_bag_3,51,1779961716053680863,4.962004318,29.452
inference_ms,2_7_new_plugin_bag_3,52,1779961716152656209,5.060979664,27.814
inference_ms,2_7_new_plugin_bag_3,53,1779961716266253082,5.174576537,25.958
inference_ms,2_7_new_plugin_bag_3,54,1779961716393822447,5.302145902,34.156
inference_ms,2_7_new_plugin_bag_3,55,1779961716478286475,5.3866099300000005,38.11
inference_ms,2_7_new_plugin_bag_3,56,1779961716562162314,5.470485769000001,30.457
inference_ms,2_7_new_plugin_bag_3,57,1779961716667030110,5.575353565,28.741
inference_ms,2_7_new_plugin_bag_3,58,1779961716768208144,5.6765315990000005,31.228
inference_ms,2_7_new_plugin_bag_3,59,1779961716919454796,5.827778251000001,39.644
inference_ms,2_7_new_plugin_bag_3,60,1779961716985094442,5.893417897,35.432
inference_ms,2_7_new_plugin_bag_3,61,1779961717106944363,6.015267818000001,59.69
inference_ms,2_7_new_plugin_bag_3,62,1779961717156809352,6.065132807,28.312
inference_ms,2_7_new_plugin_bag_3,63,1779961717247489764,6.155813219000001,31.351
inference_ms,2_7_new_plugin_bag_3,64,1779961717384056738,6.2923801930000005,31.108
inference_ms,2_7_new_plugin_bag_3,65,1779961717454861888,6.3631853430000005,30.048
inference_ms,2_7_new_plugin_bag_3,66,1779961717599512137,6.507835592,33.455
inference_ms,2_7_new_plugin_bag_3,67,1779961717665423693,6.573747148000001,28.25
inference_ms,2_7_new_plugin_bag_3,68,1779961717749728411,6.658051866,26.843
inference_ms,2_7_new_plugin_bag_3,69,1779961717872914517,6.7812379720000004,34.633
inference_ms,2_7_new_plugin_bag_3,70,1779961717950707827,6.859031282,28.288
inference_ms,2_7_new_plugin_bag_3,71,1779961718056107522,6.964430977,30.025
inference_ms,2_7_new_plugin_bag_3,72,1779961718191284389,7.099607844,32.81
inference_ms,2_7_new_plugin_bag_3,73,1779961718252431080,7.160754535000001,31.721
inference_ms,2_7_new_plugin_bag_3,74,1779961718372496296,7.280819751,32.862
inference_ms,2_7_new_plugin_bag_3,75,1779961718449814756,7.358138211000001,28.839
inference_ms,2_7_new_plugin_bag_3,76,1779961718579101641,7.487425096000001,30.53
inference_ms,2_7_new_plugin_bag_3,77,1779961718654392876,7.562716331000001,30.06
inference_ms,2_7_new_plugin_bag_3,78,1779961718769598199,7.677921654,45.499
inference_ms,2_7_new_plugin_bag_3,79,1779961718847472386,7.755795841,29.431
inference_ms,2_7_new_plugin_bag_3,80,1779961718977974153,7.8862976080000005,32.206
inference_ms,2_7_new_plugin_bag_3,81,1779961719054834587,7.963158042000001,29.303
inference_ms,2_7_new_plugin_bag_3,82,1779961719153656282,8.061979737,30.054
inference_ms,2_7_new_plugin_bag_3,83,1779961719262322542,8.170645997000001,28.42
inference_ms,2_7_new_plugin_bag_3,84,1779961719346189432,8.254512887,30.407
inference_ms,2_7_new_plugin_bag_3,85,1779961719459799525,8.36812298,30.953
inference_ms,2_7_new_plugin_bag_3,86,1779961719564098654,8.472422109,27.908
inference_ms,2_7_new_plugin_bag_3,87,1779961719646045844,8.554369299000001,29.908
inference_ms,2_7_new_plugin_bag_3,88,1779961719760140910,8.668464365,31.664
inference_ms,2_7_new_plugin_bag_3,89,1779961719848275085,8.75659854,30.512
inference_ms,2_7_new_plugin_bag_3,90,1779961719973391933,8.881715388,32.085
inference_ms,2_7_new_plugin_bag_3,91,1779961720063591121,8.971914576000001,29.351
inference_ms,2_7_new_plugin_bag_3,92,1779961720155406708,9.063730163,28.95
inference_ms,2_7_new_plugin_bag_3,93,1779961720247379653,9.155703108,29.969
inference_ms,2_7_new_plugin_bag_3,94,1779961720352169268,9.260492723,28.478
inference_ms,2_7_new_plugin_bag_3,95,1779961720460124364,9.368447819,26.394
inference_ms,2_7_new_plugin_bag_3,96,1779961720587575215,9.49589867,32.049
inference_ms,2_7_new_plugin_bag_3,97,1779961720655805109,9.564128564,28.034
inference_ms,2_7_new_plugin_bag_3,98,1779961720767025887,9.675349342,28.577
inference_ms,2_7_new_plugin_bag_3,99,1779961720856459035,9.76478249,29.244
inference_ms,2_7_new_plugin_bag_3,100,1779961720970316654,9.878640109000001,30.408
inference_ms,2_7_new_plugin_bag_3,101,1779961721053947391,9.962270846000001,30.192
inference_ms,2_7_new_plugin_bag_3,102,1779961721152717617,10.061041072,23.606
inference_ms,2_7_new_plugin_bag_3,103,1779961721262407171,10.170730626000001,31.333
inference_ms,2_7_new_plugin_bag_3,104,1779961721356521727,10.264845182,27.669
inference_ms,2_7_new_plugin_bag_3,105,1779961721468428630,10.376752085000001,27.227
inference_ms,2_7_new_plugin_bag_3,106,1779961721559851882,10.468175337,29.824
inference_ms,2_7_new_plugin_bag_3,107,1779961721650687682,10.559011137,25.407
inference_ms,2_7_new_plugin_bag_3,108,1779961721742793950,10.651117405,25.546
inference_ms,2_7_new_plugin_bag_3,109,1779961721847231942,10.755555397,29.304
inference_ms,2_7_new_plugin_bag_3,110,1779961721943802723,10.852126178,29.44
inference_ms,2_7_new_plugin_bag_3,111,1779961722067764056,10.976087511000001,30.945
inference_ms,2_7_new_plugin_bag_3,112,1779961722158152055,11.06647551,24.53
inference_ms,2_7_new_plugin_bag_3,113,1779961722266791572,11.175115027,29.16
inference_ms,2_7_new_plugin_bag_3,114,1779961722368708574,11.277032029,30.191
inference_ms,2_7_new_plugin_bag_3,115,1779961722442531487,11.350854942000002,28.775
inference_ms,2_7_new_plugin_bag_3,116,1779961722547255447,11.455578902000001,28.952
inference_ms,2_7_new_plugin_bag_3,117,1779961722684750392,11.593073847000001,47.545
inference_ms,2_7_new_plugin_bag_3,118,1779961722818051597,11.726375052,60.981
inference_ms,2_7_new_plugin_bag_3,119,1779961722909467835,11.81779129,41.966
inference_ms,2_7_new_plugin_bag_3,120,1779961722962416804,11.870740259000002,26.268
inference_ms,2_7_new_plugin_bag_3,121,1779961723134994132,12.043317587,51.954
inference_ms,2_7_new_plugin_bag_3,122,1779961723188061802,12.096385257000001,43.761
inference_ms,2_7_new_plugin_bag_3,123,1779961723260982740,12.169306195,27.456
inference_ms,2_7_new_plugin_bag_3,124,1779961723357768963,12.266092418000001,30.179
inference_ms,2_7_new_plugin_bag_3,125,1779961723464223016,12.372546471000001,28.026
inference_ms,2_7_new_plugin_bag_3,126,1779961723572344308,12.480667763000001,29.005
inference_ms,2_7_new_plugin_bag_3,127,1779961723687678051,12.596001506,28.579
inference_ms,2_7_new_plugin_bag_3,128,1779961723794199365,12.70252282,34.737
inference_ms,2_7_new_plugin_bag_3,129,1779961723847152797,12.755476252000001,27.033
inference_ms,2_7_new_plugin_bag_3,130,1779961723975730148,12.884053603000002,29.661
inference_ms,2_7_new_plugin_bag_3,131,1779961724052567473,12.960890928000001,26.448
inference_ms,2_7_new_plugin_bag_3,132,1779961724165237391,13.073560846000001,30.056
inference_ms,2_7_new_plugin_bag_3,133,1779961724256706567,13.165030022000002,30.675
inference_ms,2_7_new_plugin_bag_3,134,1779961724345914629,13.254238084,30.092
inference_ms,2_7_new_plugin_bag_3,135,1779961724451159263,13.359482718,26.972
inference_ms,2_7_new_plugin_bag_3,136,1779961724582422486,13.490745941,29.043
inference_ms,2_7_new_plugin_bag_3,137,1779961724694003623,13.602327078,38.913
inference_ms,2_7_new_plugin_bag_3,138,1779961724773035576,13.681359031000001,31.629
inference_ms,2_7_new_plugin_bag_3,139,1779961724857042205,13.76536566,30.653
inference_ms,2_7_new_plugin_bag_3,140,1779961724944837051,13.853160506,28.544
inference_ms,2_7_new_plugin_bag_3,141,1779961725074495059,13.982818514000002,30.444
inference_ms,2_7_new_plugin_bag_3,142,1779961725179206406,14.087529861,28.597
inference_ms,2_7_new_plugin_bag_3,143,1779961725259472763,14.167796218000001,27.546
inference_ms,2_7_new_plugin_bag_3,144,1779961725400612183,14.308935638000001,44.002
inference_ms,2_7_new_plugin_bag_3,145,1779961725472747340,14.381070795000001,32.582
inference_ms,2_7_new_plugin_bag_3,146,1779961725552213966,14.460537421000002,28.778
inference_ms,2_7_new_plugin_bag_3,147,1779961725642633730,14.550957185000001,27.608
inference_ms,2_7_new_plugin_bag_3,148,1779961725781499159,14.689822614,26.397
inference_ms,2_7_new_plugin_bag_3,149,1779961725866097514,14.774420969000001,30.161
inference_ms,2_7_new_plugin_bag_3,150,1779961725950005066,14.858328521,27.232
inference_ms,2_7_new_plugin_bag_3,151,1779961726055620705,14.96394416,25.236
inference_ms,2_7_new_plugin_bag_3,152,1779961726173726033,15.082049488000001,27.425
inference_ms,2_7_new_plugin_bag_3,153,1779961726252851146,15.161174601,30.677
inference_ms,2_7_new_plugin_bag_3,154,1779961726356390118,15.264713573000002,30.995
inference_ms,2_7_new_plugin_bag_3,155,1779961726450809407,15.359132862000001,26.284
inference_ms,2_7_new_plugin_bag_3,156,1779961726560890964,15.469214419000002,26.395
inference_ms,2_7_new_plugin_bag_3,157,1779961726654062954,15.562386409,29.74
inference_ms,2_7_new_plugin_bag_3,158,1779961726741105567,15.649429022000001,27.012
inference_ms,2_7_new_plugin_bag_3,159,1779961726858154807,15.766478262000001,25.603
inference_ms,2_7_new_plugin_bag_3,160,1779961726942972820,15.851296275000001,25.272
inference_ms,2_7_new_plugin_bag_3,161,1779961727050714485,15.959037940000002,22.843
inference_ms,2_7_new_plugin_bag_3,162,1779961727153868458,16.062191913,28.544
inference_ms,2_7_new_plugin_bag_3,163,1779961727260880587,16.169204042,24.787
inference_ms,2_7_new_plugin_bag_3,164,1779961727359768517,16.268091972,31.378
inference_ms,2_7_new_plugin_bag_3,165,1779961727478315042,16.386638497,26.902
inference_ms,2_7_new_plugin_bag_3,166,1779961727567406200,16.475729655000002,30.384
inference_ms,2_7_new_plugin_bag_3,167,1779961727657589816,16.565913271,30.669
inference_ms,2_7_new_plugin_bag_3,168,1779961727771681044,16.680004499000002,30.277
inference_ms,2_7_new_plugin_bag_3,169,1779961727867974989,16.776298444000002,27.92
inference_ms,2_7_new_plugin_bag_3,170,1779961727952620146,16.860943601000002,25.14
inference_ms,2_7_new_plugin_bag_3,171,1779961728064388130,16.972711585000003,28.985
inference_ms,2_7_new_plugin_bag_3,172,1779961728153155856,17.061479311,32.107
inference_ms,2_7_new_plugin_bag_3,173,1779961728271461947,17.179785402,32.241
inference_ms,2_7_new_plugin_bag_3,174,1779961728382329515,17.29065297,32.67
inference_ms,2_7_new_plugin_bag_3,175,1779961728448927683,17.357251138000002,31.688
inference_ms,2_7_new_plugin_bag_3,176,1779961728551506201,17.459829656,25.573
inference_ms,2_7_new_plugin_bag_3,177,1779961728653099002,17.561422457000003,31.576
inference_ms,2_7_new_plugin_bag_3,178,1779961728774879291,17.683202746000003,31.676
inference_ms,2_7_new_plugin_bag_3,179,1779961728850164190,17.758487645000002,32.432
inference_ms,2_7_new_plugin_bag_3,180,1779961728952669584,17.860993039,33.721
inference_ms,2_7_new_plugin_bag_3,181,1779961729050386845,17.9587103,29.102
inference_ms,2_7_new_plugin_bag_3,182,1779961729169103737,18.077427192000002,30.796
inference_ms,2_7_new_plugin_bag_3,183,1779961729252513439,18.160836894000003,27.407
inference_ms,2_7_new_plugin_bag_3,184,1779961729391951076,18.300274531,36.011
inference_ms,2_7_new_plugin_bag_3,185,1779961729457652059,18.365975514000002,28.729
inference_ms,2_7_new_plugin_bag_3,186,1779961729557502995,18.46582645,36.845
inference_ms,2_7_new_plugin_bag_3,187,1779961729673117783,18.581441238,44.983
inference_ms,2_7_new_plugin_bag_3,188,1779961729746450281,18.654773736000003,26.911
inference_ms,2_7_new_plugin_bag_3,189,1779961729893003776,18.801327231000002,34.291
inference_ms,2_7_new_plugin_bag_3,190,1779961729952943900,18.861267355000003,28.878
inference_ms,2_7_new_plugin_bag_3,191,1779961730050252903,18.958576358000002,25.775
inference_ms,2_7_new_plugin_bag_3,192,1779961730184999074,19.093322529,29.496
inference_ms,2_7_new_plugin_bag_3,193,1779961730267693825,19.17601728,26.507
inference_ms,2_7_new_plugin_bag_3,194,1779961730383277942,19.291601397,35.871
inference_ms,2_7_new_plugin_bag_3,195,1779961730452461545,19.360785,30.629
inference_ms,2_7_new_plugin_bag_3,196,1779961730551820403,19.460143858000002,30.184
inference_ms,2_7_new_plugin_bag_3,197,1779961730645263656,19.553587111000002,27.661
inference_ms,2_7_new_plugin_bag_3,198,1779961730761884157,19.670207612000002,28.075
inference_ms,2_7_new_plugin_bag_3,199,1779961730846871750,19.755195205,26.677
inference_ms,2_7_new_plugin_bag_3,200,1779961730956463941,19.864787396,30.469
inference_ms,2_7_new_plugin_bag_3,201,1779961731064704678,19.973028133,29.349
inference_ms,2_7_new_plugin_bag_3,202,1779961731184954631,20.093278086,27.387
inference_ms,2_7_new_plugin_bag_3,203,1779961731261996777,20.170320232,28.018
inference_ms,2_7_new_plugin_bag_3,204,1779961731368819473,20.277142928,32.787
inference_ms,2_7_new_plugin_bag_3,205,1779961731458433201,20.366756656,25.988
inference_ms,2_7_new_plugin_bag_3,206,1779961731565427252,20.473750707,26.225
inference_ms,2_7_new_plugin_bag_3,207,1779961731657417131,20.565740586,26.304
inference_ms,2_7_new_plugin_bag_3,208,1779961731748050462,20.656373917,28.863
inference_ms,2_7_new_plugin_bag_3,209,1779961731846103865,20.75442732,28.037
inference_ms,2_7_new_plugin_bag_3,210,1779961731945436408,20.853759863,31.657
inference_ms,2_7_new_plugin_bag_3,211,1779961732050031598,20.958355053000002,27.039
inference_ms,2_7_new_plugin_bag_3,212,1779961732147686968,21.056010423,31.219
inference_ms,2_7_new_plugin_bag_3,213,1779961732290242779,21.198566234,31.66
inference_ms,2_7_new_plugin_bag_3,214,1779961732383829316,21.292152771,30.475
inference_ms,2_7_new_plugin_bag_3,215,1779961732458675087,21.366998542,32.352
inference_ms,2_7_new_plugin_bag_3,216,1779961732594795002,21.503118457000003,32.925
inference_ms,2_7_new_plugin_bag_3,217,1779961732713216556,21.621540011,50.528
inference_ms,2_7_new_plugin_bag_3,218,1779961732783870051,21.692193506000002,29.556
inference_ms,2_7_new_plugin_bag_3,219,1779961732874788769,21.783112224,31.447
inference_ms,2_7_new_plugin_bag_3,220,1779961732948518177,21.856841632000002,29.898
inference_ms,2_7_new_plugin_bag_3,221,1779961733090073463,21.998396918,38.875
inference_ms,2_7_new_plugin_bag_3,222,1779961733157872734,22.066196189000003,32.65
inference_ms,2_7_new_plugin_bag_3,223,1779961733274840624,22.183164079,29.586
inference_ms,2_7_new_plugin_bag_3,224,1779961733352419578,22.260743033,32.453
inference_ms,2_7_new_plugin_bag_3,225,1779961733451501582,22.359825037,28.91
inference_ms,2_7_new_plugin_bag_3,226,1779961733545239414,22.453562869000002,31.202
inference_ms,2_7_new_plugin_bag_3,227,1779961733664068427,22.572391882,30.469
inference_ms,2_7_new_plugin_bag_3,228,1779961733745528308,22.653851763000002,28.698
inference_ms,2_7_new_plugin_bag_3,229,1779961733858302230,22.766625685,31.241
inference_ms,2_7_new_plugin_bag_3,230,1779961733947988461,22.856311916000003,32.976
inference_ms,2_7_new_plugin_bag_3,231,1779961734070738209,22.979061664000003,30.236
inference_ms,2_7_new_plugin_bag_3,232,1779961734152271980,23.060595435,31.226
inference_ms,2_7_new_plugin_bag_3,233,1779961734297177958,23.205501413,35.959
inference_ms,2_7_new_plugin_bag_3,234,1779961734347957426,23.256280881000002,29.535
inference_ms,2_7_new_plugin_bag_3,235,1779961734476174529,23.384497984000003,33.85
inference_ms,2_7_new_plugin_bag_3,236,1779961734594072810,23.502396265,38.819
inference_ms,2_7_new_plugin_bag_3,237,1779961734657552802,23.565876257000003,30.839
inference_ms,2_7_new_plugin_bag_3,238,1779961734772468177,23.680791632000002,30.359
inference_ms,2_7_new_plugin_bag_3,239,1779961734853172211,23.761495666000002,29.963
inference_ms,2_7_new_plugin_bag_3,240,1779961734977267872,23.885591327,38.229
inference_ms,2_7_new_plugin_bag_3,241,1779961735091700441,24.000023896000002,35.102
inference_ms,2_7_new_plugin_bag_3,242,1779961735159979617,24.068303072000003,37.691
inference_ms,2_7_new_plugin_bag_3,243,1779961735307713955,24.216037410000002,40.012
inference_ms,2_7_new_plugin_bag_3,244,1779961735395715847,24.304039302000003,40.028
inference_ms,2_7_new_plugin_bag_3,245,1779961735487221805,24.395545260000002,39.459
inference_ms,2_7_new_plugin_bag_3,246,1779961735590676159,24.498999614000002,36.795
inference_ms,2_7_new_plugin_bag_3,247,1779961735667219211,24.575542666,37.037
inference_ms,2_7_new_plugin_bag_3,248,1779961735761998217,24.670321672,31.377
inference_ms,2_7_new_plugin_bag_3,249,1779961735878219015,24.78654247,29.153
inference_ms,2_7_new_plugin_bag_3,250,1779961735950960943,24.859284398,29.197
inference_ms,2_7_new_plugin_bag_3,251,1779961736071633377,24.979956832000003,30.024
inference_ms,2_7_new_plugin_bag_3,252,1779961736158368654,25.066692109,32.513
inference_ms,2_7_new_plugin_bag_3,253,1779961736245137329,25.153460784,27.822
inference_ms,2_7_new_plugin_bag_3,254,1779961736370249705,25.27857316,35.174
inference_ms,2_7_new_plugin_bag_3,255,1779961736453430767,25.361754222000002,31.508
inference_ms,2_7_new_plugin_bag_3,256,1779961736558333135,25.466656590000003,31.423
inference_ms,2_7_new_plugin_bag_3,257,1779961736656170244,25.564493699000003,29.23
inference_ms,2_7_new_plugin_bag_3,258,1779961736762761791,25.671085246,32.691
inference_ms,2_7_new_plugin_bag_3,259,1779961736922028184,25.830351639,56.455
inference_ms,2_7_new_plugin_bag_3,260,1779961736952026591,25.860350046,26.075
inference_ms,2_7_new_plugin_bag_3,261,1779961737058537241,25.966860696,29.529
inference_ms,2_7_new_plugin_bag_3,262,1779961737172188113,26.080511568000002,31.179
inference_ms,2_7_new_plugin_bag_3,263,1779961737248952919,26.157276374000002,33.067
inference_ms,2_7_new_plugin_bag_3,264,1779961737352517434,26.260840889,28.429
inference_ms,2_7_new_plugin_bag_3,265,1779961737452423204,26.360746659,27.13
inference_ms,2_7_new_plugin_bag_3,266,1779961737564309449,26.472632904,29.676
inference_ms,2_7_new_plugin_bag_3,267,1779961737680723358,26.589046813000003,36.425
inference_ms,2_7_new_plugin_bag_3,268,1779961737751750219,26.660073674000003,32.206
inference_ms,2_7_new_plugin_bag_3,269,1779961737844262459,26.752585914,30.878
inference_ms,2_7_new_plugin_bag_3,270,1779961737959592707,26.867916162,30.734
inference_ms,2_7_new_plugin_bag_3,271,1779961738059683381,26.968006836,28.987
inference_ms,2_7_new_plugin_bag_3,272,1779961738148744075,27.05706753,28.331
inference_ms,2_7_new_plugin_bag_3,273,1779961738269315721,27.177639176000003,29.616
inference_ms,2_7_new_plugin_bag_3,274,1779961738353050992,27.261374447,27.717
inference_ms,2_7_new_plugin_bag_3,275,1779961738469699944,27.378023399000003,30.526
inference_ms,2_7_new_plugin_bag_3,276,1779961738559775845,27.468099300000002,27.891
inference_ms,2_7_new_plugin_bag_3,277,1779961738663084597,27.571408052000002,26.922
inference_ms,2_7_new_plugin_bag_3,278,1779961738750626219,27.658949674000002,27.806
inference_ms,2_7_new_plugin_bag_3,279,1779961738868534587,27.776858042,31.7
inference_ms,2_7_new_plugin_bag_3,280,1779961738978313745,27.886637200000003,28.746
inference_ms,2_7_new_plugin_bag_3,281,1779961739108134663,28.016458118000003,42.397
inference_ms,2_7_new_plugin_bag_3,282,1779961739186200800,28.094524255000003,35.274
inference_ms,2_7_new_plugin_bag_3,283,1779961739258288655,28.166612110000003,35.662
inference_ms,2_7_new_plugin_bag_3,284,1779961739357848998,28.266172453000003,30.21
inference_ms,2_7_new_plugin_bag_3,285,1779961739477177047,28.385500502000003,31.46
inference_ms,2_7_new_plugin_bag_3,286,1779961739573181762,28.481505217000002,31.433
inference_ms,2_7_new_plugin_bag_3,287,1779961739670367910,28.578691365,31.292
inference_ms,2_7_new_plugin_bag_3,288,1779961739769215942,28.677539397,32.2
inference_ms,2_7_new_plugin_bag_3,289,1779961739872796307,28.781119762000003,33.423
inference_ms,2_7_new_plugin_bag_3,290,1779961739961563864,28.869887319,34.301
inference_ms,2_7_new_plugin_bag_3,291,1779961740086126315,28.994449770000003,29.8
inference_ms,2_7_new_plugin_bag_3,292,1779961740166586544,29.074909999000003,32.157
inference_ms,2_7_new_plugin_bag_3,293,1779961740247781497,29.156104952000003,27.441
inference_ms,2_7_new_plugin_bag_3,294,1779961740384554120,29.292877575000002,28.959
inference_ms,2_7_new_plugin_bag_3,295,1779961740465924322,29.374247777,28.709
inference_ms,2_7_new_plugin_bag_3,296,1779961740573464061,29.481787516,30.809
inference_ms,2_7_new_plugin_bag_3,297,1779961740652554703,29.560878158,30.261
inference_ms,2_7_new_plugin_bag_3,298,1779961740748964994,29.657288449000003,30.946
inference_ms,2_7_new_plugin_bag_3,299,1779961740850360329,29.758683784000002,35.141
inference_ms,2_7_new_plugin_bag_3,300,1779961740958107721,29.866431176000003,27.108
inference_ms,2_7_new_plugin_bag_3,301,1779961741069788476,29.978111931,30.339
inference_ms,2_7_new_plugin_bag_3,302,1779961741206652402,30.114975857,36.188
inference_ms,2_7_new_plugin_bag_3,303,1779961741267149787,30.175473242000002,31.232
inference_ms,2_7_new_plugin_bag_3,304,1779961741388546741,30.296870196,31.379
inference_ms,2_7_new_plugin_bag_3,305,1779961741474615636,30.382939091,33.491
inference_ms,2_7_new_plugin_bag_3,306,1779961741594110707,30.502434162,32.651
inference_ms,2_7_new_plugin_bag_3,307,1779961741709150467,30.617473922000002,43.24
inference_ms,2_7_new_plugin_bag_3,308,1779961741762550183,30.670873638000003,28.342
inference_ms,2_7_new_plugin_bag_3,309,1779961741892796440,30.801119895000003,40.132
inference_ms,2_7_new_plugin_bag_3,310,1779961741952194410,30.860517865000002,29.37
inference_ms,2_7_new_plugin_bag_3,311,1779961742073161499,30.981484954000003,31.828
inference_ms,2_7_new_plugin_bag_3,312,1779961742212546830,31.120870285000002,35.03
inference_ms,2_7_new_plugin_bag_3,313,1779961742288820808,31.197144263000002,37.934
inference_ms,2_7_new_plugin_bag_3,314,1779961742359405322,31.267728777000002,30.483
inference_ms,2_7_new_plugin_bag_3,315,1779961742462679989,31.371003444000003,29.383
inference_ms,2_7_new_plugin_bag_3,316,1779961742560838388,31.469161843000002,27.192
inference_ms,2_7_new_plugin_bag_3,317,1779961742667660540,31.575983995,34.634
inference_ms,2_7_new_plugin_bag_3,318,1779961742772210316,31.680533771,32.684
inference_ms,2_7_new_plugin_bag_3,319,1779961742862257570,31.770581025000002,33.329
inference_ms,2_7_new_plugin_bag_3,320,1779961742950394060,31.858717515000002,30.374
inference_ms,2_7_new_plugin_bag_3,321,1779961743076270956,31.984594411000003,33.509
inference_ms,2_7_new_plugin_bag_3,322,1779961743160444089,32.068767544,32.071
inference_ms,2_7_new_plugin_bag_3,323,1779961743264508919,32.172832374,35.561
inference_ms,2_7_new_plugin_bag_3,324,1779961743356332521,32.264655976,33.422
inference_ms,2_7_new_plugin_bag_3,325,1779961743443223975,32.351547430000004,28.352
inference_ms,2_7_new_plugin_bag_3,326,1779961743575903430,32.484226885000005,29.778
inference_ms,2_7_new_plugin_bag_3,327,1779961743658681279,32.567004734,30.824
inference_ms,2_7_new_plugin_bag_3,328,1779961743766705720,32.675029175,30.827
inference_ms,2_7_new_plugin_bag_3,329,1779961743874175713,32.782499168,34.03
inference_ms,2_7_new_plugin_bag_3,330,1779961743978405388,32.886728843,31.11
inference_ms,2_7_new_plugin_bag_3,331,1779961744060528524,32.968851979,32.966
inference_ms,2_7_new_plugin_bag_3,332,1779961744152163468,33.060486923,31.721
inference_ms,2_7_new_plugin_bag_3,333,1779961744283997239,33.192320694,28.256
inference_ms,2_7_new_plugin_bag_3,334,1779961744366109204,33.274432659,29.734
inference_ms,2_7_new_plugin_bag_3,335,1779961744448486166,33.356809621000004,31.088
inference_ms,2_7_new_plugin_bag_3,336,1779961744579304640,33.487628095000005,35.76
inference_ms,2_7_new_plugin_bag_3,337,1779961744669987121,33.578310576,29.476
inference_ms,2_7_new_plugin_bag_3,338,1779961744758935068,33.667258523,32.641
inference_ms,2_7_new_plugin_bag_3,339,1779961744860951200,33.769274655000004,28.412
inference_ms,2_7_new_plugin_bag_3,340,1779961744970435489,33.878758944000005,35.222
inference_ms,2_7_new_plugin_bag_3,341,1779961745053566945,33.9618904,29.04
inference_ms,2_7_new_plugin_bag_3,342,1779961745154521253,34.062844708,27.973
inference_ms,2_7_new_plugin_bag_3,343,1779961745253448598,34.161772053,31.953
inference_ms,2_7_new_plugin_bag_3,344,1779961745361550374,34.269873829000005,30.767
inference_ms,2_7_new_plugin_bag_3,345,1779961745475033998,34.383357453,32.826
inference_ms,2_7_new_plugin_bag_3,346,1779961745587825471,34.496148926000004,36.331
inference_ms,2_7_new_plugin_bag_3,347,1779961745673270502,34.581593957,30.495
inference_ms,2_7_new_plugin_bag_3,348,1779961745810223164,34.718546619,41.213
inference_ms,2_7_new_plugin_bag_3,349,1779961745913909163,34.822232618,45.77
inference_ms,2_7_new_plugin_bag_3,350,1779961745986565659,34.894889114,38.706
inference_ms,2_7_new_plugin_bag_3,351,1779961746062723990,34.971047445,34.398
inference_ms,2_7_new_plugin_bag_3,352,1779961746172508597,35.080832052000005,34.743
inference_ms,2_7_new_plugin_bag_3,353,1779961746263647957,35.171971412000005,30.868
inference_ms,2_7_new_plugin_bag_3,354,1779961746375884265,35.284207720000005,29.58
inference_ms,2_7_new_plugin_bag_3,355,1779961746485159861,35.393483316,35.4
inference_ms,2_7_new_plugin_bag_3,356,1779961746557809258,35.466132713,28.417
inference_ms,2_7_new_plugin_bag_3,357,1779961746647205634,35.555529089000004,30.487
inference_ms,2_7_new_plugin_bag_3,358,1779961746777781778,35.686105233,35.153
inference_ms,2_7_new_plugin_bag_3,359,1779961746851518311,35.759841766,29.769
inference_ms,2_7_new_plugin_bag_3,360,1779961746964259121,35.872582576,28.609
inference_ms,2_7_new_plugin_bag_3,361,1779961747083696461,35.992019916000004,28.663
inference_ms,2_7_new_plugin_bag_3,362,1779961747162855339,36.071178794000005,27.534
inference_ms,2_7_new_plugin_bag_3,363,1779961747270887719,36.179211174,28.409
inference_ms,2_7_new_plugin_bag_3,364,1779961747385596868,36.293920323,36.307
inference_ms,2_7_new_plugin_bag_3,365,1779961747460542273,36.368865728,31.087
inference_ms,2_7_new_plugin_bag_3,366,1779961747597726811,36.506050266,36.895
inference_ms,2_7_new_plugin_bag_3,367,1779961747687260431,36.595583886,35.989
inference_ms,2_7_new_plugin_bag_3,368,1779961747786730043,36.695053498,37.918
inference_ms,2_7_new_plugin_bag_3,369,1779961747881509635,36.78983309,36.003
inference_ms,2_7_new_plugin_bag_3,370,1779961747961537356,36.869860811,32.319
inference_ms,2_7_new_plugin_bag_3,371,1779961748099314091,37.007637546000005,36.888
inference_ms,2_7_new_plugin_bag_3,372,1779961748168479818,37.076803273,27.81
inference_ms,2_7_new_plugin_bag_3,373,1779961748279443402,37.187766857,34.122
inference_ms,2_7_new_plugin_bag_3,374,1779961748358897910,37.267221365000005,26.381
inference_ms,2_7_new_plugin_bag_3,375,1779961748465245942,37.373569397000004,32.079
inference_ms,2_7_new_plugin_bag_3,376,1779961748567256932,37.475580387,30.695
inference_ms,2_7_new_plugin_bag_3,377,1779961748653351465,37.56167492,29.824
inference_ms,2_7_new_plugin_bag_3,378,1779961748761443321,37.669766776,31.386
inference_ms,2_7_new_plugin_bag_3,379,1779961748880140975,37.788464430000005,31.165
inference_ms,2_7_new_plugin_bag_3,380,1779961748968105196,37.876428651000005,33.38
inference_ms,2_7_new_plugin_bag_3,381,1779961749079175960,37.987499415,32.66
inference_ms,2_7_new_plugin_bag_3,382,1779961749154654288,38.062977743000005,28.43
inference_ms,2_7_new_plugin_bag_3,383,1779961749281532164,38.189855619,35.792
inference_ms,2_7_new_plugin_bag_3,384,1779961749364940367,38.273263822000004,39.883
inference_ms,2_7_new_plugin_bag_3,385,1779961749525537293,38.433860748,46.19
inference_ms,2_7_new_plugin_bag_3,386,1779961749585624343,38.493947798,38.632
inference_ms,2_7_new_plugin_bag_3,387,1779961749692128899,38.600452354000005,34.614
inference_ms,2_7_new_plugin_bag_3,388,1779961749786384964,38.694708419,33.363
inference_ms,2_7_new_plugin_bag_3,389,1779961749888223101,38.796546556,38.814
inference_ms,2_7_new_plugin_bag_3,390,1779961749975292310,38.883615765,32.491
inference_ms,2_7_new_plugin_bag_3,391,1779961750070918694,38.979242149,31.245
inference_ms,2_7_new_plugin_bag_3,392,1779961750151714270,39.060037725,27.375
inference_ms,2_7_new_plugin_bag_3,393,1779961750247573972,39.155897427,33.178
inference_ms,2_7_new_plugin_bag_3,394,1779961750347153186,39.255476641,29.813
inference_ms,2_7_new_plugin_bag_3,395,1779961750492093735,39.400417190000006,30.508
inference_ms,2_7_new_plugin_bag_3,396,1779961750571353093,39.479676548,29.383
inference_ms,2_7_new_plugin_bag_3,397,1779961750684409072,39.592732527,32.879
inference_ms,2_7_new_plugin_bag_3,398,1779961750759884734,39.668208189000005,28.69
inference_ms,2_7_new_plugin_bag_3,399,1779961750851502910,39.759826365,30.915
inference_ms,2_7_new_plugin_bag_3,400,1779961750966735322,39.875058777,33.909
inference_ms,2_7_new_plugin_bag_3,401,1779961751064660731,39.972984186000005,28.984
inference_ms,2_7_new_plugin_bag_3,402,1779961751158381528,40.066704983,28.988
inference_ms,2_7_new_plugin_bag_3,403,1779961751266835390,40.175158845000006,31.298
inference_ms,2_7_new_plugin_bag_3,404,1779961751352227491,40.260550946,33.277
inference_ms,2_7_new_plugin_bag_3,405,1779961751464428698,40.372752153,32.941
inference_ms,2_7_new_plugin_bag_3,406,1779961751554237639,40.462561094,28.275
inference_ms,2_7_new_plugin_bag_3,407,1779961751659142663,40.567466118000006,28.688
inference_ms,2_7_new_plugin_bag_3,408,1779961751777180567,40.685504022,31.929
inference_ms,2_7_new_plugin_bag_3,409,1779961751860622307,40.768945762,27.239
inference_ms,2_7_new_plugin_bag_3,410,1779961751974476932,40.882800387,33.967
inference_ms,2_7_new_plugin_bag_3,411,1779961752054263555,40.96258701,34.423
inference_ms,2_7_new_plugin_bag_3,412,1779961752148603755,41.056927210000005,34.183
inference_ms,2_7_new_plugin_bag_3,413,1779961752265568271,41.173891726,34.546
inference_ms,2_7_new_plugin_bag_3,414,1779961752372774883,41.281098338,32.005
inference_ms,2_7_new_plugin_bag_3,415,1779961752504512866,41.412836321,33.351
inference_ms,2_7_new_plugin_bag_3,416,1779961752567788993,41.476112448,31.221
inference_ms,2_7_new_plugin_bag_3,417,1779961752650856269,41.559179724,27.821
inference_ms,2_7_new_plugin_bag_3,418,1779961752760653325,41.66897678,31.405
inference_ms,2_7_new_plugin_bag_3,419,1779961752876721892,41.785045347,33.308
inference_ms,2_7_new_plugin_bag_3,420,1779961752976443130,41.884766585,32.501
inference_ms,2_7_new_plugin_bag_3,421,1779961753050279749,41.958603204,28.671
inference_ms,2_7_new_plugin_bag_3,422,1779961753165572620,42.073896075,30.369
inference_ms,2_7_new_plugin_bag_3,423,1779961753271658382,42.179981837,33.498
inference_ms,2_7_new_plugin_bag_3,424,1779961753364422352,42.272745807,31.102
inference_ms,2_7_new_plugin_bag_3,425,1779961753468919499,42.377242954,31.005
inference_ms,2_7_new_plugin_bag_3,426,1779961753565962672,42.474286127,37.144
inference_ms,2_7_new_plugin_bag_3,427,1779961753673003748,42.581327203,30.428
inference_ms,2_7_new_plugin_bag_3,428,1779961753824278475,42.73260193,47.558
inference_ms,2_7_new_plugin_bag_3,429,1779961753889888226,42.798211681000005,34.479
inference_ms,2_7_new_plugin_bag_3,430,1779961753985257544,42.893580999,40.056
inference_ms,2_7_new_plugin_bag_3,431,1779961754072894357,42.981217812000004,31.504
inference_ms,2_7_new_plugin_bag_3,432,1779961754162288172,43.070611627000005,33.665
inference_ms,2_7_new_plugin_bag_3,433,1779961754262620080,43.170943535,32.57
inference_ms,2_7_new_plugin_bag_3,434,1779961754389193934,43.297517389,45.671
inference_ms,2_7_new_plugin_bag_3,435,1779961754454046328,43.362369783000005,32.129
inference_ms,2_7_new_plugin_bag_3,436,1779961754570364756,43.478688211000005,30.912
inference_ms,2_7_new_plugin_bag_3,437,1779961754660597692,43.568921147000005,27.561
inference_ms,2_7_new_plugin_bag_3,438,1779961754777262434,43.685585889,33.993
inference_ms,2_7_new_plugin_bag_3,439,1779961754851283449,43.759606904,27.982
inference_ms,2_7_new_plugin_bag_3,440,1779961754975072811,43.883396266000005,37.6
inference_ms,2_7_new_plugin_bag_3,441,1779961755078896394,43.987219849000006,33.065
inference_ms,2_7_new_plugin_bag_3,442,1779961755185456001,44.093779456,33.315
inference_ms,2_7_new_plugin_bag_3,443,1779961755273059647,44.181383102000005,32.307
inference_ms,2_7_new_plugin_bag_3,444,1779961755375876502,44.284199957000006,34.763
inference_ms,2_7_new_plugin_bag_3,445,1779961755450376438,44.358699893,29.891
inference_ms,2_7_new_plugin_bag_3,446,1779961755564775042,44.473098497,31.49
inference_ms,2_7_new_plugin_bag_3,447,1779961755644814859,44.553138314,30.72
inference_ms,2_7_new_plugin_bag_3,448,1779961755777103747,44.685427202,32.691
inference_ms,2_7_new_plugin_bag_3,449,1779961755886687093,44.795010548,36.275
inference_ms,2_7_new_plugin_bag_3,450,1779961755957473940,44.865797395,29.441
inference_ms,2_7_new_plugin_bag_3,451,1779961756070094857,44.978418312,31.907
inference_ms,2_7_new_plugin_bag_3,452,1779961756168691209,45.077014664000004,30.159
inference_ms,2_7_new_plugin_bag_3,453,1779961756270752332,45.179075787,32.866
inference_ms,2_7_new_plugin_bag_3,454,1779961756365320902,45.273644357,30.613
inference_ms,2_7_new_plugin_bag_3,455,1779961756462916242,45.371239697,32.326
inference_ms,2_7_new_plugin_bag_3,456,1779961756584268050,45.492591505,33.969
inference_ms,2_7_new_plugin_bag_3,457,1779961756665449843,45.573773298000006,29.175
inference_ms,2_7_new_plugin_bag_3,458,1779961756779334000,45.687657455,30.959
inference_ms,2_7_new_plugin_bag_3,459,1779961756861728982,45.770052437000004,35.515
inference_ms,2_7_new_plugin_bag_3,460,1779961756954878747,45.863202202000004,29.182
inference_ms,2_7_new_plugin_bag_3,461,1779961757077912205,45.986235660000006,29.363
inference_ms,2_7_new_plugin_bag_3,462,1779961757162632626,46.070956081000006,28.918
inference_ms,2_7_new_plugin_bag_3,463,1779961757247387993,46.155711448000005,30.347
inference_ms,2_7_new_plugin_bag_3,464,1779961757352580249,46.260903704,29.866
inference_ms,2_7_new_plugin_bag_3,465,1779961757451441861,46.359765316,30.529
inference_ms,2_7_new_plugin_bag_3,466,1779961757560392321,46.468715776,35.7
inference_ms,2_7_new_plugin_bag_3,467,1779961757670462439,46.578785894000006,31.549
inference_ms,2_7_new_plugin_bag_3,468,1779961757754205232,46.662528687000005,30.874
inference_ms,2_7_new_plugin_bag_3,469,1779961757851049548,46.759373003,26.906
inference_ms,2_7_new_plugin_bag_3,470,1779961757966701264,46.875024719,34.624
inference_ms,2_7_new_plugin_bag_3,471,1779961758049687820,46.958011275000004,29.911
inference_ms,2_7_new_plugin_bag_3,472,1779961758185977784,47.094301239,37.302
inference_ms,2_7_new_plugin_bag_3,473,1779961758273815415,47.18213887,33.935
inference_ms,2_7_new_plugin_bag_3,474,1779961758404649736,47.312973191000005,35.899
inference_ms,2_7_new_plugin_bag_3,475,1779961758495120812,47.403444267000005,40.712
inference_ms,2_7_new_plugin_bag_3,476,1779961758591219919,47.499543374000005,45.495
inference_ms,2_7_new_plugin_bag_3,477,1779961758658726527,47.567049982,30.62
inference_ms,2_7_new_plugin_bag_3,478,1779961758758135791,47.666459246,29.299
inference_ms,2_7_new_plugin_bag_3,479,1779961758858855458,47.767178913,29.2
inference_ms,2_7_new_plugin_bag_3,480,1779961758973390748,47.881714203,35.608
inference_ms,2_7_new_plugin_bag_3,481,1779961759042496924,47.950820379,29.147
inference_ms,2_7_new_plugin_bag_3,482,1779961759166384782,48.074708237,32.892
inference_ms,2_7_new_plugin_bag_3,483,1779961759250279392,48.158602847000004,29.451
inference_ms,2_7_new_plugin_bag_3,484,1779961759392175662,48.300499117,39.13
inference_ms,2_7_new_plugin_bag_3,485,1779961759446566740,48.354890195,30.659
inference_ms,2_7_new_plugin_bag_3,486,1779961759562717742,48.471041197000005,28.278
inference_ms,2_7_new_plugin_bag_3,487,1779961759661053224,48.569376679,27.703
inference_ms,2_7_new_plugin_bag_3,488,1779961759790349222,48.698672677000005,34.467
inference_ms,2_7_new_plugin_bag_3,489,1779961759904072813,48.812396268,47.529
inference_ms,2_7_new_plugin_bag_3,490,1779961759968993608,48.877317063,29.702
inference_ms,2_7_new_plugin_bag_3,491,1779961760083649409,48.991972864000005,35.292
inference_ms,2_7_new_plugin_bag_3,492,1779961760197694694,49.106018149,40.697
inference_ms,2_7_new_plugin_bag_3,493,1779961760260602087,49.168925542000004,39.176
inference_ms,2_7_new_plugin_bag_3,494,1779961760400388103,49.308711558000006,39.337
inference_ms,2_7_new_plugin_bag_3,495,1779961760453907690,49.362231145,34.344
inference_ms,2_7_new_plugin_bag_3,496,1779961760601140168,49.509463623,35.52
inference_ms,2_7_new_plugin_bag_3,497,1779961760656115900,49.564439355000005,31.607
inference_ms,2_7_new_plugin_bag_3,498,1779961760763181975,49.67150543,35.392
inference_ms,2_7_new_plugin_bag_3,499,1779961760868359462,49.776682917,37.126
inference_ms,2_7_new_plugin_bag_3,500,1779961760948001096,49.856324551,29.897
inference_ms,2_7_new_plugin_bag_3,501,1779961761064271790,49.972595245,32.963
inference_ms,2_7_new_plugin_bag_3,502,1779961761163689958,50.072013413,45.521
inference_ms,2_7_new_plugin_bag_3,503,1779961761250274818,50.158598273,32.217
inference_ms,2_7_new_plugin_bag_3,504,1779961761353654387,50.261977842,33.423
inference_ms,2_7_new_plugin_bag_3,505,1779961761464611861,50.372935316,32.579
inference_ms,2_7_new_plugin_bag_3,506,1779961761555616691,50.463940146000006,37.356
inference_ms,2_7_new_plugin_bag_3,507,1779961761663018259,50.571341714000006,27.659
inference_ms,2_7_new_plugin_bag_3,508,1779961761748021069,50.656344524000005,31.598
inference_ms,2_7_new_plugin_bag_3,509,1779961761867411860,50.775735315000006,33.419
inference_ms,2_7_new_plugin_bag_3,510,1779961761964553815,50.872877270000004,32.772
inference_ms,2_7_new_plugin_bag_3,511,1779961762094193097,51.002516552,38.09
inference_ms,2_7_new_plugin_bag_3,512,1779961762167448960,51.075772415,29.036
inference_ms,2_7_new_plugin_bag_3,513,1779961762262517012,51.170840467000005,31.844
inference_ms,2_7_new_plugin_bag_3,514,1779961762359952599,51.268276054000005,40.965
inference_ms,2_7_new_plugin_bag_3,515,1779961762448597564,51.356921019000005,31.636
inference_ms,2_7_new_plugin_bag_3,516,1779961762554223621,51.462547076,30.255
inference_ms,2_7_new_plugin_bag_3,517,1779961762651903334,51.560226789000005,28.985
inference_ms,2_7_new_plugin_bag_3,518,1779961762754486756,51.662810211,27.965
inference_ms,2_7_new_plugin_bag_3,519,1779961762865025079,51.773348534,28.766
inference_ms,2_7_new_plugin_bag_3,520,1779961762959648557,51.867972012,27.745
inference_ms,2_7_new_plugin_bag_3,521,1779961763067031101,51.975354556000006,28.814
inference_ms,2_7_new_plugin_bag_3,522,1779961763173426009,52.081749464000005,42.142
inference_ms,2_7_new_plugin_bag_3,523,1779961763246024826,52.154348281000004,29.436
inference_ms,2_7_new_plugin_bag_3,524,1779961763384675937,52.292999392000006,35.615
inference_ms,2_7_new_plugin_bag_3,525,1779961763454297228,52.362620683,31.211
inference_ms,2_7_new_plugin_bag_3,526,1779961763565391227,52.473714682,30.973
inference_ms,2_7_new_plugin_bag_3,527,1779961763648956414,52.557279869000006,30.618
inference_ms,2_7_new_plugin_bag_3,528,1779961763799450845,52.707774300000004,36.743
inference_ms,2_7_new_plugin_bag_3,529,1779961763854242488,52.762565943000006,30.515
inference_ms,2_7_new_plugin_bag_3,530,1779961763949042027,52.857365482000006,30.416
inference_ms,2_7_new_plugin_bag_3,531,1779961764055629273,52.963952728,29.741
inference_ms,2_7_new_plugin_bag_3,532,1779961764153941163,53.062264618,28.98
inference_ms,2_7_new_plugin_bag_3,533,1779961764263909906,53.172233361,29.216
inference_ms,2_7_new_plugin_bag_3,534,1779961764341402378,53.24972583300001,26.124
inference_ms,2_7_new_plugin_bag_3,535,1779961764473609575,53.381933030000006,31.198
inference_ms,2_7_new_plugin_bag_3,536,1779961764562368559,53.470692014,27.835
inference_ms,2_7_new_plugin_bag_3,537,1779961764685647067,53.593970522000006,31.007
inference_ms,2_7_new_plugin_bag_3,538,1779961764808971030,53.717294485000004,40.671
inference_ms,2_7_new_plugin_bag_3,539,1779961764851563348,53.759886803,28.161
inference_ms,2_7_new_plugin_bag_3,540,1779961764942498898,53.850822353000005,28.703
inference_ms,2_7_new_plugin_bag_3,541,1779961765052712584,53.96103603900001,26.671
inference_ms,2_7_new_plugin_bag_3,542,1779961765205800527,54.114123982,29.731
inference_ms,2_7_new_plugin_bag_3,543,1779961765269047299,54.177370754,29.938
inference_ms,2_7_new_plugin_bag_3,544,1779961765374179337,54.282502792,28.404
inference_ms,2_7_new_plugin_bag_3,545,1779961765500232170,54.408555625000005,33.72
inference_ms,2_7_new_plugin_bag_3,546,1779961765551655779,54.459979234,31.085
inference_ms,2_7_new_plugin_bag_3,547,1779961765658811481,54.567134936,28.237
inference_ms,2_7_new_plugin_bag_3,548,1779961765753187182,54.661510637000006,26.917
inference_ms,2_7_new_plugin_bag_3,549,1779961765850418072,54.758741527000005,31.637
inference_ms,2_7_new_plugin_bag_3,550,1779961765950843468,54.859166923000004,27.918
inference_ms,2_7_new_plugin_bag_3,551,1779961766075472038,54.983795493,32.722
inference_ms,2_7_new_plugin_bag_3,552,1779961766151794606,55.060118061000004,26.891
inference_ms,2_7_new_plugin_bag_3,553,1779961766258372699,55.166696154,32.117
inference_ms,2_7_new_plugin_bag_3,554,1779961766383105105,55.29142856,35.217
inference_ms,2_7_new_plugin_bag_3,555,1779961766444064224,55.352387679,26.709
inference_ms,2_7_new_plugin_bag_3,556,1779961766562289751,55.470613206,29.23
inference_ms,2_7_new_plugin_bag_3,557,1779961766655071544,55.563394999,29.977
inference_ms,2_7_new_plugin_bag_3,558,1779961766749403248,55.657726703,27.551
inference_ms,2_7_new_plugin_bag_3,559,1779961766858332449,55.766655904000004,29.807
inference_ms,2_7_new_plugin_bag_3,560,1779961766978025693,55.886349148,33.559
inference_ms,2_7_new_plugin_bag_3,561,1779961767068327460,55.976650915,31.805
inference_ms,2_7_new_plugin_bag_3,562,1779961767153587597,56.061911052000006,30.582
inference_ms,2_7_new_plugin_bag_3,563,1779961767243078035,56.151401490000005,27.255
inference_ms,2_7_new_plugin_bag_3,564,1779961767346186725,56.254510180000004,31.02
inference_ms,2_7_new_plugin_bag_3,565,1779961767454098834,56.362422289,26.495
inference_ms,2_7_new_plugin_bag_3,566,1779961767558581875,56.46690533,30.73
inference_ms,2_7_new_plugin_bag_3,567,1779961767653095971,56.561419426,30.415
inference_ms,2_7_new_plugin_bag_3,568,1779961767746198707,56.654522162000006,28.212
inference_ms,2_7_new_plugin_bag_3,569,1779961767860339443,56.768662898,27.35
inference_ms,2_7_new_plugin_bag_3,570,1779961767984626622,56.892950077,32.123
inference_ms,2_7_new_plugin_bag_3,571,1779961768054403846,56.962727301,29.621
inference_ms,2_7_new_plugin_bag_3,572,1779961768163128798,57.071452253000004,31.084
inference_ms,2_7_new_plugin_bag_3,573,1779961768278707034,57.187030489,29.614
inference_ms,2_7_new_plugin_bag_3,574,1779961768352940631,57.261264086000004,31.829
inference_ms,2_7_new_plugin_bag_3,575,1779961768456538624,57.364862079000005,30.735
inference_ms,2_7_new_plugin_bag_3,576,1779961768558997264,57.46732071900001,33.02
inference_ms,2_7_new_plugin_bag_3,577,1779961768667850139,57.576173594000004,35.571
inference_ms,2_7_new_plugin_bag_3,578,1779961768761745703,57.670069158000004,29.26
inference_ms,2_7_new_plugin_bag_3,579,1779961768905720152,57.814043607,39.248
inference_ms,2_7_new_plugin_bag_3,580,1779961768953583269,57.861906724,34.115
inference_ms,2_7_new_plugin_bag_3,581,1779961769053495465,57.961818920000006,29.315
inference_ms,2_7_new_plugin_bag_3,582,1779961769203522590,58.11184604500001,39.299
inference_ms,2_7_new_plugin_bag_3,583,1779961769249840543,58.158163998000006,30.73
inference_ms,2_7_new_plugin_bag_3,584,1779961769383966522,58.292289977,30.999
inference_ms,2_7_new_plugin_bag_3,585,1779961769453703448,58.362026903,30.206
inference_ms,2_7_new_plugin_bag_3,586,1779961769613737716,58.522061171000004,33.256
inference_ms,2_7_new_plugin_bag_3,587,1779961769650491618,58.558815073000005,30.018
inference_ms,2_7_new_plugin_bag_3,588,1779961769751521197,58.659844652000004,37.622
inference_ms,2_7_new_plugin_bag_3,589,1779961769876141722,58.784465177,33.127
inference_ms,2_7_new_plugin_bag_3,590,1779961769950944844,58.85926829900001,28.733
inference_ms,2_7_new_plugin_bag_3,591,1779961770060592244,58.96891569900001,29.838
inference_ms,2_7_new_plugin_bag_3,592,1779961770151996461,59.060319916000005,31.255
inference_ms,2_7_new_plugin_bag_3,593,1779961770250518431,59.158841886000005,30.467
inference_ms,2_7_new_plugin_bag_3,594,1779961770366507893,59.274831348000006,32.345
inference_ms,2_7_new_plugin_bag_3,595,1779961770470558540,59.378881995,32.293
inference_ms,2_7_new_plugin_bag_3,596,1779961770555969034,59.464292489,27.796
inference_ms,2_7_new_plugin_bag_3,597,1779961770646949672,59.55527312700001,25.598
inference_ms,2_7_old_plugin_bag,0,1779952570654969027,0.0,24.73
inference_ms,2_7_old_plugin_bag,1,1779952570714590742,0.059621715000000006,39.451
inference_ms,2_7_old_plugin_bag,2,1779952570752652526,0.09768349900000001,33.162
inference_ms,2_7_old_plugin_bag,3,1779952570873745834,0.21877680700000002,34.972
inference_ms,2_7_old_plugin_bag,4,1779952570963555657,0.30858663000000003,34.281
inference_ms,2_7_old_plugin_bag,5,1779952571064806710,0.409837683,35.311
inference_ms,2_7_old_plugin_bag,6,1779952571140428798,0.48545977100000004,29.45
inference_ms,2_7_old_plugin_bag,7,1779952571261406810,0.6064377830000001,34.141
inference_ms,2_7_old_plugin_bag,8,1779952571344299157,0.6893301300000001,33.618
inference_ms,2_7_old_plugin_bag,9,1779952571441792721,0.7868236940000001,29.059
inference_ms,2_7_old_plugin_bag,10,1779952571556899835,0.901930808,45.67
inference_ms,2_7_old_plugin_bag,11,1779952571650700301,0.995731274,32.445
inference_ms,2_7_old_plugin_bag,12,1779952571746316540,1.091347513,31.781
inference_ms,2_7_old_plugin_bag,13,1779952571844366059,1.189397032,27.445
inference_ms,2_7_old_plugin_bag,14,1779952571959196214,1.3042271870000002,29.217
inference_ms,2_7_old_plugin_bag,15,1779952572088085151,1.433116124,37.589
inference_ms,2_7_old_plugin_bag,16,1779952572144273645,1.489304618,32.709
inference_ms,2_7_old_plugin_bag,17,1779952572293526484,1.638557457,54.632
inference_ms,2_7_old_plugin_bag,18,1779952572361870418,1.7069013910000002,27.323
inference_ms,2_7_old_plugin_bag,19,1779952572464987323,1.8100182960000002,34.201
inference_ms,2_7_old_plugin_bag,20,1779952572557107477,1.90213845,34.488
inference_ms,2_7_old_plugin_bag,21,1779952572656930457,2.00196143,40.865
inference_ms,2_7_old_plugin_bag,22,1779952572760723566,2.1057545390000003,35.027
inference_ms,2_7_old_plugin_bag,23,1779952572862160810,2.2071917830000003,32.847
inference_ms,2_7_old_plugin_bag,24,1779952572989674009,2.3347049820000003,39.726
inference_ms,2_7_old_plugin_bag,25,1779952573061492993,2.406523966,30.821
inference_ms,2_7_old_plugin_bag,26,1779952573173184864,2.518215837,33.387
inference_ms,2_7_old_plugin_bag,27,1779952573254080339,2.5991113120000002,30.672
inference_ms,2_7_old_plugin_bag,28,1779952573359850049,2.7048810220000004,32.982
inference_ms,2_7_old_plugin_bag,29,1779952573435083274,2.780114247,31.58
inference_ms,2_7_old_plugin_bag,30,1779952573585629809,2.9306607820000004,32.605
inference_ms,2_7_old_plugin_bag,31,1779952573665301465,3.0103324380000003,34.899
inference_ms,2_7_old_plugin_bag,32,1779952573739863984,3.0848949570000004,30.569
inference_ms,2_7_old_plugin_bag,33,1779952573840714944,3.185745917,34.492
inference_ms,2_7_old_plugin_bag,34,1779952573947239785,3.2922707580000004,35.502
inference_ms,2_7_old_plugin_bag,35,1779952574042659788,3.387690761,29.33
inference_ms,2_7_old_plugin_bag,36,1779952574147777810,3.492808783,39.044
inference_ms,2_7_old_plugin_bag,37,1779952574273844824,3.6188757970000003,32.262
inference_ms,2_7_old_plugin_bag,38,1779952574346399198,3.6914301710000004,33.06
inference_ms,2_7_old_plugin_bag,39,1779952574436206412,3.7812373850000003,28.563
inference_ms,2_7_old_plugin_bag,40,1779952574565894170,3.910925143,33.116
inference_ms,2_7_old_plugin_bag,41,1779952574644612659,3.9896436320000004,30.355
inference_ms,2_7_old_plugin_bag,42,1779952574741848769,4.086879742,34.896
inference_ms,2_7_old_plugin_bag,43,1779952574842428033,4.187459006,30.606
inference_ms,2_7_old_plugin_bag,44,1779952574952137119,4.297168092000001,32.782
inference_ms,2_7_old_plugin_bag,45,1779952575038468120,4.383499093,31.892
inference_ms,2_7_old_plugin_bag,46,1779952575174701398,4.519732371,36.642
inference_ms,2_7_old_plugin_bag,47,1779952575244946031,4.5899770040000005,28.799
inference_ms,2_7_old_plugin_bag,48,1779952575341981682,4.687012655,29.585
inference_ms,2_7_old_plugin_bag,49,1779952575511876789,4.8569077620000005,59.78
inference_ms,2_7_old_plugin_bag,50,1779952575582077723,4.927108696,40.131
inference_ms,2_7_old_plugin_bag,51,1779952575662600651,5.007631624,33.281
inference_ms,2_7_old_plugin_bag,52,1779952575808938370,5.153969343,42.163
inference_ms,2_7_old_plugin_bag,53,1779952575856432902,5.201463875,32.491
inference_ms,2_7_old_plugin_bag,54,1779952575994848449,5.339879422,49.77
inference_ms,2_7_old_plugin_bag,55,1779952576048098908,5.393129881,35.595
inference_ms,2_7_old_plugin_bag,56,1779952576179142940,5.524173913,33.954
inference_ms,2_7_old_plugin_bag,57,1779952576232659553,5.5776905260000005,29.772
inference_ms,2_7_old_plugin_bag,58,1779952576338843839,5.683874812,30.586
inference_ms,2_7_old_plugin_bag,59,1779952576443156405,5.788187378,27.631
inference_ms,2_7_old_plugin_bag,60,1779952576574006046,5.919037019,35.037
inference_ms,2_7_old_plugin_bag,61,1779952576665023061,6.010054034,34.054
inference_ms,2_7_old_plugin_bag,62,1779952576757574154,6.102605127,32.638
inference_ms,2_7_old_plugin_bag,63,1779952576878321037,6.22335201,41.214
inference_ms,2_7_old_plugin_bag,64,1779952576947153901,6.292184874,30.982
inference_ms,2_7_old_plugin_bag,65,1779952577081338587,6.42636956,31.459
inference_ms,2_7_old_plugin_bag,66,1779952577179532560,6.524563533,33.847
inference_ms,2_7_old_plugin_bag,67,1779952577240693825,6.585724798,34.404
inference_ms,2_7_old_plugin_bag,68,1779952577350324715,6.695355688,32.983
inference_ms,2_7_old_plugin_bag,69,1779952577465513293,6.810544266000001,35.668
inference_ms,2_7_old_plugin_bag,70,1779952577584421036,6.929452009,37.288
inference_ms,2_7_old_plugin_bag,71,1779952577666811978,7.011842951,31.453
inference_ms,2_7_old_plugin_bag,72,1779952577767778634,7.112809607000001,37.896
inference_ms,2_7_old_plugin_bag,73,1779952577838260684,7.183291657000001,26.714
inference_ms,2_7_old_plugin_bag,74,1779952577961111998,7.306142971000001,39.593
inference_ms,2_7_old_plugin_bag,75,1779952578043988054,7.389019027000001,27.702
inference_ms,2_7_old_plugin_bag,76,1779952578147254096,7.492285069,31.171
inference_ms,2_7_old_plugin_bag,77,1779952578237478645,7.5825096180000005,30.281
inference_ms,2_7_old_plugin_bag,78,1779952578354967588,7.699998561,29.594
inference_ms,2_7_old_plugin_bag,79,1779952578453714930,7.798745903,31.17
inference_ms,2_7_old_plugin_bag,80,1779952578550074793,7.895105766,30.974
inference_ms,2_7_old_plugin_bag,81,1779952578654562301,7.999593274,29.212
inference_ms,2_7_old_plugin_bag,82,1779952578785640458,8.130671431,39.142
inference_ms,2_7_old_plugin_bag,83,1779952578857192530,8.202223503,31.54
inference_ms,2_7_old_plugin_bag,84,1779952578954446868,8.299477841,34.605
inference_ms,2_7_old_plugin_bag,85,1779952579039594708,8.384625681000001,29.511
inference_ms,2_7_old_plugin_bag,86,1779952579190705260,8.535736233,43.739
inference_ms,2_7_old_plugin_bag,87,1779952579244340587,8.58937156,27.917
inference_ms,2_7_old_plugin_bag,88,1779952579351890522,8.696921495,32.408
inference_ms,2_7_old_plugin_bag,89,1779952579459380063,8.804411036000001,33.114
inference_ms,2_7_old_plugin_bag,90,1779952579534668275,8.879699248000001,27.644
inference_ms,2_7_old_plugin_bag,91,1779952579643189786,8.988220759,32.755
inference_ms,2_7_old_plugin_bag,92,1779952579784216463,9.129247436,36.754
inference_ms,2_7_old_plugin_bag,93,1779952579846664646,9.191695619,32.12
inference_ms,2_7_old_plugin_bag,94,1779952579940419282,9.285450255,32.703
inference_ms,2_7_old_plugin_bag,95,1779952580043472931,9.388503904,31.342
inference_ms,2_7_old_plugin_bag,96,1779952580163103022,9.508133995000001,30.975
inference_ms,2_7_old_plugin_bag,97,1779952580250272629,9.595303602000001,30.111
inference_ms,2_7_old_plugin_bag,98,1779952580352215573,9.697246546,30.221
inference_ms,2_7_old_plugin_bag,99,1779952580464142362,9.809173335,35.717
inference_ms,2_7_old_plugin_bag,100,1779952580546146222,9.891177195000001,32.939
inference_ms,2_7_old_plugin_bag,101,1779952580636391749,9.981422722000001,29.153
inference_ms,2_7_old_plugin_bag,102,1779952580740511202,10.085542175,25.363
inference_ms,2_7_old_plugin_bag,103,1779952580854839112,10.199870085,31.419
inference_ms,2_7_old_plugin_bag,104,1779952580964477077,10.30950805,32.915
inference_ms,2_7_old_plugin_bag,105,1779952581081830940,10.426861913000002,39.705
inference_ms,2_7_old_plugin_bag,106,1779952581160261377,10.505292350000001,33.203
inference_ms,2_7_old_plugin_bag,107,1779952581285941448,10.630972421000001,41.104
inference_ms,2_7_old_plugin_bag,108,1779952581356170466,10.701201439,30.885
inference_ms,2_7_old_plugin_bag,109,1779952581458201314,10.803232287,34.361
inference_ms,2_7_old_plugin_bag,110,1779952581562198214,10.907229187,35.149
inference_ms,2_7_old_plugin_bag,111,1779952581683048232,11.028079205000001,31.253
inference_ms,2_7_old_plugin_bag,112,1779952581763414144,11.108445117,43.416
inference_ms,2_7_old_plugin_bag,113,1779952581887390049,11.232421022,40.337
inference_ms,2_7_old_plugin_bag,114,1779952581974020065,11.319051038000001,31.33
inference_ms,2_7_old_plugin_bag,115,1779952582095577408,11.440608381,38.702
inference_ms,2_7_old_plugin_bag,116,1779952582209301072,11.554332045,42.594
inference_ms,2_7_old_plugin_bag,117,1779952582254256144,11.599287117000001,34.516
inference_ms,2_7_old_plugin_bag,118,1779952582337889309,11.682920282000001,30.081
inference_ms,2_7_old_plugin_bag,119,1779952582442694377,11.78772535,27.38
inference_ms,2_7_old_plugin_bag,120,1779952582559532693,11.904563666000001,32.604
inference_ms,2_7_old_plugin_bag,121,1779952582644734512,11.989765485000001,25.497
inference_ms,2_7_old_plugin_bag,122,1779952582741206151,12.086237124,26.572
inference_ms,2_7_old_plugin_bag,123,1779952582851677138,12.196708111000001,32.909
inference_ms,2_7_old_plugin_bag,124,1779952582963307954,12.308338927000001,32.661
inference_ms,2_7_old_plugin_bag,125,1779952583056228990,12.401259963000001,31.37
inference_ms,2_7_old_plugin_bag,126,1779952583161480108,12.506511081000001,26.432
inference_ms,2_7_old_plugin_bag,127,1779952583253393938,12.598424911,29.266
inference_ms,2_7_old_plugin_bag,128,1779952583343458611,12.688489584000001,27.676
inference_ms,2_7_old_plugin_bag,129,1779952583478083977,12.82311495,33.828
inference_ms,2_7_old_plugin_bag,130,1779952583574383735,12.919414708000001,35.676
inference_ms,2_7_old_plugin_bag,131,1779952583638563369,12.983594342,28.128
inference_ms,2_7_old_plugin_bag,132,1779952583775864610,13.120895583000001,34.843
inference_ms,2_7_old_plugin_bag,133,1779952583846239555,13.191270528,32.308
inference_ms,2_7_old_plugin_bag,134,1779952583976020484,13.321051457000001,30.526
inference_ms,2_7_old_plugin_bag,135,1779952584083644270,13.428675243,40.151
inference_ms,2_7_old_plugin_bag,136,1779952584176902243,13.521933216,33.716
inference_ms,2_7_old_plugin_bag,137,1779952584245425447,13.59045642,32.676
inference_ms,2_7_old_plugin_bag,138,1779952584335959782,13.680990755000002,30.469
inference_ms,2_7_old_plugin_bag,139,1779952584449362525,13.794393498000002,29.835
inference_ms,2_7_old_plugin_bag,140,1779952584550668375,13.895699348,28.838
inference_ms,2_7_old_plugin_bag,141,1779952584643360156,13.988391129,29.778
inference_ms,2_7_old_plugin_bag,142,1779952584737866863,14.082897836,30.401
inference_ms,2_7_old_plugin_bag,143,1779952584844408894,14.189439867,31.097
inference_ms,2_7_old_plugin_bag,144,1779952584964415210,14.309446183,28.413
inference_ms,2_7_old_plugin_bag,145,1779952585087737112,14.432768085000001,43.23
inference_ms,2_7_old_plugin_bag,146,1779952585147532691,14.492563664,31.27
inference_ms,2_7_old_plugin_bag,147,1779952585238699278,14.583730251,27.118
inference_ms,2_7_old_plugin_bag,148,1779952585334732209,14.679763182,29.87
inference_ms,2_7_old_plugin_bag,149,1779952585486498997,14.83152997,35.786
inference_ms,2_7_old_plugin_bag,150,1779952585550649277,14.895680250000002,32.611
inference_ms,2_7_old_plugin_bag,151,1779952585634221660,14.979252633000002,21.444
inference_ms,2_7_old_plugin_bag,152,1779952585744363755,15.089394728,30.864
inference_ms,2_7_old_plugin_bag,153,1779952585865204996,15.210235969000001,35.211
inference_ms,2_7_old_plugin_bag,154,1779952585933631793,15.278662766000002,30.899
inference_ms,2_7_old_plugin_bag,155,1779952586079374386,15.424405359000001,36.557
inference_ms,2_7_old_plugin_bag,156,1779952586166340319,15.511371292000002,33.729
inference_ms,2_7_old_plugin_bag,157,1779952586265947197,15.610978170000001,29.335
inference_ms,2_7_old_plugin_bag,158,1779952586357332032,15.702363005,31.199
inference_ms,2_7_old_plugin_bag,159,1779952586468480052,15.813511025,34.576
inference_ms,2_7_old_plugin_bag,160,1779952586541338384,15.886369357000001,30.081
inference_ms,2_7_old_plugin_bag,161,1779952586635614531,15.980645504000002,30.336
inference_ms,2_7_old_plugin_bag,162,1779952586739296889,16.084327862000002,27.25
inference_ms,2_7_old_plugin_bag,163,1779952586851156945,16.196187918,31.928
inference_ms,2_7_old_plugin_bag,164,1779952586955466021,16.300496994,31.58
inference_ms,2_7_old_plugin_bag,165,1779952587076008610,16.421039583000002,33.387
inference_ms,2_7_old_plugin_bag,166,1779952587150658973,16.495689946000002,31.798
inference_ms,2_7_old_plugin_bag,167,1779952587249597305,16.594628278000002,35.958
inference_ms,2_7_old_plugin_bag,168,1779952587336714113,16.681745086,31.944
inference_ms,2_7_old_plugin_bag,169,1779952587465303243,16.810334216,34.044
inference_ms,2_7_old_plugin_bag,170,1779952587551187345,16.896218318000003,30.588
inference_ms,2_7_old_plugin_bag,171,1779952587634319558,16.979350531,30.84
inference_ms,2_7_old_plugin_bag,172,1779952587739031399,17.084062372,34.017
inference_ms,2_7_old_plugin_bag,173,1779952587836229070,17.181260043,28.334
inference_ms,2_7_old_plugin_bag,174,1779952587947173035,17.292204008000002,27.885
inference_ms,2_7_old_plugin_bag,175,1779952588057411785,17.402442758,28.396
inference_ms,2_7_old_plugin_bag,176,1779952588156247924,17.501278897000002,30.828
inference_ms,2_7_old_plugin_bag,177,1779952588267411397,17.61244237,44.259
inference_ms,2_7_old_plugin_bag,178,1779952588374833408,17.719864381,33.447
inference_ms,2_7_old_plugin_bag,179,1779952588474717813,17.819748786,37.144
inference_ms,2_7_old_plugin_bag,180,1779952588589332219,17.934363192000003,33.757
inference_ms,2_7_old_plugin_bag,181,1779952588663548824,18.008579797,37.826
inference_ms,2_7_old_plugin_bag,182,1779952588764271078,18.109302051,35.222
inference_ms,2_7_old_plugin_bag,183,1779952588845269616,18.190300589,28.027
inference_ms,2_7_old_plugin_bag,184,1779952588971585874,18.316616847000002,35.68
inference_ms,2_7_old_plugin_bag,185,1779952589039547640,18.384578613000002,27.175
inference_ms,2_7_old_plugin_bag,186,1779952589161540349,18.506571322000003,33.29
inference_ms,2_7_old_plugin_bag,187,1779952589283933427,18.6289644,32.393
inference_ms,2_7_old_plugin_bag,188,1779952589349430539,18.694461512,26.76
inference_ms,2_7_old_plugin_bag,189,1779952589449308625,18.794339598,29.95
inference_ms,2_7_old_plugin_bag,190,1779952589561372132,18.906403105000003,33.307
inference_ms,2_7_old_plugin_bag,191,1779952589695171906,19.040202879000002,40.134
inference_ms,2_7_old_plugin_bag,192,1779952589743714710,19.088745683000003,32.229
inference_ms,2_7_old_plugin_bag,193,1779952589857709793,19.202740766,33.408
inference_ms,2_7_old_plugin_bag,194,1779952589956689193,19.301720166000003,29.986
inference_ms,2_7_old_plugin_bag,195,1779952590065545070,19.410576043000002,32.979
inference_ms,2_7_old_plugin_bag,196,1779952590146039214,19.491070187000002,31.818
inference_ms,2_7_old_plugin_bag,197,1779952590284221836,19.629252809,34.789
inference_ms,2_7_old_plugin_bag,198,1779952590357803743,19.702834716,31.291
inference_ms,2_7_old_plugin_bag,199,1779952590440585868,19.785616841,29.91
inference_ms,2_7_old_plugin_bag,200,1779952590540109583,19.885140556,33.468
inference_ms,2_7_old_plugin_bag,201,1779952590641947096,19.986978069000003,29.343
inference_ms,2_7_old_plugin_bag,202,1779952590747342989,20.092373962,30.547
inference_ms,2_7_old_plugin_bag,203,1779952590878427522,20.223458495000003,42.699
inference_ms,2_7_old_plugin_bag,204,1779952590947503463,20.292534436,32.124
inference_ms,2_7_old_plugin_bag,205,1779952591055954386,20.400985359,33.564
inference_ms,2_7_old_plugin_bag,206,1779952591184083121,20.529114094,37.819
inference_ms,2_7_old_plugin_bag,207,1779952591282077242,20.627108215,37.199
inference_ms,2_7_old_plugin_bag,208,1779952591357636881,20.702667854,32.213
inference_ms,2_7_old_plugin_bag,209,1779952591489493027,20.834524000000002,38.702
inference_ms,2_7_old_plugin_bag,210,1779952591546320584,20.891351557,33.789
inference_ms,2_7_old_plugin_bag,211,1779952591650824531,20.995855504,33.957
inference_ms,2_7_old_plugin_bag,212,1779952591741803051,21.086834024,31.605
inference_ms,2_7_old_plugin_bag,213,1779952591864067423,21.209098396,33.43
inference_ms,2_7_old_plugin_bag,214,1779952591966113812,21.311144785,38.864
inference_ms,2_7_old_plugin_bag,215,1779952592064239963,21.409270936000002,32.316
inference_ms,2_7_old_plugin_bag,216,1779952592166289317,21.51132029,39.98
inference_ms,2_7_old_plugin_bag,217,1779952592236784291,21.581815264000003,32.185
inference_ms,2_7_old_plugin_bag,218,1779952592356974415,21.702005388,34.683
inference_ms,2_7_old_plugin_bag,219,1779952592445951890,21.790982863,31.696
inference_ms,2_7_old_plugin_bag,220,1779952592549880416,21.894911389,30.619
inference_ms,2_7_old_plugin_bag,221,1779952592660318001,22.005348974,32.641
inference_ms,2_7_old_plugin_bag,222,1779952592770226574,22.115257547000002,39.595
inference_ms,2_7_old_plugin_bag,223,1779952592840232246,22.185263219000003,29.986
inference_ms,2_7_old_plugin_bag,224,1779952592943056958,22.288087931,31.637
inference_ms,2_7_old_plugin_bag,225,1779952593084683228,22.429714201000003,39.381
inference_ms,2_7_old_plugin_bag,226,1779952593169586847,22.51461782,34.732
inference_ms,2_7_old_plugin_bag,227,1779952593268614472,22.613645445000003,33.174
inference_ms,2_7_old_plugin_bag,228,1779952593405678732,22.750709705000002,41.491
inference_ms,2_7_old_plugin_bag,229,1779952593448485080,22.793516053,34.478
inference_ms,2_7_old_plugin_bag,230,1779952593561782395,22.906813368,36.033
inference_ms,2_7_old_plugin_bag,231,1779952593638897522,22.983928495,31.343
inference_ms,2_7_old_plugin_bag,232,1779952593757022301,23.102053274000003,32.236
inference_ms,2_7_old_plugin_bag,233,1779952593845281268,23.190312241,30.757
inference_ms,2_7_old_plugin_bag,234,1779952593956006366,23.301037339,32.986
inference_ms,2_7_old_plugin_bag,235,1779952594085872143,23.430903116000003,44.066
inference_ms,2_7_old_plugin_bag,236,1779952594150873409,23.495904382000003,32.79
inference_ms,2_7_old_plugin_bag,237,1779952594274338058,23.619369031,43.237
inference_ms,2_7_old_plugin_bag,238,1779952594364710655,23.709741628,37.953
inference_ms,2_7_old_plugin_bag,239,1779952594453925229,23.798956202000003,34.842
inference_ms,2_7_old_plugin_bag,240,1779952594537523199,23.882554172000003,29.42
inference_ms,2_7_old_plugin_bag,241,1779952594708305595,24.053336568000002,60.308
inference_ms,2_7_old_plugin_bag,242,1779952594790868208,24.135899181000003,43.439
inference_ms,2_7_old_plugin_bag,243,1779952594871941531,24.216972504,34.543
inference_ms,2_7_old_plugin_bag,244,1779952594985804388,24.330835361000002,39.183
inference_ms,2_7_old_plugin_bag,245,1779952595057656909,24.402687882000002,36.715
inference_ms,2_7_old_plugin_bag,246,1779952595166513521,24.511544494000002,35.935
inference_ms,2_7_old_plugin_bag,247,1779952595257632817,24.60266379,29.593
inference_ms,2_7_old_plugin_bag,248,1779952595390353136,24.735384109,45.579
inference_ms,2_7_old_plugin_bag,249,1779952595439175376,24.784206349,28.189
inference_ms,2_7_old_plugin_bag,250,1779952595563923747,24.90895472,36.879
inference_ms,2_7_old_plugin_bag,251,1779952595652018135,24.997049108000002,34.315
inference_ms,2_7_old_plugin_bag,252,1779952595744712944,25.089743917,35.834
inference_ms,2_7_old_plugin_bag,253,1779952595842863600,25.187894573,29.546
inference_ms,2_7_old_plugin_bag,254,1779952595956452251,25.301483224000002,34.045
inference_ms,2_7_old_plugin_bag,255,1779952596071764857,25.41679583,38.823
inference_ms,2_7_old_plugin_bag,256,1779952596161325754,25.506356727,33.504
inference_ms,2_7_old_plugin_bag,257,1779952596258003758,25.603034731,28.438
inference_ms,2_7_old_plugin_bag,258,1779952596368545735,25.713576708,37.234
inference_ms,2_7_old_plugin_bag,259,1779952596466777338,25.811808311,33.561
inference_ms,2_7_old_plugin_bag,260,1779952596574694621,25.919725594000003,41.936
inference_ms,2_7_old_plugin_bag,261,1779952596644645105,25.989676078000002,29.806
inference_ms,2_7_old_plugin_bag,262,1779952596785707501,26.130738474,33.637
inference_ms,2_7_old_plugin_bag,263,1779952596861238234,26.206269207000002,33.473
inference_ms,2_7_old_plugin_bag,264,1779952596945533820,26.290564793,32.514
inference_ms,2_7_old_plugin_bag,265,1779952597059326951,26.404357924000003,31.946
inference_ms,2_7_old_plugin_bag,266,1779952597156250564,26.501281537,31.326
inference_ms,2_7_old_plugin_bag,267,1779952597256455823,26.601486796000003,32.991
inference_ms,2_7_old_plugin_bag,268,1779952597344725883,26.689756856000002,31.228
inference_ms,2_7_old_plugin_bag,269,1779952597483548187,26.82857916,45.536
inference_ms,2_7_old_plugin_bag,270,1779952597556533247,26.90156422,31.323
inference_ms,2_7_old_plugin_bag,271,1779952597663421863,27.008452836,34.959
inference_ms,2_7_old_plugin_bag,272,1779952597741459651,27.086490624000003,27.797
inference_ms,2_7_old_plugin_bag,273,1779952597857486232,27.202517205000003,33.651
inference_ms,2_7_old_plugin_bag,274,1779952597988717998,27.333748971000002,32.49
inference_ms,2_7_old_plugin_bag,275,1779952598064922141,27.409953114,32.339
inference_ms,2_7_old_plugin_bag,276,1779952598165612298,27.510643271000003,32.778
inference_ms,2_7_old_plugin_bag,277,1779952598249543381,27.594574354000002,32.444
inference_ms,2_7_old_plugin_bag,278,1779952598344923989,27.689954962,26.936
inference_ms,2_7_old_plugin_bag,279,1779952598490171712,27.835202685000002,41.461
inference_ms,2_7_old_plugin_bag,280,1779952598575741927,27.920772900000003,39.176
inference_ms,2_7_old_plugin_bag,281,1779952598677056988,28.022087961,38.402
inference_ms,2_7_old_plugin_bag,282,1779952598774028008,28.119058981000002,38.207
inference_ms,2_7_old_plugin_bag,283,1779952598846458081,28.191489054,31.844
inference_ms,2_7_old_plugin_bag,284,1779952598935785032,28.280816005000002,30.695
inference_ms,2_7_old_plugin_bag,285,1779952599053626300,28.398657273,33.699
inference_ms,2_7_old_plugin_bag,286,1779952599169356189,28.514387162000002,35.575
inference_ms,2_7_old_plugin_bag,287,1779952599283189022,28.628219995000002,41.321
inference_ms,2_7_old_plugin_bag,288,1779952599342724483,28.687755456,35.589
inference_ms,2_7_old_plugin_bag,289,1779952599470981247,28.81601222,36.326
inference_ms,2_7_old_plugin_bag,290,1779952599548025534,28.893056507,26.963
inference_ms,2_7_old_plugin_bag,291,1779952599642296666,28.987327639,26.766
inference_ms,2_7_old_plugin_bag,292,1779952599746035284,29.091066257,35.297
inference_ms,2_7_old_plugin_bag,293,1779952599875545272,29.220576245,33.98
inference_ms,2_7_old_plugin_bag,294,1779952599947120193,29.292151166000004,30.308
inference_ms,2_7_old_plugin_bag,295,1779952600079623642,29.424654615,39.197
inference_ms,2_7_old_plugin_bag,296,1779952600154968546,29.499999519000003,30.988
inference_ms,2_7_old_plugin_bag,297,1779952600257107063,29.602138036000003,34.686
inference_ms,2_7_old_plugin_bag,298,1779952600381251220,29.726282193000003,33.771
inference_ms,2_7_old_plugin_bag,299,1779952600448805737,29.79383671,29.908
inference_ms,2_7_old_plugin_bag,300,1779952600541940792,29.886971765000002,30.58
inference_ms,2_7_old_plugin_bag,301,1779952600669410816,30.014441789000003,36.723
inference_ms,2_7_old_plugin_bag,302,1779952600746988316,30.092019289000003,32.979
inference_ms,2_7_old_plugin_bag,303,1779952600866348101,30.211379074000003,35.948
inference_ms,2_7_old_plugin_bag,304,1779952600943629578,30.288660551000003,31.37
inference_ms,2_7_old_plugin_bag,305,1779952601095372810,30.440403783,45.202
inference_ms,2_7_old_plugin_bag,306,1779952601198695644,30.543726617,38.013
inference_ms,2_7_old_plugin_bag,307,1779952601295942824,30.640973797,50.833
inference_ms,2_7_old_plugin_bag,308,1779952601382866954,30.727897927,37.878
inference_ms,2_7_old_plugin_bag,309,1779952601511192644,30.856223617,47.339
inference_ms,2_7_old_plugin_bag,310,1779952601550180201,30.895211174000003,31.17
inference_ms,2_7_old_plugin_bag,311,1779952601649251721,30.994282694000002,32.309
inference_ms,2_7_old_plugin_bag,312,1779952601750542782,31.095573755,36.161
inference_ms,2_7_old_plugin_bag,313,1779952601850674532,31.195705505000003,35.357
inference_ms,2_7_old_plugin_bag,314,1779952601983434968,31.328465941,38.176
inference_ms,2_7_old_plugin_bag,315,1779952602047443577,31.392474550000003,29.694
inference_ms,2_7_old_plugin_bag,316,1779952602150436008,31.495466981000003,29.51
inference_ms,2_7_old_plugin_bag,317,1779952602291467727,31.6364987,43.242
inference_ms,2_7_old_plugin_bag,318,1779952602366817015,31.711847988000002,47.769
inference_ms,2_7_old_plugin_bag,319,1779952602461127042,31.806158015,28.744
inference_ms,2_7_old_plugin_bag,320,1779952602574219526,31.919250499,36.473
inference_ms,2_7_old_plugin_bag,321,1779952602667326458,32.012357431000005,31.854
inference_ms,2_7_old_plugin_bag,322,1779952602748221649,32.093252622,34.78
inference_ms,2_7_old_plugin_bag,323,1779952602874892298,32.219923271,34.033
inference_ms,2_7_old_plugin_bag,324,1779952602994957386,32.339988359,47.957
inference_ms,2_7_old_plugin_bag,325,1779952603050978357,32.396009330000005,34.311
inference_ms,2_7_old_plugin_bag,326,1779952603145228070,32.490259043,29.45
inference_ms,2_7_old_plugin_bag,327,1779952603247991680,32.593022653000006,32.576
inference_ms,2_7_old_plugin_bag,328,1779952603343954361,32.688985334,26.91
inference_ms,2_7_old_plugin_bag,329,1779952603501106641,32.846137614,55.804
inference_ms,2_7_old_plugin_bag,330,1779952603544803876,32.889834849,29.335
inference_ms,2_7_old_plugin_bag,331,1779952603646880665,32.991911638000005,30.924
inference_ms,2_7_old_plugin_bag,332,1779952603738867079,33.083898052,32.836
inference_ms,2_7_old_plugin_bag,333,1779952603861397543,33.206428516,33.054
inference_ms,2_7_old_plugin_bag,334,1779952603980210094,33.325241067,40.938
inference_ms,2_7_old_plugin_bag,335,1779952604058266483,33.403297456000004,31.716
inference_ms,2_7_old_plugin_bag,336,1779952604161385247,33.506416220000006,31.399
inference_ms,2_7_old_plugin_bag,337,1779952604261943294,33.606974267000005,34.699
inference_ms,2_7_old_plugin_bag,338,1779952604372054391,33.717085364,28.167
inference_ms,2_7_old_plugin_bag,339,1779952604450495111,33.795526084,29.912
inference_ms,2_7_old_plugin_bag,340,1779952604588766086,33.933797059,39.543
inference_ms,2_7_old_plugin_bag,341,1779952604659139717,34.00417069,31.91
inference_ms,2_7_old_plugin_bag,342,1779952604790610841,34.135641814,42.114
inference_ms,2_7_old_plugin_bag,343,1779952604862199044,34.207230017,31.959
inference_ms,2_7_old_plugin_bag,344,1779952604958663429,34.303694402000005,30.429
inference_ms,2_7_old_plugin_bag,345,1779952605063163568,34.408194541,32.535
inference_ms,2_7_old_plugin_bag,346,1779952605158406566,34.503437539000004,32.657
inference_ms,2_7_old_plugin_bag,347,1779952605256413940,34.601444913,29.337
inference_ms,2_7_old_plugin_bag,348,1779952605382912846,34.727943819000004,34.705
inference_ms,2_7_old_plugin_bag,349,1779952605453254183,34.798285156000006,31.859
inference_ms,2_7_old_plugin_bag,350,1779952605563469037,34.908500010000004,32.057
inference_ms,2_7_old_plugin_bag,351,1779952605643775370,34.988806343,29.826
inference_ms,2_7_old_plugin_bag,352,1779952605743520259,35.088551232,31.654
inference_ms,2_7_old_plugin_bag,353,1779952605892457191,35.237488164000005,33.455
inference_ms,2_7_old_plugin_bag,354,1779952605999382450,35.344413423,41.489
inference_ms,2_7_old_plugin_bag,355,1779952606060888043,35.405919016000006,32.071
inference_ms,2_7_old_plugin_bag,356,1779952606179557039,35.524588012,31.894
inference_ms,2_7_old_plugin_bag,357,1779952606260666926,35.605697899,36.252
inference_ms,2_7_old_plugin_bag,358,1779952606346627285,35.691658258000004,30.541
inference_ms,2_7_old_plugin_bag,359,1779952606462018674,35.807049647,32.719
inference_ms,2_7_old_plugin_bag,360,1779952606570387201,35.915418174,32.242
inference_ms,2_7_old_plugin_bag,361,1779952606652972964,35.998003937,35.162
inference_ms,2_7_old_plugin_bag,362,1779952606760137007,36.105167980000004,31.531
inference_ms,2_7_old_plugin_bag,363,1779952606857399659,36.202430632,31.849
inference_ms,2_7_old_plugin_bag,364,1779952606957844304,36.302875277000005,31.031
inference_ms,2_7_old_plugin_bag,365,1779952607048173722,36.393204695,31.323
inference_ms,2_7_old_plugin_bag,366,1779952607149308621,36.494339594,31.644
inference_ms,2_7_old_plugin_bag,367,1779952607263591917,36.60862289,33.339
inference_ms,2_7_old_plugin_bag,368,1779952607355497074,36.700528047,31.166
inference_ms,2_7_old_plugin_bag,369,1779952607551627449,36.896658422,71.56
inference_ms,2_7_old_plugin_bag,370,1779952607599331248,36.944362221000006,40.732
inference_ms,2_7_old_plugin_bag,371,1779952607698782341,37.043813314000005,46.827
inference_ms,2_7_old_plugin_bag,372,1779952607758107894,37.103138867000006,39.127
inference_ms,2_7_old_plugin_bag,373,1779952607891400928,37.236431901,38.986
inference_ms,2_7_old_plugin_bag,374,1779952607957443823,37.302474796000006,36.686
inference_ms,2_7_old_plugin_bag,375,1779952608053377683,37.398408656,31.937
inference_ms,2_7_old_plugin_bag,376,1779952608156212406,37.501243379,33.377
inference_ms,2_7_old_plugin_bag,377,1779952608240038132,37.585069105,27.899
inference_ms,2_7_old_plugin_bag,378,1779952608389806754,37.734837727000006,53.59
inference_ms,2_7_old_plugin_bag,379,1779952608449885802,37.794916775000004,31.107
inference_ms,2_7_old_plugin_bag,380,1779952608546453154,37.891484127000005,29.283
inference_ms,2_7_old_plugin_bag,381,1779952608689856693,38.034887666,41.311
inference_ms,2_7_old_plugin_bag,382,1779952608749244216,38.094275189,30.441
inference_ms,2_7_old_plugin_bag,383,1779952608878949968,38.223980941,29.051
inference_ms,2_7_old_plugin_bag,384,1779952608988713979,38.333744952,31.912
inference_ms,2_7_old_plugin_bag,385,1779952609099947275,38.444978248000005,47.697
inference_ms,2_7_old_plugin_bag,386,1779952609150813157,38.49584413,28.832
inference_ms,2_7_old_plugin_bag,387,1779952609267960138,38.612991111,31.642
inference_ms,2_7_old_plugin_bag,388,1779952609365365384,38.710396357,33.444
inference_ms,2_7_old_plugin_bag,389,1779952609461341721,38.806372694000004,33.246
inference_ms,2_7_old_plugin_bag,390,1779952609557847774,38.902878747,41.604
inference_ms,2_7_old_plugin_bag,391,1779952609656908534,39.001939507,35.327
inference_ms,2_7_old_plugin_bag,392,1779952609756511980,39.101542953,31.988
inference_ms,2_7_old_plugin_bag,393,1779952609884654503,39.229685476,41.601
inference_ms,2_7_old_plugin_bag,394,1779952609968744032,39.313775005000004,33.646
inference_ms,2_7_old_plugin_bag,395,1779952610045343524,39.390374497,30.502
inference_ms,2_7_old_plugin_bag,396,1779952610154020457,39.49905143,29.639
inference_ms,2_7_old_plugin_bag,397,1779952610259029013,39.604059986,32.196
inference_ms,2_7_old_plugin_bag,398,1779952610356684255,39.701715228000005,30.765
inference_ms,2_7_old_plugin_bag,399,1779952610475898122,39.820929095000004,36.268
inference_ms,2_7_old_plugin_bag,400,1779952610557743804,39.902774777000005,34.989
inference_ms,2_7_old_plugin_bag,401,1779952610660239053,40.005270026000005,30.224
inference_ms,2_7_old_plugin_bag,402,1779952610758711858,40.103742831000005,29.823
inference_ms,2_7_old_plugin_bag,403,1779952610884735946,40.229766919,34.828
inference_ms,2_7_old_plugin_bag,404,1779952610971481800,40.316512773,38.526
inference_ms,2_7_old_plugin_bag,405,1779952611084216089,40.429247062,30.816
inference_ms,2_7_old_plugin_bag,406,1779952611164818810,40.509849783,34.291
inference_ms,2_7_old_plugin_bag,407,1779952611250453695,40.595484668000005,35.438
inference_ms,2_7_old_plugin_bag,408,1779952611362460562,40.707491535,36.05
inference_ms,2_7_old_plugin_bag,409,1779952611447211067,40.792242040000005,30.673
inference_ms,2_7_old_plugin_bag,410,1779952611553036380,40.898067353,31.879
inference_ms,2_7_old_plugin_bag,411,1779952611647839881,40.992870854,32.46
inference_ms,2_7_old_plugin_bag,412,1779952611749235042,41.094266015,33.129
inference_ms,2_7_old_plugin_bag,413,1779952611845509458,41.190540431,30.398
inference_ms,2_7_old_plugin_bag,414,1779952611956438603,41.301469576,31.19
inference_ms,2_7_old_plugin_bag,415,1779952612069479202,41.414510175000004,35.599
inference_ms,2_7_old_plugin_bag,416,1779952612191366098,41.536397071,47.554
inference_ms,2_7_old_plugin_bag,417,1779952612268632465,41.613663438,35.924
inference_ms,2_7_old_plugin_bag,418,1779952612341586118,41.686617091,30.459
inference_ms,2_7_old_plugin_bag,419,1779952612485928389,41.830959362,45.343
inference_ms,2_7_old_plugin_bag,420,1779952612555787935,41.900818908000005,36.786
inference_ms,2_7_old_plugin_bag,421,1779952612657966475,42.002997448,34.728
inference_ms,2_7_old_plugin_bag,422,1779952612780046795,42.125077768000004,34.949
inference_ms,2_7_old_plugin_bag,423,1779952612889193245,42.234224218,54.895
inference_ms,2_7_old_plugin_bag,424,1779952612955255463,42.300286436,33.712
inference_ms,2_7_old_plugin_bag,425,1779952613050896198,42.395927171000004,34.313
inference_ms,2_7_old_plugin_bag,426,1779952613159600805,42.504631778000004,35.384
inference_ms,2_7_old_plugin_bag,427,1779952613253521608,42.598552581,34.313
inference_ms,2_7_old_plugin_bag,428,1779952613387417869,42.732448842000004,39.209
inference_ms,2_7_old_plugin_bag,429,1779952613456254493,42.801285466,35.289
inference_ms,2_7_old_plugin_bag,430,1779952613566848032,42.911879005,38.747
inference_ms,2_7_old_plugin_bag,431,1779952613673048485,43.018079458,37.014
inference_ms,2_7_old_plugin_bag,432,1779952613750951034,43.095982007,35.707
inference_ms,2_7_old_plugin_bag,433,1779952613914705620,43.259736593,59.208
inference_ms,2_7_old_plugin_bag,434,1779952614004677976,43.349708949000004,52.241
inference_ms,2_7_old_plugin_bag,435,1779952614046460548,43.391491521000006,29.312
inference_ms,2_7_old_plugin_bag,436,1779952614204006821,43.549037794,42.088
inference_ms,2_7_old_plugin_bag,437,1779952614245774147,43.590805120000006,34.193
inference_ms,2_7_old_plugin_bag,438,1779952614401102001,43.746132974000005,40.564
inference_ms,2_7_old_plugin_bag,439,1779952614476155040,43.821186013,34.639
inference_ms,2_7_old_plugin_bag,440,1779952614556362026,43.901392999,33.44
inference_ms,2_7_old_plugin_bag,441,1779952614654390937,43.99942191,33.926
inference_ms,2_7_old_plugin_bag,442,1779952614748862981,44.093893954,32.478
inference_ms,2_7_old_plugin_bag,443,1779952614844638823,44.189669796000004,30.85
inference_ms,2_7_old_plugin_bag,444,1779952614956022177,44.30105315,33.334
inference_ms,2_7_old_plugin_bag,445,1779952615080289007,44.425319980000005,39.979
inference_ms,2_7_old_plugin_bag,446,1779952615150677155,44.495708128000004,33.185
inference_ms,2_7_old_plugin_bag,447,1779952615261142134,44.606173107000004,28.049
inference_ms,2_7_old_plugin_bag,448,1779952615358641427,44.7036724,31.754
inference_ms,2_7_old_plugin_bag,449,1779952615463722356,44.808753329000005,36.519
inference_ms,2_7_old_plugin_bag,450,1779952615547609359,44.892640332000006,30.086
inference_ms,2_7_old_plugin_bag,451,1779952615649179231,44.994210204000005,29.631
inference_ms,2_7_old_plugin_bag,452,1779952615757024407,45.10205538,32.073
inference_ms,2_7_old_plugin_bag,453,1779952615858514664,45.203545637000005,34.333
inference_ms,2_7_old_plugin_bag,454,1779952615942767362,45.287798335000005,32.867
inference_ms,2_7_old_plugin_bag,455,1779952616045791546,45.390822519000004,30.674
inference_ms,2_7_old_plugin_bag,456,1779952616183366335,45.528397308,47.622
inference_ms,2_7_old_plugin_bag,457,1779952616248701785,45.593732758,32.278
inference_ms,2_7_old_plugin_bag,458,1779952616347613292,45.692644265000006,29.528
inference_ms,2_7_old_plugin_bag,459,1779952616445524783,45.790555756,29.732
inference_ms,2_7_old_plugin_bag,460,1779952616546860803,45.891891776,27.05
inference_ms,2_7_old_plugin_bag,461,1779952616663272563,46.008303536,32.621
inference_ms,2_7_old_plugin_bag,462,1779952616752546755,46.097577728000005,34.731
inference_ms,2_7_old_plugin_bag,463,1779952616863573335,46.208604308000005,30.649
inference_ms,2_7_old_plugin_bag,464,1779952616955378119,46.300409092,30.801
inference_ms,2_7_old_plugin_bag,465,1779952617083877579,46.428908552,40.568
inference_ms,2_7_old_plugin_bag,466,1779952617157600647,46.50263162,31.42
inference_ms,2_7_old_plugin_bag,467,1779952617311522317,46.656553290000005,46.514
inference_ms,2_7_old_plugin_bag,468,1779952617348128296,46.693159269000006,27.678
inference_ms,2_7_old_plugin_bag,469,1779952617470638867,46.815669840000005,30.107
inference_ms,2_7_old_plugin_bag,470,1779952617558856731,46.903887704000006,31.858
inference_ms,2_7_old_plugin_bag,471,1779952617645216353,46.990247326,34.823
inference_ms,2_7_old_plugin_bag,472,1779952617762359078,47.107390051,34.678
inference_ms,2_7_old_plugin_bag,473,1779952617846575611,47.191606584000006,32.44
inference_ms,2_7_old_plugin_bag,474,1779952617984528761,47.329559734,38.434
inference_ms,2_7_old_plugin_bag,475,1779952618080523318,47.425554291000005,40.299
inference_ms,2_7_old_plugin_bag,476,1779952618151021148,47.496052121000005,34.845
inference_ms,2_7_old_plugin_bag,477,1779952618243747167,47.58877814,31.227
inference_ms,2_7_old_plugin_bag,478,1779952618360601444,47.705632417000004,33.565
inference_ms,2_7_old_plugin_bag,479,1779952618485794898,47.830825871,43.28
inference_ms,2_7_old_plugin_bag,480,1779952618549153255,47.894184228,32.83
inference_ms,2_7_old_plugin_bag,481,1779952618675636910,48.020667883,28.593
inference_ms,2_7_old_plugin_bag,482,1779952618789365806,48.13439677900001,35.513
inference_ms,2_7_old_plugin_bag,483,1779952618862984625,48.208015598,31.891
inference_ms,2_7_old_plugin_bag,484,1779952618971354566,48.316385539,38.939
inference_ms,2_7_old_plugin_bag,485,1779952619093218515,48.438249488000004,44.159
inference_ms,2_7_old_plugin_bag,486,1779952619149208492,48.494239465,31.94
inference_ms,2_7_old_plugin_bag,487,1779952619263229847,48.608260820000005,32.753
inference_ms,2_7_old_plugin_bag,488,1779952619348995288,48.694026261000005,31.242
inference_ms,2_7_old_plugin_bag,489,1779952619464504290,48.809535263,35.718
inference_ms,2_7_old_plugin_bag,490,1779952619545271094,48.890302067,29.397
inference_ms,2_7_old_plugin_bag,491,1779952619668598685,49.013629658000006,36.275
inference_ms,2_7_old_plugin_bag,492,1779952619744744401,49.089775374000006,31.029
inference_ms,2_7_old_plugin_bag,493,1779952619836145139,49.181176112,27.181
inference_ms,2_7_old_plugin_bag,494,1779952619969376595,49.314407568,37.849
inference_ms,2_7_old_plugin_bag,495,1779952620063179753,49.408210726,37.328
inference_ms,2_7_old_plugin_bag,496,1779952620146590637,49.49162161,31.632
inference_ms,2_7_old_plugin_bag,497,1779952620274445503,49.619476476,48.673
inference_ms,2_7_old_plugin_bag,498,1779952620379599657,49.72463063,39.104
inference_ms,2_7_old_plugin_bag,499,1779952620448788468,49.793819441000004,31.17
inference_ms,2_7_old_plugin_bag,500,1779952620559794453,49.904825426,38.114
inference_ms,2_7_old_plugin_bag,501,1779952620668616058,50.013647031000005,38.351
inference_ms,2_7_old_plugin_bag,502,1779952620764010727,50.109041700000006,35.905
inference_ms,2_7_old_plugin_bag,503,1779952620868101469,50.213132442,30.552
inference_ms,2_7_old_plugin_bag,504,1779952620965591101,50.310622074,33.002
inference_ms,2_7_old_plugin_bag,505,1779952621088374395,50.433405368,39.697
inference_ms,2_7_old_plugin_bag,506,1779952621147236699,50.492267672000004,29.34
inference_ms,2_7_old_plugin_bag,507,1779952621281209749,50.626240722000006,37.879
inference_ms,2_7_old_plugin_bag,508,1779952621348679473,50.693710446000004,32.991
inference_ms,2_7_old_plugin_bag,509,1779952621454970000,50.800000973,32.017
inference_ms,2_7_old_plugin_bag,510,1779952621551565062,50.896596035,25.933
inference_ms,2_7_old_plugin_bag,511,1779952621653793643,50.998824616,30.161
inference_ms,2_7_old_plugin_bag,512,1779952621761638826,51.106669799,35.808
inference_ms,2_7_old_plugin_bag,513,1779952621840666769,51.185697742,29.965
inference_ms,2_7_old_plugin_bag,514,1779952621951135508,51.296166481,30.228
inference_ms,2_7_old_plugin_bag,515,1779952622047162671,51.392193644,31.043
inference_ms,2_7_old_plugin_bag,516,1779952622172894829,51.517925802,32.984
inference_ms,2_7_old_plugin_bag,517,1779952622249846992,51.594877965,33.363
inference_ms,2_7_old_plugin_bag,518,1779952622355768730,51.700799703,29.335
inference_ms,2_7_old_plugin_bag,519,1779952622458700621,51.803731594000006,33.694
inference_ms,2_7_old_plugin_bag,520,1779952622555676330,51.900707303000004,29.174
inference_ms,2_7_old_plugin_bag,521,1779952622691806998,52.036837971000004,39.683
inference_ms,2_7_old_plugin_bag,522,1779952622755406780,52.100437753,40.689
inference_ms,2_7_old_plugin_bag,523,1779952622852595137,52.19762611,24.407
inference_ms,2_7_old_plugin_bag,524,1779952622969103923,52.314134896000006,31.506
inference_ms,2_7_old_plugin_bag,525,1779952623068247432,52.413278405,28.985
inference_ms,2_7_old_plugin_bag,526,1779952623167983743,52.513014716,31.889
inference_ms,2_7_old_plugin_bag,527,1779952623240997465,52.58602843800001,31.307
inference_ms,2_7_old_plugin_bag,528,1779952623358712529,52.703743502,29.587
inference_ms,2_7_old_plugin_bag,529,1779952623460134929,52.805165902000006,32.467
inference_ms,2_7_old_plugin_bag,530,1779952623589238853,52.934269826000005,37.109
inference_ms,2_7_old_plugin_bag,531,1779952623638503141,52.983534114,27.251
inference_ms,2_7_old_plugin_bag,532,1779952623789821146,53.134852119,33.077
inference_ms,2_7_old_plugin_bag,533,1779952623894099932,53.239130905,44.337
inference_ms,2_7_old_plugin_bag,534,1779952623964268302,53.309299275,34.239
inference_ms,2_7_old_plugin_bag,535,1779952624055650712,53.400681685,28.123
inference_ms,2_7_old_plugin_bag,536,1779952624150581776,53.495612749,28.541
inference_ms,2_7_old_plugin_bag,537,1779952624284034257,53.62906523,39.373
inference_ms,2_7_old_plugin_bag,538,1779952624360839179,53.705870152,31.203
inference_ms,2_7_old_plugin_bag,539,1779952624476752935,53.821783908,32.85
inference_ms,2_7_old_plugin_bag,540,1779952624554229701,53.899260674000004,32.884
inference_ms,2_7_old_plugin_bag,541,1779952624640693783,53.985724756,27.643
inference_ms,2_7_old_plugin_bag,542,1779952624771974058,54.117005031000005,35.517
inference_ms,2_7_old_plugin_bag,543,1779952624854553126,54.199584099000006,27.921
inference_ms,2_7_old_plugin_bag,544,1779952624973284267,54.318315240000004,32.708
inference_ms,2_7_old_plugin_bag,545,1779952625055022017,54.400052990000006,27.399
inference_ms,2_7_old_plugin_bag,546,1779952625193917484,54.538948457000004,38.599
inference_ms,2_7_old_plugin_bag,547,1779952625274235057,54.619266030000006,39.363
inference_ms,2_7_old_plugin_bag,548,1779952625347437518,54.69246849100001,34.015
inference_ms,2_7_old_plugin_bag,549,1779952625446520051,54.791551024,29.29
inference_ms,2_7_old_plugin_bag,550,1779952625590395930,54.93542690300001,52.396
inference_ms,2_7_old_plugin_bag,551,1779952625654788077,54.999819050000006,38.599
inference_ms,2_7_old_plugin_bag,552,1779952625736591229,55.081622202000005,28.852
inference_ms,2_7_old_plugin_bag,553,1779952625848310922,55.193341895,32.827
inference_ms,2_7_old_plugin_bag,554,1779952625935823325,55.280854298,27.41
inference_ms,2_7_old_plugin_bag,555,1779952626046657310,55.391688283,32.029
inference_ms,2_7_old_plugin_bag,556,1779952626134843990,55.479874963,28.858
inference_ms,2_7_old_plugin_bag,557,1779952626267280150,55.612311123000005,30.728
inference_ms,2_7_old_plugin_bag,558,1779952626359809262,55.704840235000006,26.873
inference_ms,2_7_old_plugin_bag,559,1779952626471212028,55.816243001000004,35.654
inference_ms,2_7_old_plugin_bag,560,1779952626605826340,55.950857313,55.426
inference_ms,2_7_old_plugin_bag,561,1779952626719812013,56.064842986,63.784
inference_ms,2_7_old_plugin_bag,562,1779952626774462136,56.119493109000004,37.135
inference_ms,2_7_old_plugin_bag,563,1779952626859246118,56.204277091,31.301
inference_ms,2_7_old_plugin_bag,564,1779952626958248141,56.303279114000006,33.504
inference_ms,2_7_old_plugin_bag,565,1779952627086048874,56.43107984700001,33.128
inference_ms,2_7_old_plugin_bag,566,1779952627195988898,56.541019871,37.76
inference_ms,2_7_old_plugin_bag,567,1779952627252767282,56.597798255,34.476
inference_ms,2_7_old_plugin_bag,568,1779952627344271577,56.68930255,35.91
inference_ms,2_7_old_plugin_bag,569,1779952627441092896,56.786123869,27.082
inference_ms,2_7_old_plugin_bag,570,1779952627603788561,56.948819534,48.468
inference_ms,2_7_old_plugin_bag,571,1779952627660185242,57.005216215000004,30.894
inference_ms,2_7_old_plugin_bag,572,1779952627792504836,57.137535809000006,51.754
inference_ms,2_7_old_plugin_bag,573,1779952627870607339,57.215638312,38.161
inference_ms,2_7_old_plugin_bag,574,1779952627963167088,57.308198061000006,35.594
inference_ms,2_7_old_plugin_bag,575,1779952628039335506,57.384366479,28.352
inference_ms,2_7_old_plugin_bag,576,1779952628218670170,57.563701143,44.802
inference_ms,2_7_old_plugin_bag,577,1779952628262532863,57.607563836000004,34.326
inference_ms,2_7_old_plugin_bag,578,1779952628373561454,57.718592427000004,31.236
inference_ms,2_7_old_plugin_bag,579,1779952628441987385,57.787018358000005,30.108
inference_ms,2_7_old_plugin_bag,580,1779952628561810479,57.906841452,34.283
inference_ms,2_7_old_plugin_bag,581,1779952628632730264,57.977761237,29.535
inference_ms,2_7_old_plugin_bag,582,1779952628739252970,58.084283943,29.086
inference_ms,2_7_old_plugin_bag,583,1779952628835551345,58.180582318000006,28.517
inference_ms,2_7_old_plugin_bag,584,1779952628940774006,58.285804979000005,28.087
inference_ms,2_7_old_plugin_bag,585,1779952629042212372,58.387243345,30.318
inference_ms,2_7_old_plugin_bag,586,1779952629151452775,58.496483748,33.044
inference_ms,2_7_old_plugin_bag,587,1779952629245540792,58.59057176500001,32.998
inference_ms,2_7_old_plugin_bag,588,1779952629351002402,58.696033375000006,32.594
inference_ms,2_7_old_plugin_bag,589,1779952629436047644,58.781078617000006,26.504
inference_ms,2_7_old_plugin_bag,590,1779952629586990690,58.932021663,37.123
inference_ms,2_7_old_plugin_bag,591,1779952629686436192,59.031467165,39.967
inference_ms,2_7_old_plugin_bag,592,1779952629761730636,59.106761609,29.079
inference_ms,2_7_old_plugin_bag,593,1779952629838934188,59.183965161,31.074
inference_ms,2_7_old_plugin_bag,594,1779952629944601581,59.289632554,25.68
inference_ms,2_7_old_plugin_bag,595,1779952630054681476,59.399712449000006,31.065
inference_ms,2_7_old_plugin_bag,596,1779952630188721033,59.533752006,42.406
inference_ms,2_7_old_plugin_bag,597,1779952630232740090,59.57777106300001,25.724
inference_ms,2_7_opt_bag,0,1779955192384041995,0.0,25.792
inference_ms,2_7_opt_bag,1,1779955192493000179,0.10895818400000001,19.728
inference_ms,2_7_opt_bag,2,1779955192581700173,0.19765817800000002,19.068
inference_ms,2_7_opt_bag,3,1779955192664946832,0.280904837,16.671
inference_ms,2_7_opt_bag,4,1779955192863013185,0.47897119000000005,48.739
inference_ms,2_7_opt_bag,5,1779955193071533756,0.6874917610000001,51.221
inference_ms,2_7_opt_bag,6,1779955193163398279,0.779356284,56.98
inference_ms,2_7_opt_bag,7,1779955193611702901,1.227660906,103.503
inference_ms,2_7_opt_bag,8,1779955193671499603,1.287457608,49.219
inference_ms,2_7_opt_bag,9,1779955193757738994,1.373696999,58.191
inference_ms,2_7_opt_bag,10,1779955193871895219,1.4878532240000002,27.272
inference_ms,2_7_opt_bag,11,1779955193970689831,1.586647836,32.716
inference_ms,2_7_opt_bag,12,1779955194027677066,1.643635071,23.006
inference_ms,2_7_opt_bag,13,1779955194136680199,1.7526382040000001,28.44
inference_ms,2_7_opt_bag,14,1779955194291518166,1.907476171,34.442
inference_ms,2_7_opt_bag,15,1779955194395364205,2.0113222100000003,36.749
inference_ms,2_7_opt_bag,16,1779955194466308615,2.08226662,38.677
inference_ms,2_7_opt_bag,17,1779955194602717081,2.218675086,50.378
inference_ms,2_7_opt_bag,18,1779955194630628524,2.246586529,19.877
inference_ms,2_7_opt_bag,19,1779955194748113930,2.364071935,25.752
inference_ms,2_7_opt_bag,20,1779955194842710687,2.4586686920000003,43.468
inference_ms,2_7_opt_bag,21,1779955194884287243,2.500245248,30.739
inference_ms,2_7_opt_bag,22,1779955194982402701,2.5983607060000002,32.865
inference_ms,2_7_opt_bag,23,1779955195069534663,2.685492668,42.841
inference_ms,2_7_opt_bag,24,1779955195126360917,2.7423189220000004,38.674
inference_ms,2_7_opt_bag,25,1779955195174668311,2.790626316,19.122
inference_ms,2_7_opt_bag,26,1779955195305989935,2.9219479400000004,49.841
inference_ms,2_7_opt_bag,27,1779955195396667470,3.012625475,53.164
inference_ms,2_7_opt_bag,28,1779955195521884467,3.137842472,52.755
inference_ms,2_7_opt_bag,29,1779955195568576064,3.184534069,34.071
inference_ms,2_7_opt_bag,30,1779955195684839636,3.3007976410000004,35.026
inference_ms,2_7_opt_bag,31,1779955195763832937,3.379790942,50.48
inference_ms,2_7_opt_bag,32,1779955195811912418,3.4278704230000003,36.236
inference_ms,2_7_opt_bag,33,1779955195884564547,3.500522552,50.046
inference_ms,2_7_opt_bag,34,1779955195943920135,3.5598781400000004,39.981
inference_ms,2_7_opt_bag,35,1779955195991914436,3.607872441,20.363
inference_ms,2_7_opt_bag,36,1779955196089777241,3.705735246,25.796
inference_ms,2_7_opt_bag,37,1779955196195986179,3.811944184,25.415
inference_ms,2_7_opt_bag,38,1779955196305836613,3.9217946180000003,22.604
inference_ms,2_7_opt_bag,39,1779955196395837517,4.011795522,33.882
inference_ms,2_7_opt_bag,40,1779955196462352907,4.078310912,22.863
inference_ms,2_7_opt_bag,41,1779955196580768982,4.196726987,37.27
inference_ms,2_7_opt_bag,42,1779955196643990060,4.259948065000001,52.645
inference_ms,2_7_opt_bag,43,1779955196719493177,4.335451182,38.371
inference_ms,2_7_opt_bag,44,1779955196806399627,4.422357632000001,28.297
inference_ms,2_7_opt_bag,45,1779955196913339771,4.529297776,20.159
inference_ms,2_7_opt_bag,46,1779955196974182006,4.590140011,19.31
inference_ms,2_7_opt_bag,47,1779955197080478097,4.696436102000001,20.921
inference_ms,2_7_opt_bag,48,1779955197193987989,4.8099459940000004,23.34
inference_ms,2_7_opt_bag,49,1779955197292029526,4.907987531000001,20.834
inference_ms,2_7_opt_bag,50,1779955197357577316,4.973535321,14.006
inference_ms,2_7_opt_bag,51,1779955197497545406,5.113503411,21.447
inference_ms,2_7_opt_bag,52,1779955197581628479,5.197586484,21.63
inference_ms,2_7_opt_bag,53,1779955197685533343,5.301491348000001,21.672
inference_ms,2_7_opt_bag,54,1779955197859083110,5.475041115000001,68.819
inference_ms,2_7_opt_bag,55,1779955197907379300,5.523337305,35.836
inference_ms,2_7_opt_bag,56,1779955197979639913,5.595597918,19.413
inference_ms,2_7_opt_bag,57,1779955198086611250,5.702569255,17.353
inference_ms,2_7_opt_bag,58,1779955198218999481,5.834957486,33.143
inference_ms,2_7_opt_bag,59,1779955198293371289,5.909329294,23.401
inference_ms,2_7_opt_bag,60,1779955198382189578,5.998147583000001,18.467
inference_ms,2_7_opt_bag,61,1779955198483365767,6.099323772,19.46
inference_ms,2_7_opt_bag,62,1779955198587582934,6.203540939000001,24.875
inference_ms,2_7_opt_bag,63,1779955198681492596,6.297450601,23.428
inference_ms,2_7_opt_bag,64,1779955198778248255,6.394206260000001,20.397
inference_ms,2_7_opt_bag,65,1779955198870170992,6.486128997000001,17.089
inference_ms,2_7_opt_bag,66,1779955198961243303,6.577201308,16.188
inference_ms,2_7_opt_bag,67,1779955199102863076,6.718821081000001,25.427
inference_ms,2_7_opt_bag,68,1779955199165252344,6.781210349,16.241
inference_ms,2_7_opt_bag,69,1779955199260140103,6.876098108000001,20.704
inference_ms,2_7_opt_bag,70,1779955199432321180,7.048279185,58.173
inference_ms,2_7_opt_bag,71,1779955199545702798,7.161660803,33.05
inference_ms,2_7_opt_bag,72,1779955199587377708,7.203335713,27.735
inference_ms,2_7_opt_bag,73,1779955199680328506,7.296286511000001,21.802
inference_ms,2_7_opt_bag,74,1779955199794234172,7.410192177000001,21.942
inference_ms,2_7_opt_bag,75,1779955199880589714,7.4965477190000005,32.56
inference_ms,2_7_opt_bag,76,1779955199965924556,7.5818825610000005,18.377
inference_ms,2_7_opt_bag,77,1779955200079318144,7.695276149000001,21.14
inference_ms,2_7_opt_bag,78,1779955200181918333,7.797876338000001,23.516
inference_ms,2_7_opt_bag,79,1779955200275964922,7.891922927,18.04
inference_ms,2_7_opt_bag,80,1779955200379429183,7.9953871880000005,26.043
inference_ms,2_7_opt_bag,81,1779955200459643040,8.075601045,19.154
inference_ms,2_7_opt_bag,82,1779955200568200254,8.184158259,21.267
inference_ms,2_7_opt_bag,83,1779955200704523955,8.32048196,21.424
inference_ms,2_7_opt_bag,84,1779955200776324734,8.392282739,20.512
inference_ms,2_7_opt_bag,85,1779955200904964093,8.520922098,23.491
inference_ms,2_7_opt_bag,86,1779955200986650841,8.602608846,18.805
inference_ms,2_7_opt_bag,87,1779955201094808809,8.710766814000001,26.595
inference_ms,2_7_opt_bag,88,1779955201174682653,8.790640658000001,20.309
inference_ms,2_7_opt_bag,89,1779955201265440392,8.881398397,18.171
inference_ms,2_7_opt_bag,90,1779955201369481065,8.98543907,21.279
inference_ms,2_7_opt_bag,91,1779955201476808695,9.0927667,19.207
inference_ms,2_7_opt_bag,92,1779955201561784990,9.177742995000001,18.079
inference_ms,2_7_opt_bag,93,1779955201669148718,9.285106723,16.515
inference_ms,2_7_opt_bag,94,1779955201783935214,9.399893219,19.726
inference_ms,2_7_opt_bag,95,1779955201862927588,9.478885593000001,19.494
inference_ms,2_7_opt_bag,96,1779955201975843947,9.591801952,20.903
inference_ms,2_7_opt_bag,97,1779955202076840786,9.692798791000001,18.757
inference_ms,2_7_opt_bag,98,1779955202152870404,9.768828409000001,16.304
inference_ms,2_7_opt_bag,99,1779955202268313272,9.884271277,20.357
inference_ms,2_7_opt_bag,100,1779955202389923789,10.005881794,17.408
inference_ms,2_7_opt_bag,101,1779955202521813694,10.137771699,31.72
inference_ms,2_7_opt_bag,102,1779955202574606574,10.190564579,24.258
inference_ms,2_7_opt_bag,103,1779955202680244165,10.29620217,20.034
inference_ms,2_7_opt_bag,104,1779955202781189045,10.397147050000001,19.3
inference_ms,2_7_opt_bag,105,1779955202867054770,10.483012775,20.428
inference_ms,2_7_opt_bag,106,1779955202967912670,10.583870675,23.937
inference_ms,2_7_opt_bag,107,1779955203085362233,10.701320238000001,21.636
inference_ms,2_7_opt_bag,108,1779955203187113270,10.803071275,20.916
inference_ms,2_7_opt_bag,109,1779955203268274188,10.884232193,16.696
inference_ms,2_7_opt_bag,110,1779955203384154370,11.000112375,19.506
inference_ms,2_7_opt_bag,111,1779955203455848049,11.071806054000001,17.615
inference_ms,2_7_opt_bag,112,1779955203579626862,11.195584867,20.699
inference_ms,2_7_opt_bag,113,1779955203672472624,11.288430629,17.224
inference_ms,2_7_opt_bag,114,1779955203774942828,11.390900833,23.778
inference_ms,2_7_opt_bag,115,1779955203862662268,11.478620273,18.423
inference_ms,2_7_opt_bag,116,1779955203965010717,11.580968722000001,17.036
inference_ms,2_7_opt_bag,117,1779955204052145906,11.668103911000001,14.819
inference_ms,2_7_opt_bag,118,1779955204153687752,11.769645757000001,15.304
inference_ms,2_7_opt_bag,119,1779955204258955260,11.874913265,14.847
inference_ms,2_7_opt_bag,120,1779955204372740442,11.988698447,17.155
inference_ms,2_7_opt_bag,121,1779955204453060219,12.069018224,17.173
inference_ms,2_7_opt_bag,122,1779955204564131426,12.180089431,17.39
inference_ms,2_7_opt_bag,123,1779955204705714101,12.321672106000001,22.148
inference_ms,2_7_opt_bag,124,1779955204776631910,12.392589915,16.14
inference_ms,2_7_opt_bag,125,1779955204858755445,12.474713450000001,22.09
inference_ms,2_7_opt_bag,126,1779955204953451580,12.569409585,14.809
inference_ms,2_7_opt_bag,127,1779955205055162885,12.671120890000001,15.998
inference_ms,2_7_opt_bag,128,1779955205172900356,12.788858361,17.504
inference_ms,2_7_opt_bag,129,1779955205274427622,12.890385627,18.251
inference_ms,2_7_opt_bag,130,1779955205363810238,12.979768243,17.275
inference_ms,2_7_opt_bag,131,1779955205465835921,13.081793926000001,20.153
inference_ms,2_7_opt_bag,132,1779955205550957944,13.166915949000002,18.757
inference_ms,2_7_opt_bag,133,1779955205686384044,13.302342049,22.738
inference_ms,2_7_opt_bag,134,1779955205774150295,13.390108300000001,29.638
inference_ms,2_7_opt_bag,135,1779955205892585027,13.508543032,27.839
inference_ms,2_7_opt_bag,136,1779955205965677349,13.581635354000001,15.715
inference_ms,2_7_opt_bag,137,1779955206061360599,13.677318604000002,15.174
inference_ms,2_7_opt_bag,138,1779955206168653561,13.784611566,17.333
inference_ms,2_7_opt_bag,139,1779955206262098471,13.878056476000001,22.624
inference_ms,2_7_opt_bag,140,1779955206357962953,13.973920958,20.432
inference_ms,2_7_opt_bag,141,1779955206457237353,14.073195358000001,15.301
inference_ms,2_7_opt_bag,142,1779955206558386381,14.174344386000001,16.574
inference_ms,2_7_opt_bag,143,1779955206659841545,14.27579955,19.684
inference_ms,2_7_opt_bag,144,1779955206757780147,14.373738152000001,18.878
inference_ms,2_7_opt_bag,145,1779955206855861545,14.471819550000001,17.989
inference_ms,2_7_opt_bag,146,1779955206951171973,14.567129978,17.427
inference_ms,2_7_opt_bag,147,1779955207097651207,14.713609212000001,18.511
inference_ms,2_7_opt_bag,148,1779955207190709521,14.806667526000002,20.274
inference_ms,2_7_opt_bag,149,1779955207271958422,14.887916427,16.79
inference_ms,2_7_opt_bag,150,1779955207359255508,14.975213513000002,17.5
inference_ms,2_7_opt_bag,151,1779955207474254976,15.090212981,15.08
inference_ms,2_7_opt_bag,152,1779955207571403057,15.187361062,18.033
inference_ms,2_7_opt_bag,153,1779955207679106319,15.295064324,25.023
inference_ms,2_7_opt_bag,154,1779955207767422701,15.383380706,19.081
inference_ms,2_7_opt_bag,155,1779955207882434851,15.498392856,20.734
inference_ms,2_7_opt_bag,156,1779955208017923860,15.633881865000001,31.493
inference_ms,2_7_opt_bag,157,1779955208061190099,15.677148104,15.012
inference_ms,2_7_opt_bag,158,1779955208154801863,15.770759868,13.688
inference_ms,2_7_opt_bag,159,1779955208272027803,15.887985808000002,19.663
inference_ms,2_7_opt_bag,160,1779955208384989934,16.000947939,23.313
inference_ms,2_7_opt_bag,161,1779955208467045606,16.083003611000002,21.125
inference_ms,2_7_opt_bag,162,1779955208557412922,16.173370927,18.85
inference_ms,2_7_opt_bag,163,1779955208650807596,16.266765601,15.196
inference_ms,2_7_opt_bag,164,1779955208765086094,16.381044099,20.202
inference_ms,2_7_opt_bag,165,1779955208865983507,16.481941512000002,18.037
inference_ms,2_7_opt_bag,166,1779955208980267685,16.59622569,20.116
inference_ms,2_7_opt_bag,167,1779955209052557870,16.668515875,14.886
inference_ms,2_7_opt_bag,168,1779955209157910379,16.773868384,15.757
inference_ms,2_7_opt_bag,169,1779955209279604525,16.89556253,21.084
inference_ms,2_7_opt_bag,170,1779955209364696452,16.980654457,18.481
inference_ms,2_7_opt_bag,171,1779955209465385962,17.081343967000002,19.713
inference_ms,2_7_opt_bag,172,1779955209564151125,17.18010913,20.574
inference_ms,2_7_opt_bag,173,1779955209657923337,17.273881342000003,18.271
inference_ms,2_7_opt_bag,174,1779955209786874200,17.402832205000003,22.541
inference_ms,2_7_opt_bag,175,1779955209866765822,17.482723827,20.207
inference_ms,2_7_opt_bag,176,1779955209975397204,17.591355209,20.709
inference_ms,2_7_opt_bag,177,1779955210084120100,17.700078105,19.909
inference_ms,2_7_opt_bag,178,1779955210185014085,17.800972090000002,15.081
inference_ms,2_7_opt_bag,179,1779955210291466626,17.907424631,16.801
inference_ms,2_7_opt_bag,180,1779955210370193696,17.986151701,13.541
inference_ms,2_7_opt_bag,181,1779955210464607829,18.080565834,15.463
inference_ms,2_7_opt_bag,182,1779955210583771999,18.199730004000003,17.937
inference_ms,2_7_opt_bag,183,1779955210651997338,18.267955343,17.624
inference_ms,2_7_opt_bag,184,1779955210759835962,18.375793967,14.512
inference_ms,2_7_opt_bag,185,1779955210850796148,18.466754153,18.266
inference_ms,2_7_opt_bag,186,1779955210960692635,18.57665064,21.072
inference_ms,2_7_opt_bag,187,1779955211072122735,18.68808074,17.765
inference_ms,2_7_opt_bag,188,1779955211199320405,18.81527841,34.422
inference_ms,2_7_opt_bag,189,1779955211262972570,18.878930575000002,15.016
inference_ms,2_7_opt_bag,190,1779955211376388568,18.992346573000003,18.341
inference_ms,2_7_opt_bag,191,1779955211473339549,19.089297554,17.433
inference_ms,2_7_opt_bag,192,1779955211564844098,19.180802103,19.79
inference_ms,2_7_opt_bag,193,1779955211657402893,19.273360898,15.413
inference_ms,2_7_opt_bag,194,1779955211774745444,19.390703449,19.818
inference_ms,2_7_opt_bag,195,1779955211856303061,19.472261066,16.646
inference_ms,2_7_opt_bag,196,1779955211999748063,19.615706068,18.073
inference_ms,2_7_opt_bag,197,1779955212076189389,19.692147394000003,20.704
inference_ms,2_7_opt_bag,198,1779955212193387656,19.809345661000002,23.885
inference_ms,2_7_opt_bag,199,1779955212330571577,19.946529582,35.665
inference_ms,2_7_opt_bag,200,1779955212383129741,19.999087746,24.046
inference_ms,2_7_opt_bag,201,1779955212482052346,20.098010351000003,19.089
inference_ms,2_7_opt_bag,202,1779955212575284884,20.191242889,20.888
inference_ms,2_7_opt_bag,203,1779955212711287806,20.327245811,28.712
inference_ms,2_7_opt_bag,204,1779955212766135001,20.382093006,17.405
inference_ms,2_7_opt_bag,205,1779955212892991017,20.508949022000003,17.573
inference_ms,2_7_opt_bag,206,1779955212973588986,20.589546991000002,22.824
inference_ms,2_7_opt_bag,207,1779955213105723630,20.721681635000003,23.544
inference_ms,2_7_opt_bag,208,1779955213164099295,20.780057300000003,23.033
inference_ms,2_7_opt_bag,209,1779955213287362130,20.903320135,17.914
inference_ms,2_7_opt_bag,210,1779955213383116395,20.9990744,16.832
inference_ms,2_7_opt_bag,211,1779955213476715421,21.092673426,20.988
inference_ms,2_7_opt_bag,212,1779955213579179790,21.195137795,26.406
inference_ms,2_7_opt_bag,213,1779955213693844850,21.309802855,21.271
inference_ms,2_7_opt_bag,214,1779955213785697426,21.401655431000002,18.883
inference_ms,2_7_opt_bag,215,1779955213858154094,21.474112099000003,16.017
inference_ms,2_7_opt_bag,216,1779955213976222013,21.592180018,24.167
inference_ms,2_7_opt_bag,217,1779955214069351327,21.685309332000003,20.788
inference_ms,2_7_opt_bag,218,1779955214168117200,21.784075205,20.753
inference_ms,2_7_opt_bag,219,1779955214261045675,21.87700368,15.292
inference_ms,2_7_opt_bag,220,1779955214401383523,22.017341528000003,26.987
inference_ms,2_7_opt_bag,221,1779955214493742525,22.10970053,20.533
inference_ms,2_7_opt_bag,222,1779955214557799539,22.173757544,16.282
inference_ms,2_7_opt_bag,223,1779955214655133112,22.271091117,14.67
inference_ms,2_7_opt_bag,224,1779955214761277668,22.377235673,20.763
inference_ms,2_7_opt_bag,225,1779955214878246363,22.494204368000002,19.133
inference_ms,2_7_opt_bag,226,1779955214974122711,22.590080716000003,19.272
inference_ms,2_7_opt_bag,227,1779955215065398392,22.681356397000002,19.615
inference_ms,2_7_opt_bag,228,1779955215173529252,22.789487257,18.781
inference_ms,2_7_opt_bag,229,1779955215260593243,22.876551248000002,16.302
inference_ms,2_7_opt_bag,230,1779955215368638178,22.984596183,17.835
inference_ms,2_7_opt_bag,231,1779955215477822092,23.093780097,22.293
inference_ms,2_7_opt_bag,232,1779955215617645387,23.233603392000003,28.967
inference_ms,2_7_opt_bag,233,1779955215683305595,23.2992636,17.432
inference_ms,2_7_opt_bag,234,1779955215773252746,23.389210751,19.074
inference_ms,2_7_opt_bag,235,1779955215883373604,23.499331609000002,19.648
inference_ms,2_7_opt_bag,236,1779955215976618121,23.592576126,19.695
inference_ms,2_7_opt_bag,237,1779955216081348531,23.697306536000003,18.179
inference_ms,2_7_opt_bag,238,1779955216201755073,23.817713078,21.28
inference_ms,2_7_opt_bag,239,1779955216268301461,23.884259466000003,19.444
inference_ms,2_7_opt_bag,240,1779955216360179488,23.976137493000003,14.999
inference_ms,2_7_opt_bag,241,1779955216458869169,24.074827174000003,15.522
inference_ms,2_7_opt_bag,242,1779955216594912359,24.210870364,18.667
inference_ms,2_7_opt_bag,243,1779955216672094954,24.288052959,16.11
inference_ms,2_7_opt_bag,244,1779955216775949620,24.391907625,18.741
inference_ms,2_7_opt_bag,245,1779955216910296300,24.526254305000002,25.832
inference_ms,2_7_opt_bag,246,1779955216990660902,24.606618907,21.681
inference_ms,2_7_opt_bag,247,1779955217068542385,24.68450039,18.414
inference_ms,2_7_opt_bag,248,1779955217157887302,24.773845307000002,20.453
inference_ms,2_7_opt_bag,249,1779955217259986928,24.875944933000003,17.621
inference_ms,2_7_opt_bag,250,1779955217382039645,24.997997650000002,17.71
inference_ms,2_7_opt_bag,251,1779955217478486631,25.094444636000002,19.345
inference_ms,2_7_opt_bag,252,1779955217562891803,25.178849808000002,15.051
inference_ms,2_7_opt_bag,253,1779955217666100401,25.282058406,22.557
inference_ms,2_7_opt_bag,254,1779955217770189751,25.386147756000003,16.093
inference_ms,2_7_opt_bag,255,1779955217856180016,25.472138021000003,18.796
inference_ms,2_7_opt_bag,256,1779955217961567308,25.577525313000002,21.923
inference_ms,2_7_opt_bag,257,1779955218053599122,25.669557127,15.413
inference_ms,2_7_opt_bag,258,1779955218160703678,25.776661683,14.774
inference_ms,2_7_opt_bag,259,1779955218280973465,25.896931470000002,17.24
inference_ms,2_7_opt_bag,260,1779955218395133708,26.011091713000003,17.088
inference_ms,2_7_opt_bag,261,1779955218492852108,26.108810113,18.441
inference_ms,2_7_opt_bag,262,1779955218585238862,26.201196867,32.317
inference_ms,2_7_opt_bag,263,1779955218706552165,26.32251017,27.922
inference_ms,2_7_opt_bag,264,1779955218760607945,26.376565950000003,13.743
inference_ms,2_7_opt_bag,265,1779955218857919882,26.473877887,15.455
inference_ms,2_7_opt_bag,266,1779955218981362241,26.597320246000002,24.227
inference_ms,2_7_opt_bag,267,1779955219073798039,26.689756044000003,24.038
inference_ms,2_7_opt_bag,268,1779955219154186027,26.770144032,18.705
inference_ms,2_7_opt_bag,269,1779955219267588369,26.883546374,21.087
inference_ms,2_7_opt_bag,270,1779955219392297998,27.008256003000003,30.152
inference_ms,2_7_opt_bag,271,1779955219455769270,27.071727275,15.236
inference_ms,2_7_opt_bag,272,1779955219584284175,27.20024218,21.742
inference_ms,2_7_opt_bag,273,1779955219658702344,27.274660349,15.203
inference_ms,2_7_opt_bag,274,1779955219755472548,27.371430553000003,20.006
inference_ms,2_7_opt_bag,275,1779955219872423911,27.488381916,16.416
inference_ms,2_7_opt_bag,276,1779955219978452227,27.594410232,17.775
inference_ms,2_7_opt_bag,277,1779955220057774900,27.673732905,14.806
inference_ms,2_7_opt_bag,278,1779955220183582474,27.799540479,17.479
inference_ms,2_7_opt_bag,279,1779955220271070687,27.887028692,18.041
inference_ms,2_7_opt_bag,280,1779955220372166846,27.988124851000002,19.625
inference_ms,2_7_opt_bag,281,1779955220502923071,28.118881076,42.641
inference_ms,2_7_opt_bag,282,1779955220567338897,28.183296902000002,20.172
inference_ms,2_7_opt_bag,283,1779955220661580248,28.277538253000003,19.357
inference_ms,2_7_opt_bag,284,1779955220771649739,28.387607744,19.414
inference_ms,2_7_opt_bag,285,1779955220860372908,28.476330913,15.485
inference_ms,2_7_opt_bag,286,1779955220948498569,28.564456574,14.063
inference_ms,2_7_opt_bag,287,1779955221053133379,28.669091384,19.163
inference_ms,2_7_opt_bag,288,1779955221154663880,28.770621885,15.767
inference_ms,2_7_opt_bag,289,1779955221280292280,28.896250285,16.586
inference_ms,2_7_opt_bag,290,1779955221363833487,28.979791492,18.403
inference_ms,2_7_opt_bag,291,1779955221467558256,29.083516261000003,17.288
inference_ms,2_7_opt_bag,292,1779955221568471887,29.184429892,18.431
inference_ms,2_7_opt_bag,293,1779955221679103479,29.295061484,19.731
inference_ms,2_7_opt_bag,294,1779955221768762208,29.384720213,20.808
inference_ms,2_7_opt_bag,295,1779955221870830443,29.486788448000002,20.077
inference_ms,2_7_opt_bag,296,1779955221973802654,29.589760659000003,21.175
inference_ms,2_7_opt_bag,297,1779955222060448170,29.676406175,14.787
inference_ms,2_7_opt_bag,298,1779955222174609074,29.790567079000002,16.062
inference_ms,2_7_opt_bag,299,1779955222266342800,29.882300805000003,20.253
inference_ms,2_7_opt_bag,300,1779955222349262272,29.965220277,15.863
inference_ms,2_7_opt_bag,301,1779955222455416357,30.071374362,16.831
inference_ms,2_7_opt_bag,302,1779955222559959500,30.175917505,15.879
inference_ms,2_7_opt_bag,303,1779955222658494803,30.274452808000003,15.538
inference_ms,2_7_opt_bag,304,1779955222782342775,30.398300780000003,25.523
inference_ms,2_7_opt_bag,305,1779955222860725562,30.476683567000002,16.838
inference_ms,2_7_opt_bag,306,1779955222969095217,30.585053222000003,22.348
inference_ms,2_7_opt_bag,307,1779955223058520095,30.6744781,15.195
inference_ms,2_7_opt_bag,308,1779955223166391700,30.782349705,17.45
inference_ms,2_7_opt_bag,309,1779955223256481387,30.872439392,17.188
inference_ms,2_7_opt_bag,310,1779955223350509088,30.966467093000002,15.075
inference_ms,2_7_opt_bag,311,1779955223509993447,31.125951452000002,26.755
inference_ms,2_7_opt_bag,312,1779955223586879311,31.202837316000004,14.471
inference_ms,2_7_opt_bag,313,1779955223671932862,31.287890867,18.717
inference_ms,2_7_opt_bag,314,1779955223775649629,31.391607634000003,23.283
inference_ms,2_7_opt_bag,315,1779955223855209556,31.471167561,15.084
inference_ms,2_7_opt_bag,316,1779955223995469958,31.611427963,21.264
inference_ms,2_7_opt_bag,317,1779955224094944847,31.710902852,20.691
inference_ms,2_7_opt_bag,318,1779955224166714135,31.782672140000003,16.717
inference_ms,2_7_opt_bag,319,1779955224293936917,31.909894922000003,34.971
inference_ms,2_7_opt_bag,320,1779955224390951287,32.006909292,34.525
inference_ms,2_7_opt_bag,321,1779955224459792394,32.075750399,19.643
inference_ms,2_7_opt_bag,322,1779955224603381560,32.219339565,29.929
inference_ms,2_7_opt_bag,323,1779955224682678771,32.298636776,19.34
inference_ms,2_7_opt_bag,324,1779955224784853874,32.400811879,23.525
inference_ms,2_7_opt_bag,325,1779955224873623190,32.489581195,16.098
inference_ms,2_7_opt_bag,326,1779955225047291049,32.663249054000005,58.561
inference_ms,2_7_opt_bag,327,1779955225097256588,32.713214593000004,19.65
inference_ms,2_7_opt_bag,328,1779955225194674671,32.810632676000004,23.176
inference_ms,2_7_opt_bag,329,1779955225261507484,32.877465489,15.979
inference_ms,2_7_opt_bag,330,1779955225387937213,33.003895218000004,21.663
inference_ms,2_7_opt_bag,331,1779955225477513097,33.093471102,29.157
inference_ms,2_7_opt_bag,332,1779955225562260435,33.17821844,15.281
inference_ms,2_7_opt_bag,333,1779955225675211105,33.291169110000006,25.439
inference_ms,2_7_opt_bag,334,1779955225763191286,33.379149291000004,16.793
inference_ms,2_7_opt_bag,335,1779955225869621146,33.485579151,21.298
inference_ms,2_7_opt_bag,336,1779955225958997410,33.574955415000005,15.434
inference_ms,2_7_opt_bag,337,1779955226061913967,33.677871972000005,15.678
inference_ms,2_7_opt_bag,338,1779955226160721424,33.776679429000005,17.552
inference_ms,2_7_opt_bag,339,1779955226258387976,33.874345981000005,15.737
inference_ms,2_7_opt_bag,340,1779955226374016878,33.989974883,19.028
inference_ms,2_7_opt_bag,341,1779955226491540000,34.107498005000004,21.308
inference_ms,2_7_opt_bag,342,1779955226586561134,34.202519139,18.366
inference_ms,2_7_opt_bag,343,1779955226664662034,34.280620039,20.296
inference_ms,2_7_opt_bag,344,1779955226759010758,34.374968763000005,23.112
inference_ms,2_7_opt_bag,345,1779955226868529713,34.484487718000004,18.358
inference_ms,2_7_opt_bag,346,1779955226962339491,34.578297496000005,18.673
inference_ms,2_7_opt_bag,347,1779955227082822168,34.698780173,40.168
inference_ms,2_7_opt_bag,348,1779955227199071656,34.815029661000004,17.309
inference_ms,2_7_opt_bag,349,1779955227272431668,34.888389673,18.558
inference_ms,2_7_opt_bag,350,1779955227358007544,34.973965549,17.979
inference_ms,2_7_opt_bag,351,1779955227475315294,35.091273299,26.939
inference_ms,2_7_opt_bag,352,1779955227560356595,35.176314600000005,15.952
inference_ms,2_7_opt_bag,353,1779955227668098699,35.284056704,15.888
inference_ms,2_7_opt_bag,354,1779955227781157524,35.397115529000004,18.187
inference_ms,2_7_opt_bag,355,1779955227875373722,35.491331727,19.903
inference_ms,2_7_opt_bag,356,1779955227974248732,35.590206737,20.598
inference_ms,2_7_opt_bag,357,1779955228068457114,35.684415119,17.227
inference_ms,2_7_opt_bag,358,1779955228195221890,35.811179895,19.328
inference_ms,2_7_opt_bag,359,1779955228275772467,35.891730472,16.446
inference_ms,2_7_opt_bag,360,1779955228385175462,36.001133467,24.669
inference_ms,2_7_opt_bag,361,1779955228467991674,36.083949679,20.025
inference_ms,2_7_opt_bag,362,1779955228578309215,36.19426722,18.806
inference_ms,2_7_opt_bag,363,1779955228665238231,36.281196236,20.481
inference_ms,2_7_opt_bag,364,1779955228813270313,36.429228318,24.656
inference_ms,2_7_opt_bag,365,1779955228881702177,36.497660182000004,21.045
inference_ms,2_7_opt_bag,366,1779955228967100513,36.583058518,19.946
inference_ms,2_7_opt_bag,367,1779955229066132210,36.682090215,15.955
inference_ms,2_7_opt_bag,368,1779955229170136792,36.786094797000004,23.438
inference_ms,2_7_opt_bag,369,1779955229256310394,36.872268399,21.398
inference_ms,2_7_opt_bag,370,1779955229367457305,36.983415310000005,16.87
inference_ms,2_7_opt_bag,371,1779955229497460035,37.11341804,20.176
inference_ms,2_7_opt_bag,372,1779955229594483540,37.210441545,34.166
inference_ms,2_7_opt_bag,373,1779955229653567043,37.269525048000006,17.617
inference_ms,2_7_opt_bag,374,1779955229760794322,37.376752327000005,19.075
inference_ms,2_7_opt_bag,375,1779955229899075178,37.515033183,20.348
inference_ms,2_7_opt_bag,376,1779955229970347947,37.586305952000004,16.407
inference_ms,2_7_opt_bag,377,1779955230094349063,37.710307068000006,16.768
inference_ms,2_7_opt_bag,378,1779955230171855224,37.787813229,21.627
inference_ms,2_7_opt_bag,379,1779955230258154591,37.874112596,20.052
inference_ms,2_7_opt_bag,380,1779955230390634391,38.006592396,18.008
inference_ms,2_7_opt_bag,381,1779955230470377917,38.086335922,17.41
inference_ms,2_7_opt_bag,382,1779955230569331068,38.185289073,19.754
inference_ms,2_7_opt_bag,383,1779955230653163996,38.269122001,18.111
inference_ms,2_7_opt_bag,384,1779955230791856259,38.407814264,18.104
inference_ms,2_7_opt_bag,385,1779955230855881386,38.471839391,17.671
inference_ms,2_7_opt_bag,386,1779955230955784031,38.571742036,16.147
inference_ms,2_7_opt_bag,387,1779955231086803322,38.702761327000005,20.049
inference_ms,2_7_opt_bag,388,1779955231172181687,38.788139692,18.051
inference_ms,2_7_opt_bag,389,1779955231259245583,38.875203588000005,19.615
inference_ms,2_7_opt_bag,390,1779955231450134976,39.066092981000004,41.453
inference_ms,2_7_opt_bag,391,1779955231498225133,39.114183138,23.214
inference_ms,2_7_opt_bag,392,1779955231570752604,39.186710609,16.831
inference_ms,2_7_opt_bag,393,1779955231673742911,39.289700916,22.384
inference_ms,2_7_opt_bag,394,1779955231780652503,39.396610508,17.621
inference_ms,2_7_opt_bag,395,1779955231903249488,39.519207493,38.074
inference_ms,2_7_opt_bag,396,1779955231958142706,39.574100711,15.375
inference_ms,2_7_opt_bag,397,1779955232114483578,39.730441583,19.848
inference_ms,2_7_opt_bag,398,1779955232159799521,39.775757526,16.173
inference_ms,2_7_opt_bag,399,1779955232280333264,39.896291269,18.365
inference_ms,2_7_opt_bag,400,1779955232358804304,39.974762309,18.901
inference_ms,2_7_opt_bag,401,1779955232521216636,40.137174641,26.004
inference_ms,2_7_opt_bag,402,1779955232587124824,40.203082829,21.94
inference_ms,2_7_opt_bag,403,1779955232663115409,40.279073414,18.41
inference_ms,2_7_opt_bag,404,1779955232755088086,40.371046091000004,19.044
inference_ms,2_7_opt_bag,405,1779955232883061415,40.49901942,19.568
inference_ms,2_7_opt_bag,406,1779955232966154375,40.582112380000005,18.146
inference_ms,2_7_opt_bag,407,1779955233077883318,40.693841323,17.889
inference_ms,2_7_opt_bag,408,1779955233181642092,40.797600097,21.243
inference_ms,2_7_opt_bag,409,1779955233258758859,40.874716864,17.536
inference_ms,2_7_opt_bag,410,1779955233390807835,41.00676584,22.563
inference_ms,2_7_opt_bag,411,1779955233466238851,41.082196856,18.731
inference_ms,2_7_opt_bag,412,1779955233599414621,41.215372626000004,25.449
inference_ms,2_7_opt_bag,413,1779955233668819274,41.284777279000004,16.862
inference_ms,2_7_opt_bag,414,1779955233770351070,41.386309075,18.163
inference_ms,2_7_opt_bag,415,1779955233866157499,41.482115504,18.943
inference_ms,2_7_opt_bag,416,1779955233961349466,41.577307471000005,15.573
inference_ms,2_7_opt_bag,417,1779955234094682934,41.710640939,21.126
inference_ms,2_7_opt_bag,418,1779955234162784375,41.778742380000004,17.716
inference_ms,2_7_opt_bag,419,1779955234259066993,41.875024998,18.084
inference_ms,2_7_opt_bag,420,1779955234357873065,41.97383107,15.622
inference_ms,2_7_opt_bag,421,1779955234477398601,42.093356606,25.501
inference_ms,2_7_opt_bag,422,1779955234554051606,42.170009611000005,13.97
inference_ms,2_7_opt_bag,423,1779955234655898084,42.271856089,19.973
inference_ms,2_7_opt_bag,424,1779955234763023479,42.378981484,21.753
inference_ms,2_7_opt_bag,425,1779955234866851351,42.482809356000004,17.252
inference_ms,2_7_opt_bag,426,1779955234976110871,42.592068876000006,22.926
inference_ms,2_7_opt_bag,427,1779955235059727725,42.675685730000005,16.94
inference_ms,2_7_opt_bag,428,1779955235160451011,42.776409016,20.666
inference_ms,2_7_opt_bag,429,1779955235267031771,42.882989776,19.355
inference_ms,2_7_opt_bag,430,1779955235387661764,43.003619769000004,17.788
inference_ms,2_7_opt_bag,431,1779955235484410127,43.100368132,22.091
inference_ms,2_7_opt_bag,432,1779955235579044249,43.195002254,16.395
inference_ms,2_7_opt_bag,433,1779955235669393471,43.285351476,18.243
inference_ms,2_7_opt_bag,434,1779955235767932633,43.383890638000004,22.341
inference_ms,2_7_opt_bag,435,1779955235902313896,43.518271901000006,24.582
inference_ms,2_7_opt_bag,436,1779955235972465601,43.588423606,18.008
inference_ms,2_7_opt_bag,437,1779955236070298892,43.686256897,31.71
inference_ms,2_7_opt_bag,438,1779955236176890953,43.792848958,18.239
inference_ms,2_7_opt_bag,439,1779955236267692361,43.883650366000005,16.046
inference_ms,2_7_opt_bag,440,1779955236354744029,43.970702034000006,16.098
inference_ms,2_7_opt_bag,441,1779955236461213442,44.077171447000005,16.322
inference_ms,2_7_opt_bag,442,1779955236582296156,44.198254161,19.967
inference_ms,2_7_opt_bag,443,1779955236665777391,44.281735396,14.317
inference_ms,2_7_opt_bag,444,1779955236780515124,44.396473129,29.948
inference_ms,2_7_opt_bag,445,1779955236901283114,44.517241119000005,24.15
inference_ms,2_7_opt_bag,446,1779955237017576828,44.633534833000006,31.427
inference_ms,2_7_opt_bag,447,1779955237084604801,44.700562806,18.757
inference_ms,2_7_opt_bag,448,1779955237183366576,44.799324581,22.194
inference_ms,2_7_opt_bag,449,1779955237293575159,44.909533164,21.837
inference_ms,2_7_opt_bag,450,1779955237387346131,45.003304136000004,17.478
inference_ms,2_7_opt_bag,451,1779955237494798590,45.110756595000005,24.13
inference_ms,2_7_opt_bag,452,1779955237558454043,45.174412048,16.475
inference_ms,2_7_opt_bag,453,1779955237677673061,45.293631066,16.641
inference_ms,2_7_opt_bag,454,1779955237802031006,45.417989011,28.852
inference_ms,2_7_opt_bag,455,1779955237909216614,45.525174619000005,34.66
inference_ms,2_7_opt_bag,456,1779955237967161226,45.583119231000005,19.394
inference_ms,2_7_opt_bag,457,1779955238079142322,45.695100327000006,21.749
inference_ms,2_7_opt_bag,458,1779955238173656502,45.789614507,20.416
inference_ms,2_7_opt_bag,459,1779955238267278261,45.883236266000004,25.043
inference_ms,2_7_opt_bag,460,1779955238362865991,45.978823996,19.66
inference_ms,2_7_opt_bag,461,1779955238480890149,46.096848154,17.556
inference_ms,2_7_opt_bag,462,1779955238569739445,46.185697450000006,17.502
inference_ms,2_7_opt_bag,463,1779955238670062948,46.286020953000005,18.12
inference_ms,2_7_opt_bag,464,1779955238795760928,46.411718933,17.94
inference_ms,2_7_opt_bag,465,1779955238893422854,46.509380859000004,18.136
inference_ms,2_7_opt_bag,466,1779955238974950795,46.5909088,19.163
inference_ms,2_7_opt_bag,467,1779955239078168487,46.694126492,19.543
inference_ms,2_7_opt_bag,468,1779955239163746662,46.779704667000004,17.36
inference_ms,2_7_opt_bag,469,1779955239258582234,46.874540239000005,19.388
inference_ms,2_7_opt_bag,470,1779955239368268133,46.984226138000004,20.114
inference_ms,2_7_opt_bag,471,1779955239471402609,47.087360614000005,25.979
inference_ms,2_7_opt_bag,472,1779955239601131175,47.21708918,25.521
inference_ms,2_7_opt_bag,473,1779955239676212667,47.292170672000005,16.758
inference_ms,2_7_opt_bag,474,1779955239818373875,47.43433188,32.993
inference_ms,2_7_opt_bag,475,1779955239885268894,47.501226899,29.433
inference_ms,2_7_opt_bag,476,1779955239958120571,47.574078576000005,17.717
inference_ms,2_7_opt_bag,477,1779955240079604131,47.695562136,18.984
inference_ms,2_7_opt_bag,478,1779955240165826306,47.781784311,21.586
inference_ms,2_7_opt_bag,479,1779955240303106153,47.919064158000005,27.898
inference_ms,2_7_opt_bag,480,1779955240383066800,47.999024805000005,18.504
inference_ms,2_7_opt_bag,481,1779955240519402401,48.135360406000004,35.647
inference_ms,2_7_opt_bag,482,1779955240576922456,48.192880461,19.732
inference_ms,2_7_opt_bag,483,1779955240696945422,48.312903427,19.776
inference_ms,2_7_opt_bag,484,1779955240754349390,48.370307395000005,17.065
inference_ms,2_7_opt_bag,485,1779955240898467450,48.514425455,22.289
inference_ms,2_7_opt_bag,486,1779955241002195667,48.618153672000005,19.07
inference_ms,2_7_opt_bag,487,1779955241084367328,48.700325333,23.247
inference_ms,2_7_opt_bag,488,1779955241170063421,48.786021426000005,19.106
inference_ms,2_7_opt_bag,489,1779955241267801562,48.883759567000006,17.966
inference_ms,2_7_opt_bag,490,1779955241380064449,48.996022454000006,20.874
inference_ms,2_7_opt_bag,491,1779955241503825144,49.119783149,23.018
inference_ms,2_7_opt_bag,492,1779955241584686386,49.200644391000004,23.063
inference_ms,2_7_opt_bag,493,1779955241675551024,49.291509029000004,21.168
inference_ms,2_7_opt_bag,494,1779955241769096951,49.385054956000005,19.544
inference_ms,2_7_opt_bag,495,1779955241883467383,49.499425388000006,21.437
inference_ms,2_7_opt_bag,496,1779955241968310038,49.584268043,19.062
inference_ms,2_7_opt_bag,497,1779955242066734027,49.682692032000006,16.584
inference_ms,2_7_opt_bag,498,1779955242168186613,49.784144618000006,18.387
inference_ms,2_7_opt_bag,499,1779955242267019729,49.882977734,15.682
inference_ms,2_7_opt_bag,500,1779955242353374186,49.96933219100001,14.868
inference_ms,2_7_opt_bag,501,1779955242495318740,50.111276745000005,21.28
inference_ms,2_7_opt_bag,502,1779955242563141875,50.17909988,17.899
inference_ms,2_7_opt_bag,503,1779955242680988858,50.296946863,20.865
inference_ms,2_7_opt_bag,504,1779955242767213713,50.383171718,16.582
inference_ms,2_7_opt_bag,505,1779955242863883672,50.479841677,17.966
inference_ms,2_7_opt_bag,506,1779955242985353165,50.60131117,23.334
inference_ms,2_7_opt_bag,507,1779955243056600672,50.672558677000005,15.875
inference_ms,2_7_opt_bag,508,1779955243166925848,50.782883853,18.183
inference_ms,2_7_opt_bag,509,1779955243262238635,50.878196640000006,16.68
inference_ms,2_7_opt_bag,510,1779955243383541424,50.999499429000004,17.943
inference_ms,2_7_opt_bag,511,1779955243479204738,51.095162743,16.668
inference_ms,2_7_opt_bag,512,1779955243576653608,51.192611613000004,20.083
inference_ms,2_7_opt_bag,513,1779955243654940519,51.270898524,19.298
inference_ms,2_7_opt_bag,514,1779955243766425768,51.382383773,16.105
inference_ms,2_7_opt_bag,515,1779955243871222214,51.487180219,19.357
inference_ms,2_7_opt_bag,516,1779955244004618743,51.620576748000005,25.25
inference_ms,2_7_opt_bag,517,1779955244078227417,51.694185422000004,18.25
inference_ms,2_7_opt_bag,518,1779955244187148627,51.803106632,31.952
inference_ms,2_7_opt_bag,519,1779955244292560542,51.908518547,31.634
inference_ms,2_7_opt_bag,520,1779955244397373809,52.013331814000004,25.581
inference_ms,2_7_opt_bag,521,1779955244469893952,52.085851957,24.044
inference_ms,2_7_opt_bag,522,1779955244570875524,52.186833529000005,17.131
inference_ms,2_7_opt_bag,523,1779955244688382881,52.304340886000006,24.312
inference_ms,2_7_opt_bag,524,1779955244767614261,52.383572266,24.968
inference_ms,2_7_opt_bag,525,1779955244868860962,52.484818967,18.471
inference_ms,2_7_opt_bag,526,1779955244953476009,52.569434014,19.832
inference_ms,2_7_opt_bag,527,1779955245069940073,52.685898078,18.883
inference_ms,2_7_opt_bag,528,1779955245156662560,52.772620565000004,15.813
inference_ms,2_7_opt_bag,529,1779955245253895443,52.869853448,15.647
inference_ms,2_7_opt_bag,530,1779955245382655995,52.998614,18.421
inference_ms,2_7_opt_bag,531,1779955245488239596,53.104197601,21.615
inference_ms,2_7_opt_bag,532,1779955245588009089,53.20396709400001,17.023
inference_ms,2_7_opt_bag,533,1779955245666925689,53.282883694000006,17.88
inference_ms,2_7_opt_bag,534,1779955245787254321,53.403212326,20.398
inference_ms,2_7_opt_bag,535,1779955245863180729,53.479138734,22.6
inference_ms,2_7_opt_bag,536,1779955246015159391,53.631117396,31.799
inference_ms,2_7_opt_bag,537,1779955246060692359,53.676650364000004,16.485
inference_ms,2_7_opt_bag,538,1779955246188822567,53.804780572000006,17.293
inference_ms,2_7_opt_bag,539,1779955246277594531,53.893552536,22.941
inference_ms,2_7_opt_bag,540,1779955246390728505,54.00668651,17.426
inference_ms,2_7_opt_bag,541,1779955246459429311,54.075387316000004,20.993
inference_ms,2_7_opt_bag,542,1779955246595380758,54.211338763,24.689
inference_ms,2_7_opt_bag,543,1779955246663986766,54.279944771000004,22.372
inference_ms,2_7_opt_bag,544,1779955246783390512,54.399348517,18.858
inference_ms,2_7_opt_bag,545,1779955246897141783,54.513099788000005,18.724
inference_ms,2_7_opt_bag,546,1779955246955077952,54.57103595700001,18.65
inference_ms,2_7_opt_bag,547,1779955247070197295,54.6861553,19.949
inference_ms,2_7_opt_bag,548,1779955247182427715,54.798385720000006,19.235
inference_ms,2_7_opt_bag,549,1779955247293936169,54.909894174,16.797
inference_ms,2_7_opt_bag,550,1779955247381282947,54.997240952000006,20.402
inference_ms,2_7_opt_bag,551,1779955247475391941,55.091349946,16.249
inference_ms,2_7_opt_bag,552,1779955247577389570,55.193347575000004,17.451
inference_ms,2_7_opt_bag,553,1779955247669384571,55.285342576000005,19.999
inference_ms,2_7_opt_bag,554,1779955247757353567,55.373311572000006,17.038
inference_ms,2_7_opt_bag,555,1779955247885585555,55.50154356,17.505
inference_ms,2_7_opt_bag,556,1779955247986650379,55.60260838400001,17.457
inference_ms,2_7_opt_bag,557,1779955248057209633,55.673167638,17.394
inference_ms,2_7_opt_bag,558,1779955248185221143,55.801179148,16.594
inference_ms,2_7_opt_bag,559,1779955248281854632,55.897812637,21.872
inference_ms,2_7_opt_bag,560,1779955248365330736,55.981288741,17.171
inference_ms,2_7_opt_bag,561,1779955248457168617,56.073126622000004,20.296
inference_ms,2_7_opt_bag,562,1779955248580231371,56.19618937600001,18.087
inference_ms,2_7_opt_bag,563,1779955248669326542,56.285284547,20.601
inference_ms,2_7_opt_bag,564,1779955248777257274,56.393215279,17.386
inference_ms,2_7_opt_bag,565,1779955248883775651,56.499733656000004,20.761
inference_ms,2_7_opt_bag,566,1779955248990571459,56.606529464000005,22.657
inference_ms,2_7_opt_bag,567,1779955249060580991,56.676538996000005,14.193
inference_ms,2_7_opt_bag,568,1779955249165781425,56.78173943,14.93
inference_ms,2_7_opt_bag,569,1779955249268651725,56.88460973,19.505
inference_ms,2_7_opt_bag,570,1779955249368458534,56.984416539,19.787
inference_ms,2_7_opt_bag,571,1779955249455744356,57.07170236100001,18.761
inference_ms,2_7_opt_bag,572,1779955249581559223,57.197517228,22.638
inference_ms,2_7_opt_bag,573,1779955249661886944,57.277844949000006,17.864
inference_ms,2_7_opt_bag,574,1779955249768727573,57.384685578,21.765
inference_ms,2_7_opt_bag,575,1779955249914188920,57.530146925000004,19.154
inference_ms,2_7_opt_bag,576,1779955249960945117,57.576903122000004,19.058
inference_ms,2_7_opt_bag,577,1779955250057520489,57.673478494,18.029
inference_ms,2_7_opt_bag,578,1779955250169550021,57.785508026,19.942
inference_ms,2_7_opt_bag,579,1779955250258252630,57.874210635000004,14.413
inference_ms,2_7_opt_bag,580,1779955250374750526,57.990708531,25.47
inference_ms,2_7_opt_bag,581,1779955250460944440,58.076902445,17.732
inference_ms,2_7_opt_bag,582,1779955250606297363,58.222255368000006,33.933
inference_ms,2_7_opt_bag,583,1779955250671905863,58.287863868,14.512
inference_ms,2_7_opt_bag_2,0,1779961323548222846,0.0,26.229
inference_ms,2_7_opt_bag_2,1,1779961323575491779,0.027268933000000002,23.811
inference_ms,2_7_opt_bag_2,2,1779961323627256825,0.079033979,14.344
inference_ms,2_7_opt_bag_2,3,1779961323752378822,0.20415597600000002,17.17
inference_ms,2_7_opt_bag_2,4,1779961323835215026,0.28699218000000004,14.255
inference_ms,2_7_opt_bag_2,5,1779961323927742451,0.37951960500000004,14.55
inference_ms,2_7_opt_bag_2,6,1779961324023096798,0.47487395200000004,18.722
inference_ms,2_7_opt_bag_2,7,1779961324136334496,0.58811165,14.704
inference_ms,2_7_opt_bag_2,8,1779961324231285180,0.683062334,14.603
inference_ms,2_7_opt_bag_2,9,1779961324362093549,0.8138707030000001,21.277
inference_ms,2_7_opt_bag_2,10,1779961324440742257,0.8925194110000001,15.024
inference_ms,2_7_opt_bag_2,11,1779961324527604948,0.9793821020000001,18.861
inference_ms,2_7_opt_bag_2,12,1779961324647864766,1.09964192,17.726
inference_ms,2_7_opt_bag_2,13,1779961324741373912,1.193151066,15.807
inference_ms,2_7_opt_bag_2,14,1779961324859337917,1.3111150710000001,16.013
inference_ms,2_7_opt_bag_2,15,1779961324944397789,1.3961749430000001,16.674
inference_ms,2_7_opt_bag_2,16,1779961325049266677,1.501043831,21.382
inference_ms,2_7_opt_bag_2,17,1779961325128317968,1.5800951220000001,15.189
inference_ms,2_7_opt_bag_2,18,1779961325235131197,1.686908351,18.47
inference_ms,2_7_opt_bag_2,19,1779961325325586540,1.7773636940000002,14.049
inference_ms,2_7_opt_bag_2,20,1779961325419906916,1.8716840700000001,18.88
inference_ms,2_7_opt_bag_2,21,1779961325535968923,1.9877460770000002,13.713
inference_ms,2_7_opt_bag_2,22,1779961325629565954,2.081343108,12.652
inference_ms,2_7_opt_bag_2,23,1779961325729960717,2.181737871,12.367
inference_ms,2_7_opt_bag_2,24,1779961325829088294,2.280865448,12.461
inference_ms,2_7_opt_bag_2,25,1779961325937240117,2.389017271,18.3
inference_ms,2_7_opt_bag_2,26,1779961326031850396,2.48362755,15.413
inference_ms,2_7_opt_bag_2,27,1779961326143421818,2.5951989720000004,21.718
inference_ms,2_7_opt_bag_2,28,1779961326232637463,2.6844146170000003,17.303
inference_ms,2_7_opt_bag_2,29,1779961326351648862,2.803426016,20.541
inference_ms,2_7_opt_bag_2,30,1779961326427248570,2.8790257240000003,16.969
inference_ms,2_7_opt_bag_2,31,1779961326559549880,3.0113270340000002,18.444
inference_ms,2_7_opt_bag_2,32,1779961326644126900,3.095904054,21.85
inference_ms,2_7_opt_bag_2,33,1779961326754440514,3.2062176680000003,18.518
inference_ms,2_7_opt_bag_2,34,1779961326827388856,3.2791660100000004,20.453
inference_ms,2_7_opt_bag_2,35,1779961326921948126,3.3737252800000004,18.513
inference_ms,2_7_opt_bag_2,36,1779961327047693338,3.4994704920000004,18.745
inference_ms,2_7_opt_bag_2,37,1779961327137181527,3.5889586810000003,17.895
inference_ms,2_7_opt_bag_2,38,1779961327253936139,3.705713293,16.458
inference_ms,2_7_opt_bag_2,39,1779961327346777461,3.798554615,18.117
inference_ms,2_7_opt_bag_2,40,1779961327471863924,3.923641078,21.133
inference_ms,2_7_opt_bag_2,41,1779961327555191536,4.00696869,19.766
inference_ms,2_7_opt_bag_2,42,1779961327647522874,4.099300028,22.506
inference_ms,2_7_opt_bag_2,43,1779961327745585255,4.197362409,19.779
inference_ms,2_7_opt_bag_2,44,1779961327858644564,4.310421718000001,22.833
inference_ms,2_7_opt_bag_2,45,1779961327937304397,4.389081551,17.009
inference_ms,2_7_opt_bag_2,46,1779961328036425676,4.4882028300000005,20.192
inference_ms,2_7_opt_bag_2,47,1779961328126689358,4.578466512,16.23
inference_ms,2_7_opt_bag_2,48,1779961328229594812,4.681371966,16.178
inference_ms,2_7_opt_bag_2,49,1779961328333449638,4.7852267920000005,16.835
inference_ms,2_7_opt_bag_2,50,1779961328439010381,4.890787535,18.664
inference_ms,2_7_opt_bag_2,51,1779961328549343644,5.0011207980000005,18.752
inference_ms,2_7_opt_bag_2,52,1779961328625391396,5.077168550000001,19.593
inference_ms,2_7_opt_bag_2,53,1779961328751025327,5.202802481,18.769
inference_ms,2_7_opt_bag_2,54,1779961328831383321,5.283160475000001,24.046
inference_ms,2_7_opt_bag_2,55,1779961328947908405,5.399685559,18.449
inference_ms,2_7_opt_bag_2,56,1779961329028196347,5.479973501,15.088
inference_ms,2_7_opt_bag_2,57,1779961329127523063,5.579300217,19.341
inference_ms,2_7_opt_bag_2,58,1779961329232141674,5.683918828,23.287
inference_ms,2_7_opt_bag_2,59,1779961329354450576,5.806227730000001,20.448
inference_ms,2_7_opt_bag_2,60,1779961329425427600,5.877204754,18.309
inference_ms,2_7_opt_bag_2,61,1779961329541655297,5.993432451,19.701
inference_ms,2_7_opt_bag_2,62,1779961329625149987,6.0769271410000005,16.472
inference_ms,2_7_opt_bag_2,63,1779961329750198033,6.201975187,17.89
inference_ms,2_7_opt_bag_2,64,1779961329842969971,6.294747125000001,18.006
inference_ms,2_7_opt_bag_2,65,1779961329939625183,6.391402337000001,20.953
inference_ms,2_7_opt_bag_2,66,1779961330054139328,6.505916482000001,17.88
inference_ms,2_7_opt_bag_2,67,1779961330124610597,6.576387751,13.825
inference_ms,2_7_opt_bag_2,68,1779961330245761508,6.697538662,20.365
inference_ms,2_7_opt_bag_2,69,1779961330330539687,6.782316841,19.507
inference_ms,2_7_opt_bag_2,70,1779961330421044676,6.87282183,15.309
inference_ms,2_7_opt_bag_2,71,1779961330526063464,6.977840618,20.327
inference_ms,2_7_opt_bag_2,72,1779961330617778839,7.069555993000001,15.581
inference_ms,2_7_opt_bag_2,73,1779961330739235808,7.191012962,18.682
inference_ms,2_7_opt_bag_2,74,1779961330842045200,7.2938223540000005,15.238
inference_ms,2_7_opt_bag_2,75,1779961330956333756,7.40811091,16.452
inference_ms,2_7_opt_bag_2,76,1779961331035085822,7.486862976,18.813
inference_ms,2_7_opt_bag_2,77,1779961331140444593,7.592221747000001,16.143
inference_ms,2_7_opt_bag_2,78,1779961331222831763,7.6746089170000005,18.219
inference_ms,2_7_opt_bag_2,79,1779961331330978496,7.78275565,18.307
inference_ms,2_7_opt_bag_2,80,1779961331435376252,7.887153406,17.734
inference_ms,2_7_opt_bag_2,81,1779961331529646393,7.981423547,20.054
inference_ms,2_7_opt_bag_2,82,1779961331638173061,8.089950215,20.098
inference_ms,2_7_opt_bag_2,83,1779961331748622887,8.200400041,19.164
inference_ms,2_7_opt_bag_2,84,1779961331838594164,8.290371318,18.104
inference_ms,2_7_opt_bag_2,85,1779961331929518297,8.381295451,20.541
inference_ms,2_7_opt_bag_2,86,1779961332024079824,8.475856978000001,18.382
inference_ms,2_7_opt_bag_2,87,1779961332134899459,8.586676613,13.723
inference_ms,2_7_opt_bag_2,88,1779961332263954340,8.715731494,19.427
inference_ms,2_7_opt_bag_2,89,1779961332340118471,8.791895625,16.482
inference_ms,2_7_opt_bag_2,90,1779961332440757727,8.892534881000001,19.368
inference_ms,2_7_opt_bag_2,91,1779961332523682148,8.975459302,16.57
inference_ms,2_7_opt_bag_2,92,1779961332622503786,9.074280940000001,19.564
inference_ms,2_7_opt_bag_2,93,1779961332732012325,9.183789479000001,18.315
inference_ms,2_7_opt_bag_2,94,1779961332824119199,9.275896353,13.029
inference_ms,2_7_opt_bag_2,95,1779961332939544658,9.391321812000001,19.846
inference_ms,2_7_opt_bag_2,96,1779961333044276400,9.496053554000001,21.066
inference_ms,2_7_opt_bag_2,97,1779961333151710312,9.603487466,16.774
inference_ms,2_7_opt_bag_2,98,1779961333235935601,9.687712755,16.436
inference_ms,2_7_opt_bag_2,99,1779961333335622189,9.787399343,17.416
inference_ms,2_7_opt_bag_2,100,1779961333436622670,9.888399824,16.769
inference_ms,2_7_opt_bag_2,101,1779961333527925740,9.979702894,16.046
inference_ms,2_7_opt_bag_2,102,1779961333639838834,10.091615988000001,19.89
inference_ms,2_7_opt_bag_2,103,1779961333730000611,10.181777765000001,18.347
inference_ms,2_7_opt_bag_2,104,1779961333842336680,10.294113834000001,16.98
inference_ms,2_7_opt_bag_2,105,1779961333964340326,10.41611748,16.447
inference_ms,2_7_opt_bag_2,106,1779961334090091953,10.541869107,34.135
inference_ms,2_7_opt_bag_2,107,1779961334150556194,10.602333348,24.262
inference_ms,2_7_opt_bag_2,108,1779961334229706973,10.681484127000001,14.542
inference_ms,2_7_opt_bag_2,109,1779961334331218149,10.782995303,18.198
inference_ms,2_7_opt_bag_2,110,1779961334450333882,10.902111036,15.254
inference_ms,2_7_opt_bag_2,111,1779961334538725324,10.990502478,16.403
inference_ms,2_7_opt_bag_2,112,1779961334640000919,11.091778073,20.473
inference_ms,2_7_opt_bag_2,113,1779961334728178793,11.179955947,16.652
inference_ms,2_7_opt_bag_2,114,1779961334823948841,11.275725995,18.15
inference_ms,2_7_opt_bag_2,115,1779961334939117717,11.390894871,17.022
inference_ms,2_7_opt_bag_2,116,1779961335036611596,11.48838875,14.41
inference_ms,2_7_opt_bag_2,117,1779961335146502046,11.5982792,16.649
inference_ms,2_7_opt_bag_2,118,1779961335224291032,11.676068186,17.675
inference_ms,2_7_opt_bag_2,119,1779961335350168251,11.801945405000001,13.833
inference_ms,2_7_opt_bag_2,120,1779961335449734741,11.901511895,19.325
inference_ms,2_7_opt_bag_2,121,1779961335545305559,11.997082713000001,18.509
inference_ms,2_7_opt_bag_2,122,1779961335635351264,12.087128418,14.098
inference_ms,2_7_opt_bag_2,123,1779961335738564410,12.190341564,19.077
inference_ms,2_7_opt_bag_2,124,1779961335828498223,12.280275377,18.758
inference_ms,2_7_opt_bag_2,125,1779961335931086701,12.382863855,17.166
inference_ms,2_7_opt_bag_2,126,1779961336022854461,12.474631615000002,17.772
inference_ms,2_7_opt_bag_2,127,1779961336135618836,12.587395990000001,18.596
inference_ms,2_7_opt_bag_2,128,1779961336230203585,12.681980739,17.565
inference_ms,2_7_opt_bag_2,129,1779961336340197417,12.791974571,17.722
inference_ms,2_7_opt_bag_2,130,1779961336443905810,12.895682964,16.569
inference_ms,2_7_opt_bag_2,131,1779961336555299838,13.007076992,18.91
inference_ms,2_7_opt_bag_2,132,1779961336635533149,13.087310303,19.258
inference_ms,2_7_opt_bag_2,133,1779961336729922704,13.181699858,12.67
inference_ms,2_7_opt_bag_2,134,1779961336818444767,13.270221921000001,13.957
inference_ms,2_7_opt_bag_2,135,1779961336958854717,13.410631871000001,16.785
inference_ms,2_7_opt_bag_2,136,1779961337053300786,13.505077940000001,16.459
inference_ms,2_7_opt_bag_2,137,1779961337127231292,13.579008446000001,18.837
inference_ms,2_7_opt_bag_2,138,1779961337245709107,13.697486261000002,20.487
inference_ms,2_7_opt_bag_2,139,1779961337335017408,13.786794562,16.36
inference_ms,2_7_opt_bag_2,140,1779961337442267885,13.894045039000002,20.082
inference_ms,2_7_opt_bag_2,141,1779961337546366726,13.99814388,19.893
inference_ms,2_7_opt_bag_2,142,1779961337637877071,14.089654225,16.756
inference_ms,2_7_opt_bag_2,143,1779961337738183485,14.189960639,20.938
inference_ms,2_7_opt_bag_2,144,1779961337848119183,14.299896337000002,17.453
inference_ms,2_7_opt_bag_2,145,1779961337928227611,14.380004765,17.648
inference_ms,2_7_opt_bag_2,146,1779961338032929959,14.484707113,17.028
inference_ms,2_7_opt_bag_2,147,1779961338128778120,14.580555274000002,13.644
inference_ms,2_7_opt_bag_2,148,1779961338261213695,14.712990849,22.068
inference_ms,2_7_opt_bag_2,149,1779961338325603223,14.777380377,14.015
inference_ms,2_7_opt_bag_2,150,1779961338439162238,14.890939392000002,18.492
inference_ms,2_7_opt_bag_2,151,1779961338531553255,14.983330409,14.083
inference_ms,2_7_opt_bag_2,152,1779961338647337458,15.099114612000001,18.082
inference_ms,2_7_opt_bag_2,153,1779961338746656330,15.198433484,19.757
inference_ms,2_7_opt_bag_2,154,1779961338830176337,15.281953491000001,20.921
inference_ms,2_7_opt_bag_2,155,1779961338938497738,15.390274892,17.089
inference_ms,2_7_opt_bag_2,156,1779961339026624926,15.47840208,18.527
inference_ms,2_7_opt_bag_2,157,1779961339139839116,15.591616270000001,19.831
inference_ms,2_7_opt_bag_2,158,1779961339223939714,15.675716868,13.825
inference_ms,2_7_opt_bag_2,159,1779961339324081340,15.775858494000001,20.948
inference_ms,2_7_opt_bag_2,160,1779961339419320570,15.871097724,16.953
inference_ms,2_7_opt_bag_2,161,1779961339548459270,16.000236424,30.424
inference_ms,2_7_opt_bag_2,162,1779961339643768846,16.095546000000002,17.653
inference_ms,2_7_opt_bag_2,163,1779961339732152264,16.183929418,12.654
inference_ms,2_7_opt_bag_2,164,1779961339856452429,16.308229583,17.34
inference_ms,2_7_opt_bag_2,165,1779961339966054230,16.417831384,17.235
inference_ms,2_7_opt_bag_2,166,1779961340036568869,16.488346023000002,21.109
inference_ms,2_7_opt_bag_2,167,1779961340155831925,16.607609079,22.545
inference_ms,2_7_opt_bag_2,168,1779961340225971502,16.677748656000002,12.208
inference_ms,2_7_opt_bag_2,169,1779961340319581330,16.771358484,15.936
inference_ms,2_7_opt_bag_2,170,1779961340431774764,16.883551918000002,22.841
inference_ms,2_7_opt_bag_2,171,1779961340527727513,16.979504667,14.272
inference_ms,2_7_opt_bag_2,172,1779961340626893262,17.078670416,13.925
inference_ms,2_7_opt_bag_2,173,1779961340735168971,17.186946125000002,14.915
inference_ms,2_7_opt_bag_2,174,1779961340856978439,17.308755593,18.86
inference_ms,2_7_opt_bag_2,175,1779961340972638500,17.424415654,24.842
inference_ms,2_7_opt_bag_2,176,1779961341027905725,17.479682879000002,15.072
inference_ms,2_7_opt_bag_2,177,1779961341124955640,17.576732794,14.626
inference_ms,2_7_opt_bag_2,178,1779961341266127152,17.717904306,19.271
inference_ms,2_7_opt_bag_2,179,1779961341344226774,17.796003928,18.288
inference_ms,2_7_opt_bag_2,180,1779961341437111484,17.888888638,20.298
inference_ms,2_7_opt_bag_2,181,1779961341537668512,17.989445666,18.827
inference_ms,2_7_opt_bag_2,182,1779961341629844181,18.081621335,14.907
inference_ms,2_7_opt_bag_2,183,1779961341750647431,18.202424585000003,19.808
inference_ms,2_7_opt_bag_2,184,1779961341831244922,18.283022076,23.291
inference_ms,2_7_opt_bag_2,185,1779961341957256879,18.409034033,18.322
inference_ms,2_7_opt_bag_2,186,1779961342045965271,18.497742425000002,21.789
inference_ms,2_7_opt_bag_2,187,1779961342153267996,18.605045150000002,16.764
inference_ms,2_7_opt_bag_2,188,1779961342272078800,18.723855954,18.927
inference_ms,2_7_opt_bag_2,189,1779961342331081578,18.782858732,14.458
inference_ms,2_7_opt_bag_2,190,1779961342424865009,18.876642163,16.291
inference_ms,2_7_opt_bag_2,191,1779961342526644599,18.978421753000003,16.489
inference_ms,2_7_opt_bag_2,192,1779961342632903156,19.08468031,12.224
inference_ms,2_7_opt_bag_2,193,1779961342771039641,19.222816795,20.151
inference_ms,2_7_opt_bag_2,194,1779961342825307535,19.277084689000002,15.275
inference_ms,2_7_opt_bag_2,195,1779961342918491835,19.370268989,12.006
inference_ms,2_7_opt_bag_2,196,1779961343030424644,19.482201798000002,13.262
inference_ms,2_7_opt_bag_2,197,1779961343136099238,19.587876392000002,19.925
inference_ms,2_7_opt_bag_2,198,1779961343232008059,19.683785213,12.01
inference_ms,2_7_opt_bag_2,199,1779961343322114152,19.773891306000003,16.851
inference_ms,2_7_opt_bag_2,200,1779961343453488817,19.905265971000002,14.762
inference_ms,2_7_opt_bag_2,201,1779961343567419269,20.019196423,16.818
inference_ms,2_7_opt_bag_2,202,1779961343650622639,20.102399793,23.815
inference_ms,2_7_opt_bag_2,203,1779961343732144840,20.183921994000002,18.094
inference_ms,2_7_opt_bag_2,204,1779961343837513450,20.289290604,19.792
inference_ms,2_7_opt_bag_2,205,1779961343925797210,20.377574364,21.811
inference_ms,2_7_opt_bag_2,206,1779961344036547987,20.488325141,16.0
inference_ms,2_7_opt_bag_2,207,1779961344126385434,20.578162588,17.312
inference_ms,2_7_opt_bag_2,208,1779961344236233081,20.688010235,17.074
inference_ms,2_7_opt_bag_2,209,1779961344338518523,20.790295677,18.603
inference_ms,2_7_opt_bag_2,210,1779961344430977046,20.8827542,19.522
inference_ms,2_7_opt_bag_2,211,1779961344524366861,20.976144015000003,16.818
inference_ms,2_7_opt_bag_2,212,1779961344636377357,21.088154511000003,19.609
inference_ms,2_7_opt_bag_2,213,1779961344759433243,21.211210397000002,20.286
inference_ms,2_7_opt_bag_2,214,1779961344856324772,21.308101926000003,16.025
inference_ms,2_7_opt_bag_2,215,1779961344932489487,21.384266641,16.199
inference_ms,2_7_opt_bag_2,216,1779961345043608817,21.495385971,19.694
inference_ms,2_7_opt_bag_2,217,1779961345139660474,21.591437628,21.704
inference_ms,2_7_opt_bag_2,218,1779961345247302082,21.699079236000003,21.734
inference_ms,2_7_opt_bag_2,219,1779961345341271431,21.793048585,19.609
inference_ms,2_7_opt_bag_2,220,1779961345428932335,21.880709489,18.404
inference_ms,2_7_opt_bag_2,221,1779961345529820673,21.981597827,21.049
inference_ms,2_7_opt_bag_2,222,1779961345646097707,22.097874861,21.461
inference_ms,2_7_opt_bag_2,223,1779961345753463104,22.205240258,20.485
inference_ms,2_7_opt_bag_2,224,1779961345825402528,22.277179682,18.804
inference_ms,2_7_opt_bag_2,225,1779961345965078798,22.416855952000002,23.274
inference_ms,2_7_opt_bag_2,226,1779961346058789916,22.51056707,21.279
inference_ms,2_7_opt_bag_2,227,1779961346139777140,22.591554294,23.311
inference_ms,2_7_opt_bag_2,228,1779961346260287999,22.712065153,26.139
inference_ms,2_7_opt_bag_2,229,1779961346330620831,22.782397985000003,18.653
inference_ms,2_7_opt_bag_2,230,1779961346461226674,22.913003828,23.947
inference_ms,2_7_opt_bag_2,231,1779961346538104519,22.989881673000003,19.577
inference_ms,2_7_opt_bag_2,232,1779961346651536020,23.103313174,19.136
inference_ms,2_7_opt_bag_2,233,1779961346735089026,23.186866180000003,19.47
inference_ms,2_7_opt_bag_2,234,1779961346832269300,23.284046454000002,17.761
inference_ms,2_7_opt_bag_2,235,1779961346951120011,23.402897165000002,21.888
inference_ms,2_7_opt_bag_2,236,1779961347044940675,23.496717829,17.106
inference_ms,2_7_opt_bag_2,237,1779961347136840413,23.588617567,17.635
inference_ms,2_7_opt_bag_2,238,1779961347248368545,23.700145699,22.335
inference_ms,2_7_opt_bag_2,239,1779961347353471386,23.80524854,21.677
inference_ms,2_7_opt_bag_2,240,1779961347425063895,23.876841049000003,15.698
inference_ms,2_7_opt_bag_2,241,1779961347524861410,23.976638564,16.438
inference_ms,2_7_opt_bag_2,242,1779961347641166610,24.092943764,18.04
inference_ms,2_7_opt_bag_2,243,1779961347748270743,24.200047897,23.153
inference_ms,2_7_opt_bag_2,244,1779961347832430079,24.284207233,19.885
inference_ms,2_7_opt_bag_2,245,1779961347928533304,24.380310458,17.561
inference_ms,2_7_opt_bag_2,246,1779961348034072634,24.485849788000003,16.667
inference_ms,2_7_opt_bag_2,247,1779961348166111939,24.617889093000002,16.389
inference_ms,2_7_opt_bag_2,248,1779961348258911880,24.710689034,21.457
inference_ms,2_7_opt_bag_2,249,1779961348352165280,24.803942434000003,19.739
inference_ms,2_7_opt_bag_2,250,1779961348452017541,24.903794695000002,15.643
inference_ms,2_7_opt_bag_2,251,1779961348544312336,24.996089490000003,20.122
inference_ms,2_7_opt_bag_2,252,1779961348625464549,25.077241703000002,13.937
inference_ms,2_7_opt_bag_2,253,1779961348760004101,25.211781255000002,16.05
inference_ms,2_7_opt_bag_2,254,1779961348826945950,25.278723104,15.281
inference_ms,2_7_opt_bag_2,255,1779961348920898677,25.372675831000002,17.489
inference_ms,2_7_opt_bag_2,256,1779961349060785722,25.512562876,20.891
inference_ms,2_7_opt_bag_2,257,1779961349130782822,25.582559976000002,17.011
inference_ms,2_7_opt_bag_2,258,1779961349230352027,25.682129181,19.335
inference_ms,2_7_opt_bag_2,259,1779961349325732687,25.777509841,16.73
inference_ms,2_7_opt_bag_2,260,1779961349461082987,25.912860141000003,18.69
inference_ms,2_7_opt_bag_2,261,1779961349557644031,26.009421185,17.315
inference_ms,2_7_opt_bag_2,262,1779961349631118641,26.082895795000002,14.88
inference_ms,2_7_opt_bag_2,263,1779961349738927969,26.190705123,19.099
inference_ms,2_7_opt_bag_2,264,1779961349836629664,26.288406818000002,19.459
inference_ms,2_7_opt_bag_2,265,1779961349924585030,26.376362184,17.452
inference_ms,2_7_opt_bag_2,266,1779961350047104944,26.498882098000003,19.12
inference_ms,2_7_opt_bag_2,267,1779961350127653892,26.579431046000003,20.321
inference_ms,2_7_opt_bag_2,268,1779961350239118995,26.690896149,21.388
inference_ms,2_7_opt_bag_2,269,1779961350326030185,26.777807339000002,17.334
inference_ms,2_7_opt_bag_2,270,1779961350433025166,26.884802320000002,18.914
inference_ms,2_7_opt_bag_2,271,1779961350543005382,26.994782536000002,19.286
inference_ms,2_7_opt_bag_2,272,1779961350626749798,27.078526952,15.493
inference_ms,2_7_opt_bag_2,273,1779961350741539349,27.193316503000002,17.051
inference_ms,2_7_opt_bag_2,274,1779961350819527397,27.271304551,16.889
inference_ms,2_7_opt_bag_2,275,1779961350942830552,27.394607706000002,18.369
inference_ms,2_7_opt_bag_2,276,1779961351026891974,27.478669128,18.247
inference_ms,2_7_opt_bag_2,277,1779961351134852574,27.586629728000002,14.747
inference_ms,2_7_opt_bag_2,278,1779961351240082263,27.691859417000003,16.238
inference_ms,2_7_opt_bag_2,279,1779961351347704899,27.799482053000002,17.924
inference_ms,2_7_opt_bag_2,280,1779961351436676633,27.888453787000003,17.322
inference_ms,2_7_opt_bag_2,281,1779961351529896109,27.981673263,21.07
inference_ms,2_7_opt_bag_2,282,1779961351632603008,28.084380162000002,14.058
inference_ms,2_7_opt_bag_2,283,1779961351739793747,28.191570901000002,20.994
inference_ms,2_7_opt_bag_2,284,1779961351822936289,28.274713443000003,17.086
inference_ms,2_7_opt_bag_2,285,1779961351936152824,28.387929978000003,20.044
inference_ms,2_7_opt_bag_2,286,1779961352046429201,28.498206355,19.155
inference_ms,2_7_opt_bag_2,287,1779961352160477356,28.612254510000003,21.213
inference_ms,2_7_opt_bag_2,288,1779961352237169728,28.688946882000003,15.082
inference_ms,2_7_opt_bag_2,289,1779961352360920511,28.812697665,23.376
inference_ms,2_7_opt_bag_2,290,1779961352450774059,28.902551213000002,19.197
inference_ms,2_7_opt_bag_2,291,1779961352562811509,29.014588663,26.033
inference_ms,2_7_opt_bag_2,292,1779961352666267230,29.118044384,19.232
inference_ms,2_7_opt_bag_2,293,1779961352752874040,29.204651194,20.016
inference_ms,2_7_opt_bag_2,294,1779961352832365007,29.284142161000002,16.15
inference_ms,2_7_opt_bag_2,295,1779961352973932674,29.425709828000002,19.229
inference_ms,2_7_opt_bag_2,296,1779961353070882422,29.522659576000002,17.911
inference_ms,2_7_opt_bag_2,297,1779961353151494891,29.603272045,19.675
inference_ms,2_7_opt_bag_2,298,1779961353246297839,29.698074993000002,18.698
inference_ms,2_7_opt_bag_2,299,1779961353331855685,29.783632839000003,19.227
inference_ms,2_7_opt_bag_2,300,1779961353450549588,29.902326742000003,16.777
inference_ms,2_7_opt_bag_2,301,1779961353565962482,30.017739636,17.352
inference_ms,2_7_opt_bag_2,302,1779961353638939902,30.090717056000003,15.798
inference_ms,2_7_opt_bag_2,303,1779961353763973113,30.215750267,21.249
inference_ms,2_7_opt_bag_2,304,1779961353825813532,30.277590686000003,18.658
inference_ms,2_7_opt_bag_2,305,1779961353938355775,30.390132929000004,17.74
inference_ms,2_7_opt_bag_2,306,1779961354036072181,30.487849335000003,15.39
inference_ms,2_7_opt_bag_2,307,1779961354150149320,30.601926474000003,21.027
inference_ms,2_7_opt_bag_2,308,1779961354247945951,30.699723105,17.958
inference_ms,2_7_opt_bag_2,309,1779961354324619532,30.776396686000002,19.047
inference_ms,2_7_opt_bag_2,310,1779961354445478780,30.897255934,20.586
inference_ms,2_7_opt_bag_2,311,1779961354557282346,31.009059500000003,15.376
inference_ms,2_7_opt_bag_2,312,1779961354647231215,31.099008369000003,18.645
inference_ms,2_7_opt_bag_2,313,1779961354736586492,31.188363646000003,28.155
inference_ms,2_7_opt_bag_2,314,1779961354831563980,31.283341134,14.054
inference_ms,2_7_opt_bag_2,315,1779961354939095937,31.390873091000003,17.375
inference_ms,2_7_opt_bag_2,316,1779961355023304233,31.475081387000003,16.072
inference_ms,2_7_opt_bag_2,317,1779961355149548262,31.601325416,21.487
inference_ms,2_7_opt_bag_2,318,1779961355225904174,31.677681328000002,15.257
inference_ms,2_7_opt_bag_2,319,1779961355331136757,31.782913911,14.775
inference_ms,2_7_opt_bag_2,320,1779961355433867245,31.885644399,15.193
inference_ms,2_7_opt_bag_2,321,1779961355546958562,31.998735716000002,20.005
inference_ms,2_7_opt_bag_2,322,1779961355624121468,32.075898622000004,18.845
inference_ms,2_7_opt_bag_2,323,1779961355725820672,32.177597826,20.246
inference_ms,2_7_opt_bag_2,324,1779961355835104066,32.286881220000005,15.857
inference_ms,2_7_opt_bag_2,325,1779961355927536486,32.37931364,15.066
inference_ms,2_7_opt_bag_2,326,1779961356078450465,32.530227619,20.513
inference_ms,2_7_opt_bag_2,327,1779961356126890087,32.578667241000005,19.237
inference_ms,2_7_opt_bag_2,328,1779961356256650868,32.708428022,19.076
inference_ms,2_7_opt_bag_2,329,1779961356332452104,32.784229258,18.085
inference_ms,2_7_opt_bag_2,330,1779961356426408111,32.878185265,17.611
inference_ms,2_7_opt_bag_2,331,1779961356528424167,32.980201321,23.532
inference_ms,2_7_opt_bag_2,332,1779961356632397369,33.084174523,14.749
inference_ms,2_7_opt_bag_2,333,1779961356745162185,33.196939339000004,16.141
inference_ms,2_7_opt_bag_2,334,1779961356845109385,33.296886539,21.503
inference_ms,2_7_opt_bag_2,335,1779961356922501237,33.374278391000004,16.107
inference_ms,2_7_opt_bag_2,336,1779961357036792733,33.488569887000004,15.871
inference_ms,2_7_opt_bag_2,337,1779961357145380984,33.597158138000005,16.723
inference_ms,2_7_opt_bag_2,338,1779961357232300030,33.684077184,13.019
inference_ms,2_7_opt_bag_2,339,1779961357342196871,33.793974025000004,18.461
inference_ms,2_7_opt_bag_2,340,1779961357419609320,33.871386474000005,13.304
inference_ms,2_7_opt_bag_2,341,1779961357553309635,34.005086789,20.206
inference_ms,2_7_opt_bag_2,342,1779961357655648027,34.107425181,19.526
inference_ms,2_7_opt_bag_2,343,1779961357746116842,34.197893996000005,17.164
inference_ms,2_7_opt_bag_2,344,1779961357865342424,34.317119578,18.442
inference_ms,2_7_opt_bag_2,345,1779961357960590962,34.412368116,17.939
inference_ms,2_7_opt_bag_2,346,1779961358039369347,34.491146501,20.306
inference_ms,2_7_opt_bag_2,347,1779961358149680639,34.601457793,17.141
inference_ms,2_7_opt_bag_2,348,1779961358227056329,34.678833483000005,18.548
inference_ms,2_7_opt_bag_2,349,1779961358334864659,34.786641813,15.179
inference_ms,2_7_opt_bag_2,350,1779961358424493431,34.876270585,15.734
inference_ms,2_7_opt_bag_2,351,1779961358527675224,34.979452378000005,14.149
inference_ms,2_7_opt_bag_2,352,1779961358640151636,35.091928790000004,16.148
inference_ms,2_7_opt_bag_2,353,1779961358754495306,35.20627246,21.171
inference_ms,2_7_opt_bag_2,354,1779961358837589489,35.289366643,18.212
inference_ms,2_7_opt_bag_2,355,1779961358934816005,35.386593159,24.043
inference_ms,2_7_opt_bag_2,356,1779961359023940899,35.475718053,16.301
inference_ms,2_7_opt_bag_2,357,1779961359126413176,35.578190330000005,19.667
inference_ms,2_7_opt_bag_2,358,1779961359229085429,35.680862583,18.922
inference_ms,2_7_opt_bag_2,359,1779961359327573839,35.779350993,17.434
inference_ms,2_7_opt_bag_2,360,1779961359430052699,35.881829853,20.063
inference_ms,2_7_opt_bag_2,361,1779961359523578683,35.975355837,17.286
inference_ms,2_7_opt_bag_2,362,1779961359655168462,36.106945616000004,19.211
inference_ms,2_7_opt_bag_2,363,1779961359724158732,36.175935886000005,17.29
inference_ms,2_7_opt_bag_2,364,1779961359823250771,36.275027925,15.094
inference_ms,2_7_opt_bag_2,365,1779961359950831111,36.402608265000005,21.157
inference_ms,2_7_opt_bag_2,366,1779961360057795832,36.509572986,16.823
inference_ms,2_7_opt_bag_2,367,1779961360144713205,36.596490359,22.068
inference_ms,2_7_opt_bag_2,368,1779961360273372260,36.725149414,16.312
inference_ms,2_7_opt_bag_2,369,1779961360337325389,36.789102543000006,20.207
inference_ms,2_7_opt_bag_2,370,1779961360429897886,36.881675040000005,14.381
inference_ms,2_7_opt_bag_2,371,1779961360555825578,37.007602732,19.335
inference_ms,2_7_opt_bag_2,372,1779961360638589916,37.09036707,16.786
inference_ms,2_7_opt_bag_2,373,1779961360755679733,37.207456887,18.898
inference_ms,2_7_opt_bag_2,374,1779961360849497675,37.301274829,18.039
inference_ms,2_7_opt_bag_2,375,1779961360928595005,37.380372159000004,21.219
inference_ms,2_7_opt_bag_2,376,1779961361039031403,37.490808557,15.841
inference_ms,2_7_opt_bag_2,377,1779961361143241255,37.595018409000005,21.197
inference_ms,2_7_opt_bag_2,378,1779961361245670489,37.697447643000004,18.271
inference_ms,2_7_opt_bag_2,379,1779961361344347206,37.79612436,19.113
inference_ms,2_7_opt_bag_2,380,1779961361432315207,37.884092361,18.327
inference_ms,2_7_opt_bag_2,381,1779961361531342604,37.983119758,16.982
inference_ms,2_7_opt_bag_2,382,1779961361634574021,38.086351175000004,15.762
inference_ms,2_7_opt_bag_2,383,1779961361755760442,38.207537596,15.897
inference_ms,2_7_opt_bag_2,384,1779961361840242427,38.292019581000005,18.001
inference_ms,2_7_opt_bag_2,385,1779961361964968204,38.416745358,21.068
inference_ms,2_7_opt_bag_2,386,1779961362044987926,38.49676508,16.548
inference_ms,2_7_opt_bag_2,387,1779961362148707569,38.600484723,15.889
inference_ms,2_7_opt_bag_2,388,1779961362256801846,38.708579,20.704
inference_ms,2_7_opt_bag_2,389,1779961362330232029,38.782009183,22.411
inference_ms,2_7_opt_bag_2,390,1779961362422310586,38.87408774,16.651
inference_ms,2_7_opt_bag_2,391,1779961362530412247,38.982189401,17.149
inference_ms,2_7_opt_bag_2,392,1779961362625821399,39.077598553,15.169
inference_ms,2_7_opt_bag_2,393,1779961362769610386,39.22138754,19.92
inference_ms,2_7_opt_bag_2,394,1779961362836963982,39.288741136000006,17.572
inference_ms,2_7_opt_bag_2,395,1779961362920351324,39.372128478,17.861
inference_ms,2_7_opt_bag_2,396,1779961363031732978,39.483510132,18.384
inference_ms,2_7_opt_bag_2,397,1779961363152643559,39.604420713,18.197
inference_ms,2_7_opt_bag_2,398,1779961363227350680,39.679127834,13.258
inference_ms,2_7_opt_bag_2,399,1779961363352762080,39.804539234,14.677
inference_ms,2_7_opt_bag_2,400,1779961363431064622,39.882841776,14.635
inference_ms,2_7_opt_bag_2,401,1779961363514584263,39.966361417,14.744
inference_ms,2_7_opt_bag_2,402,1779961363621294747,40.073071901000006,17.068
inference_ms,2_7_opt_bag_2,403,1779961363729861396,40.18163855,13.521
inference_ms,2_7_opt_bag_2,404,1779961363857258948,40.309036102,18.078
inference_ms,2_7_opt_bag_2,405,1779961363923819094,40.375596248,17.529
inference_ms,2_7_opt_bag_2,406,1779961364026411056,40.47818821,17.689
inference_ms,2_7_opt_bag_2,407,1779961364133948663,40.585725817000004,17.78
inference_ms,2_7_opt_bag_2,408,1779961364232222161,40.683999315,15.415
inference_ms,2_7_opt_bag_2,409,1779961364321728035,40.773505189000005,17.006
inference_ms,2_7_opt_bag_2,410,1779961364448618711,40.900395865,18.091
inference_ms,2_7_opt_bag_2,411,1779961364555996086,41.007773240000006,23.645
inference_ms,2_7_opt_bag_2,412,1779961364662125360,41.113902514,17.71
inference_ms,2_7_opt_bag_2,413,1779961364763934544,41.215711698,23.307
inference_ms,2_7_opt_bag_2,414,1779961364844192628,41.295969782,19.246
inference_ms,2_7_opt_bag_2,415,1779961364965443254,41.417220408000006,24.748
inference_ms,2_7_opt_bag_2,416,1779961365062566703,41.514343857,28.379
inference_ms,2_7_opt_bag_2,417,1779961365143979569,41.595756723,27.152
inference_ms,2_7_opt_bag_2,418,1779961365231736400,41.683513554,24.253
inference_ms,2_7_opt_bag_2,419,1779961365333042789,41.784819943,19.842
inference_ms,2_7_opt_bag_2,420,1779961365446866420,41.898643574000005,21.302
inference_ms,2_7_opt_bag_2,421,1779961365531883817,41.983660971000006,18.368
inference_ms,2_7_opt_bag_2,422,1779961365624397846,42.076175,16.634
inference_ms,2_7_opt_bag_2,423,1779961365719677611,42.171454765,18.354
inference_ms,2_7_opt_bag_2,424,1779961365875564588,42.327341742,23.7
inference_ms,2_7_opt_bag_2,425,1779961365957985169,42.409762323,21.41
inference_ms,2_7_opt_bag_2,426,1779961366039470917,42.491248071,16.147
inference_ms,2_7_opt_bag_2,427,1779961366146773465,42.598550619,23.055
inference_ms,2_7_opt_bag_2,428,1779961366227180458,42.678957612000005,16.979
inference_ms,2_7_opt_bag_2,429,1779961366345699608,42.797476762,19.303
inference_ms,2_7_opt_bag_2,430,1779961366462000556,42.913777710000005,19.287
inference_ms,2_7_opt_bag_2,431,1779961366522636371,42.974413525,15.261
inference_ms,2_7_opt_bag_2,432,1779961366637955332,43.089732486,17.181
inference_ms,2_7_opt_bag_2,433,1779961366738419754,43.190196908000004,20.261
inference_ms,2_7_opt_bag_2,434,1779961366850956323,43.302733477000004,21.249
inference_ms,2_7_opt_bag_2,435,1779961366923993744,43.375770898000006,15.439
inference_ms,2_7_opt_bag_2,436,1779961367028663270,43.480440424,19.739
inference_ms,2_7_opt_bag_2,437,1779961367127951420,43.579728574,15.473
inference_ms,2_7_opt_bag_2,438,1779961367245601467,43.697378621000006,19.669
inference_ms,2_7_opt_bag_2,439,1779961367375527852,43.827305006,32.215
inference_ms,2_7_opt_bag_2,440,1779961367448354239,43.900131393,20.013
inference_ms,2_7_opt_bag_2,441,1779961367531863722,43.983640876,20.17
inference_ms,2_7_opt_bag_2,442,1779961367637584036,44.089361190000005,20.281
inference_ms,2_7_opt_bag_2,443,1779961367728570832,44.180347986,18.402
inference_ms,2_7_opt_bag_2,444,1779961367844719740,44.296496894,20.033
inference_ms,2_7_opt_bag_2,445,1779961367946171125,44.397948279000005,18.776
inference_ms,2_7_opt_bag_2,446,1779961368040667675,44.492444829,23.193
inference_ms,2_7_opt_bag_2,447,1779961368146478278,44.598255432,22.882
inference_ms,2_7_opt_bag_2,448,1779961368228522858,44.680300012000004,17.75
inference_ms,2_7_opt_bag_2,449,1779961368325721686,44.77749884,18.643
inference_ms,2_7_opt_bag_2,450,1779961368423595028,44.875372182,16.896
inference_ms,2_7_opt_bag_2,451,1779961368563491838,45.015268992,19.064
inference_ms,2_7_opt_bag_2,452,1779961368630874889,45.082652043,19.171
inference_ms,2_7_opt_bag_2,453,1779961368758277283,45.210054437000004,21.548
inference_ms,2_7_opt_bag_2,454,1779961368824510593,45.276287747000005,16.753
inference_ms,2_7_opt_bag_2,455,1779961368934926066,45.38670322,15.483
inference_ms,2_7_opt_bag_2,456,1779961369040485922,45.492263076,20.876
inference_ms,2_7_opt_bag_2,457,1779961369129563441,45.581340595,16.16
inference_ms,2_7_opt_bag_2,458,1779961369224652748,45.676429902,15.081
inference_ms,2_7_opt_bag_2,459,1779961369322200181,45.773977335000005,16.155
inference_ms,2_7_opt_bag_2,460,1779961369455276827,45.907053981000004,20.439
inference_ms,2_7_opt_bag_2,461,1779961369554102650,46.005879804,20.05
inference_ms,2_7_opt_bag_2,462,1779961369645305516,46.097082670000006,15.105
inference_ms,2_7_opt_bag_2,463,1779961369747124359,46.198901513,21.657
inference_ms,2_7_opt_bag_2,464,1779961369835457180,46.287234334000004,21.201
inference_ms,2_7_opt_bag_2,465,1779961369926385822,46.378162976000006,20.869
inference_ms,2_7_opt_bag_2,466,1779961370040160678,46.491937832000005,17.292
inference_ms,2_7_opt_bag_2,467,1779961370135300324,46.587077478000005,16.611
inference_ms,2_7_opt_bag_2,468,1779961370246743863,46.698521017000004,16.768
inference_ms,2_7_opt_bag_2,469,1779961370328436866,46.78021402,22.328
inference_ms,2_7_opt_bag_2,470,1779961370420707838,46.872484992000004,16.162
inference_ms,2_7_opt_bag_2,471,1779961370523288699,46.975065853000004,20.261
inference_ms,2_7_opt_bag_2,472,1779961370647063668,47.098840822,21.661
inference_ms,2_7_opt_bag_2,473,1779961370750550627,47.202327781,21.696
inference_ms,2_7_opt_bag_2,474,1779961370873176860,47.32495401400001,24.169
inference_ms,2_7_opt_bag_2,475,1779961370945770678,47.397547832,21.601
inference_ms,2_7_opt_bag_2,476,1779961371036582176,47.48835933,18.717
inference_ms,2_7_opt_bag_2,477,1779961371137316975,47.589094129,20.706
inference_ms,2_7_opt_bag_2,478,1779961371226413219,47.678190373,13.945
inference_ms,2_7_opt_bag_2,479,1779961371350214114,47.801991268,22.476
inference_ms,2_7_opt_bag_2,480,1779961371428787163,47.880564317,15.293
inference_ms,2_7_opt_bag_2,481,1779961371562382208,48.014159362,19.133
inference_ms,2_7_opt_bag_2,482,1779961371642356791,48.094133945,22.995
inference_ms,2_7_opt_bag_2,483,1779961371755573467,48.207350621,23.886
inference_ms,2_7_opt_bag_2,484,1779961371822570455,48.274347609,14.723
inference_ms,2_7_opt_bag_2,485,1779961371927212985,48.378990139,15.861
inference_ms,2_7_opt_bag_2,486,1779961372053503111,48.505280265,18.706
inference_ms,2_7_opt_bag_2,487,1779961372134175082,48.585952236000004,15.935
inference_ms,2_7_opt_bag_2,488,1779961372238280955,48.690058109000006,18.675
inference_ms,2_7_opt_bag_2,489,1779961372326976144,48.778753298000005,16.148
inference_ms,2_7_opt_bag_2,490,1779961372423437142,48.875214296,16.995
inference_ms,2_7_opt_bag_2,491,1779961372551143930,49.002921084,22.512
inference_ms,2_7_opt_bag_2,492,1779961372624871330,49.076648484,16.065
inference_ms,2_7_opt_bag_2,493,1779961372737816260,49.189593414,17.533
inference_ms,2_7_opt_bag_2,494,1779961372854334676,49.306111830000006,17.214
inference_ms,2_7_opt_bag_2,495,1779961372946670837,49.398447991000005,21.053
inference_ms,2_7_opt_bag_2,496,1779961373035229407,49.487006561,13.798
inference_ms,2_7_opt_bag_2,497,1779961373120884962,49.572662116000004,18.515
inference_ms,2_7_opt_bag_2,498,1779961373223617853,49.675395007000006,20.411
inference_ms,2_7_opt_bag_2,499,1779961373345378681,49.797155835000005,22.794
inference_ms,2_7_opt_bag_2,500,1779961373452175880,49.903953034000004,25.746
inference_ms,2_7_opt_bag_2,501,1779961373538914923,49.990692077000006,20.052
inference_ms,2_7_opt_bag_2,502,1779961373627350378,50.079127532,21.609
inference_ms,2_7_opt_bag_2,503,1779961373730473495,50.182250649000004,18.892
inference_ms,2_7_opt_bag_2,504,1779961373826186050,50.277963204,16.627
inference_ms,2_7_opt_bag_2,505,1779961373944469632,50.396246786000006,21.638
inference_ms,2_7_opt_bag_2,506,1779961374039058522,50.490835676,17.867
inference_ms,2_7_opt_bag_2,507,1779961374147564698,50.599341852,17.504
inference_ms,2_7_opt_bag_2,508,1779961374222034421,50.673811575,16.145
inference_ms,2_7_opt_bag_2,509,1779961374330829458,50.782606612,19.261
inference_ms,2_7_opt_bag_2,510,1779961374438651791,50.890428945000004,16.662
inference_ms,2_7_opt_bag_2,511,1779961374525264481,50.977041635000006,20.429
inference_ms,2_7_opt_bag_2,512,1779961374645704968,51.097482122,20.636
inference_ms,2_7_opt_bag_2,513,1779961374738224923,51.190002077,17.037
inference_ms,2_7_opt_bag_2,514,1779961374853052330,51.304829484,15.991
inference_ms,2_7_opt_bag_2,515,1779961374926974907,51.378752061,16.82
inference_ms,2_7_opt_bag_2,516,1779961375030735203,51.482512357000004,15.262
inference_ms,2_7_opt_bag_2,517,1779961375140854406,51.59263156,19.303
inference_ms,2_7_opt_bag_2,518,1779961375253277837,51.705054991000004,19.399
inference_ms,2_7_opt_bag_2,519,1779961375344939439,51.796716593000006,20.313
inference_ms,2_7_opt_bag_2,520,1779961375436128365,51.887905519,17.727
inference_ms,2_7_opt_bag_2,521,1779961375523628511,51.975405665000004,14.088
inference_ms,2_7_opt_bag_2,522,1779961375615780607,52.067557761,17.196
inference_ms,2_7_opt_bag_2,523,1779961375735708073,52.187485227,14.724
inference_ms,2_7_opt_bag_2,524,1779961375821757888,52.273535042000006,21.011
inference_ms,2_7_opt_bag_2,525,1779961375929773763,52.381550917000006,17.495
inference_ms,2_7_opt_bag_2,526,1779961376015546997,52.46732415100001,15.645
inference_ms,2_7_opt_bag_2,527,1779961376122738756,52.57451591,15.101
inference_ms,2_7_opt_bag_2,528,1779961376259336757,52.711113911000005,16.643
inference_ms,2_7_opt_bag_2,529,1779961376351099726,52.80287688000001,22.02
inference_ms,2_7_opt_bag_2,530,1779961376446875814,52.898652968,16.28
inference_ms,2_7_opt_bag_2,531,1779961376534751488,52.986528642,18.089
inference_ms,2_7_opt_bag_2,532,1779961376626814773,53.078591927000005,13.399
inference_ms,2_7_opt_bag_2,533,1779961376731277363,53.183054517,14.176
inference_ms,2_7_opt_bag_2,534,1779961376827405321,53.279182475000006,19.987
inference_ms,2_7_opt_bag_2,535,1779961376947244589,53.399021743000006,16.81
inference_ms,2_7_opt_bag_2,536,1779961377029341062,53.481118216000006,14.269
inference_ms,2_7_opt_bag_2,537,1779961377131093231,53.58287038500001,13.747
inference_ms,2_7_opt_bag_2,538,1779961377230873725,53.682650879,14.622
inference_ms,2_7_opt_bag_2,539,1779961377335403589,53.787180743,14.257
inference_ms,2_7_opt_bag_2,540,1779961377438694426,53.89047158,16.828
inference_ms,2_7_opt_bag_2,541,1779961377595056480,54.046833634,45.517
inference_ms,2_7_opt_bag_2,542,1779961377631216802,54.082993956,17.362
inference_ms,2_7_opt_bag_2,543,1779961377747764666,54.19954182,15.831
inference_ms,2_7_opt_bag_2,544,1779961377835188182,54.286965336,17.674
inference_ms,2_7_opt_bag_2,545,1779961377923014797,54.374791951000006,17.666
inference_ms,2_7_opt_bag_2,546,1779961378023010795,54.474787949,16.198
inference_ms,2_7_opt_bag_2,547,1779961378127009030,54.578786184,13.388
inference_ms,2_7_opt_bag_2,548,1779961378225383243,54.677160397,18.674
inference_ms,2_7_opt_bag_2,549,1779961378316424383,54.768201537,14.745
inference_ms,2_7_opt_bag_2,550,1779961378458160364,54.90993751800001,20.251
inference_ms,2_7_opt_bag_2,551,1779961378548798326,55.00057548,19.006
inference_ms,2_7_opt_bag_2,552,1779961378642519591,55.094296745,19.285
inference_ms,2_7_opt_bag_2,553,1779961378722574920,55.174352074000005,18.19
inference_ms,2_7_opt_bag_2,554,1779961378852091885,55.303869039000006,15.715
inference_ms,2_7_opt_bag_2,555,1779961378974969907,55.426747061,17.987
inference_ms,2_7_opt_bag_2,556,1779961379054730024,55.50650717800001,17.753
inference_ms,2_7_opt_bag_2,557,1779961379158531735,55.610308889,16.495
inference_ms,2_7_opt_bag_2,558,1779961379222662306,55.67443946,18.057
inference_ms,2_7_opt_bag_2,559,1779961379332024600,55.783801754,14.631
inference_ms,2_7_opt_bag_2,560,1779961379445789843,55.897566997000006,20.295
inference_ms,2_7_opt_bag_2,561,1779961379528338664,55.980115818,18.036
inference_ms,2_7_opt_bag_2,562,1779961379645114033,56.096891187000004,16.142
inference_ms,2_7_opt_bag_2,563,1779961379739387330,56.191164484000005,19.731
inference_ms,2_7_opt_bag_2,564,1779961379856363414,56.308140568000006,18.312
inference_ms,2_7_opt_bag_2,565,1779961379938285264,56.39006241800001,19.169
inference_ms,2_7_opt_bag_2,566,1779961380030478530,56.482255684,14.432
inference_ms,2_7_opt_bag_2,567,1779961380154831646,56.606608800000004,17.798
inference_ms,2_7_opt_bag_2,568,1779961380225341555,56.677118709000005,18.123
inference_ms,2_7_opt_bag_2,569,1779961380342274313,56.794051467,16.58
inference_ms,2_7_opt_bag_2,570,1779961380426209070,56.877986224000004,13.997
inference_ms,2_7_opt_bag_2,571,1779961380567018635,57.018795789,15.493
inference_ms,2_7_opt_bag_2,572,1779961380682276463,57.134053617000006,37.998
inference_ms,2_7_opt_bag_2,573,1779961380741453344,57.193230498000005,19.758
inference_ms,2_7_opt_bag_2,574,1779961380838157394,57.289934548000005,15.648
inference_ms,2_7_opt_bag_2,575,1779961380927456920,57.379234074,13.879
inference_ms,2_7_opt_bag_2,576,1779961381041033568,57.492810722,20.563
inference_ms,2_7_opt_bag_2,577,1779961381120900312,57.572677466,18.161
inference_ms,2_7_opt_bag_2,578,1779961381233295590,57.685072744,17.178
inference_ms,2_7_opt_bag_2,579,1779961381360506061,57.812283215,19.893
inference_ms,2_7_opt_bag_2,580,1779961381433543973,57.885321127000005,20.88
inference_ms,2_7_opt_bag_2,581,1779961381548925025,58.000702179,20.314
inference_ms,2_7_opt_bag_2,582,1779961381625283358,58.077060512,15.476
inference_ms,2_7_opt_bag_2,583,1779961381726436843,58.178213997,18.414
inference_ms,2_7_opt_bag_2,584,1779961381834131810,58.285908964,15.63
inference_ms,2_7_opt_bag_2,585,1779961381935556052,58.387333206,18.723
inference_ms,2_7_opt_bag_2,586,1779961382026207328,58.477984482000004,13.58
inference_ms,2_7_opt_bag_2,587,1779961382129638278,58.58141543200001,19.376
inference_ms,2_7_opt_bag_2,588,1779961382240286376,58.692063530000006,25.331
inference_ms,2_7_opt_bag_2,589,1779961382329639540,58.781416694,15.632
inference_ms,2_7_opt_bag_2,590,1779961382422637943,58.874415097,19.235
inference_ms,2_7_opt_bag_2,591,1779961382531915646,58.98369280000001,14.243
inference_ms,2_7_opt_bag_2,592,1779961382633227234,59.085004388,14.379
inference_ms,2_7_opt_bag_2,593,1779961382739075367,59.190852521000004,25.42
inference_ms,2_7_opt_bag_2,594,1779961382816573337,59.26835049100001,14.378
inference_ms,2_7_opt_bag_3,0,1779961417111585862,0.0,17.084
inference_ms,2_7_opt_bag_3,1,1779961417157044442,0.045458580000000005,17.671
inference_ms,2_7_opt_bag_3,2,1779961417253870991,0.142285129,21.213
inference_ms,2_7_opt_bag_3,3,1779961417375142204,0.263556342,14.879
inference_ms,2_7_opt_bag_3,4,1779961417489425868,0.377840006,19.257
inference_ms,2_7_opt_bag_3,5,1779961417558254276,0.446668414,18.515
inference_ms,2_7_opt_bag_3,6,1779961417659116857,0.547530995,22.244
inference_ms,2_7_opt_bag_3,7,1779961417770353919,0.6587680570000001,21.639
inference_ms,2_7_opt_bag_3,8,1779961417870099177,0.7585133150000001,15.975
inference_ms,2_7_opt_bag_3,9,1779961417964521341,0.8529354790000001,15.024
inference_ms,2_7_opt_bag_3,10,1779961418086659496,0.975073634,15.098
inference_ms,2_7_opt_bag_3,11,1779961418181487445,1.069901583,19.089
inference_ms,2_7_opt_bag_3,12,1779961418282582209,1.170996347,15.701
inference_ms,2_7_opt_bag_3,13,1779961418362567539,1.2509816770000002,16.176
inference_ms,2_7_opt_bag_3,14,1779961418484824653,1.3732387910000001,17.801
inference_ms,2_7_opt_bag_3,15,1779961418550441249,1.438855387,18.054
inference_ms,2_7_opt_bag_3,16,1779961418663396954,1.5518110920000001,25.29
inference_ms,2_7_opt_bag_3,17,1779961418770256654,1.6586707920000001,17.407
inference_ms,2_7_opt_bag_3,18,1779961418860698164,1.7491123020000001,20.099
inference_ms,2_7_opt_bag_3,19,1779961418979816718,1.868230856,24.577
inference_ms,2_7_opt_bag_3,20,1779961419068260017,1.9566741550000002,16.434
inference_ms,2_7_opt_bag_3,21,1779961419172735097,2.0611492350000002,18.289
inference_ms,2_7_opt_bag_3,22,1779961419257162248,2.145576386,17.565
inference_ms,2_7_opt_bag_3,23,1779961419356426472,2.2448406100000002,12.13
inference_ms,2_7_opt_bag_3,24,1779961419456005388,2.3444195260000003,17.765
inference_ms,2_7_opt_bag_3,25,1779961419559387892,2.44780203,22.487
inference_ms,2_7_opt_bag_3,26,1779961419654354899,2.5427690370000002,17.603
inference_ms,2_7_opt_bag_3,27,1779961419769338291,2.6577524290000003,19.216
inference_ms,2_7_opt_bag_3,28,1779961419853383583,2.741797721,19.861
inference_ms,2_7_opt_bag_3,29,1779961419990819083,2.8792332210000002,20.788
inference_ms,2_7_opt_bag_3,30,1779961420076362125,2.964776263,22.306
inference_ms,2_7_opt_bag_3,31,1779961420181567123,3.069981261,20.121
inference_ms,2_7_opt_bag_3,32,1779961420268579159,3.156993297,22.05
inference_ms,2_7_opt_bag_3,33,1779961420362053146,3.2504672840000004,16.347
inference_ms,2_7_opt_bag_3,34,1779961420470790794,3.3592049320000004,22.359
inference_ms,2_7_opt_bag_3,35,1779961420572791784,3.4612059220000004,24.007
inference_ms,2_7_opt_bag_3,36,1779961420679529302,3.56794344,25.028
inference_ms,2_7_opt_bag_3,37,1779961420753351010,3.641765148,15.544
inference_ms,2_7_opt_bag_3,38,1779961420893171012,3.78158515,18.292
inference_ms,2_7_opt_bag_3,39,1779961420962786843,3.8512009810000003,18.417
inference_ms,2_7_opt_bag_3,40,1779961421089987212,3.9784013500000004,22.896
inference_ms,2_7_opt_bag_3,41,1779961421173286218,4.061700356,18.534
inference_ms,2_7_opt_bag_3,42,1779961421251127548,4.139541686,15.171
inference_ms,2_7_opt_bag_3,43,1779961421357828605,4.246242743000001,17.068
inference_ms,2_7_opt_bag_3,44,1779961421476812251,4.365226389,21.9
inference_ms,2_7_opt_bag_3,45,1779961421588613775,4.477027913000001,19.2
inference_ms,2_7_opt_bag_3,46,1779961421671078437,4.559492575,18.542
inference_ms,2_7_opt_bag_3,47,1779961421764858700,4.653272838,14.87
inference_ms,2_7_opt_bag_3,48,1779961421900965084,4.789379222,28.506
inference_ms,2_7_opt_bag_3,49,1779961421953432767,4.841846905000001,15.09
inference_ms,2_7_opt_bag_3,50,1779961422051510535,4.939924673,16.11
inference_ms,2_7_opt_bag_3,51,1779961422171521564,5.059935702000001,16.789
inference_ms,2_7_opt_bag_3,52,1779961422273918950,5.1623330880000005,18.264
inference_ms,2_7_opt_bag_3,53,1779961422382596062,5.2710102,15.718
inference_ms,2_7_opt_bag_3,54,1779961422466912665,5.3553268030000005,16.581
inference_ms,2_7_opt_bag_3,55,1779961422563820068,5.452234206,15.82
inference_ms,2_7_opt_bag_3,56,1779961422664341796,5.552755934,17.727
inference_ms,2_7_opt_bag_3,57,1779961422757268239,5.645682377,14.907
inference_ms,2_7_opt_bag_3,58,1779961422857702951,5.746117089,17.486
inference_ms,2_7_opt_bag_3,59,1779961422964105332,5.852519470000001,21.928
inference_ms,2_7_opt_bag_3,60,1779961423098961308,5.987375446000001,22.867
inference_ms,2_7_opt_bag_3,61,1779961423161874478,6.0502886160000005,16.617
inference_ms,2_7_opt_bag_3,62,1779961423292166375,6.180580513000001,15.768
inference_ms,2_7_opt_bag_3,63,1779961423353234126,6.241648264,18.516
inference_ms,2_7_opt_bag_3,64,1779961423499994269,6.388408407,29.26
inference_ms,2_7_opt_bag_3,65,1779961423565232767,6.453646905,16.322
inference_ms,2_7_opt_bag_3,66,1779961423663373238,6.551787376,16.75
inference_ms,2_7_opt_bag_3,67,1779961423759121381,6.647535519000001,24.831
inference_ms,2_7_opt_bag_3,68,1779961423869057028,6.757471166,22.053
inference_ms,2_7_opt_bag_3,69,1779961423976337684,6.864751822000001,23.934
inference_ms,2_7_opt_bag_3,70,1779961424053732452,6.94214659,21.51
inference_ms,2_7_opt_bag_3,71,1779961424174527613,7.062941751,16.901
inference_ms,2_7_opt_bag_3,72,1779961424271469176,7.159883314000001,18.059
inference_ms,2_7_opt_bag_3,73,1779961424361005175,7.249419313000001,18.484
inference_ms,2_7_opt_bag_3,74,1779961424464586656,7.353000794000001,21.187
inference_ms,2_7_opt_bag_3,75,1779961424568754076,7.457168214,21.533
inference_ms,2_7_opt_bag_3,76,1779961424685199281,7.573613419000001,20.943
inference_ms,2_7_opt_bag_3,77,1779961424761618721,7.650032859,16.561
inference_ms,2_7_opt_bag_3,78,1779961424879916581,7.768330719000001,22.233
inference_ms,2_7_opt_bag_3,79,1779961424954007287,7.842421425,23.391
inference_ms,2_7_opt_bag_3,80,1779961425094677016,7.983091154,26.652
inference_ms,2_7_opt_bag_3,81,1779961425197035635,8.085449773,21.83
inference_ms,2_7_opt_bag_3,82,1779961425255279429,8.143693567,14.814
inference_ms,2_7_opt_bag_3,83,1779961425367346452,8.255760590000001,22.393
inference_ms,2_7_opt_bag_3,84,1779961425471661408,8.360075546000001,17.954
inference_ms,2_7_opt_bag_3,85,1779961425580858012,8.46927215,16.188
inference_ms,2_7_opt_bag_3,86,1779961425663780380,8.552194518,17.887
inference_ms,2_7_opt_bag_3,87,1779961425752399598,8.640813736,19.376
inference_ms,2_7_opt_bag_3,88,1779961425884691901,8.773106039,19.78
inference_ms,2_7_opt_bag_3,89,1779961425989347566,8.877761704000001,15.887
inference_ms,2_7_opt_bag_3,90,1779961426082846118,8.971260256,15.977
inference_ms,2_7_opt_bag_3,91,1779961426175475235,9.063889373,15.928
inference_ms,2_7_opt_bag_3,92,1779961426301083905,9.189498043,32.427
inference_ms,2_7_opt_bag_3,93,1779961426370421678,9.258835816000001,18.889
inference_ms,2_7_opt_bag_3,94,1779961426468684581,9.357098719000001,30.194
inference_ms,2_7_opt_bag_3,95,1779961426561614765,9.450028903,23.919
inference_ms,2_7_opt_bag_3,96,1779961426678757860,9.567171998000001,33.936
inference_ms,2_7_opt_bag_3,97,1779961426763796865,9.652211003000001,20.253
inference_ms,2_7_opt_bag_3,98,1779961426865954506,9.754368644000001,26.338
inference_ms,2_7_opt_bag_3,99,1779961426955447603,9.843861741000001,12.693
inference_ms,2_7_opt_bag_3,100,1779961427072680626,9.961094764,28.059
inference_ms,2_7_opt_bag_3,101,1779961427164872990,10.053287128000001,16.672
inference_ms,2_7_opt_bag_3,102,1779961427271930677,10.160344815,32.83
inference_ms,2_7_opt_bag_3,103,1779961427354231589,10.242645727000001,14.912
inference_ms,2_7_opt_bag_3,104,1779961427468861799,10.357275937,19.902
inference_ms,2_7_opt_bag_3,105,1779961427568425481,10.456839619,17.301
inference_ms,2_7_opt_bag_3,106,1779961427664156296,10.552570434000001,22.647
inference_ms,2_7_opt_bag_3,107,1779961427751407982,10.63982212,19.978
inference_ms,2_7_opt_bag_3,108,1779961427858237342,10.74665148,14.524
inference_ms,2_7_opt_bag_3,109,1779961427996109264,10.884523402000001,25.868
inference_ms,2_7_opt_bag_3,110,1779961428095082147,10.983496285000001,20.614
inference_ms,2_7_opt_bag_3,111,1779961428190049512,11.078463650000002,17.563
inference_ms,2_7_opt_bag_3,112,1779961428280543093,11.168957231,15.636
inference_ms,2_7_opt_bag_3,113,1779961428353631761,11.242045899,18.399
inference_ms,2_7_opt_bag_3,114,1779961428464748234,11.353162372,15.643
inference_ms,2_7_opt_bag_3,115,1779961428575778903,11.464193041000001,20.229
inference_ms,2_7_opt_bag_3,116,1779961428658409926,11.546824064,17.642
inference_ms,2_7_opt_bag_3,117,1779961428751401954,11.639816092,19.923
inference_ms,2_7_opt_bag_3,118,1779961428857292179,11.745706317000002,19.658
inference_ms,2_7_opt_bag_3,119,1779961428984421188,11.872835326,18.763
inference_ms,2_7_opt_bag_3,120,1779961429059329573,11.947743711000001,19.091
inference_ms,2_7_opt_bag_3,121,1779961429218585008,12.106999146000001,40.659
inference_ms,2_7_opt_bag_3,122,1779961429262840872,12.151255010000002,17.4
inference_ms,2_7_opt_bag_3,123,1779961429358985839,12.247399977,14.187
inference_ms,2_7_opt_bag_3,124,1779961429470852447,12.359266585,21.367
inference_ms,2_7_opt_bag_3,125,1779961429551838156,12.440252294,18.286
inference_ms,2_7_opt_bag_3,126,1779961429681240942,12.56965508,15.973
inference_ms,2_7_opt_bag_3,127,1779961429781065480,12.669479618,14.43
inference_ms,2_7_opt_bag_3,128,1779961429902528993,12.790943131,28.47
inference_ms,2_7_opt_bag_3,129,1779961429985258041,12.873672179000001,16.392
inference_ms,2_7_opt_bag_3,130,1779961430071530461,12.959944599,20.381
inference_ms,2_7_opt_bag_3,131,1779961430161889751,13.050303889,17.718
inference_ms,2_7_opt_bag_3,132,1779961430299611700,13.188025838000001,24.255
inference_ms,2_7_opt_bag_3,133,1779961430350721165,13.239135303000001,14.449
inference_ms,2_7_opt_bag_3,134,1779961430452114639,13.340528777000001,13.528
inference_ms,2_7_opt_bag_3,135,1779961430566711398,13.455125536,13.625
inference_ms,2_7_opt_bag_3,136,1779961430666356349,13.554770487,16.887
inference_ms,2_7_opt_bag_3,137,1779961430758864642,13.64727878,19.623
inference_ms,2_7_opt_bag_3,138,1779961430870727435,13.759141573,23.77
inference_ms,2_7_opt_bag_3,139,1779961430953218026,13.841632164000002,20.27
inference_ms,2_7_opt_bag_3,140,1779961431081601864,13.970016002000001,14.884
inference_ms,2_7_opt_bag_3,141,1779961431160909463,14.049323601000001,14.591
inference_ms,2_7_opt_bag_3,142,1779961431286568417,14.174982555000001,27.013
inference_ms,2_7_opt_bag_3,143,1779961431356480041,14.244894179000001,16.248
inference_ms,2_7_opt_bag_3,144,1779961431487475163,14.375889301,17.98
inference_ms,2_7_opt_bag_3,145,1779961431563752707,14.452166845,13.96
inference_ms,2_7_opt_bag_3,146,1779961431664003072,14.552417210000002,16.514
inference_ms,2_7_opt_bag_3,147,1779961431764452975,14.652867113000001,18.115
inference_ms,2_7_opt_bag_3,148,1779961431856629341,14.745043479000001,14.686
inference_ms,2_7_opt_bag_3,149,1779961431959698140,14.848112278,17.823
inference_ms,2_7_opt_bag_3,150,1779961432058399373,14.946813511,19.595
inference_ms,2_7_opt_bag_3,151,1779961432159919123,15.048333261000002,19.246
inference_ms,2_7_opt_bag_3,152,1779961432252149839,15.140563977000001,16.017
inference_ms,2_7_opt_bag_3,153,1779961432374740709,15.263154847000001,20.513
inference_ms,2_7_opt_bag_3,154,1779961432461023214,15.349437352,15.013
inference_ms,2_7_opt_bag_3,155,1779961432562445119,15.450859257000001,16.84
inference_ms,2_7_opt_bag_3,156,1779961432658223183,15.546637321,15.826
inference_ms,2_7_opt_bag_3,157,1779961432798778881,15.687193019,17.021
inference_ms,2_7_opt_bag_3,158,1779961432877270191,15.765684329,30.395
inference_ms,2_7_opt_bag_3,159,1779961432982365783,15.870779921,15.202
inference_ms,2_7_opt_bag_3,160,1779961433063922173,15.952336311000002,15.458
inference_ms,2_7_opt_bag_3,161,1779961433179107345,16.067521483,16.153
inference_ms,2_7_opt_bag_3,162,1779961433264909102,16.153323240000002,16.55
inference_ms,2_7_opt_bag_3,163,1779961433352579938,16.240994076,15.425
inference_ms,2_7_opt_bag_3,164,1779961433473701663,16.362115801,19.594
inference_ms,2_7_opt_bag_3,165,1779961433575498220,16.463912358,19.425
inference_ms,2_7_opt_bag_3,166,1779961433663047989,16.551462127,13.882
inference_ms,2_7_opt_bag_3,167,1779961433770820791,16.659234929,18.436
inference_ms,2_7_opt_bag_3,168,1779961433851777844,16.740191982000002,12.719
inference_ms,2_7_opt_bag_3,169,1779961433958037964,16.846452102,18.619
inference_ms,2_7_opt_bag_3,170,1779961434051326322,16.93974046,15.115
inference_ms,2_7_opt_bag_3,171,1779961434186837243,17.075251381,19.298
inference_ms,2_7_opt_bag_3,172,1779961434257505095,17.145919233,17.827
inference_ms,2_7_opt_bag_3,173,1779961434374410950,17.262825088,18.231
inference_ms,2_7_opt_bag_3,174,1779961434461254992,17.349669130000002,22.568
inference_ms,2_7_opt_bag_3,175,1779961434566800190,17.455214328,15.702
inference_ms,2_7_opt_bag_3,176,1779961434675382146,17.563796284000002,16.755
inference_ms,2_7_opt_bag_3,177,1779961434750926845,17.639340983,18.321
inference_ms,2_7_opt_bag_3,178,1779961434889419591,17.777833729,17.071
inference_ms,2_7_opt_bag_3,179,1779961434988452821,17.876866959,21.752
inference_ms,2_7_opt_bag_3,180,1779961435053661918,17.942076056,18.129
inference_ms,2_7_opt_bag_3,181,1779961435158408803,18.046822941000002,14.06
inference_ms,2_7_opt_bag_3,182,1779961435260388101,18.148802239000002,13.872
inference_ms,2_7_opt_bag_3,183,1779961435366263349,18.254677487000002,18.146
inference_ms,2_7_opt_bag_3,184,1779961435466285290,18.354699428,21.0
inference_ms,2_7_opt_bag_3,185,1779961435611849223,18.500263361000002,26.533
inference_ms,2_7_opt_bag_3,186,1779961435654012035,18.542426173000003,16.62
inference_ms,2_7_opt_bag_3,187,1779961435752698485,18.641112623,19.151
inference_ms,2_7_opt_bag_3,188,1779961435911780223,18.800194361000003,29.466
inference_ms,2_7_opt_bag_3,189,1779961435975381892,18.86379603,19.685
inference_ms,2_7_opt_bag_3,190,1779961436070404034,18.958818172,29.648
inference_ms,2_7_opt_bag_3,191,1779961436154695426,19.043109564,18.816
inference_ms,2_7_opt_bag_3,192,1779961436263714631,19.152128769,23.727
inference_ms,2_7_opt_bag_3,193,1779961436359083757,19.247497895000002,20.693
inference_ms,2_7_opt_bag_3,194,1779961436455173435,19.343587573,16.179
inference_ms,2_7_opt_bag_3,195,1779961436551769068,19.440183206,13.561
inference_ms,2_7_opt_bag_3,196,1779961436680840874,19.569255012000003,19.388
inference_ms,2_7_opt_bag_3,197,1779961436770607698,19.659021836,18.374
inference_ms,2_7_opt_bag_3,198,1779961436884393921,19.772808059000003,16.396
inference_ms,2_7_opt_bag_3,199,1779961436979034436,19.867448574,17.885
inference_ms,2_7_opt_bag_3,200,1779961437119928064,20.008342202,16.255
inference_ms,2_7_opt_bag_3,201,1779961437171155370,20.059569508000003,22.984
inference_ms,2_7_opt_bag_3,202,1779961437280371643,20.168785781,16.208
inference_ms,2_7_opt_bag_3,203,1779961437380167565,20.268581703000002,14.863
inference_ms,2_7_opt_bag_3,204,1779961437489234529,20.377648667000003,19.526
inference_ms,2_7_opt_bag_3,205,1779961437560903251,20.449317389,14.033
inference_ms,2_7_opt_bag_3,206,1779961437704269558,20.592683696,18.441
inference_ms,2_7_opt_bag_3,207,1779961437760581460,20.648995598000003,19.767
inference_ms,2_7_opt_bag_3,208,1779961437877472613,20.765886751,18.27
inference_ms,2_7_opt_bag_3,209,1779961437959557683,20.847971821,16.864
inference_ms,2_7_opt_bag_3,210,1779961438075913925,20.964328063,16.787
inference_ms,2_7_opt_bag_3,211,1779961438161094642,21.04950878,16.472
inference_ms,2_7_opt_bag_3,212,1779961438273746165,21.162160303,15.227
inference_ms,2_7_opt_bag_3,213,1779961438368537647,21.256951785000002,19.659
inference_ms,2_7_opt_bag_3,214,1779961438483857427,21.372271565000002,17.365
inference_ms,2_7_opt_bag_3,215,1779961438579923459,21.468337597,23.424
inference_ms,2_7_opt_bag_3,216,1779961438669917440,21.558331578,19.135
inference_ms,2_7_opt_bag_3,217,1779961438781523473,21.669937611,20.856
inference_ms,2_7_opt_bag_3,218,1779961438900550310,21.788964448,24.85
inference_ms,2_7_opt_bag_3,219,1779961438963241291,21.851655429,18.862
inference_ms,2_7_opt_bag_3,220,1779961439088618707,21.977032845,27.771
inference_ms,2_7_opt_bag_3,221,1779961439220308555,22.108722693,39.884
inference_ms,2_7_opt_bag_3,222,1779961439262159748,22.150573886,15.399
inference_ms,2_7_opt_bag_3,223,1779961439378026749,22.266440887,25.018
inference_ms,2_7_opt_bag_3,224,1779961439496290839,22.384704977000002,21.634
inference_ms,2_7_opt_bag_3,225,1779961439580191136,22.468605274,20.139
inference_ms,2_7_opt_bag_3,226,1779961439682557139,22.570971277,16.031
inference_ms,2_7_opt_bag_3,227,1779961439773095873,22.661510011,19.474
inference_ms,2_7_opt_bag_3,228,1779961439859344861,22.747758999000002,15.359
inference_ms,2_7_opt_bag_3,229,1779961439986646451,22.875060589,18.098
inference_ms,2_7_opt_bag_3,230,1779961440075920133,22.964334271000002,19.334
inference_ms,2_7_opt_bag_3,231,1779961440177439775,23.065853913,19.954
inference_ms,2_7_opt_bag_3,232,1779961440284890448,23.173304586,15.428
inference_ms,2_7_opt_bag_3,233,1779961440374550892,23.26296503,22.769
inference_ms,2_7_opt_bag_3,234,1779961440479938609,23.368352747000003,20.268
inference_ms,2_7_opt_bag_3,235,1779961440584223052,23.47263719,16.174
inference_ms,2_7_opt_bag_3,236,1779961440699191136,23.587605274,26.28
inference_ms,2_7_opt_bag_3,237,1779961440760466299,23.648880437000003,15.855
inference_ms,2_7_opt_bag_3,238,1779961440855299157,23.743713295000003,22.517
inference_ms,2_7_opt_bag_3,239,1779961440984608007,23.873022145,16.7
inference_ms,2_7_opt_bag_3,240,1779961441062221949,23.950636087000003,17.83
inference_ms,2_7_opt_bag_3,241,1779961441177630697,24.066044835000003,21.545
inference_ms,2_7_opt_bag_3,242,1779961441270173169,24.158587307,22.596
inference_ms,2_7_opt_bag_3,243,1779961441385226765,24.273640903,16.952
inference_ms,2_7_opt_bag_3,244,1779961441472716886,24.361131024000002,20.05
inference_ms,2_7_opt_bag_3,245,1779961441562678838,24.451092976,15.058
inference_ms,2_7_opt_bag_3,246,1779961441659990266,24.548404404000003,16.313
inference_ms,2_7_opt_bag_3,247,1779961441752538748,24.640952886,14.603
inference_ms,2_7_opt_bag_3,248,1779961441861351607,24.749765745,18.171
inference_ms,2_7_opt_bag_3,249,1779961441977768692,24.866182830000003,15.247
inference_ms,2_7_opt_bag_3,250,1779961442075671372,24.96408551,20.66
inference_ms,2_7_opt_bag_3,251,1779961442167969792,25.056383930000003,19.202
inference_ms,2_7_opt_bag_3,252,1779961442257754473,25.146168611,14.789
inference_ms,2_7_opt_bag_3,253,1779961442348409101,25.236823239000003,18.456
inference_ms,2_7_opt_bag_3,254,1779961442459302969,25.347717107,14.24
inference_ms,2_7_opt_bag_3,255,1779961442555656213,25.444070351,17.979
inference_ms,2_7_opt_bag_3,256,1779961442675371550,25.563785688000003,17.95
inference_ms,2_7_opt_bag_3,257,1779961442761382375,25.649796513000002,12.969
inference_ms,2_7_opt_bag_3,258,1779961442875433012,25.76384715,16.231
inference_ms,2_7_opt_bag_3,259,1779961442961558924,25.849973062,16.071
inference_ms,2_7_opt_bag_3,260,1779961443087171717,25.975585855000002,17.484
inference_ms,2_7_opt_bag_3,261,1779961443152667972,26.04108211,16.256
inference_ms,2_7_opt_bag_3,262,1779961443254427850,26.142841988,16.623
inference_ms,2_7_opt_bag_3,263,1779961443359563200,26.247977338000002,23.725
inference_ms,2_7_opt_bag_3,264,1779961443489129338,26.377543476000003,21.418
inference_ms,2_7_opt_bag_3,265,1779961443608433799,26.496847937000002,29.82
inference_ms,2_7_opt_bag_3,266,1779961443711772398,26.600186536000002,25.756
inference_ms,2_7_opt_bag_3,267,1779961443773999144,26.662413282000003,18.915
inference_ms,2_7_opt_bag_3,268,1779961443871813947,26.760228085,23.463
inference_ms,2_7_opt_bag_3,269,1779961443954732040,26.843146178,17.0
inference_ms,2_7_opt_bag_3,270,1779961444050670699,26.939084837000003,19.727
inference_ms,2_7_opt_bag_3,271,1779961444188416553,27.076830691,16.052
inference_ms,2_7_opt_bag_3,272,1779961444263496165,27.151910303,14.911
inference_ms,2_7_opt_bag_3,273,1779961444350636679,27.239050817000003,19.958
inference_ms,2_7_opt_bag_3,274,1779961444479008582,27.36742272,17.882
inference_ms,2_7_opt_bag_3,275,1779961444573846255,27.462260393,20.466
inference_ms,2_7_opt_bag_3,276,1779961444668534450,27.556948588,19.27
inference_ms,2_7_opt_bag_3,277,1779961444762862397,27.651276535,18.004
inference_ms,2_7_opt_bag_3,278,1779961444896166106,27.784580244,27.837
inference_ms,2_7_opt_bag_3,279,1779961445010847836,27.899261974,19.411
inference_ms,2_7_opt_bag_3,280,1779961445110653070,27.999067208000003,27.329
inference_ms,2_7_opt_bag_3,281,1779961445175533366,28.063947504,18.079
inference_ms,2_7_opt_bag_3,282,1779961445301916938,28.190331076000003,29.97
inference_ms,2_7_opt_bag_3,283,1779961445396048355,28.284462493000003,33.154
inference_ms,2_7_opt_bag_3,284,1779961445465281213,28.353695351000002,15.075
inference_ms,2_7_opt_bag_3,285,1779961445554957125,28.443371263000003,17.724
inference_ms,2_7_opt_bag_3,286,1779961445685378252,28.57379239,15.412
inference_ms,2_7_opt_bag_3,287,1779961445772296009,28.660710147000003,21.959
inference_ms,2_7_opt_bag_3,288,1779961445870927421,28.759341559000003,21.462
inference_ms,2_7_opt_bag_3,289,1779961445956708915,28.845123053000002,14.644
inference_ms,2_7_opt_bag_3,290,1779961446079301833,28.967715971,16.829
inference_ms,2_7_opt_bag_3,291,1779961446193657116,29.082071254000002,24.666
inference_ms,2_7_opt_bag_3,292,1779961446259160298,29.147574436000003,15.28
inference_ms,2_7_opt_bag_3,293,1779961446353151885,29.241566023,15.065
inference_ms,2_7_opt_bag_3,294,1779961446480357803,29.368771941000002,16.056
inference_ms,2_7_opt_bag_3,295,1779961446587345334,29.475759472000004,16.535
inference_ms,2_7_opt_bag_3,296,1779961446658779392,29.54719353,14.784
inference_ms,2_7_opt_bag_3,297,1779961446776308183,29.664722321000003,19.574
inference_ms,2_7_opt_bag_3,298,1779961446878316252,29.766730390000003,16.642
inference_ms,2_7_opt_bag_3,299,1779961446964707047,29.853121185000003,13.295
inference_ms,2_7_opt_bag_3,300,1779961447109829425,29.998243563000003,24.032
inference_ms,2_7_opt_bag_3,301,1779961447170092349,30.058506487000002,18.953
inference_ms,2_7_opt_bag_3,302,1779961447251669984,30.140084122,13.87
inference_ms,2_7_opt_bag_3,303,1779961447417477905,30.305892043000004,48.454
inference_ms,2_7_opt_bag_3,304,1779961447483185798,30.371599936000003,15.732
inference_ms,2_7_opt_bag_3,305,1779961447584359727,30.472773865,17.598
inference_ms,2_7_opt_bag_3,306,1779961447658802350,30.547216488000004,16.022
inference_ms,2_7_opt_bag_3,307,1779961447771112063,30.659526201000002,20.163
inference_ms,2_7_opt_bag_3,308,1779961447864132167,30.752546305000003,13.606
inference_ms,2_7_opt_bag_3,309,1779961447960578810,30.848992948000003,21.247
inference_ms,2_7_opt_bag_3,310,1779961448099940443,30.988354581000003,18.09
inference_ms,2_7_opt_bag_3,311,1779961448167731805,31.056145943,18.709
inference_ms,2_7_opt_bag_3,312,1779961448271191446,31.159605584,20.923
inference_ms,2_7_opt_bag_3,313,1779961448367477954,31.255892092000003,20.208
inference_ms,2_7_opt_bag_3,314,1779961448471691575,31.360105713000003,16.16
inference_ms,2_7_opt_bag_3,315,1779961448557255940,31.445670078000003,19.237
inference_ms,2_7_opt_bag_3,316,1779961448664356264,31.552770402000004,17.694
inference_ms,2_7_opt_bag_3,317,1779961448773120036,31.661534174000003,19.207
inference_ms,2_7_opt_bag_3,318,1779961448862555372,31.75096951,15.594
inference_ms,2_7_opt_bag_3,319,1779961448952371543,31.840785681000003,17.435
inference_ms,2_7_opt_bag_3,320,1779961449087359257,31.975773395,17.729
inference_ms,2_7_opt_bag_3,321,1779961449176614417,32.065028555000005,20.39
inference_ms,2_7_opt_bag_3,322,1779961449271352444,32.159766582,15.411
inference_ms,2_7_opt_bag_3,323,1779961449385444730,32.273858868000005,18.333
inference_ms,2_7_opt_bag_3,324,1779961449455660708,32.344074846000005,13.317
inference_ms,2_7_opt_bag_3,325,1779961449556841329,32.445255467,15.809
inference_ms,2_7_opt_bag_3,326,1779961449659667010,32.548081148,17.489
inference_ms,2_7_opt_bag_3,327,1779961449769754443,32.658168581000005,20.594
inference_ms,2_7_opt_bag_3,328,1779961449890620651,32.779034789,19.261
inference_ms,2_7_opt_bag_3,329,1779961449991680359,32.880094497,17.739
inference_ms,2_7_opt_bag_3,330,1779961450092352446,32.980766584,23.717
inference_ms,2_7_opt_bag_3,331,1779961450197588661,33.086002799,23.221
inference_ms,2_7_opt_bag_3,332,1779961450266501944,33.154916082,15.236
inference_ms,2_7_opt_bag_3,333,1779961450351320384,33.239734522,11.753
inference_ms,2_7_opt_bag_3,334,1779961450505085730,33.393499868,18.02
inference_ms,2_7_opt_bag_3,335,1779961450577921388,33.466335526,17.87
inference_ms,2_7_opt_bag_3,336,1779961450656823499,33.545237637,17.479
inference_ms,2_7_opt_bag_3,337,1779961450767149569,33.655563707,16.824
inference_ms,2_7_opt_bag_3,338,1779961450854710845,33.743124983,15.423
inference_ms,2_7_opt_bag_3,339,1779961450964269815,33.852683953,13.501
inference_ms,2_7_opt_bag_3,340,1779961451069983186,33.958397324,22.362
inference_ms,2_7_opt_bag_3,341,1779961451153458728,34.041872866000006,19.283
inference_ms,2_7_opt_bag_3,342,1779961451281416384,34.169830522000005,18.987
inference_ms,2_7_opt_bag_3,343,1779961451357830835,34.246244973,15.305
inference_ms,2_7_opt_bag_3,344,1779961451489850021,34.378264159000004,19.575
inference_ms,2_7_opt_bag_3,345,1779961451570627355,34.459041493,21.591
inference_ms,2_7_opt_bag_3,346,1779961451681351095,34.569765233000005,15.684
inference_ms,2_7_opt_bag_3,347,1779961451800037506,34.688451644000004,23.38
inference_ms,2_7_opt_bag_3,348,1779961451884844308,34.773258446,19.327
inference_ms,2_7_opt_bag_3,349,1779961451986790125,34.875204263,19.627
inference_ms,2_7_opt_bag_3,350,1779961452066737882,34.95515202,18.728
inference_ms,2_7_opt_bag_3,351,1779961452160760555,35.049174693000005,19.196
inference_ms,2_7_opt_bag_3,352,1779961452277908143,35.166322281,20.109
inference_ms,2_7_opt_bag_3,353,1779961452362617833,35.251031971,15.746
inference_ms,2_7_opt_bag_3,354,1779961452486180729,35.374594867,19.746
inference_ms,2_7_opt_bag_3,355,1779961452559597631,35.448011769000004,21.012
inference_ms,2_7_opt_bag_3,356,1779961452678910831,35.567324969000005,20.921
inference_ms,2_7_opt_bag_3,357,1779961452757749315,35.646163453,18.132
inference_ms,2_7_opt_bag_3,358,1779961452886932417,35.775346555,17.432
inference_ms,2_7_opt_bag_3,359,1779961452986731589,35.875145727,15.111
inference_ms,2_7_opt_bag_3,360,1779961453055295961,35.943710099,17.347
inference_ms,2_7_opt_bag_3,361,1779961453172053173,36.060467311000004,18.155
inference_ms,2_7_opt_bag_3,362,1779961453280474556,36.168888694,17.258
inference_ms,2_7_opt_bag_3,363,1779961453364074866,36.252489004000005,16.984
inference_ms,2_7_opt_bag_3,364,1779961453467984343,36.356398481,20.743
inference_ms,2_7_opt_bag_3,365,1779961453561760848,36.450174986,15.394
inference_ms,2_7_opt_bag_3,366,1779961453654281668,36.542695806000005,14.007
inference_ms,2_7_opt_bag_3,367,1779961453773529976,36.661944114,20.425
inference_ms,2_7_opt_bag_3,368,1779961453884352702,36.77276684,18.717
inference_ms,2_7_opt_bag_3,369,1779961453964859148,36.853273286000004,18.575
inference_ms,2_7_opt_bag_3,370,1779961454057156327,36.945570465,14.934
inference_ms,2_7_opt_bag_3,371,1779961454154649137,37.043063275,21.268
inference_ms,2_7_opt_bag_3,372,1779961454291294333,37.179708471000005,15.106
inference_ms,2_7_opt_bag_3,373,1779961454369992439,37.258406577,19.925
inference_ms,2_7_opt_bag_3,374,1779961454475654913,37.364069051,21.265
inference_ms,2_7_opt_bag_3,375,1779961454551971116,37.440385254,17.335
inference_ms,2_7_opt_bag_3,376,1779961454658539654,37.546953792000004,18.403
inference_ms,2_7_opt_bag_3,377,1779961454763858981,37.652273119,14.547
inference_ms,2_7_opt_bag_3,378,1779961454882061174,37.770475312,21.281
inference_ms,2_7_opt_bag_3,379,1779961454962551795,37.850965933000005,22.835
inference_ms,2_7_opt_bag_3,380,1779961455054219247,37.942633385,21.527
inference_ms,2_7_opt_bag_3,381,1779961455166449202,38.054863340000004,17.117
inference_ms,2_7_opt_bag_3,382,1779961455263531780,38.151945918,15.307
inference_ms,2_7_opt_bag_3,383,1779961455367770467,38.256184605,15.343
inference_ms,2_7_opt_bag_3,384,1779961455501386686,38.389800824000005,20.457
inference_ms,2_7_opt_bag_3,385,1779961455611075657,38.499489795,16.289
inference_ms,2_7_opt_bag_3,386,1779961455706331442,38.59474558,23.658
inference_ms,2_7_opt_bag_3,387,1779961455762684865,38.651099003000006,14.563
inference_ms,2_7_opt_bag_3,388,1779961455886710443,38.775124581,17.729
inference_ms,2_7_opt_bag_3,389,1779961455976033156,38.864447294,18.45
inference_ms,2_7_opt_bag_3,390,1779961456076417194,38.964831332,20.705
inference_ms,2_7_opt_bag_3,391,1779961456176178560,39.064592698000006,20.67
inference_ms,2_7_opt_bag_3,392,1779961456260086608,39.148500746,14.654
inference_ms,2_7_opt_bag_3,393,1779961456357514988,39.245929126,20.423
inference_ms,2_7_opt_bag_3,394,1779961456464151783,39.352565921,16.026
inference_ms,2_7_opt_bag_3,395,1779961456563994591,39.452408729000005,17.914
inference_ms,2_7_opt_bag_3,396,1779961456676705216,39.565119354000004,16.266
inference_ms,2_7_opt_bag_3,397,1779961456769256475,39.657670613,21.719
inference_ms,2_7_opt_bag_3,398,1779961456872317929,39.760732067,15.298
inference_ms,2_7_opt_bag_3,399,1779961456975712431,39.864126569,21.221
inference_ms,2_7_opt_bag_3,400,1779961457060930357,39.949344495000005,18.308
inference_ms,2_7_opt_bag_3,401,1779961457177518863,40.065933001000005,24.071
inference_ms,2_7_opt_bag_3,402,1779961457292405166,40.180819304,36.032
inference_ms,2_7_opt_bag_3,403,1779961457395579975,40.283994113000006,24.979
inference_ms,2_7_opt_bag_3,404,1779961457467918694,40.356332832,20.196
inference_ms,2_7_opt_bag_3,405,1779961457593131881,40.481546019,27.48
inference_ms,2_7_opt_bag_3,406,1779961457663559282,40.55197342,16.851
inference_ms,2_7_opt_bag_3,407,1779961457764994122,40.65340826,20.268
inference_ms,2_7_opt_bag_3,408,1779961457871242866,40.759657004000005,20.196
inference_ms,2_7_opt_bag_3,409,1779961457979065139,40.867479277,24.037
inference_ms,2_7_opt_bag_3,410,1779961458060464231,40.948878369,17.983
inference_ms,2_7_opt_bag_3,411,1779961458186682051,41.075096189,19.301
inference_ms,2_7_opt_bag_3,412,1779961458259140562,41.1475547,15.304
inference_ms,2_7_opt_bag_3,413,1779961458374220604,41.262634742,20.787
inference_ms,2_7_opt_bag_3,414,1779961458500097824,41.388511962,24.047
inference_ms,2_7_opt_bag_3,415,1779961458575307231,41.463721369000005,18.436
inference_ms,2_7_opt_bag_3,416,1779961458681773879,41.570188017,17.58
inference_ms,2_7_opt_bag_3,417,1779961458780373426,41.668787564000006,17.03
inference_ms,2_7_opt_bag_3,418,1779961458862915590,41.751329728,14.498
inference_ms,2_7_opt_bag_3,419,1779961458990386338,41.878800476,19.041
inference_ms,2_7_opt_bag_3,420,1779961459063969931,41.952384069000004,20.336
inference_ms,2_7_opt_bag_3,421,1779961459176986231,42.065400369,14.514
inference_ms,2_7_opt_bag_3,422,1779961459266861611,42.155275749000005,18.971
inference_ms,2_7_opt_bag_3,423,1779961459352536127,42.240950265,18.75
inference_ms,2_7_opt_bag_3,424,1779961459476110745,42.364524883,26.069
inference_ms,2_7_opt_bag_3,425,1779961459555225439,42.443639577000006,19.263
inference_ms,2_7_opt_bag_3,426,1779961459661479189,42.549893327,15.825
inference_ms,2_7_opt_bag_3,427,1779961459765185367,42.653599505,19.27
inference_ms,2_7_opt_bag_3,428,1779961459852286767,42.740700905000004,16.802
inference_ms,2_7_opt_bag_3,429,1779961459955215161,42.843629299,14.074
inference_ms,2_7_opt_bag_3,430,1779961460050933625,42.939347763,19.749
inference_ms,2_7_opt_bag_3,431,1779961460168648525,43.057062663,16.917
inference_ms,2_7_opt_bag_3,432,1779961460277638489,43.166052627000006,20.29
inference_ms,2_7_opt_bag_3,433,1779961460371435265,43.259849403000004,16.845
inference_ms,2_7_opt_bag_3,434,1779961460454986479,43.343400617,19.004
inference_ms,2_7_opt_bag_3,435,1779961460598947071,43.487361209,18.687
inference_ms,2_7_opt_bag_3,436,1779961460661351651,43.549765789000006,17.898
inference_ms,2_7_opt_bag_3,437,1779961460772685514,43.661099652000004,16.43
inference_ms,2_7_opt_bag_3,438,1779961460863903213,43.752317351,15.871
inference_ms,2_7_opt_bag_3,439,1779961461002834389,43.891248527,21.768
inference_ms,2_7_opt_bag_3,440,1779961461077646137,43.966060275000004,15.879
inference_ms,2_7_opt_bag_3,441,1779961461171898602,44.06031274,17.83
inference_ms,2_7_opt_bag_3,442,1779961461257225652,44.145639790000004,14.637
inference_ms,2_7_opt_bag_3,443,1779961461351435608,44.239849746000004,18.565
inference_ms,2_7_opt_bag_3,444,1779961461473879699,44.362293837,17.879
inference_ms,2_7_opt_bag_3,445,1779961461604555323,44.492969461,23.542
inference_ms,2_7_opt_bag_3,446,1779961461666767643,44.555181781,18.797
inference_ms,2_7_opt_bag_3,447,1779961461758041491,44.646455629,19.757
inference_ms,2_7_opt_bag_3,448,1779961461867732515,44.756146653,17.68
inference_ms,2_7_opt_bag_3,449,1779961461970151171,44.858565309,18.948
inference_ms,2_7_opt_bag_3,450,1779961462065126610,44.953540748,14.604
inference_ms,2_7_opt_bag_3,451,1779961462161631191,45.050045329,20.337
inference_ms,2_7_opt_bag_3,452,1779961462261205449,45.149619587000004,14.44
inference_ms,2_7_opt_bag_3,453,1779961462367602288,45.256016426,16.194
inference_ms,2_7_opt_bag_3,454,1779961462500451573,45.388865711,18.613
inference_ms,2_7_opt_bag_3,455,1779961462601465523,45.489879661,22.616
inference_ms,2_7_opt_bag_3,456,1779961462653992669,45.542406807000006,16.411
inference_ms,2_7_opt_bag_3,457,1779961462806686054,45.695100192000005,23.43
inference_ms,2_7_opt_bag_3,458,1779961462859092359,45.747506497,17.852
inference_ms,2_7_opt_bag_3,459,1779961462964791815,45.853205953,19.55
inference_ms,2_7_opt_bag_3,460,1779961463059502961,45.947917099,16.274
inference_ms,2_7_opt_bag_3,461,1779961463162142569,46.050556707000005,16.573
inference_ms,2_7_opt_bag_3,462,1779961463298483257,46.186897395,20.048
inference_ms,2_7_opt_bag_3,463,1779961463371444979,46.259859117000005,19.73
inference_ms,2_7_opt_bag_3,464,1779961463476745793,46.365159931,16.774
inference_ms,2_7_opt_bag_3,465,1779961463585195695,46.473609833000005,20.253
inference_ms,2_7_opt_bag_3,466,1779961463667692406,46.556106544,15.434
inference_ms,2_7_opt_bag_3,467,1779961463810801217,46.699215355,25.318
inference_ms,2_7_opt_bag_3,468,1779961463890383990,46.778798128000005,21.066
inference_ms,2_7_opt_bag_3,469,1779961463974293850,46.862707988000004,23.157
inference_ms,2_7_opt_bag_3,470,1779961464059565343,46.947979481000004,18.983
inference_ms,2_7_opt_bag_3,471,1779961464157902557,47.046316695,19.439
inference_ms,2_7_opt_bag_3,472,1779961464263644818,47.152058956000005,19.482
inference_ms,2_7_opt_bag_3,473,1779961464381472546,47.26988668400001,16.829
inference_ms,2_7_opt_bag_3,474,1779961464482258699,47.370672837,14.934
inference_ms,2_7_opt_bag_3,475,1779961464570865164,47.459279302000006,16.695
inference_ms,2_7_opt_bag_3,476,1779961464687869971,47.576284109,20.258
inference_ms,2_7_opt_bag_3,477,1779961464782866667,47.671280805,16.621
inference_ms,2_7_opt_bag_3,478,1779961464887222946,47.775637084,17.382
inference_ms,2_7_opt_bag_3,479,1779961464969922804,47.858336942,21.523
inference_ms,2_7_opt_bag_3,480,1779961465064295728,47.952709866000006,19.003
inference_ms,2_7_opt_bag_3,481,1779961465206430070,48.094844208000005,27.403
inference_ms,2_7_opt_bag_3,482,1779961465260375536,48.148789674,18.823
inference_ms,2_7_opt_bag_3,483,1779961465360627358,48.249041496000004,19.293
inference_ms,2_7_opt_bag_3,484,1779961465452863812,48.341277950000006,19.134
inference_ms,2_7_opt_bag_3,485,1779961465548121338,48.436535476,17.239
inference_ms,2_7_opt_bag_3,486,1779961465649478424,48.537892562,19.586
inference_ms,2_7_opt_bag_3,487,1779961465758252203,48.646666341,14.634
inference_ms,2_7_opt_bag_3,488,1779961465871271781,48.759685919000006,19.337
inference_ms,2_7_opt_bag_3,489,1779961465978186513,48.866600651000006,20.142
inference_ms,2_7_opt_bag_3,490,1779961466066939557,48.95535369500001,21.733
inference_ms,2_7_opt_bag_3,491,1779961466169866176,49.058280314,19.199
inference_ms,2_7_opt_bag_3,492,1779961466255974768,49.144388906,15.413
inference_ms,2_7_opt_bag_3,493,1779961466385787743,49.274201881,19.073
inference_ms,2_7_opt_bag_3,494,1779961466451196773,49.339610911,18.26
inference_ms,2_7_opt_bag_3,495,1779961466578164927,49.466579065000005,20.826
inference_ms,2_7_opt_bag_3,496,1779961466653132382,49.541546520000004,17.298
inference_ms,2_7_opt_bag_3,497,1779961466777548305,49.665962443000005,16.672
inference_ms,2_7_opt_bag_3,498,1779961466888171266,49.776585404,15.803
inference_ms,2_7_opt_bag_3,499,1779961466961095178,49.849509316,18.173
inference_ms,2_7_opt_bag_3,500,1779961467074287073,49.962701211,18.483
inference_ms,2_7_opt_bag_3,501,1779961467159601331,50.048015469000006,14.967
inference_ms,2_7_opt_bag_3,502,1779961467279776483,50.168190621,18.158
inference_ms,2_7_opt_bag_3,503,1779961467384300518,50.272714656000005,21.103
inference_ms,2_7_opt_bag_3,504,1779961467472145199,50.360559337000005,20.122
inference_ms,2_7_opt_bag_3,505,1779961467581280779,50.469694917000005,15.515
inference_ms,2_7_opt_bag_3,506,1779961467662798963,50.551213101,18.766
inference_ms,2_7_opt_bag_3,507,1779961467772583008,50.660997146,21.878
inference_ms,2_7_opt_bag_3,508,1779961467854182246,50.742596384,17.929
inference_ms,2_7_opt_bag_3,509,1779961467984248513,50.872662651000006,19.384
inference_ms,2_7_opt_bag_3,510,1779961468074241202,50.962655340000005,21.597
inference_ms,2_7_opt_bag_3,511,1779961468162061694,51.050475832000004,15.473
inference_ms,2_7_opt_bag_3,512,1779961468253283283,51.141697421,16.887
inference_ms,2_7_opt_bag_3,513,1779961468370859120,51.259273258,29.273
inference_ms,2_7_opt_bag_3,514,1779961468463580953,51.351995091000006,17.653
inference_ms,2_7_opt_bag_3,515,1779961468543699285,51.432113423000004,16.238
inference_ms,2_7_opt_bag_3,516,1779961468670075863,51.558490001,22.591
inference_ms,2_7_opt_bag_3,517,1779961468766761949,51.655176087,17.854
inference_ms,2_7_opt_bag_3,518,1779961468880580087,51.768994225,18.793
inference_ms,2_7_opt_bag_3,519,1779961468951890512,51.84030465,14.911
inference_ms,2_7_opt_bag_3,520,1779961469057144109,51.945558247,20.168
inference_ms,2_7_opt_bag_3,521,1779961469167853503,52.056267641000005,18.444
inference_ms,2_7_opt_bag_3,522,1779961469256997271,52.145411409000005,16.732
inference_ms,2_7_opt_bag_3,523,1779961469387113849,52.275527987000004,19.184
inference_ms,2_7_opt_bag_3,524,1779961469471339976,52.359754114000005,17.337
inference_ms,2_7_opt_bag_3,525,1779961469549885984,52.438300122,18.037
inference_ms,2_7_opt_bag_3,526,1779961469651183825,52.539597963000006,18.557
inference_ms,2_7_opt_bag_3,527,1779961469777837794,52.666251932,15.199
inference_ms,2_7_opt_bag_3,528,1779961469861874199,52.750288337,14.932
inference_ms,2_7_opt_bag_3,529,1779961469970302752,52.858716890000004,25.601
inference_ms,2_7_opt_bag_3,530,1779961470051248471,52.939662609,18.006
inference_ms,2_7_opt_bag_3,531,1779961470169566839,53.05798097700001,17.826
inference_ms,2_7_opt_bag_3,532,1779961470270918511,53.15933264900001,18.725
inference_ms,2_7_opt_bag_3,533,1779961470357167262,53.245581400000006,20.205
inference_ms,2_7_opt_bag_3,534,1779961470479450552,53.367864690000005,16.112
inference_ms,2_7_opt_bag_3,535,1779961470554241343,53.442655481,18.394
inference_ms,2_7_opt_bag_3,536,1779961470642711775,53.531125913000004,15.609
inference_ms,2_7_opt_bag_3,537,1779961470756892643,53.645306781,14.033
inference_ms,2_7_opt_bag_3,538,1779961470854340556,53.742754694000006,14.222
inference_ms,2_7_opt_bag_3,539,1779961470969513374,53.857927512,19.442
inference_ms,2_7_opt_bag_3,540,1779961471074351809,53.962765947,15.757
inference_ms,2_7_opt_bag_3,541,1779961471177503947,54.065918085,17.299
inference_ms,2_7_opt_bag_3,542,1779961471263559547,54.151973685,14.619
inference_ms,2_7_opt_bag_3,543,1779961471382183915,54.270598053,18.518
inference_ms,2_7_opt_bag_3,544,1779961471468622153,54.357036291,17.764
inference_ms,2_7_opt_bag_3,545,1779961471588342992,54.47675713,19.955
inference_ms,2_7_opt_bag_3,546,1779961471667605518,54.556019656000004,19.329
inference_ms,2_7_opt_bag_3,547,1779961471760163017,54.648577155000005,13.1
inference_ms,2_7_opt_bag_3,548,1779961471852920479,54.74133461700001,16.14
inference_ms,2_7_opt_bag_3,549,1779961471960378288,54.848792426,19.701
inference_ms,2_7_opt_bag_3,550,1779961472059999574,54.948413712000004,20.601
inference_ms,2_7_opt_bag_3,551,1779961472150607083,55.039021221000006,17.801
inference_ms,2_7_opt_bag_3,552,1779961472289984299,55.178398437000006,16.344
inference_ms,2_7_opt_bag_3,553,1779961472356994785,55.24540892300001,13.748
inference_ms,2_7_opt_bag_3,554,1779961472451273486,55.33968762400001,20.852
inference_ms,2_7_opt_bag_3,555,1779961472574364704,55.462778842000006,18.371
inference_ms,2_7_opt_bag_3,556,1779961472654893344,55.543307482,17.308
inference_ms,2_7_opt_bag_3,557,1779961472759742825,55.648156963000005,22.279
inference_ms,2_7_opt_bag_3,558,1779961472854700255,55.743114393000006,17.306
inference_ms,2_7_opt_bag_3,559,1779961472955463010,55.843877148000004,15.575
inference_ms,2_7_opt_bag_3,560,1779961473060342422,55.94875656000001,14.612
inference_ms,2_7_opt_bag_3,561,1779961473170241255,56.058655393,15.375
inference_ms,2_7_opt_bag_3,562,1779961473300176943,56.188591081000006,22.421
inference_ms,2_7_opt_bag_3,563,1779961473382628192,56.27104233,16.942
inference_ms,2_7_opt_bag_3,564,1779961473472667811,56.361081949,16.098
inference_ms,2_7_opt_bag_3,565,1779961473592371043,56.480785181,19.868
inference_ms,2_7_opt_bag_3,566,1779961473670211761,56.558625899000006,16.277
inference_ms,2_7_opt_bag_3,567,1779961473762239361,56.650653499,18.966
inference_ms,2_7_opt_bag_3,568,1779961473879345241,56.767759379000005,20.92
inference_ms,2_7_opt_bag_3,569,1779961473959194219,56.847608357000006,20.006
inference_ms,2_7_opt_bag_3,570,1779961474054287809,56.942701947,18.094
inference_ms,2_7_opt_bag_3,571,1779961474152954657,57.041368795000004,17.346
inference_ms,2_7_opt_bag_3,572,1779961474278607413,57.167021551000005,16.887
inference_ms,2_7_opt_bag_3,573,1779961474387777164,57.276191302,19.058
inference_ms,2_7_opt_bag_3,574,1779961474477464974,57.365879112,19.66
inference_ms,2_7_opt_bag_3,575,1779961474574861699,57.463275837000005,20.647
inference_ms,2_7_opt_bag_3,576,1779961474666425621,57.554839759000004,18.117
inference_ms,2_7_opt_bag_3,577,1779961474752714300,57.641128438,15.0
inference_ms,2_7_opt_bag_3,578,1779961474859834057,57.748248195,18.052
inference_ms,2_7_opt_bag_3,579,1779961474981940045,57.870354183,16.655
inference_ms,2_7_opt_bag_3,580,1779961475061633360,57.950047498,14.575
inference_ms,2_7_opt_bag_3,581,1779961475155767661,58.044181799,19.074
inference_ms,2_7_opt_bag_3,582,1779961475264510172,58.15292431,19.563
inference_ms,2_7_opt_bag_3,583,1779961475369901166,58.25831530400001,16.924
inference_ms,2_7_opt_bag_3,584,1779961475454634858,58.343048996,13.995
inference_ms,2_7_opt_bag_3,585,1779961475607081146,58.495495284,15.691
inference_ms,2_7_opt_bag_3,586,1779961475680188717,58.568602855,21.54
inference_ms,2_7_opt_bag_3,587,1779961475808935097,58.697349235000004,22.785
inference_ms,2_7_opt_bag_3,588,1779961475881636778,58.770050916,24.16
inference_ms,2_7_opt_bag_3,589,1779961475964580983,58.852995121000006,17.168
inference_ms,2_7_opt_bag_3,590,1779961476075415864,58.963830002,21.75
inference_ms,2_7_opt_bag_3,591,1779961476179922827,59.068336965,23.299
inference_ms,2_7_opt_bag_3,592,1779961476268153965,59.156568103000005,18.364
inference_ms,2_7_opt_bag_3,593,1779961476353485980,59.241900118000004,16.936
inference_ms,2_7_opt_bag_slow,0,1779955327399195157,0.0,16.801
inference_ms,2_7_opt_bag_slow,1,1779955328370432466,0.971237309,18.321
inference_ms,2_7_opt_bag_slow,2,1779955329340824233,1.9416290760000001,15.302
inference_ms,2_7_opt_bag_slow,3,1779955330341721532,2.9425263750000004,13.658
inference_ms,2_7_opt_bag_slow,4,1779955331358962101,3.959766944,19.414
inference_ms,2_7_opt_bag_slow,5,1779955332364303520,4.965108363000001,14.979
inference_ms,2_7_opt_bag_slow,6,1779955333358253362,5.959058205000001,15.474
inference_ms,2_7_opt_bag_slow,7,1779955334333528720,6.934333563,18.222
inference_ms,2_7_opt_bag_slow,8,1779955335339066052,7.939870895,14.674
inference_ms,2_7_opt_bag_slow,9,1779955336344041675,8.944846518,17.153
inference_ms,2_7_opt_bag_slow,10,1779955337381435896,9.982240739,21.014
inference_ms,2_7_opt_bag_slow,11,1779955338326736413,10.927541256000001,14.488
inference_ms,2_7_opt_bag_slow,12,1779955339359777047,11.96058189,21.065
inference_ms,2_7_opt_bag_slow,13,1779955340361437918,12.962242761,14.803
inference_ms,2_7_opt_bag_slow,14,1779955341362770453,13.963575296,21.186
inference_ms,2_7_opt_bag_slow,15,1779955342377371905,14.978176748000001,18.422
inference_ms,2_7_opt_bag_slow,16,1779955343340414573,15.941219416000001,18.8
inference_ms,2_7_opt_bag_slow,17,1779955344359842839,16.960647682,18.66
inference_ms,2_7_opt_bag_slow,18,1779955345347287641,17.948092484,14.28
inference_ms,2_7_opt_bag_slow,19,1779955346328925301,18.929730144,14.851
inference_ms,2_7_opt_bag_slow,20,1779955347337029255,19.937834098,15.335
inference_ms,2_7_opt_bag_slow,21,1779955348339187892,20.939992735,11.503
inference_ms,2_7_opt_bag_slow,22,1779955349330899577,21.931704420000003,14.841
inference_ms,2_7_opt_bag_slow,23,1779955350347894025,22.948698868,13.278
inference_ms,2_7_opt_bag_slow,24,1779955351372902134,23.973706977000003,15.174
inference_ms,2_7_opt_bag_slow,25,1779955352354818134,24.955622977,15.194
inference_ms,2_7_opt_bag_slow,26,1779955353362267480,25.963072323000002,18.87
inference_ms,2_7_opt_bag_slow,27,1779955354380614098,26.981418941,17.988
inference_ms,2_7_opt_bag_slow,28,1779955355352517170,27.953322013,20.316
inference_ms,2_7_opt_bag_slow,29,1779955356387708950,28.988513793000003,18.95
inference_ms,2_7_opt_bag_slow,30,1779955357369425993,29.970230836000002,18.808
inference_ms,2_7_opt_bag_slow,31,1779955358350747883,30.951552726000003,18.439
inference_ms,2_7_opt_bag_slow,32,1779955359381709954,31.982514797,18.354
inference_ms,2_7_opt_bag_slow,33,1779955360360670090,32.961474933000005,15.329
inference_ms,2_7_opt_bag_slow,34,1779955361354043301,33.954848144,22.058
inference_ms,2_7_opt_bag_slow,35,1779955362343951839,34.944756682000005,19.943
inference_ms,2_7_opt_bag_slow,36,1779955363403011189,36.003816032,33.456
inference_ms,2_7_opt_bag_slow,37,1779955364340378867,36.941183710000004,16.794
inference_ms,2_7_opt_bag_slow,38,1779955365359728996,37.960533839,17.641
inference_ms,2_7_opt_bag_slow,39,1779955366341129011,38.941933854000006,14.397
inference_ms,2_7_opt_bag_slow,40,1779955367340704096,39.941508939,18.966
inference_ms,2_7_opt_bag_slow,41,1779955368343003310,40.943808153,19.211
inference_ms,2_7_opt_bag_slow,42,1779955369365096321,41.965901164,15.417
inference_ms,2_7_opt_bag_slow,43,1779955370425015066,43.025819909000006,14.65
inference_ms,2_7_opt_bag_slow,44,1779955371352066442,43.952871285,16.441
inference_ms,2_7_opt_bag_slow,45,1779955372350383389,44.951188232,15.886
inference_ms,2_7_opt_bag_slow,46,1779955373342555344,45.943360187,19.121
inference_ms,2_7_opt_bag_slow,47,1779955374340539654,46.941344497,16.05
inference_ms,2_7_opt_bag_slow,48,1779955375335381212,47.936186055,14.4
inference_ms,2_7_opt_bag_slow,49,1779955376344939317,48.945744160000004,18.224
inference_ms,2_7_opt_bag_slow,50,1779955377328630764,49.929435607,13.815
inference_ms,2_7_opt_bag_slow,51,1779955378344614402,50.945419245000004,16.589
inference_ms,2_7_opt_bag_slow,52,1779955379368588759,51.969393602000004,13.743
inference_ms,2_7_opt_bag_slow,53,1779955380329405081,52.930209924,14.803
inference_ms,2_7_opt_bag_slow,54,1779955381331960693,53.932765536000005,14.825
inference_ms,2_7_opt_bag_slow,55,1779955382342708146,54.943512989000006,14.016
inference_ms,2_7_opt_bag_slow,56,1779955383356825273,55.957630116000004,14.488
inference_ms,2_7_opt_bag_slow,57,1779955384369009657,56.969814500000005,18.638
inference_ms,2_7_opt_bag_slow,58,1779955385348315694,57.949120537000006,17.48
inference_ms,2_7_opt_bag_slow,59,1779955386345392000,58.946196843,18.625
inference_ms,2_7_opt_bag_slow,60,1779955387330383708,59.931188551000005,13.67
inference_ms,2_7_opt_bag_slow,61,1779955388352865350,60.953670193,20.24
inference_ms,2_7_opt_bag_slow,62,1779955389371622833,61.972427676,19.063
inference_ms,2_7_opt_bag_slow,63,1779955390364761041,62.96556588400001,14.159
inference_ms,2_7_opt_bag_slow,64,1779955391349754566,63.95055940900001,13.297
inference_ms,2_7_opt_bag_slow,65,1779955392339014250,64.939819093,18.614
inference_ms,2_7_opt_bag_slow,66,1779955393340498806,65.941303649,13.555
inference_ms,2_7_opt_bag_slow,67,1779955394328090713,66.928895556,13.605
inference_ms,2_7_opt_bag_slow,68,1779955395349132631,67.94993747400001,14.331
inference_ms,2_7_opt_bag_slow,69,1779955396365627944,68.966432787,15.201
inference_ms,2_7_opt_bag_slow,70,1779955397328955975,69.929760818,12.616
inference_ms,2_7_opt_bag_slow,71,1779955398332293488,70.93309833100001,18.32
inference_ms,2_7_opt_bag_slow,72,1779955399337423832,71.938228675,15.951
inference_ms,2_7_opt_bag_slow,73,1779955400331316985,72.932121828,12.388
inference_ms,2_7_opt_bag_slow,74,1779955401335168687,73.93597353,13.067
inference_ms,2_7_opt_bag_slow,75,1779955402368831607,74.96963645000001,16.978
inference_ms,2_7_opt_bag_slow,76,1779955403353390272,75.954195115,14.296
inference_ms,2_7_opt_bag_slow,77,1779955404355325677,76.95613052,14.674
inference_ms,2_7_opt_bag_slow,78,1779955405356199666,77.957004509,17.385
inference_ms,2_7_opt_bag_slow,79,1779955406362651201,78.96345604400001,17.706
inference_ms,2_7_opt_bag_slow,80,1779955407333706024,79.934510867,18.319
inference_ms,2_7_opt_bag_slow,81,1779955408342198204,80.943003047,17.261
inference_ms,2_7_opt_bag_slow,82,1779955409356100153,81.956904996,17.865
inference_ms,2_7_opt_bag_slow,83,1779955410334058152,82.934862995,16.003
inference_ms,2_7_opt_bag_slow,84,1779955411331231340,83.93203618300001,17.257
inference_ms,2_7_opt_bag_slow,85,1779955412328463615,84.92926845800001,14.303
inference_ms,2_7_opt_bag_slow,86,1779955413349889368,85.950694211,14.445
inference_ms,2_7_opt_bag_slow,87,1779955414371009840,86.971814683,18.61
inference_ms,2_7_opt_bag_slow,88,1779955415331788225,87.932593068,19.314
inference_ms,2_7_opt_bag_slow,89,1779955416341942450,88.94274729300001,19.748
inference_ms,2_7_opt_bag_slow,90,1779955417340856067,89.94166091000001,17.097
inference_ms,2_7_opt_bag_slow,91,1779955418331199844,90.932004687,13.708
inference_ms,2_7_opt_bag_slow,92,1779955419334502481,91.93530732400001,13.93
inference_ms,2_7_opt_bag_slow,93,1779955420332156362,92.93296120500001,16.107
inference_ms,2_7_opt_bag_slow,94,1779955421341936218,93.942741061,11.774
inference_ms,2_7_opt_bag_slow,95,1779955422345040633,94.945845476,16.497
inference_ms,2_7_opt_bag_slow,96,1779955423341177870,95.941982713,14.246
inference_ms,2_7_opt_bag_slow,97,1779955424365705499,96.966510342,18.804
inference_ms,2_7_opt_bag_slow,98,1779955425363051726,97.963856569,14.61
inference_ms,2_7_opt_bag_slow,99,1779955426358294527,98.95909937,16.686
inference_ms,2_7_opt_bag_slow,100,1779955427339923806,99.94072864900001,12.275
inference_ms,2_7_opt_bag_slow,101,1779955428355854664,100.95665950700001,14.191
inference_ms,2_7_opt_bag_slow,102,1779955429339353461,101.94015830400001,14.541
inference_ms,2_7_opt_bag_slow,103,1779955430336226363,102.937031206,14.938
inference_ms,2_7_opt_bag_slow,104,1779955431341681660,103.94248650300001,15.761
inference_ms,2_7_opt_bag_slow,105,1779955432328125933,104.928930776,17.098
inference_ms,2_7_opt_bag_slow,106,1779955433365092402,105.96589724500001,17.173
inference_ms,2_7_opt_bag_slow,107,1779955434368104302,106.96890914500001,17.362
inference_ms,2_7_opt_bag_slow,108,1779955435349489476,107.95029431900001,17.317
inference_ms,2_7_opt_bag_slow,109,1779955436362819978,108.96362482100001,20.627
inference_ms,2_7_opt_bag_slow,110,1779955437336531488,109.93733633100001,18.409
inference_ms,2_7_opt_bag_slow,111,1779955438366496089,110.967300932,17.936
inference_ms,2_7_opt_bag_slow,112,1779955439364011366,111.964816209,14.914
inference_ms,2_7_opt_bag_slow,113,1779955440339520426,112.94032526900001,18.103
inference_ms,2_7_opt_bag_slow,114,1779955441340852677,113.94165752,14.322
inference_ms,2_7_opt_bag_slow,115,1779955442355659804,114.956464647,18.001
inference_ms,2_7_opt_bag_slow,116,1779955443340352416,115.94115725900001,14.25
inference_ms,2_7_opt_bag_slow,117,1779955444330746397,116.93155124,17.524
inference_ms,2_7_opt_bag_slow,118,1779955445349419216,117.950224059,14.056
inference_ms,2_7_opt_bag_slow,119,1779955446350048241,118.950853084,17.197
inference_ms,2_7_opt_bag_slow,120,1779955447358928559,119.95973340200001,17.289
inference_ms,2_7_opt_bag_slow,121,1779955448361906356,120.96271119900001,18.526
inference_ms,2_7_opt_bag_slow,122,1779955449344447745,121.945252588,13.563
inference_ms,2_7_opt_bag_slow,123,1779955450345006612,122.94581145500001,13.733
inference_ms,2_7_opt_bag_slow,124,1779955451349766172,123.95057101500001,13.934
inference_ms,2_7_opt_bag_slow,125,1779955452373233415,124.97403825800001,15.358
inference_ms,2_7_opt_bag_slow,126,1779955453347071581,125.94787642400001,15.734
inference_ms,2_7_opt_bag_slow,127,1779955454338775474,126.93958031700001,12.962
inference_ms,2_7_opt_bag_slow,128,1779955455360230655,127.961035498,16.246
inference_ms,2_7_opt_bag_slow,129,1779955456329594808,128.93039965100002,11.829
inference_ms,2_7_opt_bag_slow,130,1779955457347573178,129.948378021,14.845
inference_ms,2_7_opt_bag_slow,131,1779955458324829342,130.925634185,14.211
inference_ms,2_7_opt_bag_slow,132,1779955459344150475,131.944955318,13.862
inference_ms,2_7_opt_bag_slow,133,1779955460358631307,132.95943615000002,17.158
inference_ms,2_7_opt_bag_slow,134,1779955461348193210,133.948998053,12.147
inference_ms,2_7_opt_bag_slow,135,1779955462366445922,134.96725076500002,15.583
inference_ms,2_7_opt_bag_slow,136,1779955463339629528,135.940434371,14.365
inference_ms,2_7_opt_bag_slow,137,1779955464355419389,136.956224232,18.432
inference_ms,2_7_opt_bag_slow,138,1779955465345969243,137.946774086,16.667
inference_ms,2_7_opt_bag_slow,139,1779955466362326983,138.96313182600002,16.316
inference_ms,2_7_opt_bag_slow,140,1779955467335150019,139.93595486200002,14.01
inference_ms,2_7_opt_bag_slow,141,1779955468341664212,140.942469055,18.06
inference_ms,2_7_opt_bag_slow,142,1779955469325567689,141.92637253200002,13.775
inference_ms,2_7_opt_bag_slow,143,1779955470345120476,142.945925319,21.001
inference_ms,2_7_opt_bag_slow,144,1779955471330566628,143.931371471,14.582
inference_ms,2_7_opt_bag_slow,145,1779955472348799933,144.949604776,16.087
inference_ms,2_7_opt_bag_slow,146,1779955473375321278,145.97612612100002,15.443
inference_ms,2_7_opt_bag_slow,147,1779955474359422651,146.960227494,15.844
inference_ms,2_7_opt_bag_slow,148,1779955475382603379,147.983408222,21.894
inference_ms,2_7_opt_bag_slow,149,1779955476346886263,148.947691106,18.497
inference_ms,2_7_opt_bag_slow,150,1779955477331509385,149.932314228,15.375
inference_ms,2_7_opt_bag_slow,151,1779955478342747035,150.94355187800002,14.941
inference_ms,2_7_opt_bag_slow,152,1779955479361598543,151.962403386,15.1
inference_ms,2_7_opt_bag_slow,153,1779955480346720709,152.947525552,17.885
inference_ms,2_7_opt_bag_slow,154,1779955481348293301,153.949098144,17.493
inference_ms,2_7_opt_bag_slow,155,1779955482373478142,154.974282985,13.967
inference_ms,2_7_opt_bag_slow,156,1779955483343437159,155.944242002,18.346
inference_ms,2_7_opt_bag_slow,157,1779955484368659426,156.969464269,19.297
inference_ms,2_7_opt_bag_slow,158,1779955485358963243,157.959768086,13.942
inference_ms,2_7_opt_bag_slow,159,1779955486368903339,158.969708182,14.651
inference_ms,2_7_opt_bag_slow,160,1779955487334637467,159.93544231,17.332
inference_ms,2_7_opt_bag_slow,161,1779955488344797907,160.94560275,13.669
inference_ms,2_7_opt_bag_slow,162,1779955489360760661,161.96156550400002,14.915
inference_ms,2_7_opt_bag_slow,163,1779955490351684163,162.952489006,13.429
inference_ms,2_7_opt_bag_slow,164,1779955491354815222,163.955620065,14.373
inference_ms,2_7_opt_bag_slow,165,1779955492333368138,164.93417298100002,15.657
inference_ms,2_7_opt_bag_slow,166,1779955493341294461,165.942099304,19.258
inference_ms,2_7_opt_bag_slow,167,1779955494368604018,166.969408861,18.814
inference_ms,2_7_opt_bag_slow,168,1779955495344496781,167.94530162400002,12.491
inference_ms,2_7_opt_bag_slow,169,1779955496366181661,168.966986504,14.332
inference_ms,2_7_opt_bag_slow,170,1779955497330914995,169.93171983800002,17.044
inference_ms,2_7_opt_bag_slow,171,1779955498355065600,170.955870443,16.705
inference_ms,2_7_opt_bag_slow,172,1779955499356674745,171.957479588,15.104
inference_ms,2_7_opt_bag_slow,173,1779955500352791895,172.95359673800002,18.316
inference_ms,2_7_opt_bag_slow,174,1779955501351813160,173.952618003,16.087
inference_ms,2_7_opt_bag_slow,175,1779955502353080012,174.953884855,15.771
inference_ms,2_7_opt_bag_slow,176,1779955503344649036,175.945453879,14.857
inference_ms,2_7_opt_bag_slow,177,1779955504346734354,176.947539197,18.071
inference_ms,2_7_opt_bag_slow,178,1779955505379607805,177.980412648,18.654
inference_ms,2_7_opt_bag_slow,179,1779955506333810515,178.934615358,18.082
inference_ms,2_7_opt_bag_slow,180,1779955507334060835,179.93486567800002,15.309
inference_ms,2_7_opt_bag_slow,181,1779955508328484438,180.92928928100002,17.954
inference_ms,2_7_opt_bag_slow,182,1779955509336329926,181.937134769,14.858
inference_ms,2_7_opt_bag_slow,183,1779955510369064168,182.96986901100001,17.981
inference_ms,2_7_opt_bag_slow,184,1779955511354345236,183.95515007900002,14.894
inference_ms,2_7_opt_bag_slow,185,1779955512341134579,184.94193942200002,14.736
inference_ms,2_7_opt_bag_slow,186,1779955513324849959,185.92565480200003,13.75
inference_ms,2_7_opt_bag_slow,187,1779955514325481956,186.92628679900002,14.141
inference_ms,2_7_opt_bag_slow,188,1779955515342680096,187.943484939,14.697
inference_ms,2_7_opt_bag_slow,189,1779955516354889100,188.955693943,13.199
inference_ms,2_7_opt_bag_slow,190,1779955517349043517,189.94984836,19.951
inference_ms,2_7_opt_bag_slow,191,1779955518377067278,190.97787212100002,16.677
inference_ms,2_7_opt_bag_slow,192,1779955519345862486,191.946667329,11.279
inference_ms,2_7_opt_bag_slow,193,1779955520338672304,192.93947714700002,12.965
inference_ms,2_7_opt_bag_slow,194,1779955521327697921,193.928502764,12.043
inference_ms,2_7_opt_bag_slow,195,1779955522348864212,194.94966905500002,17.336
inference_ms,2_7_opt_bag_slow,196,1779955523331572570,195.932377413,11.439
inference_ms,2_7_opt_bag_slow,197,1779955524348018620,196.94882346300002,18.169
inference_ms,2_7_opt_bag_slow,198,1779955525343960404,197.94476524700002,11.242
inference_ms,2_7_opt_bag_slow,199,1779955526343981037,198.94478588,14.446
inference_ms,2_7_opt_bag_slow,200,1779955527340518441,199.94132328400002,13.393
inference_ms,2_7_opt_bag_slow,201,1779955528350276525,200.95108136800002,13.457
inference_ms,2_7_opt_bag_slow,202,1779955529332309960,201.93311480300002,16.764
inference_ms,2_7_opt_bag_slow,203,1779955530359980152,202.960784995,17.548
inference_ms,2_7_opt_bag_slow,204,1779955531337633304,203.938438147,14.481
inference_ms,2_7_opt_bag_slow,205,1779955532355193260,204.955998103,14.958
inference_ms,2_7_opt_bag_slow,206,1779955533348641087,205.94944593000002,13.961
inference_ms,2_7_opt_bag_slow,207,1779955534351886527,206.95269137000003,13.517
inference_ms,2_7_opt_bag_slow,208,1779955535336270758,207.937075601,14.77
inference_ms,2_7_opt_bag_slow,209,1779955536331701296,208.93250613900003,18.137
inference_ms,2_7_opt_bag_slow,210,1779955537345366260,209.946171103,13.333
inference_ms,2_7_opt_bag_slow,211,1779955538343766291,210.944571134,15.01
inference_ms,2_7_opt_bag_slow,212,1779955539368949226,211.969754069,16.98
inference_ms,2_7_opt_bag_slow,213,1779955540347763853,212.94856869600002,13.183
inference_ms,2_7_opt_bag_slow,214,1779955541336649418,213.937454261,18.513
inference_ms,2_7_opt_bag_slow,215,1779955542369947893,214.970752736,15.467
inference_ms,2_7_opt_bag_slow,216,1779955543344340658,215.945145501,13.257
inference_ms,2_7_opt_bag_slow,217,1779955544341023178,216.94182802100002,18.017
inference_ms,2_7_opt_bag_slow,218,1779955545346455502,217.94726034500002,14.268
inference_ms,2_7_opt_bag_slow,219,1779955546366337239,218.967142082,14.341
inference_ms,2_7_opt_bag_slow,220,1779955547348314060,219.94911890300003,13.831
inference_ms,2_7_opt_bag_slow,221,1779955548332594692,220.933399535,14.312
inference_ms,2_7_opt_bag_slow,222,1779955549329770176,221.930575019,18.55
inference_ms,2_7_opt_bag_slow,223,1779955550329117863,222.929922706,14.782
inference_ms,2_7_opt_bag_slow,224,1779955551383160628,223.983965471,18.084
inference_ms,2_7_opt_bag_slow,225,1779955552355290833,224.95609567600002,18.042
inference_ms,2_7_opt_bag_slow,226,1779955553341486749,225.942291592,14.744
inference_ms,2_7_opt_bag_slow,227,1779955554358536641,226.95934148400002,14.472
inference_ms,2_7_opt_bag_slow,228,1779955555366182430,227.966987273,15.352
inference_ms,2_7_opt_bag_slow,229,1779955556341288800,228.94209364300002,19.485
inference_ms,2_7_opt_bag_slow,230,1779955557348981405,229.949786248,13.875
inference_ms,2_7_opt_bag_slow,231,1779955558333413028,230.93421787100002,16.918
inference_ms,2_7_opt_bag_slow,232,1779955559330645046,231.93144988900002,14.213
inference_ms,2_7_opt_bag_slow,233,1779955560337525443,232.93833028600002,15.082
inference_ms,2_7_opt_bag_slow,234,1779955561364426014,233.96523085700002,17.355
inference_ms,2_7_opt_bag_slow,235,1779955562359256672,234.960061515,16.771
inference_ms,2_7_opt_bag_slow,236,1779955563370267758,235.971072601,14.758
inference_ms,2_7_opt_bag_slow,237,1779955564357533905,236.95833874800002,16.844
inference_ms,2_7_opt_bag_slow,238,1779955565351559448,237.952364291,13.981
inference_ms,2_7_opt_bag_slow,239,1779955566342897069,238.94370191200002,14.964
inference_ms,2_7_opt_bag_slow,240,1779955567380417125,239.98122196800003,17.021
inference_ms,2_7_opt_bag_slow,241,1779955568345302918,240.946107761,18.486
inference_ms,2_7_opt_bag_slow,242,1779955569373510036,241.97431487900002,15.039
inference_ms,2_7_opt_bag_slow,243,1779955570338125445,242.93893028800002,14.998
inference_ms,2_7_opt_bag_slow,244,1779955571359688539,243.960493382,18.224
inference_ms,2_7_opt_bag_slow,245,1779955572343073533,244.94387837600001,14.652
inference_ms,2_7_opt_bag_slow,246,1779955573346580563,245.94738540600002,16.839
inference_ms,2_7_opt_bag_slow,247,1779955574370531316,246.971336159,16.122
inference_ms,2_7_opt_bag_slow,248,1779955575349591287,247.95039613,17.093
inference_ms,2_7_opt_bag_slow,249,1779955576339067542,248.93987238500003,14.906
inference_ms,2_7_opt_bag_slow,250,1779955577331461694,249.932266537,14.842
inference_ms,2_7_opt_bag_slow,251,1779955578372062343,250.972867186,16.7
inference_ms,2_7_opt_bag_slow,252,1779955579344457404,251.94526224700002,13.364
inference_ms,2_7_opt_bag_slow,253,1779955580362270306,252.96307514900002,14.299
inference_ms,2_7_opt_bag_slow,254,1779955581327871303,253.92867614600002,17.524
inference_ms,2_7_opt_bag_slow,255,1779955582339173101,254.93997794400002,16.305
inference_ms,2_7_opt_bag_slow,256,1779955583361306759,255.96211160200002,14.129
inference_ms,2_7_opt_bag_slow,257,1779955584325730615,256.926535458,14.442
inference_ms,2_7_opt_bag_slow,258,1779955585331509717,257.93231456,13.573
inference_ms,2_7_opt_bag_slow,259,1779955586352342248,258.953147091,16.001
inference_ms,2_7_opt_bag_slow,260,1779955587341930348,259.942735191,19.562
inference_ms,2_7_opt_bag_slow,261,1779955588356190554,260.956995397,17.289
inference_ms,2_7_opt_bag_slow,262,1779955589333350832,261.934155675,13.829
inference_ms,2_7_opt_bag_slow,263,1779955590343315977,262.94412082,16.231
inference_ms,2_7_opt_bag_slow,264,1779955591346646937,263.94745178,14.732
inference_ms,2_7_opt_bag_slow,265,1779955592356574727,264.95737957,17.211
inference_ms,2_7_opt_bag_slow,266,1779955593346530550,265.947335393,19.95
inference_ms,2_7_opt_bag_slow,267,1779955594355022727,266.95582757,15.736
inference_ms,2_7_opt_bag_slow,268,1779955595334278590,267.935083433,14.823
inference_ms,2_7_opt_bag_slow,269,1779955596335504403,268.936309246,13.864
inference_ms,2_7_opt_bag_slow,270,1779955597364909625,269.96571446800004,14.642
inference_ms,2_7_opt_bag_slow,271,1779955598367965080,270.968769923,15.184
inference_ms,2_7_opt_bag_slow,272,1779955599342109794,271.942914637,14.506
inference_ms,2_7_opt_bag_slow,273,1779955600354426410,272.955231253,17.332
inference_ms,2_7_opt_bag_slow,274,1779955601328855966,273.92966080900004,14.155
inference_ms,2_7_opt_bag_slow,275,1779955602342891047,274.94369589,15.841
inference_ms,2_7_opt_bag_slow,276,1779955603352408253,275.953213096,13.038
inference_ms,2_7_opt_bag_slow,277,1779955604359019882,276.95982472500003,18.558
inference_ms,2_7_opt_bag_slow,278,1779955605357247359,277.95805220200003,15.303
inference_ms,2_7_opt_bag_slow,279,1779955606349276015,278.95008085800004,17.876
inference_ms,2_7_opt_bag_slow,280,1779955607346440966,279.94724580900004,18.296
inference_ms,2_7_opt_bag_slow,281,1779955608357400617,280.95820546000004,18.544
inference_ms,2_7_opt_bag_slow,282,1779955609358532131,281.959336974,15.016
inference_ms,2_7_opt_bag_slow,283,1779955610357911703,282.958716546,13.97
inference_ms,2_7_opt_bag_slow,284,1779955611339625208,283.940430051,15.939
inference_ms,2_7_opt_bag_slow,285,1779955612331664667,284.93246951000003,13.8
inference_ms,2_7_opt_bag_slow,286,1779955613333017170,285.933822013,14.929
inference_ms,2_7_opt_bag_slow,287,1779955614343951071,286.94475591400004,18.312
inference_ms,2_7_opt_bag_slow,288,1779955615376077599,287.97688244200003,16.769
inference_ms,2_7_opt_bag_slow,289,1779955616337526903,288.938331746,14.792
inference_ms,2_7_opt_bag_slow,290,1779955617349227258,289.95003210100003,15.973
inference_ms,2_7_opt_bag_slow,291,1779955618354132153,290.954936996,15.08
inference_ms,2_7_opt_bag_slow,292,1779955619353395811,291.95420065400003,18.508
inference_ms,2_7_opt_bag_slow,293,1779955620351747765,292.952552608,16.997
inference_ms,2_7_opt_bag_slow,294,1779955621338067954,293.93887279700004,17.342
inference_ms,2_7_opt_bag_slow,295,1779955622386987227,294.98779207,19.122
inference_ms,2_7_opt_bag_slow,296,1779955623327727316,295.92853215900004,13.253
inference_ms,2_7_opt_bag_slow,297,1779955624360252963,296.96105780600004,11.986
inference_ms,2_7_opt_bag_slow,298,1779955625334642474,297.935447317,18.379
inference_ms,2_7_opt_bag_slow,299,1779955626345916744,298.946721587,20.258
inference_ms,2_7_opt_bag_slow,300,1779955627371745046,299.972549889,17.653
inference_ms,2_7_opt_bag_slow,301,1779955628374426473,300.975231316,20.119
inference_ms,2_7_opt_bag_slow,302,1779955629353838581,301.95464342400004,14.106
inference_ms,2_7_opt_bag_slow,303,1779955630329142308,302.929947151,16.645
inference_ms,2_7_opt_bag_slow,304,1779955631356183119,303.956987962,18.521
inference_ms,2_7_opt_bag_slow,305,1779955632364811699,304.965616542,19.172
inference_ms,2_7_opt_bag_slow,306,1779955633354143879,305.95494872200004,17.581
inference_ms,2_7_opt_bag_slow,307,1779955634354842685,306.95564752800004,16.789
inference_ms,2_7_opt_bag_slow,308,1779955635350623707,307.95142855,18.831
inference_ms,2_7_opt_bag_slow,309,1779955636331049471,308.931854314,14.144
inference_ms,2_7_opt_bag_slow,310,1779955637362761013,309.963565856,17.521
inference_ms,2_7_opt_bag_slow,311,1779955638347500946,310.948305789,19.238
inference_ms,2_7_opt_bag_slow,312,1779955639332285484,311.933090327,16.797
inference_ms,2_7_opt_bag_slow,313,1779955640339914141,312.940718984,19.507
inference_ms,2_7_opt_bag_slow,314,1779955641341686954,313.942491797,16.555
inference_ms,2_7_opt_bag_slow,315,1779955642344275434,314.94508027700005,17.289
inference_ms,2_7_opt_bag_slow,316,1779955643348580790,315.949385633,18.547
inference_ms,2_7_opt_bag_slow,317,1779955644343860783,316.944665626,19.605
inference_ms,2_7_opt_bag_slow,318,1779955645376516374,317.977321217,16.71
inference_ms,2_7_opt_bag_slow,319,1779955646350957931,318.95176277400003,18.712
inference_ms,2_7_opt_bag_slow,320,1779955647341781420,319.942586263,13.791
inference_ms,2_7_opt_bag_slow,321,1779955648354558057,320.9553629,14.727
inference_ms,2_7_opt_bag_slow,322,1779955649331773093,321.93257793600003,17.417
inference_ms,2_7_opt_bag_slow,323,1779955650338697792,322.939502635,13.368
inference_ms,2_7_opt_bag_slow,324,1779955651346401969,323.94720681200005,14.307
inference_ms,2_7_opt_bag_slow,325,1779955652338134306,324.938939149,15.985
inference_ms,2_7_opt_bag_slow,326,1779955653362820395,325.963625238,18.387
inference_ms,2_7_opt_bag_slow,327,1779955654340292841,326.941097684,14.361
inference_ms,2_7_opt_bag_slow,328,1779955655342411713,327.94321655600004,18.013
inference_ms,2_7_opt_bag_slow,329,1779955656378266762,328.979071605,31.312
inference_ms,2_7_opt_bag_slow,330,1779955657344122823,329.944927666,15.834
inference_ms,2_7_opt_bag_slow,331,1779955658344260187,330.94506503,16.029
inference_ms,2_7_opt_bag_slow,332,1779955659340943524,331.941748367,18.223
inference_ms,2_7_opt_bag_slow,333,1779955660378923085,332.97972792800005,14.999
inference_ms,2_7_opt_bag_slow,334,1779955661351940327,333.95274517,13.357
inference_ms,2_7_opt_bag_slow,335,1779955662346173124,334.946977967,20.362
inference_ms,2_7_opt_bag_slow,336,1779955663369493333,335.97029817600003,12.278
inference_ms,2_7_opt_bag_slow,337,1779955664359354374,336.960159217,18.081
inference_ms,2_7_opt_bag_slow,338,1779955665367149294,337.96795413700005,19.006
inference_ms,2_7_opt_bag_slow,339,1779955666341843517,338.94264836,13.902
inference_ms,2_7_opt_bag_slow,340,1779955667406866274,340.00767111700003,15.501
inference_ms,2_7_opt_bag_slow,341,1779955668333155109,340.933959952,18.583
inference_ms,2_7_opt_bag_slow,342,1779955669351393769,341.952198612,16.482
inference_ms,2_7_opt_bag_slow,343,1779955670374953113,342.975757956,18.389
inference_ms,2_7_opt_bag_slow,344,1779955671353683650,343.95448849300004,14.291
inference_ms,2_7_opt_bag_slow,345,1779955672339505123,344.94030996600003,15.689
inference_ms,2_7_opt_bag_slow,346,1779955673365864165,345.966669008,14.694
inference_ms,2_7_opt_bag_slow,347,1779955674348453206,346.94925804900004,18.762
inference_ms,2_7_opt_bag_slow,348,1779955675341515939,347.942320782,17.658
inference_ms,2_7_opt_bag_slow,349,1779955676327465326,348.92827016900003,15.064
inference_ms,2_7_opt_bag_slow,350,1779955677377820924,349.97862576700004,24.694
inference_ms,2_7_opt_bag_slow,351,1779955678345479917,350.94628476,15.879
inference_ms,2_7_opt_bag_slow,352,1779955679351452300,351.952257143,14.65
inference_ms,2_7_opt_bag_slow,353,1779955680380755347,352.98156019000004,21.346
inference_ms,2_7_opt_bag_slow,354,1779955681343587094,353.94439193700003,13.875
inference_ms,2_7_opt_bag_slow,355,1779955682353577559,354.954382402,18.517
inference_ms,2_7_opt_bag_slow,356,1779955683348552979,355.949357822,18.871
inference_ms,2_7_opt_bag_slow,357,1779955684391715978,356.992520821,20.412
inference_ms,2_7_opt_bag_slow,358,1779955685353427505,357.954232348,19.623
inference_ms,2_7_opt_bag_slow,359,1779955686347957175,358.948762018,13.947
inference_ms,2_7_opt_bag_slow,360,1779955687346549438,359.947354281,20.035
inference_ms,2_7_opt_bag_slow,361,1779955688359599328,360.96040417100005,15.313
inference_ms,2_7_opt_bag_slow,362,1779955689364704277,361.96550912000004,17.468
inference_ms,2_7_opt_bag_slow,363,1779955690332331256,362.933136099,18.448
inference_ms,2_7_opt_bag_slow,364,1779955691338163398,363.938968241,15.121
inference_ms,2_7_opt_bag_slow,365,1779955692343651702,364.94445654500004,18.871
inference_ms,2_7_opt_bag_slow,366,1779955693331750125,365.93255496800003,18.745
inference_ms,2_7_opt_bag_slow,367,1779955694343615355,366.94442019800005,18.206
inference_ms,2_7_opt_bag_slow,368,1779955695342184362,367.942989205,19.732
inference_ms,2_7_opt_bag_slow,369,1779955696341332261,368.94213710400004,18.266
inference_ms,2_7_opt_bag_slow,370,1779955697359887612,369.960692455,14.15
inference_ms,2_7_opt_bag_slow,371,1779955698333404259,370.934209102,15.002
inference_ms,2_7_opt_bag_slow,372,1779955699339527310,371.94033215300004,14.482
inference_ms,2_7_opt_bag_slow,373,1779955700337070336,372.937875179,17.337
inference_ms,2_7_opt_bag_slow,374,1779955701336225946,373.937030789,17.475
inference_ms,2_7_opt_bag_slow,375,1779955702342970859,374.94377570200004,17.249
inference_ms,2_7_opt_bag_slow,376,1779955703348089804,375.94889464700003,18.408
inference_ms,2_7_opt_bag_slow,377,1779955704354680910,376.955485753,17.889
inference_ms,2_7_opt_bag_slow,378,1779955705332246111,377.933050954,17.597
inference_ms,2_7_opt_bag_slow,379,1779955706339626763,378.940431606,18.481
inference_ms,2_7_opt_bag_slow,380,1779955707361907995,379.962712838,14.316
inference_ms,2_7_opt_bag_slow,381,1779955708332659327,380.93346417000004,13.256
inference_ms,2_7_opt_bag_slow,382,1779955709363682777,381.96448762,14.609
inference_ms,2_7_opt_bag_slow,383,1779955710346257210,382.947062053,16.457
inference_ms,2_7_opt_bag_slow,384,1779955711328490421,383.929295264,14.954
inference_ms,2_7_opt_bag_slow,385,1779955712370487746,384.97129258900003,14.975
inference_ms,2_7_opt_bag_slow,386,1779955713377504552,385.978309395,17.837
inference_ms,2_7_opt_bag_slow,387,1779955714353837147,386.95464199,13.478
inference_ms,2_7_opt_bag_slow,388,1779955715348893529,387.949698372,15.778
inference_ms,2_7_opt_bag_slow,389,1779955716346137930,388.94694277300005,17.501
inference_ms,2_7_opt_bag_slow,390,1779955717351306405,389.95211124800005,17.778
inference_ms,2_7_opt_bag_slow,391,1779955718346257184,390.947062027,18.937
inference_ms,2_7_opt_bag_slow,392,1779955719359272923,391.96007776600004,13.761
inference_ms,2_7_opt_bag_slow,393,1779955720355591664,392.956396507,15.137
inference_ms,2_7_opt_bag_slow,394,1779955721346940851,393.94774569400005,19.524
inference_ms,2_7_opt_bag_slow,395,1779955722370306530,394.97111137300004,18.595
inference_ms,2_7_opt_bag_slow,396,1779955723348100067,395.94890491,17.111
inference_ms,2_7_opt_bag_slow,397,1779955724333136562,396.93394140500004,15.092
inference_ms,2_7_opt_bag_slow,398,1779955725342335763,397.94314060600004,19.146
inference_ms,2_7_opt_bag_slow,399,1779955726347251249,398.948056092,13.973
inference_ms,2_7_opt_bag_slow,400,1779955727358722167,399.95952701000004,17.655
inference_ms,2_7_opt_bag_slow,401,1779955728333477633,400.934282476,18.561
inference_ms,2_7_opt_bag_slow,402,1779955729385123499,401.985928342,13.749
inference_ms,2_7_opt_bag_slow,403,1779955730354329918,402.955134761,19.254
inference_ms,2_7_opt_bag_slow,404,1779955731365157245,403.965962088,16.204
inference_ms,2_7_opt_bag_slow,405,1779955732341595976,404.942400819,17.156
inference_ms,2_7_opt_bag_slow,406,1779955733339945855,405.94075069800004,18.599
inference_ms,2_7_opt_bag_slow,407,1779955734343193944,406.943998787,16.127
inference_ms,2_7_opt_bag_slow,408,1779955735369480616,407.970285459,16.82
inference_ms,2_7_opt_bag_slow,409,1779955736333205268,408.934010111,17.091
inference_ms,2_7_opt_bag_slow,410,1779955737347425129,409.94822997200004,16.516
inference_ms,2_7_opt_bag_slow,411,1779955738355293558,410.956098401,14.159
inference_ms,2_7_opt_bag_slow,412,1779955739342012791,411.94281763400005,18.116
inference_ms,2_7_opt_bag_slow,413,1779955740341151799,412.94195664200004,15.588
inference_ms,2_7_opt_bag_slow,414,1779955741354535615,413.955340458,16.918
inference_ms,2_7_opt_bag_slow,415,1779955742367007387,414.96781223000005,15.678
inference_ms,2_7_opt_bag_slow,416,1779955743376184045,415.97698888800005,15.92
inference_ms,2_7_opt_bag_slow,417,1779955744358632329,416.95943717200004,14.983
inference_ms,2_7_opt_bag_slow,418,1779955745346498838,417.94730368100005,15.201
inference_ms,2_7_opt_bag_slow,419,1779955746360251530,418.961056373,19.217
inference_ms,2_7_opt_bag_slow,420,1779955747362897036,419.96370187900004,15.223
inference_ms,2_7_opt_bag_slow,421,1779955748370642009,420.97144685200004,18.594
inference_ms,2_7_opt_bag_slow,422,1779955749351959548,421.952764391,18.576
inference_ms,2_7_opt_bag_slow,423,1779955750328129284,422.92893412700005,14.161
inference_ms,2_7_opt_bag_slow,424,1779955751346021162,423.94682600500005,15.94
inference_ms,2_7_opt_bag_slow,425,1779955752345314939,424.94611978200004,18.671
inference_ms,2_7_opt_bag_slow,426,1779955753340337952,425.941142795,15.435
inference_ms,2_7_opt_bag_slow,427,1779955754335938746,426.936743589,14.312
inference_ms,2_7_opt_bag_slow,428,1779955755370855596,427.971660439,15.161
inference_ms,2_7_opt_bag_slow,429,1779955756352641886,428.953446729,19.243
inference_ms,2_7_opt_bag_slow,430,1779955757328750948,429.92955579100004,14.415
inference_ms,2_7_opt_bag_slow,431,1779955758342569256,430.94337409900004,16.398
inference_ms,2_7_opt_bag_slow,432,1779955759341610127,431.94241497,15.875
inference_ms,2_7_opt_bag_slow,433,1779955760361386973,432.96219181600003,18.045
inference_ms,2_7_opt_bag_slow,434,1779955761353461554,433.954266397,18.42
inference_ms,2_7_opt_bag_slow,435,1779955762365535365,434.966340208,16.011
inference_ms,2_7_opt_bag_slow,436,1779955763344587852,435.945392695,15.802
inference_ms,2_7_opt_bag_slow,437,1779955764357853198,436.95865804100004,17.998
inference_ms,2_7_opt_bag_slow,438,1779955765399620031,438.00042487400003,19.269
inference_ms,2_7_opt_bag_slow,439,1779955766345693343,438.94649818600004,14.993
inference_ms,2_7_opt_bag_slow,440,1779955767344271199,439.94507604200004,22.169
inference_ms,2_7_opt_bag_slow,441,1779955768382518043,440.98332288600005,14.493
inference_ms,2_7_opt_bag_slow,442,1779955769375842632,441.97664747500005,16.239
inference_ms,2_7_opt_bag_slow,443,1779955770375238411,442.97604325400005,14.777
inference_ms,2_7_opt_bag_slow,444,1779955771326500083,443.92730492600003,14.07
inference_ms,2_7_opt_bag_slow,445,1779955772344644749,444.94544959200005,14.729
inference_ms,2_7_opt_bag_slow,446,1779955773349303816,445.950108659,18.94
inference_ms,2_7_opt_bag_slow,447,1779955774344634367,446.94543921,16.763
inference_ms,2_7_opt_bag_slow,448,1779955775329814622,447.930619465,14.954
inference_ms,2_7_opt_bag_slow,449,1779955776329968212,448.93077305500003,14.053
inference_ms,2_7_opt_bag_slow,450,1779955777333847549,449.93465239200003,17.558
inference_ms,2_7_opt_bag_slow,451,1779955778343195163,450.944000006,14.963
inference_ms,2_7_opt_bag_slow,452,1779955779350174181,451.95097902400005,19.145
inference_ms,2_7_opt_bag_slow,453,1779955780337362953,452.938167796,16.782
inference_ms,2_7_opt_bag_slow,454,1779955781334287244,453.93509208700004,19.018
inference_ms,2_7_opt_bag_slow,455,1779955782349005486,454.949810329,15.864
inference_ms,2_7_opt_bag_slow,456,1779955783338361012,455.93916585500006,13.222
inference_ms,2_7_opt_bag_slow,457,1779955784347900798,456.948705641,16.206
inference_ms,2_7_opt_bag_slow,458,1779955785342613668,457.943418511,16.742
inference_ms,2_7_opt_bag_slow,459,1779955786333470071,458.934274914,15.154
inference_ms,2_7_opt_bag_slow,460,1779955787349600961,459.950405804,15.611
inference_ms,2_7_opt_bag_slow,461,1779955788347044685,460.947849528,14.898
inference_ms,2_7_opt_bag_slow,462,1779955789360467902,461.96127274500003,14.681
inference_ms,2_7_opt_bag_slow,463,1779955790329069234,462.929874077,14.573
inference_ms,2_7_opt_bag_slow,464,1779955791364157595,463.96496243800004,17.651
inference_ms,2_7_opt_bag_slow,465,1779955792330830935,464.93163577800004,14.341
inference_ms,2_7_opt_bag_slow,466,1779955793368238120,465.96904296300005,17.614
inference_ms,2_7_opt_bag_slow,467,1779955794333092593,466.93389743600005,14.591
inference_ms,2_7_opt_bag_slow,468,1779955795354385359,467.95519020200004,14.109
inference_ms,2_7_opt_bag_slow,469,1779955796345275229,468.94608007200003,19.208
inference_ms,2_7_opt_bag_slow,470,1779955797335793247,469.93659809,14.417
inference_ms,2_7_opt_bag_slow,471,1779955798346116682,470.94692152500005,15.046
inference_ms,2_7_opt_bag_slow,472,1779955799374482909,471.97528775200004,20.233
inference_ms,2_7_opt_bag_slow,473,1779955800344450972,472.94525581500005,15.231
inference_ms,2_7_opt_bag_slow,474,1779955801355053589,473.955858432,14.891
inference_ms,2_7_opt_bag_slow,475,1779955802357063470,474.957868313,15.43
inference_ms,2_7_opt_bag_slow,476,1779955803334228725,475.93503356800005,16.457
inference_ms,2_7_opt_bag_slow,477,1779955804337284894,476.93808973700004,16.313
inference_ms,2_7_opt_bag_slow,478,1779955805338496431,477.939301274,15.064
inference_ms,2_7_opt_bag_slow,479,1779955806347088647,478.94789349,14.882
inference_ms,2_7_opt_bag_slow,480,1779955807337383180,479.938188023,13.857
inference_ms,2_7_opt_bag_slow,481,1779955808350535169,480.951340012,19.677
inference_ms,2_7_opt_bag_slow,482,1779955809337563497,481.93836834,15.599
inference_ms,2_7_opt_bag_slow,483,1779955810350381298,482.95118614100005,17.538
inference_ms,2_7_opt_bag_slow,484,1779955811336226116,483.937030959,14.712
inference_ms,2_7_opt_bag_slow,485,1779955812372685798,484.973490641,17.705
inference_ms,2_7_opt_bag_slow,486,1779955813345747952,485.946552795,17.785
inference_ms,2_7_opt_bag_slow,487,1779955814344776056,486.94558089900005,14.92
inference_ms,2_7_opt_bag_slow,488,1779955815373948850,487.974753693,18.01
inference_ms,2_7_opt_bag_slow,489,1779955816345799750,488.946604593,15.612
inference_ms,2_7_opt_bag_slow,490,1779955817353875614,489.95468045700005,15.919
inference_ms,2_7_opt_bag_slow,491,1779955818362342887,490.96314773,18.54
inference_ms,2_7_opt_bag_slow,492,1779955819336341009,491.937145852,14.413
inference_ms,2_7_opt_bag_slow,493,1779955820356328359,492.957133202,18.448
inference_ms,2_7_opt_bag_slow,494,1779955821350292025,493.95109686800004,16.845
inference_ms,2_7_opt_bag_slow,495,1779955822328438086,494.92924292900005,13.749
inference_ms,2_7_opt_bag_slow,496,1779955823368782992,495.969587835,15.351
inference_ms,2_7_opt_bag_slow,497,1779955824375153117,496.97595796,14.719
inference_ms,2_7_opt_bag_slow,498,1779955825373889186,497.97469402900003,14.004
inference_ms,2_7_opt_bag_slow,499,1779955826347685573,498.948490416,18.583
inference_ms,2_7_opt_bag_slow,500,1779955827359870287,499.96067513,18.703
inference_ms,2_7_opt_bag_slow,501,1779955828367557351,500.968362194,16.022
inference_ms,2_7_opt_bag_slow,502,1779955829365747068,501.966551911,19.666
inference_ms,2_7_opt_bag_slow,503,1779955830328712495,502.92951733800004,14.085
inference_ms,2_7_opt_bag_slow,504,1779955831354114676,503.95491951900004,18.624
inference_ms,2_7_opt_bag_slow,505,1779955832335924690,504.936729533,17.292
inference_ms,2_7_opt_bag_slow,506,1779955833364875998,505.96568084100005,14.116
inference_ms,2_7_opt_bag_slow,507,1779955834361468409,506.96227325200005,13.389
inference_ms,2_7_opt_bag_slow,508,1779955835359022216,507.959827059,17.878
inference_ms,2_7_opt_bag_slow,509,1779955836339864994,508.94066983700003,14.481
inference_ms,2_7_opt_bag_slow,510,1779955837335898523,509.936703366,18.042
inference_ms,2_7_opt_bag_slow,511,1779955838334355949,510.93516079200003,17.754
inference_ms,2_7_opt_bag_slow,512,1779955839332729445,511.93353428800003,14.004
inference_ms,2_7_opt_bag_slow,513,1779955840334464175,512.935269018,16.755
inference_ms,2_7_opt_bag_slow,514,1779955841379158045,513.979962888,13.955
inference_ms,2_7_opt_bag_slow,515,1779955842331789281,514.932594124,14.475
inference_ms,2_7_opt_bag_slow,516,1779955843350543848,515.951348691,13.289
inference_ms,2_7_opt_bag_slow,517,1779955844338557017,516.9393618600001,17.68
inference_ms,2_7_opt_bag_slow,518,1779955845341294071,517.942098914,16.693
inference_ms,2_7_opt_bag_slow,519,1779955846335224321,518.936029164,18.425
inference_ms,2_7_opt_bag_slow,520,1779955847362654552,519.9634593950001,18.311
inference_ms,2_7_opt_bag_slow,521,1779955848380409419,520.981214262,18.89
inference_ms,2_7_opt_bag_slow,522,1779955849328781924,521.929586767,13.362
inference_ms,2_7_opt_bag_slow,523,1779955850370167794,522.970972637,15.382
inference_ms,2_7_opt_bag_slow,524,1779955851334907016,523.935711859,17.163
inference_ms,2_7_opt_bag_slow,525,1779955852343687811,524.944492654,16.383
inference_ms,2_7_opt_bag_slow,526,1779955853346584474,525.947389317,15.104
inference_ms,2_7_opt_bag_slow,527,1779955854351119436,526.9519242790001,18.586
inference_ms,2_7_opt_bag_slow,528,1779955855367551076,527.968355919,14.44
inference_ms,2_7_opt_bag_slow,529,1779955856359777327,528.9605821700001,18.58
inference_ms,2_7_opt_bag_slow,530,1779955857345206268,529.9460111110001,14.837
inference_ms,2_7_opt_bag_slow,531,1779955858368561744,530.9693665870001,14.838
inference_ms,2_7_opt_bag_slow,532,1779955859349358708,531.9501635510001,18.002
inference_ms,2_7_opt_bag_slow,533,1779955860364211717,532.96501656,14.366
inference_ms,2_7_opt_bag_slow,534,1779955861352846716,533.953651559,17.357
inference_ms,2_7_opt_bag_slow,535,1779955862343640479,534.944445322,15.857
inference_ms,2_7_opt_bag_slow,536,1779955863349324153,535.950128996,17.316
inference_ms,2_7_opt_bag_slow,537,1779955864340138081,536.9409429240001,13.635
inference_ms,2_7_opt_bag_slow,538,1779955865335828392,537.936633235,14.119
inference_ms,2_7_opt_bag_slow,539,1779955866370997810,538.971802653,17.562
inference_ms,2_7_opt_bag_slow,540,1779955867343477656,539.944282499,14.453
inference_ms,2_7_opt_bag_slow,541,1779955868349408721,540.950213564,17.191
inference_ms,2_7_opt_bag_slow,542,1779955869357684563,541.958489406,17.761
inference_ms,2_7_opt_bag_slow,543,1779955870387622061,542.988426904,17.608
inference_ms,2_7_opt_bag_slow,544,1779955871345774528,543.946579371,14.955
inference_ms,2_7_opt_bag_slow,545,1779955872344051904,544.944856747,18.565
inference_ms,2_7_opt_bag_slow,546,1779955873343386924,545.944191767,15.332
inference_ms,2_7_opt_bag_slow,547,1779955874337496989,546.938301832,13.792
inference_ms,2_7_opt_bag_slow,548,1779955875333052711,547.933857554,14.383
inference_ms,2_7_opt_bag_slow,549,1779955876392316119,548.993120962,15.23
inference_ms,2_7_opt_bag_slow,550,1779955877385037061,549.985841904,18.35
inference_ms,2_7_opt_bag_slow,551,1779955878354271430,550.955076273,15.996
inference_ms,2_7_opt_bag_slow,552,1779955879343432734,551.9442375770001,14.316
inference_ms,2_7_opt_bag_slow,553,1779955880347210708,552.948015551,14.157
inference_ms,2_7_opt_bag_slow,554,1779955881349837482,553.950642325,19.228
inference_ms,2_7_opt_bag_slow,555,1779955882348466458,554.9492713010001,16.28
inference_ms,2_7_opt_bag_slow,556,1779955883358448428,555.9592532710001,16.803
inference_ms,2_7_opt_bag_slow,557,1779955884343569630,556.944374473,14.653
inference_ms,2_7_opt_bag_slow,558,1779955885339979826,557.940784669,14.058
inference_ms,2_7_opt_bag_slow,559,1779955886344605968,558.945410811,16.411
inference_ms,2_7_opt_bag_slow,560,1779955887337222888,559.938027731,14.257
inference_ms,2_7_opt_bag_slow,561,1779955888355533845,560.9563386880001,17.005
inference_ms,2_7_opt_bag_slow,562,1779955889342939878,561.943744721,17.395
inference_ms,2_7_opt_bag_slow,563,1779955890348605449,562.949410292,14.616
inference_ms,2_7_opt_bag_slow,564,1779955891352931567,563.95373641,14.036
inference_ms,2_7_opt_bag_slow,565,1779955892330612441,564.9314172840001,14.654
inference_ms,2_7_opt_bag_slow,566,1779955893345007670,565.9458125130001,15.514
inference_ms,2_7_opt_bag_slow,567,1779955894348219700,566.9490245430001,16.445
inference_ms,2_7_opt_bag_slow,568,1779955895374178747,567.9749835900001,16.453
inference_ms,2_7_opt_bag_slow,569,1779955896362278193,568.9630830360001,14.629
inference_ms,2_7_opt_bag_slow,570,1779955897382535664,569.983340507,15.477
inference_ms,2_7_opt_bag_slow,571,1779955898343508244,570.9443130870001,15.045
inference_ms,2_7_opt_bag_slow,572,1779955899362523668,571.963328511,19.033
inference_ms,2_7_opt_bag_slow,573,1779955900336992193,572.937797036,13.777
inference_ms,2_7_opt_bag_slow,574,1779955901376473629,573.9772784720001,17.008
inference_ms,2_7_opt_bag_slow,575,1779955902435914473,575.036719316,15.669
inference_ms,2_7_opt_bag_slow,576,1779955903330625268,575.931430111,13.79
inference_ms,2_7_opt_bag_slow,577,1779955904344395005,576.945199848,19.566
inference_ms,2_7_opt_bag_slow,578,1779955905341401199,577.9422060420001,14.868
inference_ms,2_7_opt_bag_slow,579,1779955906371355961,578.972160804,14.489
inference_ms,2_7_opt_bag_slow,580,1779955907343721484,579.9445263270001,20.187
inference_ms,2_7_opt_bag_slow,581,1779955908360546483,580.961351326,15.42
inference_ms,2_7_opt_bag_slow,582,1779955909367883254,581.968688097,15.932
inference_ms,2_7_opt_bag_slow,583,1779955910371815209,582.972620052,16.362
inference_ms,2_7_opt_bag_slow,584,1779955911347344936,583.948149779,15.333
inference_ms,2_7_opt_bag_slow,585,1779955912324895129,584.9256999720001,14.224
inference_ms,2_7_opt_bag_slow,586,1779955913330894455,585.931699298,14.416
inference_ms,2_7_opt_bag_slow,587,1779955914336351370,586.937156213,17.444
inference_ms,2_7_opt_bag_slow,588,1779955915340803446,587.941608289,14.056
inference_ms,2_7_opt_bag_slow,589,1779955916354935413,588.955740256,14.176
inference_ms,2_7_opt_bag_slow,590,1779955917342370722,589.943175565,18.02
inference_ms,2_7_opt_bag_slow,591,1779955918343120326,590.9439251690001,16.792
inference_ms,2_7_opt_bag_slow,592,1779955919365013781,591.965818624,14.726
inference_ms,2_7_opt_bag_slow,593,1779955920345692515,592.946497358,20.018
inference_ms,2_7_opt_bag_slow,594,1779955921345847671,593.946652514,18.576
