metric,bag,sample_index,timestamp_ns,time_from_start_s,latency_ms
postprocess_ms,2_7_r01_t1,0,1780387959564683926,0.0,1.161
postprocess_ms,2_7_r01_t1,1,1780387960528623213,0.9639392870000001,0.997
postprocess_ms,2_7_r01_t1,2,1780387961501750817,1.9370668910000002,2.395
postprocess_ms,2_7_r01_t1,3,1780387962502719973,2.938036047,0.909
postprocess_ms,2_7_r01_t1,4,1780387963494534526,3.9298506000000004,2.728
postprocess_ms,2_7_r01_t1,5,1780387964499223976,4.934540050000001,0.965
postprocess_ms,2_7_r01_t1,6,1780387965514007200,5.949323274,1.237
postprocess_ms,2_7_r01_t1,7,1780387966496215787,6.931531861000001,1.211
postprocess_ms,2_7_r01_t1,8,1780387967491818728,7.927134802,1.038
postprocess_ms,2_7_r01_t1,9,1780387968523051807,8.958367881000001,0.641
postprocess_ms,2_7_r01_t1,10,1780387969526107296,9.96142337,1.139
postprocess_ms,2_7_r01_t1,11,1780387970506665798,10.941981872000001,13.71
postprocess_ms,2_7_r01_t1,12,1780387971494798262,11.930114336,1.092
postprocess_ms,2_7_r01_t1,13,1780387972505916195,12.941232269,0.682
postprocess_ms,2_7_r01_t1,14,1780387973514807192,13.950123266,1.706
postprocess_ms,2_7_r01_t1,15,1780387974535311854,14.970627928,1.687
postprocess_ms,2_7_r01_t1,16,1780387975505304327,15.940620401,1.34
postprocess_ms,2_7_r01_t1,17,1780387976516101001,16.951417075000002,2.631
postprocess_ms,2_7_r01_t1,18,1780387977513766363,17.949082437,1.442
postprocess_ms,2_7_r01_t1,19,1780387978495760665,18.931076739,0.547
postprocess_ms,2_7_r01_t1,20,1780387979493957348,19.929273422,0.901
postprocess_ms,2_7_r01_t1,21,1780387980534074610,20.969390684,0.857
postprocess_ms,2_7_r01_t1,22,1780387981492550506,21.92786658,0.661
postprocess_ms,2_7_r01_t1,23,1780387982519122788,22.954438862,0.994
postprocess_ms,2_7_r01_t1,24,1780387983502971058,23.938287132000003,0.872
postprocess_ms,2_7_r01_t1,25,1780387984499579348,24.934895422,1.126
postprocess_ms,2_7_r01_t1,26,1780387985515754002,25.951070076,1.041
postprocess_ms,2_7_r01_t1,27,1780387986515968586,26.951284660000002,0.834
postprocess_ms,2_7_r01_t1,28,1780387987500012503,27.935328577000003,0.746
postprocess_ms,2_7_r01_t1,29,1780387988513751691,28.949067765000002,0.666
postprocess_ms,2_7_r01_t1,30,1780387989507995667,29.943311741000002,0.86
postprocess_ms,2_7_r01_t1,31,1780387990528834538,30.964150612,0.562
postprocess_ms,2_7_r01_t1,32,1780387991530201605,31.965517679,0.864
postprocess_ms,2_7_r01_t1,33,1780387992505783345,32.941099419000004,0.938
postprocess_ms,2_7_r01_t1,34,1780387993490806187,33.926122261,1.722
postprocess_ms,2_7_r01_t1,35,1780387994521102562,34.956418636,0.958
postprocess_ms,2_7_r01_t1,36,1780387995491615390,35.926931464,0.645
postprocess_ms,2_7_r01_t1,37,1780387996500146666,36.935462740000006,1.453
postprocess_ms,2_7_r01_t1,38,1780387997523787472,37.959103546,0.736
postprocess_ms,2_7_r01_t1,39,1780387998520183506,38.95549958,1.512
postprocess_ms,2_7_r01_t1,40,1780387999500777186,39.93609326,2.594
postprocess_ms,2_7_r01_t1,41,1780388000499681130,40.934997204000005,1.12
postprocess_ms,2_7_r01_t1,42,1780388001523920138,41.959236212,2.253
postprocess_ms,2_7_r01_t1,43,1780388002504835818,42.940151892,0.961
postprocess_ms,2_7_r01_t1,44,1780388003540884220,43.976200294,0.659
postprocess_ms,2_7_r01_t1,45,1780388004516451235,44.951767309000005,2.54
postprocess_ms,2_7_r01_t1,46,1780388005500886184,45.936202258,1.196
postprocess_ms,2_7_r01_t1,47,1780388006508300823,46.943616897000005,1.742
postprocess_ms,2_7_r01_t1,48,1780388007531337695,47.966653769000004,1.99
postprocess_ms,2_7_r01_t1,49,1780388008532347146,48.967663220000006,1.538
postprocess_ms,2_7_r01_t1,50,1780388009494971787,49.930287861000004,0.88
postprocess_ms,2_7_r01_t1,51,1780388010539566734,50.974882808000004,1.411
postprocess_ms,2_7_r01_t1,52,1780388011517094456,51.95241053,3.915
postprocess_ms,2_7_r01_t1,53,1780388012502016642,52.937332716,0.914
postprocess_ms,2_7_r01_t1,54,1780388013491814064,53.927130138,1.043
postprocess_ms,2_7_r01_t1,55,1780388014516121545,54.951437619000004,0.875
postprocess_ms,2_7_r01_t1,56,1780388015500951943,55.936268017,0.818
postprocess_ms,2_7_r01_t1,57,1780388016523657927,56.958974001,1.484
postprocess_ms,2_7_r01_t1,58,1780388017507891018,57.943207092,2.869
postprocess_ms,2_7_r01_t1,59,1780388018519499144,58.954815218,0.588
postprocess_ms,2_7_r01_t1,60,1780388019509554618,59.944870692,0.859
postprocess_ms,2_7_r01_t1,61,1780388020520301786,60.955617860000004,0.836
postprocess_ms,2_7_r01_t1,62,1780388021495970104,61.931286178,0.691
postprocess_ms,2_7_r01_t1,63,1780388022503671596,62.93898767,0.896
postprocess_ms,2_7_r01_t1,64,1780388023507135082,63.942451156000004,0.583
postprocess_ms,2_7_r01_t1,65,1780388024488041124,64.923357198,0.764
postprocess_ms,2_7_r01_t1,66,1780388025502475978,65.937792052,2.809
postprocess_ms,2_7_r01_t1,67,1780388026532300421,66.967616495,2.472
postprocess_ms,2_7_r01_t1,68,1780388027491458889,67.926774963,1.809
postprocess_ms,2_7_r01_t1,69,1780388028490959881,68.92627595500001,1.52
postprocess_ms,2_7_r01_t1,70,1780388029511074340,69.946390414,0.985
postprocess_ms,2_7_r01_t1,71,1780388030489540283,70.92485635700001,0.647
postprocess_ms,2_7_r01_t1,72,1780388031503855274,71.939171348,2.969
postprocess_ms,2_7_r01_t1,73,1780388032498606094,72.93392216800001,1.279
postprocess_ms,2_7_r01_t1,74,1780388033502555454,73.937871528,1.068
postprocess_ms,2_7_r01_t1,75,1780388034503581538,74.938897612,0.759
postprocess_ms,2_7_r01_t1,76,1780388035540854011,75.976170085,1.242
postprocess_ms,2_7_r01_t1,77,1780388036520821126,76.9561372,2.709
postprocess_ms,2_7_r01_t1,78,1780388037514333526,77.9496496,1.139
postprocess_ms,2_7_r01_t1,79,1780388038500517540,78.935833614,2.404
postprocess_ms,2_7_r01_t1,80,1780388039491352328,79.926668402,1.193
postprocess_ms,2_7_r01_t1,81,1780388040508554229,80.94387030300001,0.859
postprocess_ms,2_7_r01_t1,82,1780388041514978129,81.950294203,1.285
postprocess_ms,2_7_r01_t1,83,1780388042490959877,82.92627595100001,0.676
postprocess_ms,2_7_r01_t1,84,1780388043512441529,83.947757603,1.176
postprocess_ms,2_7_r01_t1,85,1780388044503920476,84.93923655,0.639
postprocess_ms,2_7_r01_t1,86,1780388045481932179,85.91724825300001,1.415
postprocess_ms,2_7_r01_t1,87,1780388046528936202,86.96425227600001,1.24
postprocess_ms,2_7_r01_t1,88,1780388047495007324,87.930323398,0.994
postprocess_ms,2_7_r01_t1,89,1780388048523097647,88.958413721,1.257
postprocess_ms,2_7_r01_t1,90,1780388049531027308,89.966343382,0.661
postprocess_ms,2_7_r01_t1,91,1780388050502624017,90.937940091,1.952
postprocess_ms,2_7_r01_t1,92,1780388051512780454,91.94809652800001,0.87
postprocess_ms,2_7_r01_t1,93,1780388052516361151,92.95167722500001,1.228
postprocess_ms,2_7_r01_t1,94,1780388053515559457,93.95087553100001,1.603
postprocess_ms,2_7_r01_t1,95,1780388054525942782,94.961258856,1.753
postprocess_ms,2_7_r01_t1,96,1780388055498624742,95.933940816,0.701
postprocess_ms,2_7_r01_t1,97,1780388056500924660,96.93624073400001,0.871
postprocess_ms,2_7_r01_t1,98,1780388057525627980,97.96094405400001,0.965
postprocess_ms,2_7_r01_t1,99,1780388058490112204,98.92542827800001,0.939
postprocess_ms,2_7_r01_t1,100,1780388059500867706,99.93618378000001,1.299
postprocess_ms,2_7_r01_t1,101,1780388060535779668,100.971095742,0.808
postprocess_ms,2_7_r01_t1,102,1780388061499677732,101.93499380600001,1.427
postprocess_ms,2_7_r01_t1,103,1780388062496744926,102.932061,0.582
postprocess_ms,2_7_r01_t1,104,1780388063498109021,103.933425095,0.977
postprocess_ms,2_7_r01_t1,105,1780388064512739096,104.94805517,0.943
postprocess_ms,2_7_r01_t1,106,1780388065511737395,105.94705346900001,5.208
postprocess_ms,2_7_r01_t1,107,1780388066493120192,106.928436266,0.651
postprocess_ms,2_7_r01_t1,108,1780388067493604680,107.928920754,2.719
postprocess_ms,2_7_r01_t1,109,1780388068496136899,108.931452973,0.863
postprocess_ms,2_7_r01_t1,110,1780388069494900689,109.930216763,1.061
postprocess_ms,2_7_r01_t1,111,1780388070534362410,110.96967848400001,2.756
postprocess_ms,2_7_r01_t1,112,1780388071526084066,111.96140014000001,1.158
postprocess_ms,2_7_r01_t1,113,1780388072517382876,112.95269895000001,0.841
postprocess_ms,2_7_r01_t1,114,1780388073516756771,113.952072845,1.535
postprocess_ms,2_7_r01_t1,115,1780388074524399541,114.95971561500001,1.52
postprocess_ms,2_7_r01_t1,116,1780388075528870757,115.964186831,0.566
postprocess_ms,2_7_r01_t1,117,1780388076487529215,116.92284528900001,0.933
postprocess_ms,2_7_r01_t1,118,1780388077491148686,117.92646476,2.081
postprocess_ms,2_7_r01_t1,119,1780388078492101355,118.927417429,2.827
postprocess_ms,2_7_r01_t1,120,1780388079516748325,119.95206439900001,0.978
postprocess_ms,2_7_r01_t1,121,1780388080500346123,120.93566219700001,2.286
postprocess_ms,2_7_r01_t1,122,1780388081491049709,121.92636578300001,1.608
postprocess_ms,2_7_r01_t1,123,1780388082511471825,122.94678789900001,1.331
postprocess_ms,2_7_r01_t1,124,1780388083495262957,123.93057903100001,0.601
postprocess_ms,2_7_r01_t1,125,1780388084523205040,124.958521114,1.793
postprocess_ms,2_7_r01_t1,126,1780388085508296640,125.94361271400001,1.106
postprocess_ms,2_7_r01_t1,127,1780388086508469786,126.94378586,2.955
postprocess_ms,2_7_r01_t1,128,1780388087502420167,127.93773624100001,3.387
postprocess_ms,2_7_r01_t1,129,1780388088493141166,128.92845724,2.114
postprocess_ms,2_7_r01_t1,130,1780388089511576930,129.946893004,3.281
postprocess_ms,2_7_r01_t1,131,1780388090510335519,130.945651593,0.933
postprocess_ms,2_7_r01_t1,132,1780388091510106190,131.945422264,1.165
postprocess_ms,2_7_r01_t1,133,1780388092536660650,132.971976724,2.252
postprocess_ms,2_7_r01_t1,134,1780388093498843671,133.93415974500002,1.258
postprocess_ms,2_7_r01_t1,135,1780388094504700505,134.940016579,0.787
postprocess_ms,2_7_r01_t1,136,1780388095499046389,135.934362463,0.653
postprocess_ms,2_7_r01_t1,137,1780388096514589603,136.949905677,1.061
postprocess_ms,2_7_r01_t1,138,1780388097524275735,137.95959180900002,2.168
postprocess_ms,2_7_r01_t1,139,1780388098499717563,138.935033637,0.764
postprocess_ms,2_7_r01_t1,140,1780388099508562215,139.943878289,1.605
postprocess_ms,2_7_r01_t1,141,1780388100528254500,140.96357057400002,0.68
postprocess_ms,2_7_r01_t1,142,1780388101486217967,141.921534041,1.017
postprocess_ms,2_7_r01_t1,143,1780388102526138623,142.96145469700002,0.771
postprocess_ms,2_7_r01_t1,144,1780388103520179996,143.95549607,1.009
postprocess_ms,2_7_r01_t1,145,1780388104519471068,144.95478714200001,1.909
postprocess_ms,2_7_r01_t1,146,1780388105507968734,145.94328480800002,1.066
postprocess_ms,2_7_r01_t1,147,1780388106508169112,146.943485186,0.825
postprocess_ms,2_7_r01_t1,148,1780388107512124326,147.9474404,1.582
postprocess_ms,2_7_r01_t1,149,1780388108504492803,148.93980887700002,0.677
postprocess_ms,2_7_r01_t1,150,1780388109492505795,149.927821869,0.824
postprocess_ms,2_7_r01_t1,151,1780388110501628769,150.93694484300002,1.258
postprocess_ms,2_7_r01_t1,152,1780388111505275963,151.94059203700002,0.626
postprocess_ms,2_7_r01_t1,153,1780388112514271461,152.949587535,0.903
postprocess_ms,2_7_r01_t1,154,1780388113506199071,153.941515145,1.931
postprocess_ms,2_7_r01_t1,155,1780388114504741395,154.940057469,0.585
postprocess_ms,2_7_r01_t1,156,1780388115500566449,155.935882523,0.838
postprocess_ms,2_7_r01_t1,157,1780388116502518810,156.937834884,1.125
postprocess_ms,2_7_r01_t1,158,1780388117492964631,157.92828070500002,0.986
postprocess_ms,2_7_r01_t1,159,1780388118500593964,158.935910038,1.365
postprocess_ms,2_7_r01_t1,160,1780388119489649077,159.924965151,0.731
postprocess_ms,2_7_r01_t1,161,1780388120499594410,160.934910484,0.657
postprocess_ms,2_7_r01_t1,162,1780388121519928941,161.955245015,1.061
postprocess_ms,2_7_r01_t1,163,1780388122494555069,162.929871143,0.861
postprocess_ms,2_7_r01_t1,164,1780388123517677151,163.952993225,0.769
postprocess_ms,2_7_r01_t1,165,1780388124519608317,164.95492439100002,2.733
postprocess_ms,2_7_r01_t1,166,1780388125497242476,165.93255855,0.864
postprocess_ms,2_7_r01_t1,167,1780388126517099883,166.952415957,1.832
postprocess_ms,2_7_r01_t1,168,1780388127497868236,167.93318431,0.904
postprocess_ms,2_7_r01_t1,169,1780388128521123358,168.95643943200002,1.02
postprocess_ms,2_7_r01_t1,170,1780388129490759311,169.92607538500002,1.346
postprocess_ms,2_7_r01_t1,171,1780388130506108257,170.941424331,0.989
postprocess_ms,2_7_r01_t1,172,1780388131526802774,171.96211884800002,0.929
postprocess_ms,2_7_r01_t1,173,1780388132513145194,172.94846126800002,0.919
postprocess_ms,2_7_r01_t1,174,1780388133517751687,173.953067761,0.846
postprocess_ms,2_7_r01_t1,175,1780388134540205495,174.97552156900002,1.487
postprocess_ms,2_7_r01_t1,176,1780388135508784663,175.944100737,0.562
postprocess_ms,2_7_r01_t1,177,1780388136512235780,176.947551854,1.314
postprocess_ms,2_7_r01_t1,178,1780388137516819275,177.952135349,1.874
postprocess_ms,2_7_r01_t1,179,1780388138493474419,178.928790493,0.708
postprocess_ms,2_7_r01_t1,180,1780388139495885422,179.931201496,0.585
postprocess_ms,2_7_r01_t1,181,1780388140485418710,180.92073478400002,0.577
postprocess_ms,2_7_r01_t1,182,1780388141497071394,181.932387468,0.919
postprocess_ms,2_7_r01_t1,183,1780388142511699024,182.947015098,2.992
postprocess_ms,2_7_r01_t1,184,1780388143494137716,183.92945379000003,0.642
postprocess_ms,2_7_r01_t1,185,1780388144510794020,184.946110094,1.019
postprocess_ms,2_7_r01_t1,186,1780388145497897596,185.93321367000001,1.27
postprocess_ms,2_7_r01_t1,187,1780388146492348570,186.927664644,1.987
postprocess_ms,2_7_r01_t1,188,1780388147502406473,187.93772254700002,1.115
postprocess_ms,2_7_r01_t1,189,1780388148499959978,188.935276052,0.67
postprocess_ms,2_7_r01_t1,190,1780388149546500060,189.981816134,1.359
postprocess_ms,2_7_r01_t1,191,1780388150509588938,190.94490501200002,1.287
postprocess_ms,2_7_r01_t1,192,1780388151508687710,191.94400378400002,0.772
postprocess_ms,2_7_r01_t1,193,1780388152514064460,192.949380534,1.01
postprocess_ms,2_7_r01_t1,194,1780388153501279454,193.936595528,1.431
postprocess_ms,2_7_r01_t1,195,1780388154504034159,194.939350233,0.63
postprocess_ms,2_7_r01_t1,196,1780388155524080366,195.95939644,0.607
postprocess_ms,2_7_r01_t1,197,1780388156507409795,196.94272586900001,0.686
postprocess_ms,2_7_r01_t1,198,1780388157512594240,197.947910314,0.564
postprocess_ms,2_7_r01_t1,199,1780388158507173018,198.94248909200002,1.845
postprocess_ms,2_7_r01_t1,200,1780388159508843108,199.94415918200002,3.717
postprocess_ms,2_7_r01_t1,201,1780388160494277747,200.92959382100003,1.172
postprocess_ms,2_7_r01_t1,202,1780388161501648568,201.93696464200002,0.958
postprocess_ms,2_7_r01_t1,203,1780388162524773660,202.960089734,1.166
postprocess_ms,2_7_r01_t1,204,1780388163502101227,203.937417301,1.003
postprocess_ms,2_7_r01_t1,205,1780388164500626325,204.93594239900003,2.225
postprocess_ms,2_7_r01_t1,206,1780388165505161439,205.94047751300002,0.54
postprocess_ms,2_7_r01_t1,207,1780388166495392205,206.93070827900002,1.567
postprocess_ms,2_7_r01_t1,208,1780388167499172943,207.934489017,1.06
postprocess_ms,2_7_r01_t1,209,1780388168498118505,208.93343457900002,1.092
postprocess_ms,2_7_r01_t1,210,1780388169526617268,209.961933342,1.202
postprocess_ms,2_7_r01_t1,211,1780388170510038508,210.94535458200002,1.324
postprocess_ms,2_7_r01_t1,212,1780388171539448192,211.97476426600002,0.662
postprocess_ms,2_7_r01_t1,213,1780388172517723082,212.95303915600002,1.369
postprocess_ms,2_7_r01_t1,214,1780388173522295764,213.95761183800002,1.75
postprocess_ms,2_7_r01_t1,215,1780388174533740073,214.969056147,1.638
postprocess_ms,2_7_r01_t1,216,1780388175494948587,215.93026466100002,1.245
postprocess_ms,2_7_r01_t1,217,1780388176494336803,216.92965287700002,0.837
postprocess_ms,2_7_r01_t1,218,1780388177542341621,217.977657695,1.48
postprocess_ms,2_7_r01_t1,219,1780388178518101157,218.953417231,1.585
postprocess_ms,2_7_r01_t1,220,1780388179507379194,219.94269526800002,1.041
postprocess_ms,2_7_r01_t1,221,1780388180496558516,220.93187459,0.957
postprocess_ms,2_7_r01_t1,222,1780388181493810771,221.929126845,0.644
postprocess_ms,2_7_r01_t1,223,1780388182496351803,222.93166787700002,2.349
postprocess_ms,2_7_r01_t1,224,1780388183534607751,223.96992382500002,1.301
postprocess_ms,2_7_r01_t1,225,1780388184539652964,224.974969038,3.349
postprocess_ms,2_7_r01_t1,226,1780388185503303941,225.93862001500003,1.62
postprocess_ms,2_7_r01_t1,227,1780388186514431844,226.949747918,0.698
postprocess_ms,2_7_r01_t1,228,1780388187498824045,227.934140119,0.619
postprocess_ms,2_7_r01_t1,229,1780388188497510370,228.93282644400003,0.621
postprocess_ms,2_7_r01_t1,230,1780388189530430793,229.965746867,1.035
postprocess_ms,2_7_r01_t1,231,1780388190496577465,230.93189353900001,0.867
postprocess_ms,2_7_r01_t1,232,1780388191498372498,231.93368857200002,0.988
postprocess_ms,2_7_r01_t1,233,1780388192525113592,232.960429666,0.567
postprocess_ms,2_7_r01_t1,234,1780388193495978575,233.93129464900002,0.729
postprocess_ms,2_7_r01_t1,235,1780388194512557493,234.94787356700002,3.423
postprocess_ms,2_7_r01_t1,236,1780388195504662107,235.93997818100001,0.588
postprocess_ms,2_7_r01_t1,237,1780388196513928632,236.949244706,1.09
postprocess_ms,2_7_r01_t1,238,1780388197492851537,237.92816761100002,2.412
postprocess_ms,2_7_r01_t1,239,1780388198507333681,238.94264975500002,2.688
postprocess_ms,2_7_r01_t1,240,1780388199509122781,239.94443885500002,0.86
postprocess_ms,2_7_r01_t1,241,1780388200517962135,240.95327820900002,1.555
postprocess_ms,2_7_r01_t1,242,1780388201538956335,241.974272409,1.244
postprocess_ms,2_7_r01_t1,243,1780388202516620578,242.95193665200003,3.079
postprocess_ms,2_7_r01_t1,244,1780388203499381595,243.934697669,2.496
postprocess_ms,2_7_r01_t1,245,1780388204498340269,244.93365634300002,0.982
postprocess_ms,2_7_r01_t1,246,1780388205530280724,245.965596798,1.215
postprocess_ms,2_7_r01_t1,247,1780388206534739008,246.97005508200002,1.399
postprocess_ms,2_7_r01_t1,248,1780388207519923461,247.955239535,2.788
postprocess_ms,2_7_r01_t1,249,1780388208522955471,248.958271545,4.438
postprocess_ms,2_7_r01_t1,250,1780388209498209962,249.93352603600002,0.995
postprocess_ms,2_7_r01_t1,251,1780388210537274175,250.972590249,1.11
postprocess_ms,2_7_r01_t1,252,1780388211507844037,251.94316011100003,1.06
postprocess_ms,2_7_r01_t1,253,1780388212532183615,252.96749968900002,2.546
postprocess_ms,2_7_r01_t1,254,1780388213486879607,253.922195681,1.123
postprocess_ms,2_7_r01_t1,255,1780388214521477663,254.95679373700003,0.639
postprocess_ms,2_7_r01_t1,256,1780388215501599537,255.93691561100002,0.662
postprocess_ms,2_7_r01_t1,257,1780388216490816060,256.926132134,0.591
postprocess_ms,2_7_r01_t1,258,1780388217515684203,257.951000277,1.572
postprocess_ms,2_7_r01_t1,259,1780388218493767262,258.929083336,0.66
postprocess_ms,2_7_r01_t1,260,1780388219497202921,259.932518995,2.746
postprocess_ms,2_7_r01_t1,261,1780388220521916602,260.957232676,0.612
postprocess_ms,2_7_r01_t1,262,1780388221496493124,261.931809198,0.635
postprocess_ms,2_7_r01_t1,263,1780388222503182371,262.938498445,1.16
postprocess_ms,2_7_r01_t1,264,1780388223510920751,263.946236825,3.035
postprocess_ms,2_7_r01_t1,265,1780388224518264916,264.95358099000003,2.808
postprocess_ms,2_7_r01_t1,266,1780388225539018045,265.974334119,0.98
postprocess_ms,2_7_r01_t1,267,1780388226518788692,266.954104766,1.296
postprocess_ms,2_7_r01_t1,268,1780388227519309567,267.954625641,3.072
postprocess_ms,2_7_r01_t1,269,1780388228519599534,268.954915608,1.006
postprocess_ms,2_7_r01_t1,270,1780388229534412982,269.969729056,0.558
postprocess_ms,2_7_r01_t1,271,1780388230499200016,270.93451609000005,0.854
postprocess_ms,2_7_r01_t1,272,1780388231528015800,271.963331874,1.356
postprocess_ms,2_7_r01_t1,273,1780388232521696345,272.957012419,0.665
postprocess_ms,2_7_r01_t1,274,1780388233510102066,273.94541814,0.956
postprocess_ms,2_7_r01_t1,275,1780388234518680752,274.95399682600004,1.011
postprocess_ms,2_7_r01_t1,276,1780388235523141107,275.958457181,0.823
postprocess_ms,2_7_r01_t1,277,1780388236502434711,276.937750785,0.641
postprocess_ms,2_7_r01_t1,278,1780388237523267774,277.958583848,0.998
postprocess_ms,2_7_r01_t1,279,1780388238511094565,278.946410639,0.987
postprocess_ms,2_7_r01_t1,280,1780388239526048859,279.961364933,0.834
postprocess_ms,2_7_r01_t1,281,1780388240532549178,280.967865252,0.82
postprocess_ms,2_7_r01_t1,282,1780388241504709554,281.940025628,1.427
postprocess_ms,2_7_r01_t1,283,1780388242518717403,282.954033477,1.152
postprocess_ms,2_7_r01_t1,284,1780388243526332668,283.961648742,1.336
postprocess_ms,2_7_r01_t1,285,1780388244522508188,284.95782426200003,1.217
postprocess_ms,2_7_r01_t1,286,1780388245511764250,285.947080324,0.917
postprocess_ms,2_7_r01_t1,287,1780388246543484025,286.978800099,0.977
postprocess_ms,2_7_r01_t1,288,1780388247536517587,287.971833661,0.668
postprocess_ms,2_7_r01_t1,289,1780388248499877029,288.935193103,0.732
postprocess_ms,2_7_r01_t1,290,1780388249500788293,289.93610436700004,1.617
postprocess_ms,2_7_r01_t1,291,1780388250499896116,290.93521219,0.861
postprocess_ms,2_7_r01_t1,292,1780388251513041896,291.94835797,0.694
postprocess_ms,2_7_r01_t1,293,1780388252516203600,292.951519674,1.661
postprocess_ms,2_7_r01_t1,294,1780388253497308023,293.93262409700003,0.953
postprocess_ms,2_7_r01_t1,295,1780388254517853888,294.953169962,1.301
postprocess_ms,2_7_r01_t1,296,1780388255496595584,295.93191165800005,0.922
postprocess_ms,2_7_r01_t1,297,1780388256502757047,296.938073121,0.572
postprocess_ms,2_7_r01_t1,298,1780388257498445388,297.933761462,0.577
postprocess_ms,2_7_r01_t1,299,1780388258518321887,298.953637961,2.828
postprocess_ms,2_7_r01_t1,300,1780388259523520695,299.958836769,1.025
postprocess_ms,2_7_r01_t1,301,1780388260544855664,300.980171738,1.495
postprocess_ms,2_7_r01_t1,302,1780388261504120512,301.939436586,2.975
postprocess_ms,2_7_r01_t1,303,1780388262518427166,302.95374324,1.705
postprocess_ms,2_7_r01_t1,304,1780388263519069384,303.95438545800005,0.821
postprocess_ms,2_7_r01_t1,305,1780388264503332811,304.938648885,0.758
postprocess_ms,2_7_r01_t1,306,1780388265534818316,305.97013439,2.718
postprocess_ms,2_7_r01_t1,307,1780388266532958494,306.968274568,2.565
postprocess_ms,2_7_r01_t1,308,1780388267508745611,307.944061685,1.587
postprocess_ms,2_7_r01_t1,309,1780388268497413691,308.93272976500003,0.918
postprocess_ms,2_7_r01_t1,310,1780388269498518899,309.93383497300005,2.426
postprocess_ms,2_7_r01_t1,311,1780388270509507259,310.94482333300004,1.661
postprocess_ms,2_7_r01_t1,312,1780388271500005208,311.935321282,0.956
postprocess_ms,2_7_r01_t1,313,1780388272521554411,312.956870485,1.12
postprocess_ms,2_7_r01_t1,314,1780388273519300465,313.954616539,0.672
postprocess_ms,2_7_r01_t1,315,1780388274521785876,314.95710195000004,1.115
postprocess_ms,2_7_r01_t1,316,1780388275530867963,315.966184037,2.161
postprocess_ms,2_7_r01_t1,317,1780388276530657673,316.965973747,0.66
postprocess_ms,2_7_r01_t1,318,1780388277531204758,317.966520832,1.303
postprocess_ms,2_7_r01_t1,319,1780388278507258208,318.942574282,2.567
postprocess_ms,2_7_r01_t1,320,1780388279526558787,319.961874861,1.218
postprocess_ms,2_7_r01_t1,321,1780388280527014410,320.962330484,0.963
postprocess_ms,2_7_r01_t1,322,1780388281491081097,321.926397171,0.854
postprocess_ms,2_7_r01_t1,323,1780388282524589472,322.959905546,2.056
postprocess_ms,2_7_r01_t1,324,1780388283506816874,323.942132948,1.146
postprocess_ms,2_7_r01_t1,325,1780388284494487363,324.92980343700003,1.174
postprocess_ms,2_7_r01_t1,326,1780388285500776241,325.936092315,0.584
postprocess_ms,2_7_r01_t1,327,1780388286504936372,326.94025244600004,0.868
postprocess_ms,2_7_r01_t1,328,1780388287527909890,327.963225964,0.962
postprocess_ms,2_7_r01_t1,329,1780388288495721810,328.93103788400003,1.359
postprocess_ms,2_7_r01_t1,330,1780388289522193422,329.957509496,0.71
postprocess_ms,2_7_r01_t1,331,1780388290501615448,330.936931522,0.62
postprocess_ms,2_7_r01_t1,332,1780388291496564172,331.93188024600005,1.065
postprocess_ms,2_7_r01_t1,333,1780388292507542772,332.94285884600004,1.16
postprocess_ms,2_7_r01_t1,334,1780388293520849425,333.956165499,0.948
postprocess_ms,2_7_r01_t1,335,1780388294511753928,334.94707000200003,3.711
postprocess_ms,2_7_r01_t1,336,1780388295504961464,335.94027753800003,0.542
postprocess_ms,2_7_r01_t1,337,1780388296524614193,336.959930267,0.68
postprocess_ms,2_7_r01_t1,338,1780388297545609754,337.980925828,0.832
postprocess_ms,2_7_r01_t1,339,1780388298500479409,338.93579548300005,0.89
postprocess_ms,2_7_r01_t1,340,1780388299509342235,339.94465830900003,2.345
postprocess_ms,2_7_r01_t1,341,1780388300508342925,340.94365899900004,1.069
postprocess_ms,2_7_r01_t1,342,1780388301516310104,341.951626178,1.692
postprocess_ms,2_7_r01_t1,343,1780388302507605293,342.942921367,0.925
postprocess_ms,2_7_r01_t1,344,1780388303505540585,343.940856659,0.596
postprocess_ms,2_7_r01_t1,345,1780388304506513864,344.941829938,1.209
postprocess_ms,2_7_r01_t1,346,1780388305512279026,345.9475951,0.559
postprocess_ms,2_7_r01_t1,347,1780388306510322099,346.945638173,1.07
postprocess_ms,2_7_r01_t1,348,1780388307505028552,347.940344626,1.363
postprocess_ms,2_7_r01_t1,349,1780388308493866115,348.929182189,0.844
postprocess_ms,2_7_r01_t1,350,1780388309535370207,349.97068628100004,1.12
postprocess_ms,2_7_r01_t1,351,1780388310529932992,350.965249066,0.815
postprocess_ms,2_7_r01_t1,352,1780388311512220723,351.947536797,1.308
postprocess_ms,2_7_r01_t1,353,1780388312519442686,352.95475876,1.681
postprocess_ms,2_7_r01_t1,354,1780388313505025301,353.940341375,1.043
postprocess_ms,2_7_r01_t1,355,1780388314540540254,354.975856328,2.991
postprocess_ms,2_7_r01_t1,356,1780388315505347233,355.940663307,0.771
postprocess_ms,2_7_r01_t1,357,1780388316514779774,356.95009584800005,2.617
postprocess_ms,2_7_r01_t1,358,1780388317500703757,357.936019831,0.811
postprocess_ms,2_7_r01_t1,359,1780388318513225622,358.948541696,0.651
postprocess_ms,2_7_r01_t1,360,1780388319499381797,359.934697871,1.079
postprocess_ms,2_7_r01_t1,361,1780388320531480564,360.966796638,0.689
postprocess_ms,2_7_r01_t1,362,1780388321505342587,361.94065866100004,1.302
postprocess_ms,2_7_r01_t1,363,1780388322497030654,362.932346728,0.82
postprocess_ms,2_7_r01_t1,364,1780388323503451485,363.93876755900004,1.052
postprocess_ms,2_7_r01_t1,365,1780388324503927640,364.93924371400004,0.763
postprocess_ms,2_7_r01_t1,366,1780388325514291660,365.94960773400004,0.68
postprocess_ms,2_7_r01_t1,367,1780388326506612250,366.941928324,0.533
postprocess_ms,2_7_r01_t1,368,1780388327506287257,367.941603331,2.314
postprocess_ms,2_7_r01_t1,369,1780388328502201535,368.937517609,0.6
postprocess_ms,2_7_r01_t1,370,1780388329533228322,369.968544396,0.929
postprocess_ms,2_7_r01_t1,371,1780388330500643102,370.93595917600004,0.823
postprocess_ms,2_7_r01_t1,372,1780388331502663019,371.937979093,1.016
postprocess_ms,2_7_r01_t1,373,1780388332528374444,372.963690518,1.08
postprocess_ms,2_7_r01_t1,374,1780388333529094996,373.96441107000004,1.56
postprocess_ms,2_7_r01_t1,375,1780388334529695293,374.96501136700005,0.677
postprocess_ms,2_7_r01_t1,376,1780388335505657699,375.940973773,0.611
postprocess_ms,2_7_r01_t1,377,1780388336513791429,376.94910750300005,0.941
postprocess_ms,2_7_r01_t1,378,1780388337509387383,377.944703457,0.562
postprocess_ms,2_7_r01_t1,379,1780388338496646701,378.93196277500004,0.803
postprocess_ms,2_7_r01_t1,380,1780388339510691960,379.94600803400004,0.904
postprocess_ms,2_7_r01_t1,381,1780388340491948029,380.927264103,0.602
postprocess_ms,2_7_r01_t1,382,1780388341495864353,381.931180427,1.334
postprocess_ms,2_7_r01_t1,383,1780388342535933986,382.97125006000005,1.304
postprocess_ms,2_7_r01_t1,384,1780388343516209234,383.95152530800004,2.782
postprocess_ms,2_7_r01_t1,385,1780388344509337800,384.94465387400004,1.539
postprocess_ms,2_7_r01_t1,386,1780388345507135124,385.942451198,0.928
postprocess_ms,2_7_r01_t1,387,1780388346572433385,387.007749459,2.146
postprocess_ms,2_7_r01_t1,388,1780388347511714540,387.947030614,1.227
postprocess_ms,2_7_r01_t1,389,1780388348505290382,388.940606456,0.983
postprocess_ms,2_7_r01_t1,390,1780388349530734644,389.966050718,1.186
postprocess_ms,2_7_r01_t1,391,1780388350503201482,390.938517556,1.005
postprocess_ms,2_7_r01_t1,392,1780388351502405786,391.93772186,0.742
postprocess_ms,2_7_r01_t1,393,1780388352535372707,392.97068878100004,0.869
postprocess_ms,2_7_r01_t1,394,1780388353507373440,393.94268951400005,3.573
postprocess_ms,2_7_r01_t1,395,1780388354527067591,394.962383665,1.011
postprocess_ms,2_7_r01_t1,396,1780388355533065753,395.96838182700003,1.131
postprocess_ms,2_7_r01_t1,397,1780388356492632762,396.92794883600004,0.601
postprocess_ms,2_7_r01_t1,398,1780388357528217009,397.963533083,0.546
postprocess_ms,2_7_r01_t1,399,1780388358505746579,398.941062653,0.575
postprocess_ms,2_7_r01_t1,400,1780388359516800969,399.95211704300004,0.734
postprocess_ms,2_7_r01_t1,401,1780388360492375586,400.92769166000005,0.799
postprocess_ms,2_7_r01_t1,402,1780388361517312920,401.952628994,0.595
postprocess_ms,2_7_r01_t1,403,1780388362507219783,402.94253585700005,1.023
postprocess_ms,2_7_r01_t1,404,1780388363507491884,403.942807958,0.757
postprocess_ms,2_7_r01_t1,405,1780388364499389644,404.93470571800003,0.942
postprocess_ms,2_7_r01_t1,406,1780388365495713870,405.93102994400004,2.271
postprocess_ms,2_7_r01_t1,407,1780388366499441271,406.93475734500004,0.663
postprocess_ms,2_7_r01_t1,408,1780388367506157179,407.941473253,0.657
postprocess_ms,2_7_r01_t1,409,1780388368496099694,408.931415768,0.781
postprocess_ms,2_7_r01_t1,410,1780388369511616174,409.94693224800005,0.909
postprocess_ms,2_7_r01_t1,411,1780388370500613760,410.93592983400004,0.965
postprocess_ms,2_7_r01_t1,412,1780388371522342416,411.95765849000003,1.711
postprocess_ms,2_7_r01_t1,413,1780388372534352603,412.969668677,0.86
postprocess_ms,2_7_r01_t1,414,1780388373522629226,413.9579453,1.352
postprocess_ms,2_7_r01_t1,415,1780388374532989401,414.968305475,1.96
postprocess_ms,2_7_r01_t1,416,1780388375523978411,415.95929448500004,1.011
postprocess_ms,2_7_r01_t1,417,1780388376517247950,416.952564024,0.586
postprocess_ms,2_7_r01_t1,418,1780388377511086815,417.946402889,0.606
postprocess_ms,2_7_r01_t1,419,1780388378524879507,418.96019558100005,1.819
postprocess_ms,2_7_r01_t1,420,1780388379510027941,419.94534401500005,0.977
postprocess_ms,2_7_r01_t1,421,1780388380521174906,420.95649098,1.249
postprocess_ms,2_7_r01_t1,422,1780388381494873682,421.930189756,0.576
postprocess_ms,2_7_r01_t1,423,1780388382487520032,422.92283610600003,0.924
postprocess_ms,2_7_r01_t1,424,1780388383526854995,423.962171069,1.103
postprocess_ms,2_7_r01_t1,425,1780388384523235463,424.958551537,2.275
postprocess_ms,2_7_r01_t1,426,1780388385528026838,425.96334291200003,1.043
postprocess_ms,2_7_r01_t1,427,1780388386546329970,426.981646044,1.775
postprocess_ms,2_7_r01_t1,428,1780388387546253977,427.981570051,1.673
postprocess_ms,2_7_r01_t1,429,1780388388540170358,428.975486432,0.71
postprocess_ms,2_7_r01_t1,430,1780388389515712010,429.95102808400003,2.692
postprocess_ms,2_7_r01_t1,431,1780388390525619860,430.960935934,0.735
postprocess_ms,2_7_r01_t1,432,1780388391515763495,431.951079569,1.702
postprocess_ms,2_7_r01_t1,433,1780388392497534884,432.932850958,0.658
postprocess_ms,2_7_r01_t1,434,1780388393514563961,433.94988003500004,1.667
postprocess_ms,2_7_r01_t1,435,1780388394512425821,434.94774189500004,1.679
postprocess_ms,2_7_r01_t1,436,1780388395535903264,435.971219338,1.06
postprocess_ms,2_7_r01_t1,437,1780388396520802649,436.95611872300003,1.731
postprocess_ms,2_7_r01_t1,438,1780388397523912280,437.959228354,0.932
postprocess_ms,2_7_r01_t1,439,1780388398507975685,438.94329175900003,0.628
postprocess_ms,2_7_r01_t1,440,1780388399521638782,439.95695485600004,0.69
postprocess_ms,2_7_r01_t1,441,1780388400524745876,440.96006195,2.041
postprocess_ms,2_7_r01_t1,442,1780388401512524144,441.947840218,1.498
postprocess_ms,2_7_r01_t1,443,1780388402522539637,442.95785571100004,0.59
postprocess_ms,2_7_r01_t1,444,1780388403499564562,443.934880636,0.891
postprocess_ms,2_7_r01_t1,445,1780388404533309044,444.96862511800003,1.96
postprocess_ms,2_7_r01_t1,446,1780388405514003315,445.94931938900004,2.333
postprocess_ms,2_7_r01_t1,447,1780388406536419328,446.97173540200004,0.823
postprocess_ms,2_7_r01_t1,448,1780388407494966626,447.9302827,2.63
postprocess_ms,2_7_r01_t1,449,1780388408497190739,448.93250681300003,1.733
postprocess_ms,2_7_r01_t1,450,1780388409497552207,449.932868281,0.688
postprocess_ms,2_7_r01_t1,451,1780388410501588988,450.93690506200005,0.652
postprocess_ms,2_7_r01_t1,452,1780388411517734446,451.95305052000003,2.582
postprocess_ms,2_7_r01_t1,453,1780388412519210618,452.954526692,0.855
postprocess_ms,2_7_r01_t1,454,1780388413491225470,453.92654154400003,1.959
postprocess_ms,2_7_r01_t1,455,1780388414512964139,454.94828021300003,0.59
postprocess_ms,2_7_r01_t1,456,1780388415506168319,455.94148439300005,1.409
postprocess_ms,2_7_r01_t1,457,1780388416521801269,456.95711734300005,1.001
postprocess_ms,2_7_r01_t1,458,1780388417508720093,457.94403616700004,1.233
postprocess_ms,2_7_r01_t1,459,1780388418495790414,458.931106488,0.841
postprocess_ms,2_7_r01_t1,460,1780388419550592510,459.985908584,1.446
postprocess_ms,2_7_r01_t1,461,1780388420509454529,460.94477060300005,0.789
postprocess_ms,2_7_r01_t1,462,1780388421500722225,461.936038299,0.947
postprocess_ms,2_7_r01_t1,463,1780388422517908405,462.953224479,0.749
postprocess_ms,2_7_r01_t1,464,1780388423519986239,463.955302313,1.064
postprocess_ms,2_7_r01_t1,465,1780388424497085686,464.93240176,0.674
postprocess_ms,2_7_r01_t1,466,1780388425545945440,465.98126151400004,1.006
postprocess_ms,2_7_r01_t1,467,1780388426506723851,466.942039925,0.702
postprocess_ms,2_7_r01_t1,468,1780388427541470122,467.97678619600003,1.437
postprocess_ms,2_7_r01_t1,469,1780388428510605343,468.945921417,0.905
postprocess_ms,2_7_r01_t1,470,1780388429521003605,469.95631967900005,1.497
postprocess_ms,2_7_r01_t1,471,1780388430514044919,470.949360993,0.676
postprocess_ms,2_7_r01_t1,472,1780388431528771275,471.964087349,0.643
postprocess_ms,2_7_r01_t1,473,1780388432533883097,472.969199171,1.345
postprocess_ms,2_7_r01_t1,474,1780388433519704701,473.95502077500004,0.977
postprocess_ms,2_7_r01_t1,475,1780388434506021253,474.94133732700004,0.704
postprocess_ms,2_7_r01_t1,476,1780388435498482992,475.933799066,1.616
postprocess_ms,2_7_r01_t1,477,1780388436521845642,476.95716171600003,3.434
postprocess_ms,2_7_r01_t1,478,1780388437510829829,477.946145903,0.843
postprocess_ms,2_7_r01_t1,479,1780388438493400294,478.92871636800004,0.714
postprocess_ms,2_7_r01_t1,480,1780388439507219347,479.942535421,1.127
postprocess_ms,2_7_r01_t1,481,1780388440523772385,480.95908845900004,1.185
postprocess_ms,2_7_r01_t1,482,1780388441523249036,481.95856511000005,0.956
postprocess_ms,2_7_r01_t1,483,1780388442507594040,482.94291011400003,0.762
postprocess_ms,2_7_r01_t1,484,1780388443514450084,483.94976615800005,0.577
postprocess_ms,2_7_r01_t1,485,1780388444504677949,484.93999402300005,0.705
postprocess_ms,2_7_r01_t1,486,1780388445511242208,485.946558282,0.973
postprocess_ms,2_7_r01_t1,487,1780388446518109758,486.95342583200005,1.536
postprocess_ms,2_7_r01_t1,488,1780388447503997909,487.93931398300003,0.697
postprocess_ms,2_7_r01_t1,489,1780388448532708292,488.968024366,0.747
postprocess_ms,2_7_r01_t1,490,1780388449509613359,489.944929433,0.652
postprocess_ms,2_7_r01_t1,491,1780388450514963826,490.95027990000006,0.636
postprocess_ms,2_7_r01_t1,492,1780388451501818809,491.93713488300006,1.06
postprocess_ms,2_7_r01_t1,493,1780388452554392831,492.98970890500004,1.166
postprocess_ms,2_7_r01_t1,494,1780388453510060299,493.94537637300004,0.582
postprocess_ms,2_7_r01_t1,495,1780388454492955204,494.928271278,1.159
postprocess_ms,2_7_r01_t1,496,1780388455506150896,495.94146697,0.77
postprocess_ms,2_7_r01_t1,497,1780388456509759433,496.945075507,0.726
postprocess_ms,2_7_r01_t1,498,1780388457525256607,497.96057268100003,0.797
postprocess_ms,2_7_r01_t1,499,1780388458522997858,498.958313932,1.459
postprocess_ms,2_7_r01_t1,500,1780388459519530603,499.95484667700003,0.916
postprocess_ms,2_7_r01_t1,501,1780388460523733313,500.95904938700005,2.18
postprocess_ms,2_7_r01_t1,502,1780388461524066219,501.95938229300003,1.296
postprocess_ms,2_7_r01_t1,503,1780388462525358756,502.96067483,0.608
postprocess_ms,2_7_r01_t1,504,1780388463508523740,503.94383981400006,0.783
postprocess_ms,2_7_r01_t1,505,1780388464520851283,504.956167357,1.369
postprocess_ms,2_7_r01_t1,506,1780388465498490586,505.93380666,0.797
postprocess_ms,2_7_r01_t1,507,1780388466500667775,506.935983849,2.31
postprocess_ms,2_7_r01_t1,508,1780388467506148217,507.94146429100005,0.893
postprocess_ms,2_7_r01_t1,509,1780388468504983050,508.94029912400003,0.72
postprocess_ms,2_7_r01_t1,510,1780388469535996560,509.971312634,1.403
postprocess_ms,2_7_r01_t1,511,1780388470525762073,510.961078147,1.329
postprocess_ms,2_7_r01_t1,512,1780388471519221612,511.95453768600004,2.411
postprocess_ms,2_7_r01_t1,513,1780388472507127501,512.9424435750001,3.048
postprocess_ms,2_7_r01_t1,514,1780388473552096124,513.987412198,0.952
postprocess_ms,2_7_r01_t1,515,1780388474521935743,514.957251817,2.139
postprocess_ms,2_7_r01_t1,516,1780388475495465964,515.9307820380001,0.637
postprocess_ms,2_7_r01_t1,517,1780388476505778537,516.941094611,0.962
postprocess_ms,2_7_r01_t1,518,1780388477502511008,517.937827082,1.07
postprocess_ms,2_7_r01_t1,519,1780388478493723313,518.929039387,0.928
postprocess_ms,2_7_r01_t1,520,1780388479494360441,519.929676515,3.292
postprocess_ms,2_7_r01_t1,521,1780388480516474922,520.951790996,0.639
postprocess_ms,2_7_r01_t1,522,1780388481494025994,521.929342068,1.18
postprocess_ms,2_7_r01_t1,523,1780388482525303090,522.960619164,2.265
postprocess_ms,2_7_r01_t1,524,1780388483492918527,523.928234601,0.867
postprocess_ms,2_7_r01_t1,525,1780388484507321076,524.94263715,0.956
postprocess_ms,2_7_r01_t1,526,1780388485507892840,525.943208914,1.647
postprocess_ms,2_7_r01_t1,527,1780388486511257175,526.946573249,0.959
postprocess_ms,2_7_r01_t1,528,1780388487497245305,527.932561379,0.893
postprocess_ms,2_7_r01_t1,529,1780388488515862251,528.951178325,0.835
postprocess_ms,2_7_r01_t1,530,1780388489520585015,529.955901089,1.559
postprocess_ms,2_7_r01_t1,531,1780388490517029695,530.9523457690001,1.161
postprocess_ms,2_7_r01_t1,532,1780388491508418195,531.9437342690001,0.555
postprocess_ms,2_7_r01_t1,533,1780388492531135930,532.9664520040001,2.846
postprocess_ms,2_7_r01_t1,534,1780388493553754699,533.989070773,1.496
postprocess_ms,2_7_r01_t1,535,1780388494526054455,534.9613705290001,2.286
postprocess_ms,2_7_r01_t1,536,1780388495495573105,535.930889179,2.432
postprocess_ms,2_7_r01_t1,537,1780388496524253763,536.959569837,0.809
postprocess_ms,2_7_r01_t1,538,1780388497503286395,537.938602469,1.118
postprocess_ms,2_7_r01_t1,539,1780388498523519815,538.958835889,1.569
postprocess_ms,2_7_r01_t1,540,1780388499533339940,539.9686560140001,1.272
postprocess_ms,2_7_r01_t1,541,1780388500513668914,540.948984988,1.03
postprocess_ms,2_7_r01_t1,542,1780388501541926461,541.9772425350001,1.753
postprocess_ms,2_7_r01_t1,543,1780388502527642947,542.9629590210001,1.07
postprocess_ms,2_7_r01_t1,544,1780388503506084061,543.941400135,2.19
postprocess_ms,2_7_r01_t1,545,1780388504524654374,544.959970448,0.697
postprocess_ms,2_7_r01_t1,546,1780388505501049733,545.936365807,0.815
postprocess_ms,2_7_r01_t1,547,1780388506504143658,546.939459732,1.112
postprocess_ms,2_7_r01_t1,548,1780388507504246956,547.93956303,7.165
postprocess_ms,2_7_r01_t1,549,1780388508557199093,548.9925151670001,1.221
postprocess_ms,2_7_r01_t1,550,1780388509525135811,549.960451885,0.628
postprocess_ms,2_7_r01_t1,551,1780388510513288933,550.9486050070001,3.226
postprocess_ms,2_7_r01_t1,552,1780388511505175680,551.940491754,2.709
postprocess_ms,2_7_r01_t1,553,1780388512512364320,552.947680394,0.827
postprocess_ms,2_7_r01_t1,554,1780388513536114637,553.971430711,0.657
postprocess_ms,2_7_r01_t1,555,1780388514509809027,554.945125101,1.01
postprocess_ms,2_7_r01_t1,556,1780388515519844798,555.9551608720001,0.865
postprocess_ms,2_7_r01_t1,557,1780388516500710495,556.9360265690001,0.96
postprocess_ms,2_7_r01_t1,558,1780388517499009551,557.934325625,0.64
postprocess_ms,2_7_r01_t1,559,1780388518515216218,558.950532292,2.827
postprocess_ms,2_7_r01_t1,560,1780388519525339222,559.960655296,0.882
postprocess_ms,2_7_r01_t1,561,1780388520510718632,560.9460347060001,0.923
postprocess_ms,2_7_r01_t1,562,1780388521503328911,561.938644985,0.833
postprocess_ms,2_7_r01_t1,563,1780388522523214756,562.9585308300001,1.658
postprocess_ms,2_7_r01_t1,564,1780388523513604330,563.9489204040001,0.858
postprocess_ms,2_7_r01_t1,565,1780388524519174608,564.954490682,1.14
postprocess_ms,2_7_r01_t1,566,1780388525508113871,565.943429945,1.15
postprocess_ms,2_7_r01_t1,567,1780388526533977517,566.969293591,2.219
postprocess_ms,2_7_r01_t1,568,1780388527529152580,567.964468654,0.648
postprocess_ms,2_7_r01_t1,569,1780388528526242919,568.961558993,0.925
postprocess_ms,2_7_r01_t1,570,1780388529543629461,569.978945535,0.956
postprocess_ms,2_7_r01_t1,571,1780388530507896136,570.9432122100001,1.035
postprocess_ms,2_7_r01_t1,572,1780388531501552314,571.936868388,0.602
postprocess_ms,2_7_r01_t1,573,1780388532505971770,572.941287844,1.643
postprocess_ms,2_7_r01_t1,574,1780388533507215675,573.9425317490001,0.591
postprocess_ms,2_7_r01_t1,575,1780388534574130107,575.009446181,0.694
postprocess_ms,2_7_r01_t1,576,1780388535528664971,575.9639810450001,1.54
postprocess_ms,2_7_r01_t1,577,1780388536540137713,576.975453787,0.932
postprocess_ms,2_7_r01_t1,578,1780388537500689890,577.9360059640001,1.127
postprocess_ms,2_7_r01_t1,579,1780388538528876454,578.964192528,1.305
postprocess_ms,2_7_r01_t1,580,1780388539509171265,579.944487339,1.18
postprocess_ms,2_7_r01_t1,581,1780388540556916101,580.992232175,0.935
postprocess_ms,2_7_r01_t1,582,1780388541512020354,581.9473364280001,0.815
postprocess_ms,2_7_r01_t1,583,1780388542535596835,582.970912909,0.854
postprocess_ms,2_7_r01_t1,584,1780388543510403681,583.945719755,1.388
postprocess_ms,2_7_r01_t1,585,1780388544501738272,584.9370543460001,2.482
postprocess_ms,2_7_r01_t1,586,1780388545521385633,585.9567017070001,1.025
postprocess_ms,2_7_r01_t1,587,1780388546499792701,586.935108775,3.695
postprocess_ms,2_7_r01_t1,588,1780388547509011016,587.94432709,1.108
postprocess_ms,2_7_r01_t1,589,1780388548500020572,588.935336646,0.628
postprocess_ms,2_7_r01_t1,590,1780388549501246901,589.936562975,0.673
postprocess_ms,2_7_r01_t1,591,1780388550502966635,590.9382827090001,0.631
postprocess_ms,2_7_r01_t1,592,1780388551523773816,591.9590898900001,0.673
postprocess_ms,2_7_r01_t1,593,1780388552498478716,592.9337947900001,0.634
postprocess_ms,2_7_r01_t1,594,1780388553503746444,593.939062518,0.812
postprocess_ms,2_7_r01_t2,0,1780388614859338304,0.0,0.656
postprocess_ms,2_7_r01_t2,1,1780388615800564637,0.941226333,0.862
postprocess_ms,2_7_r01_t2,2,1780388616792325655,1.9329873510000002,1.238
postprocess_ms,2_7_r01_t2,3,1780388617797229712,2.937891408,2.932
postprocess_ms,2_7_r01_t2,4,1780388618821188458,3.9618501540000004,0.71
postprocess_ms,2_7_r01_t2,5,1780388619796758846,4.937420542,1.605
postprocess_ms,2_7_r01_t2,6,1780388620784076506,5.924738202,2.139
postprocess_ms,2_7_r01_t2,7,1780388621783295210,6.923956906000001,0.94
postprocess_ms,2_7_r01_t2,8,1780388622807594937,7.948256633000001,1.331
postprocess_ms,2_7_r01_t2,9,1780388623811886981,8.952548677000001,1.223
postprocess_ms,2_7_r01_t2,10,1780388624794208256,9.934869952000001,1.182
postprocess_ms,2_7_r01_t2,11,1780388625774223871,10.914885567,0.595
postprocess_ms,2_7_r01_t2,12,1780388626809696074,11.95035777,0.915
postprocess_ms,2_7_r01_t2,13,1780388627817607007,12.958268703000002,0.927
postprocess_ms,2_7_r01_t2,14,1780388628802957029,13.943618725,2.7
postprocess_ms,2_7_r01_t2,15,1780388629791264445,14.931926141000002,1.329
postprocess_ms,2_7_r01_t2,16,1780388630791084034,15.931745730000001,0.935
postprocess_ms,2_7_r01_t2,17,1780388631783876393,16.924538089000002,0.78
postprocess_ms,2_7_r01_t2,18,1780388632796685452,17.937347148,0.72
postprocess_ms,2_7_r01_t2,19,1780388633808079248,18.948740944,1.051
postprocess_ms,2_7_r01_t2,20,1780388634785793196,19.926454892000002,1.097
postprocess_ms,2_7_r01_t2,21,1780388635794557019,20.935218715,0.923
postprocess_ms,2_7_r01_t2,22,1780388636785637339,21.926299035000003,2.614
postprocess_ms,2_7_r01_t2,23,1780388637813746281,22.954407977000002,0.967
postprocess_ms,2_7_r01_t2,24,1780388638808840612,23.949502308000003,0.674
postprocess_ms,2_7_r01_t2,25,1780388639805384078,24.946045774,1.337
postprocess_ms,2_7_r01_t2,26,1780388640791002146,25.931663842000003,1.393
postprocess_ms,2_7_r01_t2,27,1780388641808836306,26.949498002000002,2.525
postprocess_ms,2_7_r01_t2,28,1780388642808393546,27.949055242,0.619
postprocess_ms,2_7_r01_t2,29,1780388643828381251,28.969042947000002,0.965
postprocess_ms,2_7_r01_t2,30,1780388644784750062,29.925411758000003,0.629
postprocess_ms,2_7_r01_t2,31,1780388645794708161,30.935369857,0.619
postprocess_ms,2_7_r01_t2,32,1780388646798627647,31.939289343000002,0.797
postprocess_ms,2_7_r01_t2,33,1780388647791812908,32.932474604,1.381
postprocess_ms,2_7_r01_t2,34,1780388648787558058,33.928219754000004,1.382
postprocess_ms,2_7_r01_t2,35,1780388649806955242,34.947616938,2.347
postprocess_ms,2_7_r01_t2,36,1780388650785500357,35.926162053,0.91
postprocess_ms,2_7_r01_t2,37,1780388651789721499,36.930383195000005,0.733
postprocess_ms,2_7_r01_t2,38,1780388652812464096,37.953125792,0.605
postprocess_ms,2_7_r01_t2,39,1780388653778267622,38.918929318,0.882
postprocess_ms,2_7_r01_t2,40,1780388654798385107,39.939046803000004,1.116
postprocess_ms,2_7_r01_t2,41,1780388655791562582,40.932224278,2.903
postprocess_ms,2_7_r01_t2,42,1780388656822603878,41.963265574000005,1.093
postprocess_ms,2_7_r01_t2,43,1780388657794199411,42.934861107,0.723
postprocess_ms,2_7_r01_t2,44,1780388658807266485,43.947928181,1.07
postprocess_ms,2_7_r01_t2,45,1780388659824851968,44.965513664,2.317
postprocess_ms,2_7_r01_t2,46,1780388660806919940,45.947581636,3.595
postprocess_ms,2_7_r01_t2,47,1780388661800047216,46.940708912000005,1.101
postprocess_ms,2_7_r01_t2,48,1780388662782357056,47.923018752000004,1.27
postprocess_ms,2_7_r01_t2,49,1780388663811982527,48.952644223,0.629
postprocess_ms,2_7_r01_t2,50,1780388664774322246,49.914983942000006,0.534
postprocess_ms,2_7_r01_t2,51,1780388665796749972,50.937411668,2.593
postprocess_ms,2_7_r01_t2,52,1780388666803497052,51.94415874800001,1.037
postprocess_ms,2_7_r01_t2,53,1780388667822845601,52.96350729700001,0.815
postprocess_ms,2_7_r01_t2,54,1780388668781129576,53.921791272,0.818
postprocess_ms,2_7_r01_t2,55,1780388669789868624,54.93053032,0.878
postprocess_ms,2_7_r01_t2,56,1780388670806016036,55.946677732000005,1.302
postprocess_ms,2_7_r01_t2,57,1780388671821532420,56.962194116000006,0.821
postprocess_ms,2_7_r01_t2,58,1780388672814118468,57.954780164000006,1.115
postprocess_ms,2_7_r01_t2,59,1780388673800557905,58.941219601,1.278
postprocess_ms,2_7_r01_t2,60,1780388674779562888,59.920224584,0.708
postprocess_ms,2_7_r01_t2,61,1780388675800266273,60.940927969,0.725
postprocess_ms,2_7_r01_t2,62,1780388676804705419,61.945367115,1.36
postprocess_ms,2_7_r01_t2,63,1780388677803433526,62.944095222,0.812
postprocess_ms,2_7_r01_t2,64,1780388678781311469,63.921973165000004,1.496
postprocess_ms,2_7_r01_t2,65,1780388679782567381,64.923229077,1.855
postprocess_ms,2_7_r01_t2,66,1780388680819969205,65.960630901,0.798
postprocess_ms,2_7_r01_t2,67,1780388681812540564,66.95320226,0.838
postprocess_ms,2_7_r01_t2,68,1780388682783135049,67.923796745,1.869
postprocess_ms,2_7_r01_t2,69,1780388683802910666,68.943572362,0.962
postprocess_ms,2_7_r01_t2,70,1780388684811212342,69.951874038,0.774
postprocess_ms,2_7_r01_t2,71,1780388685785763835,70.926425531,1.068
postprocess_ms,2_7_r01_t2,72,1780388686790635136,71.931296832,0.791
postprocess_ms,2_7_r01_t2,73,1780388687793150833,72.93381252900001,1.439
postprocess_ms,2_7_r01_t2,74,1780388688788714710,73.929376406,1.254
postprocess_ms,2_7_r01_t2,75,1780388689826043908,74.966705604,0.707
postprocess_ms,2_7_r01_t2,76,1780388690809588839,75.95025053500001,0.858
postprocess_ms,2_7_r01_t2,77,1780388691792666497,76.93332819300001,2.119
postprocess_ms,2_7_r01_t2,78,1780388692782812993,77.923474689,1.5
postprocess_ms,2_7_r01_t2,79,1780388693787225242,78.927886938,0.879
postprocess_ms,2_7_r01_t2,80,1780388694780382522,79.921044218,0.848
postprocess_ms,2_7_r01_t2,81,1780388695801156741,80.94181843700001,1.214
postprocess_ms,2_7_r01_t2,82,1780388696782807579,81.923469275,1.748
postprocess_ms,2_7_r01_t2,83,1780388697786156138,82.926817834,1.057
postprocess_ms,2_7_r01_t2,84,1780388698808583528,83.94924522400001,0.639
postprocess_ms,2_7_r01_t2,85,1780388699809580868,84.950242564,1.776
postprocess_ms,2_7_r01_t2,86,1780388700773792509,85.914454205,0.703
postprocess_ms,2_7_r01_t2,87,1780388701807616577,86.948278273,1.373
postprocess_ms,2_7_r01_t2,88,1780388702794999532,87.935661228,1.749
postprocess_ms,2_7_r01_t2,89,1780388703809017024,88.94967872000001,1.0
postprocess_ms,2_7_r01_t2,90,1780388704801481497,89.942143193,1.292
postprocess_ms,2_7_r01_t2,91,1780388705785181844,90.92584354,0.608
postprocess_ms,2_7_r01_t2,92,1780388706785420765,91.92608246100001,0.631
postprocess_ms,2_7_r01_t2,93,1780388707808866809,92.949528505,1.558
postprocess_ms,2_7_r01_t2,94,1780388708816377039,93.95703873500001,1.451
postprocess_ms,2_7_r01_t2,95,1780388709801518505,94.942180201,0.908
postprocess_ms,2_7_r01_t2,96,1780388710787523611,95.928185307,1.162
postprocess_ms,2_7_r01_t2,97,1780388711792189998,96.93285169400001,1.912
postprocess_ms,2_7_r01_t2,98,1780388712797453515,97.93811521100001,0.553
postprocess_ms,2_7_r01_t2,99,1780388713779217134,98.91987883,0.709
postprocess_ms,2_7_r01_t2,100,1780388714811138780,99.951800476,1.479
postprocess_ms,2_7_r01_t2,101,1780388715809272952,100.94993464800001,1.456
postprocess_ms,2_7_r01_t2,102,1780388716788937020,101.929598716,0.594
postprocess_ms,2_7_r01_t2,103,1780388717817301196,102.95796289200001,0.817
postprocess_ms,2_7_r01_t2,104,1780388718791012053,103.93167374900001,1.013
postprocess_ms,2_7_r01_t2,105,1780388719808039743,104.948701439,2.328
postprocess_ms,2_7_r01_t2,106,1780388720799944409,105.940606105,0.905
postprocess_ms,2_7_r01_t2,107,1780388721800359281,106.94102097700001,2.1
postprocess_ms,2_7_r01_t2,108,1780388722779728859,107.92039055500001,0.706
postprocess_ms,2_7_r01_t2,109,1780388723790887067,108.93154876300001,0.972
postprocess_ms,2_7_r01_t2,110,1780388724780452111,109.92111380700001,0.801
postprocess_ms,2_7_r01_t2,111,1780388725796557105,110.937218801,1.278
postprocess_ms,2_7_r01_t2,112,1780388726805350844,111.94601254000001,1.208
postprocess_ms,2_7_r01_t2,113,1780388727791823376,112.932485072,1.195
postprocess_ms,2_7_r01_t2,114,1780388728822446477,113.96310817300001,1.332
postprocess_ms,2_7_r01_t2,115,1780388729805327422,114.94598911800001,1.609
postprocess_ms,2_7_r01_t2,116,1780388730828195964,115.96885766000001,0.752
postprocess_ms,2_7_r01_t2,117,1780388731777921812,116.91858350800001,1.052
postprocess_ms,2_7_r01_t2,118,1780388732787006528,117.927668224,0.895
postprocess_ms,2_7_r01_t2,119,1780388733776818296,118.91747999200001,0.919
postprocess_ms,2_7_r01_t2,120,1780388734835296627,119.975958323,0.805
postprocess_ms,2_7_r01_t2,121,1780388735819259632,120.95992132800001,1.007
postprocess_ms,2_7_r01_t2,122,1780388736775735229,121.916396925,0.548
postprocess_ms,2_7_r01_t2,123,1780388737818743100,122.959404796,0.652
postprocess_ms,2_7_r01_t2,124,1780388738788015073,123.928676769,0.973
postprocess_ms,2_7_r01_t2,125,1780388739809030853,124.949692549,0.695
postprocess_ms,2_7_r01_t2,126,1780388740804124107,125.944785803,0.881
postprocess_ms,2_7_r01_t2,127,1780388741793659966,126.934321662,0.615
postprocess_ms,2_7_r01_t2,128,1780388742790430040,127.93109173600001,1.08
postprocess_ms,2_7_r01_t2,129,1780388743801231670,128.94189336600002,0.873
postprocess_ms,2_7_r01_t2,130,1780388744795655692,129.93631738800002,0.795
postprocess_ms,2_7_r01_t2,131,1780388745773280789,130.913942485,0.729
postprocess_ms,2_7_r01_t2,132,1780388746798422208,131.939083904,0.841
postprocess_ms,2_7_r01_t2,133,1780388747828944368,132.969606064,1.86
postprocess_ms,2_7_r01_t2,134,1780388748783348314,133.92401001000002,1.924
postprocess_ms,2_7_r01_t2,135,1780388749797327222,134.937988918,0.847
postprocess_ms,2_7_r01_t2,136,1780388750788568074,135.92922977,1.459
postprocess_ms,2_7_r01_t2,137,1780388751801455362,136.942117058,0.686
postprocess_ms,2_7_r01_t2,138,1780388752802598193,137.94325988900002,1.382
postprocess_ms,2_7_r01_t2,139,1780388753788143491,138.928805187,0.756
postprocess_ms,2_7_r01_t2,140,1780388754819886720,139.960548416,1.505
postprocess_ms,2_7_r01_t2,141,1780388755794986664,140.93564836000002,1.346
postprocess_ms,2_7_r01_t2,142,1780388756807037450,141.94769914600002,0.973
postprocess_ms,2_7_r01_t2,143,1780388757794254867,142.934916563,1.423
postprocess_ms,2_7_r01_t2,144,1780388758783148450,143.92381014600002,1.422
postprocess_ms,2_7_r01_t2,145,1780388759820113539,144.960775235,2.504
postprocess_ms,2_7_r01_t2,146,1780388760802285701,145.942947397,1.516
postprocess_ms,2_7_r01_t2,147,1780388761784382660,146.925044356,0.695
postprocess_ms,2_7_r01_t2,148,1780388762798023758,147.93868545400002,0.846
postprocess_ms,2_7_r01_t2,149,1780388763802108112,148.942769808,1.286
postprocess_ms,2_7_r01_t2,150,1780388764785079956,149.925741652,3.355
postprocess_ms,2_7_r01_t2,151,1780388765811235772,150.951897468,0.842
postprocess_ms,2_7_r01_t2,152,1780388766797999820,151.938661516,1.028
postprocess_ms,2_7_r01_t2,153,1780388767792674852,152.933336548,0.858
postprocess_ms,2_7_r01_t2,154,1780388768811470403,153.952132099,2.49
postprocess_ms,2_7_r01_t2,155,1780388769797649051,154.938310747,0.934
postprocess_ms,2_7_r01_t2,156,1780388770793736269,155.93439796500002,1.012
postprocess_ms,2_7_r01_t2,157,1780388771809840996,156.95050269200001,0.64
postprocess_ms,2_7_r01_t2,158,1780388772785502832,157.92616452800002,1.195
postprocess_ms,2_7_r01_t2,159,1780388773803734349,158.94439604500002,1.32
postprocess_ms,2_7_r01_t2,160,1780388774778237476,159.918899172,0.92
postprocess_ms,2_7_r01_t2,161,1780388775821684033,160.96234572900002,0.87
postprocess_ms,2_7_r01_t2,162,1780388776809721239,161.95038293500002,1.06
postprocess_ms,2_7_r01_t2,163,1780388777783683379,162.92434507500002,2.726
postprocess_ms,2_7_r01_t2,164,1780388778809098533,163.94976022900002,2.67
postprocess_ms,2_7_r01_t2,165,1780388779795712082,164.93637377800002,1.81
postprocess_ms,2_7_r01_t2,166,1780388780786344847,165.927006543,0.638
postprocess_ms,2_7_r01_t2,167,1780388781791364455,166.932026151,0.879
postprocess_ms,2_7_r01_t2,168,1780388782818653721,167.959315417,0.92
postprocess_ms,2_7_r01_t2,169,1780388783789938733,168.930600429,2.905
postprocess_ms,2_7_r01_t2,170,1780388784778468185,169.919129881,0.65
postprocess_ms,2_7_r01_t2,171,1780388785795618338,170.93628003400002,1.644
postprocess_ms,2_7_r01_t2,172,1780388786796826758,171.937488454,0.82
postprocess_ms,2_7_r01_t2,173,1780388787824392817,172.965054513,0.663
postprocess_ms,2_7_r01_t2,174,1780388788810393768,173.951055464,1.372
postprocess_ms,2_7_r01_t2,175,1780388789824656239,174.965317935,1.942
postprocess_ms,2_7_r01_t2,176,1780388790796835626,175.937497322,0.774
postprocess_ms,2_7_r01_t2,177,1780388791820835860,176.961497556,0.831
postprocess_ms,2_7_r01_t2,178,1780388792806365558,177.947027254,1.581
postprocess_ms,2_7_r01_t2,179,1780388793778593822,178.919255518,0.931
postprocess_ms,2_7_r01_t2,180,1780388794807788066,179.94844976200002,1.634
postprocess_ms,2_7_r01_t2,181,1780388795784533033,180.925194729,4.585
postprocess_ms,2_7_r01_t2,182,1780388796789225136,181.92988683200002,0.595
postprocess_ms,2_7_r01_t2,183,1780388797818827971,182.959489667,0.957
postprocess_ms,2_7_r01_t2,184,1780388798819950637,183.960612333,1.214
postprocess_ms,2_7_r01_t2,185,1780388799791424221,184.93208591700002,0.714
postprocess_ms,2_7_r01_t2,186,1780388800813326038,185.953987734,0.852
postprocess_ms,2_7_r01_t2,187,1780388801813007294,186.95366899,1.033
postprocess_ms,2_7_r01_t2,188,1780388802823599872,187.964261568,2.838
postprocess_ms,2_7_r01_t2,189,1780388803790021062,188.93068275800002,0.556
postprocess_ms,2_7_r01_t2,190,1780388804794581631,189.93524332700002,1.339
postprocess_ms,2_7_r01_t2,191,1780388805825174659,190.96583635500002,1.639
postprocess_ms,2_7_r01_t2,192,1780388806807767255,191.948428951,1.44
postprocess_ms,2_7_r01_t2,193,1780388807798125121,192.93878681700002,1.029
postprocess_ms,2_7_r01_t2,194,1780388808803140652,193.94380234800002,0.833
postprocess_ms,2_7_r01_t2,195,1780388809807668724,194.94833042000002,0.741
postprocess_ms,2_7_r01_t2,196,1780388810785093945,195.92575564100002,0.674
postprocess_ms,2_7_r01_t2,197,1780388811820650113,196.96131180900002,0.648
postprocess_ms,2_7_r01_t2,198,1780388812823970567,197.964632263,1.151
postprocess_ms,2_7_r01_t2,199,1780388813797820285,198.93848198100002,2.419
postprocess_ms,2_7_r01_t2,200,1780388814793064924,199.93372662000002,1.421
postprocess_ms,2_7_r01_t2,201,1780388815810521435,200.95118313100002,1.148
postprocess_ms,2_7_r01_t2,202,1780388816784793709,201.925455405,1.24
postprocess_ms,2_7_r01_t2,203,1780388817794462558,202.93512425400002,0.737
postprocess_ms,2_7_r01_t2,204,1780388818787711416,203.928373112,0.809
postprocess_ms,2_7_r01_t2,205,1780388819790872388,204.93153408400002,1.186
postprocess_ms,2_7_r01_t2,206,1780388820797264650,205.937926346,0.713
postprocess_ms,2_7_r01_t2,207,1780388821802700539,206.94336223500002,2.06
postprocess_ms,2_7_r01_t2,208,1780388822790369865,207.93103156100003,2.176
postprocess_ms,2_7_r01_t2,209,1780388823788847151,208.92950884700002,0.596
postprocess_ms,2_7_r01_t2,210,1780388824786780452,209.927442148,0.632
postprocess_ms,2_7_r01_t2,211,1780388825815698260,210.956359956,1.453
postprocess_ms,2_7_r01_t2,212,1780388826841217301,211.98187899700002,0.974
postprocess_ms,2_7_r01_t2,213,1780388827823473498,212.96413519400002,0.696
postprocess_ms,2_7_r01_t2,214,1780388828785152510,213.925814206,0.69
postprocess_ms,2_7_r01_t2,215,1780388829802933359,214.943595055,1.108
postprocess_ms,2_7_r01_t2,216,1780388830779840220,215.920501916,0.973
postprocess_ms,2_7_r01_t2,217,1780388831804630002,216.945291698,1.068
postprocess_ms,2_7_r01_t2,218,1780388832809078735,217.949740431,1.908
postprocess_ms,2_7_r01_t2,219,1780388833800642408,218.941304104,0.823
postprocess_ms,2_7_r01_t2,220,1780388834830762985,219.971424681,1.417
postprocess_ms,2_7_r01_t2,221,1780388835804877947,220.94553964300002,0.975
postprocess_ms,2_7_r01_t2,222,1780388836780968465,221.92163016100002,0.751
postprocess_ms,2_7_r01_t2,223,1780388837784886075,222.92554777100003,0.688
postprocess_ms,2_7_r01_t2,224,1780388838806836486,223.947498182,2.107
postprocess_ms,2_7_r01_t2,225,1780388839814421950,224.95508364600002,1.333
postprocess_ms,2_7_r01_t2,226,1780388840809707783,225.95036947900002,0.687
postprocess_ms,2_7_r01_t2,227,1780388841805527670,226.94618936600003,0.78
postprocess_ms,2_7_r01_t2,228,1780388842790503520,227.931165216,3.092
postprocess_ms,2_7_r01_t2,229,1780388843791792314,228.93245401000001,1.788
postprocess_ms,2_7_r01_t2,230,1780388844841478176,229.982139872,1.311
postprocess_ms,2_7_r01_t2,231,1780388845815548492,230.95621018800003,0.776
postprocess_ms,2_7_r01_t2,232,1780388846792004081,231.932665777,1.434
postprocess_ms,2_7_r01_t2,233,1780388847795564739,232.936226435,1.207
postprocess_ms,2_7_r01_t2,234,1780388848789398357,233.930060053,0.97
postprocess_ms,2_7_r01_t2,235,1780388849801179694,234.94184139,0.743
postprocess_ms,2_7_r01_t2,236,1780388850824346260,235.96500795600002,2.401
postprocess_ms,2_7_r01_t2,237,1780388851822683186,236.963344882,0.773
postprocess_ms,2_7_r01_t2,238,1780388852786911677,237.927573373,0.955
postprocess_ms,2_7_r01_t2,239,1780388853792675110,238.93333680600003,0.849
postprocess_ms,2_7_r01_t2,240,1780388854797191743,239.937853439,0.739
postprocess_ms,2_7_r01_t2,241,1780388855795326240,240.935987936,0.606
postprocess_ms,2_7_r01_t2,242,1780388856826584957,241.96724665300002,1.169
postprocess_ms,2_7_r01_t2,243,1780388857819303384,242.95996508000002,1.013
postprocess_ms,2_7_r01_t2,244,1780388858792741863,243.93340355900003,1.593
postprocess_ms,2_7_r01_t2,245,1780388859787715816,244.92837751200003,0.69
postprocess_ms,2_7_r01_t2,246,1780388860800177545,245.94083924100002,1.641
postprocess_ms,2_7_r01_t2,247,1780388861824045184,246.96470688000002,0.592
postprocess_ms,2_7_r01_t2,248,1780388862801121843,247.94178353900003,1.579
postprocess_ms,2_7_r01_t2,249,1780388863796692982,248.93735467800002,2.122
postprocess_ms,2_7_r01_t2,250,1780388864813223967,249.95388566300002,0.888
postprocess_ms,2_7_r01_t2,251,1780388865800549324,250.94121102000003,0.567
postprocess_ms,2_7_r01_t2,252,1780388866804668647,251.94533034300002,2.923
postprocess_ms,2_7_r01_t2,253,1780388867811465197,252.952126893,0.852
postprocess_ms,2_7_r01_t2,254,1780388868797439887,253.93810158300002,1.682
postprocess_ms,2_7_r01_t2,255,1780388869793370102,254.934031798,0.874
postprocess_ms,2_7_r01_t2,256,1780388870789656734,255.93031843000003,0.787
postprocess_ms,2_7_r01_t2,257,1780388871795770583,256.93643227900003,0.541
postprocess_ms,2_7_r01_t2,258,1780388872800145150,257.94080684600004,1.061
postprocess_ms,2_7_r01_t2,259,1780388873784315339,258.92497703500004,1.317
postprocess_ms,2_7_r01_t2,260,1780388874799934269,259.940595965,3.003
postprocess_ms,2_7_r01_t2,261,1780388875814637273,260.955298969,2.788
postprocess_ms,2_7_r01_t2,262,1780388876781406358,261.922068054,1.151
postprocess_ms,2_7_r01_t2,263,1780388877810510977,262.95117267300003,0.69
postprocess_ms,2_7_r01_t2,264,1780388878815570517,263.956232213,1.797
postprocess_ms,2_7_r01_t2,265,1780388879809751062,264.950412758,1.682
postprocess_ms,2_7_r01_t2,266,1780388880792115235,265.93277693100003,0.764
postprocess_ms,2_7_r01_t2,267,1780388881806373231,266.947034927,0.619
postprocess_ms,2_7_r01_t2,268,1780388882804232942,267.944894638,0.643
postprocess_ms,2_7_r01_t2,269,1780388883821005387,268.961667083,0.622
postprocess_ms,2_7_r01_t2,270,1780388884793402946,269.934064642,1.417
postprocess_ms,2_7_r01_t2,271,1780388885812142845,270.95280454100003,0.861
postprocess_ms,2_7_r01_t2,272,1780388886793438804,271.9341005,0.909
postprocess_ms,2_7_r01_t2,273,1780388887785382288,272.926043984,1.556
postprocess_ms,2_7_r01_t2,274,1780388888784146210,273.924807906,3.037
postprocess_ms,2_7_r01_t2,275,1780388889793601914,274.93426361,0.82
postprocess_ms,2_7_r01_t2,276,1780388890807356649,275.94801834500004,1.079
postprocess_ms,2_7_r01_t2,277,1780388891785679757,276.926341453,0.817
postprocess_ms,2_7_r01_t2,278,1780388892815332357,277.95599405300004,0.864
postprocess_ms,2_7_r01_t2,279,1780388893795828079,278.93648977500004,0.601
postprocess_ms,2_7_r01_t2,280,1780388894822035910,279.962697606,0.589
postprocess_ms,2_7_r01_t2,281,1780388895804645526,280.945307222,1.044
postprocess_ms,2_7_r01_t2,282,1780388896815410863,281.956072559,1.675
postprocess_ms,2_7_r01_t2,283,1780388897811579434,282.95224113,0.653
postprocess_ms,2_7_r01_t2,284,1780388898794135678,283.934797374,0.598
postprocess_ms,2_7_r01_t2,285,1780388899788709234,284.92937093,0.932
postprocess_ms,2_7_r01_t2,286,1780388900798682533,285.939344229,1.394
postprocess_ms,2_7_r01_t2,287,1780388901797301578,286.937963274,0.86
postprocess_ms,2_7_r01_t2,288,1780388902791570750,287.932232446,0.753
postprocess_ms,2_7_r01_t2,289,1780388903786245478,288.926907174,0.655
postprocess_ms,2_7_r01_t2,290,1780388904819121721,289.95978341700004,0.903
postprocess_ms,2_7_r01_t2,291,1780388905811011603,290.951673299,0.651
postprocess_ms,2_7_r01_t2,292,1780388906801197486,291.94185918200003,0.76
postprocess_ms,2_7_r01_t2,293,1780388907802367189,292.94302888500005,0.971
postprocess_ms,2_7_r01_t2,294,1780388908817202891,293.957864587,1.219
postprocess_ms,2_7_r01_t2,295,1780388909800292642,294.94095433800004,0.82
postprocess_ms,2_7_r01_t2,296,1780388910810400931,295.951062627,1.258
postprocess_ms,2_7_r01_t2,297,1780388911793365562,296.934027258,0.602
postprocess_ms,2_7_r01_t2,298,1780388912786489950,297.927151646,0.775
postprocess_ms,2_7_r01_t2,299,1780388913788333447,298.928995143,0.932
postprocess_ms,2_7_r01_t2,300,1780388914808323080,299.94898477600003,1.671
postprocess_ms,2_7_r01_t2,301,1780388915834644235,300.97530593100004,1.415
postprocess_ms,2_7_r01_t2,302,1780388916787139769,301.927801465,1.04
postprocess_ms,2_7_r01_t2,303,1780388917779369597,302.920031293,0.613
postprocess_ms,2_7_r01_t2,304,1780388918805214150,303.94587584600004,0.586
postprocess_ms,2_7_r01_t2,305,1780388919819914935,304.96057663100004,0.597
postprocess_ms,2_7_r01_t2,306,1780388920832324044,305.97298574,0.905
postprocess_ms,2_7_r01_t2,307,1780388921805137698,306.945799394,0.594
postprocess_ms,2_7_r01_t2,308,1780388922814687964,307.95534966,0.952
postprocess_ms,2_7_r01_t2,309,1780388923791475672,308.93213736800004,0.867
postprocess_ms,2_7_r01_t2,310,1780388924799716108,309.94037780400004,1.034
postprocess_ms,2_7_r01_t2,311,1780388925805203144,310.94586484,1.081
postprocess_ms,2_7_r01_t2,312,1780388926807007792,311.94766948800003,1.006
postprocess_ms,2_7_r01_t2,313,1780388927791358597,312.932020293,1.263
postprocess_ms,2_7_r01_t2,314,1780388928794766317,313.93542801300003,1.02
postprocess_ms,2_7_r01_t2,315,1780388929791347610,314.932009306,1.005
postprocess_ms,2_7_r01_t2,316,1780388930792420208,315.933081904,0.752
postprocess_ms,2_7_r01_t2,317,1780388931791836036,316.932497732,1.673
postprocess_ms,2_7_r01_t2,318,1780388932830859874,317.97152157,0.843
postprocess_ms,2_7_r01_t2,319,1780388933795414238,318.93607593400003,1.192
postprocess_ms,2_7_r01_t2,320,1780388934806250701,319.946912397,0.643
postprocess_ms,2_7_r01_t2,321,1780388935841876582,320.982538278,0.804
postprocess_ms,2_7_r01_t2,322,1780388936798409207,321.939070903,1.287
postprocess_ms,2_7_r01_t2,323,1780388937792823376,322.933485072,0.817
postprocess_ms,2_7_r01_t2,324,1780388938834976859,323.97563855500005,3.147
postprocess_ms,2_7_r01_t2,325,1780388939783557621,324.924219317,0.8
postprocess_ms,2_7_r01_t2,326,1780388940798504612,325.93916630800004,0.808
postprocess_ms,2_7_r01_t2,327,1780388941823170045,326.96383174100004,0.796
postprocess_ms,2_7_r01_t2,328,1780388942808439481,327.94910117700005,0.578
postprocess_ms,2_7_r01_t2,329,1780388943784103400,328.92476509600004,2.207
postprocess_ms,2_7_r01_t2,330,1780388944803612252,329.94427394800005,0.842
postprocess_ms,2_7_r01_t2,331,1780388945819913118,330.96057481400004,1.255
postprocess_ms,2_7_r01_t2,332,1780388946796122275,331.936783971,0.626
postprocess_ms,2_7_r01_t2,333,1780388947819124320,332.959786016,0.649
postprocess_ms,2_7_r01_t2,334,1780388948834690611,333.97535230700004,1.447
postprocess_ms,2_7_r01_t2,335,1780388949796720656,334.93738235200004,2.297
postprocess_ms,2_7_r01_t2,336,1780388950793383662,335.93404535800005,1.137
postprocess_ms,2_7_r01_t2,337,1780388951815338759,336.95600045500004,1.41
postprocess_ms,2_7_r01_t2,338,1780388952815435217,337.956096913,0.815
postprocess_ms,2_7_r01_t2,339,1780388953798277573,338.938939269,0.833
postprocess_ms,2_7_r01_t2,340,1780388954828687039,339.96934873500004,1.554
postprocess_ms,2_7_r01_t2,341,1780388955790529957,340.93119165300004,0.906
postprocess_ms,2_7_r01_t2,342,1780388956786901441,341.92756313700005,0.711
postprocess_ms,2_7_r01_t2,343,1780388957832263783,342.972925479,1.075
postprocess_ms,2_7_r01_t2,344,1780388958826639666,343.967301362,1.252
postprocess_ms,2_7_r01_t2,345,1780388959789089092,344.92975078800004,0.829
postprocess_ms,2_7_r01_t2,346,1780388960810132357,345.95079405300004,0.986
postprocess_ms,2_7_r01_t2,347,1780388961805963984,346.94662568,0.816
postprocess_ms,2_7_r01_t2,348,1780388962823107706,347.963769402,0.891
postprocess_ms,2_7_r01_t2,349,1780388963780992060,348.921653756,0.588
postprocess_ms,2_7_r01_t2,350,1780388964800957319,349.941619015,1.017
postprocess_ms,2_7_r01_t2,351,1780388965840692205,350.98135390100003,1.368
postprocess_ms,2_7_r01_t2,352,1780388966823818238,351.964479934,0.919
postprocess_ms,2_7_r01_t2,353,1780388967814000873,352.95466256900005,6.036
postprocess_ms,2_7_r01_t2,354,1780388968804496053,353.94515774900003,1.093
postprocess_ms,2_7_r01_t2,355,1780388969803311424,354.94397312,1.466
postprocess_ms,2_7_r01_t2,356,1780388970805303700,355.945965396,1.661
postprocess_ms,2_7_r01_t2,357,1780388971815714104,356.95637580000005,1.411
postprocess_ms,2_7_r01_t2,358,1780388972820118745,357.960780441,1.277
postprocess_ms,2_7_r01_t2,359,1780388973808359705,358.94902140100004,1.326
postprocess_ms,2_7_r01_t2,360,1780388974785820849,359.926482545,0.991
postprocess_ms,2_7_r01_t2,361,1780388975787594998,360.928256694,1.301
postprocess_ms,2_7_r01_t2,362,1780388976803120498,361.94378219400005,1.152
postprocess_ms,2_7_r01_t2,363,1780388977813641343,362.954303039,1.006
postprocess_ms,2_7_r01_t2,364,1780388978790814631,363.93147632700004,2.327
postprocess_ms,2_7_r01_t2,365,1780388979819109053,364.95977074900003,1.691
postprocess_ms,2_7_r01_t2,366,1780388980789595659,365.93025735500004,0.895
postprocess_ms,2_7_r01_t2,367,1780388981816348272,366.957009968,0.721
postprocess_ms,2_7_r01_t2,368,1780388982805518495,367.946180191,0.883
postprocess_ms,2_7_r01_t2,369,1780388983794879369,368.935541065,0.814
postprocess_ms,2_7_r01_t2,370,1780388984815765562,369.956427258,2.824
postprocess_ms,2_7_r01_t2,371,1780388985787695709,370.92835740500004,1.776
postprocess_ms,2_7_r01_t2,372,1780388986795039108,371.935700804,0.739
postprocess_ms,2_7_r01_t2,373,1780388987784788116,372.925449812,2.693
postprocess_ms,2_7_r01_t2,374,1780388988796133683,373.93679537900005,1.836
postprocess_ms,2_7_r01_t2,375,1780388989793943332,374.934605028,0.934
postprocess_ms,2_7_r01_t2,376,1780388990813878963,375.95454065900003,0.807
postprocess_ms,2_7_r01_t2,377,1780388991808464072,376.94912576800004,1.328
postprocess_ms,2_7_r01_t2,378,1780388992780739374,377.92140107,0.552
postprocess_ms,2_7_r01_t2,379,1780388993793963325,378.93462502100004,1.501
postprocess_ms,2_7_r01_t2,380,1780388994803405030,379.944066726,2.68
postprocess_ms,2_7_r01_t2,381,1780388995810630548,380.951292244,1.419
postprocess_ms,2_7_r01_t2,382,1780388996792906744,381.93356844000004,0.616
postprocess_ms,2_7_r01_t2,383,1780388997796705243,382.937366939,0.699
postprocess_ms,2_7_r01_t2,384,1780388998783719569,383.924381265,1.33
postprocess_ms,2_7_r01_t2,385,1780388999796263768,384.936925464,0.996
postprocess_ms,2_7_r01_t2,386,1780389000801618058,385.942279754,2.079
postprocess_ms,2_7_r01_t2,387,1780389001806503489,386.947165185,1.267
postprocess_ms,2_7_r01_t2,388,1780389002804008614,387.94467031000005,0.983
postprocess_ms,2_7_r01_t2,389,1780389003791540751,388.932202447,2.268
postprocess_ms,2_7_r01_t2,390,1780389004781238995,389.921900691,2.581
postprocess_ms,2_7_r01_t2,391,1780389005821758714,390.96242041000005,0.788
postprocess_ms,2_7_r01_t2,392,1780389006792519154,391.93318085000004,2.215
postprocess_ms,2_7_r01_t2,393,1780389007791512094,392.93217379000004,0.81
postprocess_ms,2_7_r01_t2,394,1780389008796130370,393.936792066,0.69
postprocess_ms,2_7_r01_t2,395,1780389009808412507,394.949074203,1.51
postprocess_ms,2_7_r01_t2,396,1780389010813657793,395.954319489,0.644
postprocess_ms,2_7_r01_t2,397,1780389011786886120,396.927547816,1.056
postprocess_ms,2_7_r01_t2,398,1780389012784828387,397.925490083,0.647
postprocess_ms,2_7_r01_t2,399,1780389013801624169,398.94228586500003,0.636
postprocess_ms,2_7_r01_t2,400,1780389014811968890,399.952630586,1.754
postprocess_ms,2_7_r01_t2,401,1780389015790972729,400.931634425,1.162
postprocess_ms,2_7_r01_t2,402,1780389016810610642,401.951272338,1.257
postprocess_ms,2_7_r01_t2,403,1780389017798199545,402.93886124100004,1.441
postprocess_ms,2_7_r01_t2,404,1780389018797530716,403.93819241200003,0.93
postprocess_ms,2_7_r01_t2,405,1780389019793218734,404.93388043000004,2.354
postprocess_ms,2_7_r01_t2,406,1780389020815479954,405.95614165,0.596
postprocess_ms,2_7_r01_t2,407,1780389021794923468,406.93558516400003,0.614
postprocess_ms,2_7_r01_t2,408,1780389022797115583,407.93777727900004,1.556
postprocess_ms,2_7_r01_t2,409,1780389023814610578,408.95527227400004,1.081
postprocess_ms,2_7_r01_t2,410,1780389024798904712,409.939566408,0.672
postprocess_ms,2_7_r01_t2,411,1780389025782190724,410.92285242,0.851
postprocess_ms,2_7_r01_t2,412,1780389026791233220,411.93189491600003,0.683
postprocess_ms,2_7_r01_t2,413,1780389027790925563,412.931587259,1.116
postprocess_ms,2_7_r01_t2,414,1780389028813765532,413.95442722800004,1.424
postprocess_ms,2_7_r01_t2,415,1780389029820894196,414.96155589200004,1.334
postprocess_ms,2_7_r01_t2,416,1780389030810339230,415.951000926,1.112
postprocess_ms,2_7_r01_t2,417,1780389031812856816,416.953518512,1.454
postprocess_ms,2_7_r01_t2,418,1780389032803955887,417.944617583,1.208
postprocess_ms,2_7_r01_t2,419,1780389033816792623,418.957454319,1.001
postprocess_ms,2_7_r01_t2,420,1780389034792937248,419.93359894400004,0.7
postprocess_ms,2_7_r01_t2,421,1780389035796130302,420.93679199800005,1.087
postprocess_ms,2_7_r01_t2,422,1780389036787049389,421.927711085,1.145
postprocess_ms,2_7_r01_t2,423,1780389037804834259,422.945495955,2.025
postprocess_ms,2_7_r01_t2,424,1780389038817298988,423.957960684,0.688
postprocess_ms,2_7_r01_t2,425,1780389039797687765,424.93834946100003,0.932
postprocess_ms,2_7_r01_t2,426,1780389040785535433,425.926197129,0.924
postprocess_ms,2_7_r01_t2,427,1780389041791106127,426.93176782300003,2.75
postprocess_ms,2_7_r01_t2,428,1780389042797458280,427.93811997600005,0.663
postprocess_ms,2_7_r01_t2,429,1780389043805287374,428.94594907000004,1.087
postprocess_ms,2_7_r01_t2,430,1780389044786173877,429.926835573,0.804
postprocess_ms,2_7_r01_t2,431,1780389045795375050,430.936036746,0.726
postprocess_ms,2_7_r01_t2,432,1780389046827700099,431.968361795,0.838
postprocess_ms,2_7_r01_t2,433,1780389047818791924,432.95945362000003,1.176
postprocess_ms,2_7_r01_t2,434,1780389048805700616,433.946362312,0.713
postprocess_ms,2_7_r01_t2,435,1780389049818402098,434.95906379400003,1.474
postprocess_ms,2_7_r01_t2,436,1780389050792043709,435.93270540500004,0.993
postprocess_ms,2_7_r01_t2,437,1780389051833835739,436.97449743500005,1.513
postprocess_ms,2_7_r01_t2,438,1780389052813617963,437.954279659,0.746
postprocess_ms,2_7_r01_t2,439,1780389053803638716,438.944300412,0.857
postprocess_ms,2_7_r01_t2,440,1780389054789220377,439.92988207300004,0.617
postprocess_ms,2_7_r01_t2,441,1780389055815781397,440.956443093,0.895
postprocess_ms,2_7_r01_t2,442,1780389056805452748,441.94611444400005,1.889
postprocess_ms,2_7_r01_t2,443,1780389057820197091,442.960858787,1.497
postprocess_ms,2_7_r01_t2,444,1780389058787302680,443.92796437600003,2.322
postprocess_ms,2_7_r01_t2,445,1780389059807353186,444.94801488200005,0.962
postprocess_ms,2_7_r01_t2,446,1780389060802211384,445.94287308,1.169
postprocess_ms,2_7_r01_t2,447,1780389061821523104,446.96218480000005,0.748
postprocess_ms,2_7_r01_t2,448,1780389062804771285,447.945432981,1.69
postprocess_ms,2_7_r01_t2,449,1780389063791519251,448.932180947,1.12
postprocess_ms,2_7_r01_t2,450,1780389064783858135,449.92451983100005,1.084
postprocess_ms,2_7_r01_t2,451,1780389065795308202,450.93596989800005,0.634
postprocess_ms,2_7_r01_t2,452,1780389066808477561,451.949139257,0.874
postprocess_ms,2_7_r01_t2,453,1780389067814777162,452.95543885800004,0.832
postprocess_ms,2_7_r01_t2,454,1780389068780534003,453.921195699,0.627
postprocess_ms,2_7_r01_t2,455,1780389069799674034,454.94033573,0.592
postprocess_ms,2_7_r01_t2,456,1780389070817468896,455.95813059200003,1.6
postprocess_ms,2_7_r01_t2,457,1780389071803422326,456.944084022,1.362
postprocess_ms,2_7_r01_t2,458,1780389072797086018,457.937747714,1.406
postprocess_ms,2_7_r01_t2,459,1780389073805813857,458.946475553,0.887
postprocess_ms,2_7_r01_t2,460,1780389074804086340,459.944748036,1.211
postprocess_ms,2_7_r01_t2,461,1780389075802998296,460.94365999200005,0.629
postprocess_ms,2_7_r01_t2,462,1780389076789143473,461.929805169,0.732
postprocess_ms,2_7_r01_t2,463,1780389077783106164,462.92376786000005,1.167
postprocess_ms,2_7_r01_t2,464,1780389078797115666,463.937777362,0.599
postprocess_ms,2_7_r01_t2,465,1780389079786282135,464.926943831,0.816
postprocess_ms,2_7_r01_t2,466,1780389080827155936,465.96781763200005,1.015
postprocess_ms,2_7_r01_t2,467,1780389081789417495,466.930079191,2.418
postprocess_ms,2_7_r01_t2,468,1780389082815052072,467.955713768,1.085
postprocess_ms,2_7_r01_t2,469,1780389083831780075,468.97244177100004,1.328
postprocess_ms,2_7_r01_t2,470,1780389084816815062,469.95747675800004,0.6
postprocess_ms,2_7_r01_t2,471,1780389085827018766,470.96768046200003,1.073
postprocess_ms,2_7_r01_t2,472,1780389086818884958,471.959546654,0.712
postprocess_ms,2_7_r01_t2,473,1780389087803056449,472.94371814500005,2.028
postprocess_ms,2_7_r01_t2,474,1780389088785894389,473.926556085,0.571
postprocess_ms,2_7_r01_t2,475,1780389089798218967,474.938880663,2.589
postprocess_ms,2_7_r01_t2,476,1780389090797656200,475.93831789600006,1.176
postprocess_ms,2_7_r01_t2,477,1780389091813278402,476.95394009800003,1.104
postprocess_ms,2_7_r01_t2,478,1780389092793393969,477.934055665,0.637
postprocess_ms,2_7_r01_t2,479,1780389093807970658,478.94863235400004,0.913
postprocess_ms,2_7_r01_t2,480,1780389094802006861,479.94266855700005,1.34
postprocess_ms,2_7_r01_t2,481,1780389095836582676,480.97724437200003,1.433
postprocess_ms,2_7_r01_t2,482,1780389096821134921,481.961796617,0.832
postprocess_ms,2_7_r01_t2,483,1780389097799045119,482.939706815,0.846
postprocess_ms,2_7_r01_t2,484,1780389098780494857,483.921156553,2.162
postprocess_ms,2_7_r01_t2,485,1780389099809311067,484.949972763,1.011
postprocess_ms,2_7_r01_t2,486,1780389100796731752,485.937393448,0.878
postprocess_ms,2_7_r01_t2,487,1780389101809083967,486.94974566300004,1.325
postprocess_ms,2_7_r01_t2,488,1780389102792346622,487.933008318,0.621
postprocess_ms,2_7_r01_t2,489,1780389103833244258,488.97390595400003,0.654
postprocess_ms,2_7_r01_t2,490,1780389104805525450,489.94618714600006,1.17
postprocess_ms,2_7_r01_t2,491,1780389105828419321,490.969081017,0.734
postprocess_ms,2_7_r01_t2,492,1780389106788435024,491.92909672,1.869
postprocess_ms,2_7_r01_t2,493,1780389107838813043,492.979474739,1.789
postprocess_ms,2_7_r01_t2,494,1780389108800386523,493.94104821900004,1.279
postprocess_ms,2_7_r01_t2,495,1780389109814333685,494.954995381,0.675
postprocess_ms,2_7_r01_t2,496,1780389110789939681,495.930601377,0.645
postprocess_ms,2_7_r01_t2,497,1780389111806764245,496.947425941,1.454
postprocess_ms,2_7_r01_t2,498,1780389112797816942,497.93847863800005,0.928
postprocess_ms,2_7_r01_t2,499,1780389113801103354,498.94176505,1.793
postprocess_ms,2_7_r01_t2,500,1780389114789230791,499.929892487,0.853
postprocess_ms,2_7_r01_t2,501,1780389115792468816,500.93313051200005,0.674
postprocess_ms,2_7_r01_t2,502,1780389116794570826,501.93523252200004,0.856
postprocess_ms,2_7_r01_t2,503,1780389117785848462,502.92651015800004,3.111
postprocess_ms,2_7_r01_t2,504,1780389118799110181,503.93977187700006,1.563
postprocess_ms,2_7_r01_t2,505,1780389119813751863,504.95441355900005,2.793
postprocess_ms,2_7_r01_t2,506,1780389120826622776,505.967284472,1.316
postprocess_ms,2_7_r01_t2,507,1780389121793567222,506.93422891800003,0.896
postprocess_ms,2_7_r01_t2,508,1780389122791519647,507.932181343,0.613
postprocess_ms,2_7_r01_t2,509,1780389123792105601,508.93276729700005,0.791
postprocess_ms,2_7_r01_t2,510,1780389124787088070,509.92774976600003,0.821
postprocess_ms,2_7_r01_t2,511,1780389125789868080,510.930529776,0.999
postprocess_ms,2_7_r01_t2,512,1780389126814871440,511.95553313600004,0.613
postprocess_ms,2_7_r01_t2,513,1780389127799792420,512.9404541160001,1.148
postprocess_ms,2_7_r01_t2,514,1780389128803341936,513.944003632,0.946
postprocess_ms,2_7_r01_t2,515,1780389129795721375,514.936383071,1.873
postprocess_ms,2_7_r01_t2,516,1780389130816434997,515.957096693,0.935
postprocess_ms,2_7_r01_t2,517,1780389131792614803,516.933276499,0.948
postprocess_ms,2_7_r01_t2,518,1780389132800688658,517.9413503540001,0.888
postprocess_ms,2_7_r01_t2,519,1780389133814464547,518.955126243,0.724
postprocess_ms,2_7_r01_t2,520,1780389134783146577,519.9238082730001,0.991
postprocess_ms,2_7_r01_t2,521,1780389135809161220,520.949822916,1.36
postprocess_ms,2_7_r01_t2,522,1780389136805847991,521.946509687,1.98
postprocess_ms,2_7_r01_t2,523,1780389137813993365,522.954655061,1.785
postprocess_ms,2_7_r01_t2,524,1780389138821219298,523.961880994,1.443
postprocess_ms,2_7_r01_t2,525,1780389139803087738,524.943749434,0.863
postprocess_ms,2_7_r01_t2,526,1780389140799679750,525.940341446,3.119
postprocess_ms,2_7_r01_t2,527,1780389141797295574,526.9379572700001,1.496
postprocess_ms,2_7_r01_t2,528,1780389142791788896,527.932450592,1.983
postprocess_ms,2_7_r01_t2,529,1780389143837840725,528.978502421,2.466
postprocess_ms,2_7_r01_t2,530,1780389144820210036,529.960871732,0.763
postprocess_ms,2_7_r01_t2,531,1780389145811979446,530.9526411420001,1.214
postprocess_ms,2_7_r01_t2,532,1780389146804316342,531.944978038,3.297
postprocess_ms,2_7_r01_t2,533,1780389147840186266,532.980847962,0.99
postprocess_ms,2_7_r01_t2,534,1780389148802799405,533.943461101,0.707
postprocess_ms,2_7_r01_t2,535,1780389149824353486,534.965015182,0.885
postprocess_ms,2_7_r01_t2,536,1780389150788722901,535.9293845970001,1.566
postprocess_ms,2_7_r01_t2,537,1780389151791729108,536.9323908040001,1.017
postprocess_ms,2_7_r01_t2,538,1780389152814390684,537.95505238,2.3
postprocess_ms,2_7_r01_t2,539,1780389153795062242,538.935723938,0.922
postprocess_ms,2_7_r01_t2,540,1780389154804501792,539.945163488,1.88
postprocess_ms,2_7_r01_t2,541,1780389155799576310,540.9402380060001,0.645
postprocess_ms,2_7_r01_t2,542,1780389156829711614,541.97037331,2.382
postprocess_ms,2_7_r01_t2,543,1780389157815956369,542.956618065,0.853
postprocess_ms,2_7_r01_t2,544,1780389158797112761,543.937774457,1.087
postprocess_ms,2_7_r01_t2,545,1780389159791942864,544.9326045600001,1.178
postprocess_ms,2_7_r01_t2,546,1780389160795864753,545.936526449,0.742
postprocess_ms,2_7_r01_t2,547,1780389161791029585,546.931691281,0.656
postprocess_ms,2_7_r01_t2,548,1780389162815339126,547.9560008220001,1.077
postprocess_ms,2_7_r01_t2,549,1780389163842112197,548.9827738930001,0.615
postprocess_ms,2_7_r01_t2,550,1780389164838104813,549.978766509,0.856
postprocess_ms,2_7_r01_t2,551,1780389165811129794,550.95179149,1.23
postprocess_ms,2_7_r01_t2,552,1780389166820104730,551.9607664260001,0.713
postprocess_ms,2_7_r01_t2,553,1780389167819839908,552.960501604,0.62
postprocess_ms,2_7_r01_t2,554,1780389168806500040,553.947161736,1.126
postprocess_ms,2_7_r01_t2,555,1780389169824622289,554.965283985,2.977
postprocess_ms,2_7_r01_t2,556,1780389170813003999,555.953665695,1.397
postprocess_ms,2_7_r01_t2,557,1780389171814240108,556.9549018040001,1.228
postprocess_ms,2_7_r01_t2,558,1780389172791456540,557.9321182360001,0.992
postprocess_ms,2_7_r01_t2,559,1780389173800561567,558.941223263,0.594
postprocess_ms,2_7_r01_t2,560,1780389174792681077,559.933342773,0.947
postprocess_ms,2_7_r01_t2,561,1780389175797962655,560.938624351,0.696
postprocess_ms,2_7_r01_t2,562,1780389176810352616,561.951014312,0.651
postprocess_ms,2_7_r01_t2,563,1780389177832837215,562.973498911,1.832
postprocess_ms,2_7_r01_t2,564,1780389178808437172,563.9490988680001,0.774
postprocess_ms,2_7_r01_t2,565,1780389179796333856,564.936995552,1.823
postprocess_ms,2_7_r01_t2,566,1780389180805917510,565.946579206,1.029
postprocess_ms,2_7_r01_t2,567,1780389181790172997,566.9308346930001,0.647
postprocess_ms,2_7_r01_t2,568,1780389182814592045,567.955253741,1.372
postprocess_ms,2_7_r01_t2,569,1780389183810405932,568.951067628,0.971
postprocess_ms,2_7_r01_t2,570,1780389184818498616,569.959160312,0.973
postprocess_ms,2_7_r01_t2,571,1780389185821274492,570.961936188,0.568
postprocess_ms,2_7_r01_t2,572,1780389186797084212,571.937745908,0.788
postprocess_ms,2_7_r01_t2,573,1780389187793950169,572.9346118650001,0.942
postprocess_ms,2_7_r01_t2,574,1780389188798022028,573.938683724,0.665
postprocess_ms,2_7_r01_t2,575,1780389189857834428,574.998496124,0.58
postprocess_ms,2_7_r01_t2,576,1780389190783944814,575.92460651,2.706
postprocess_ms,2_7_r01_t2,577,1780389191790023603,576.9306852990001,0.672
postprocess_ms,2_7_r01_t2,578,1780389192794351967,577.9350136630001,1.025
postprocess_ms,2_7_r01_t2,579,1780389193792428923,578.933090619,0.615
postprocess_ms,2_7_r01_t2,580,1780389194793923396,579.934585092,1.038
postprocess_ms,2_7_r01_t2,581,1780389195816038957,580.956700653,0.706
postprocess_ms,2_7_r01_t2,582,1780389196818979340,581.959641036,0.58
postprocess_ms,2_7_r01_t2,583,1780389197857107833,582.997769529,2.373
postprocess_ms,2_7_r01_t2,584,1780389198795749329,583.936411025,1.622
postprocess_ms,2_7_r01_t2,585,1780389199815290184,584.95595188,0.645
postprocess_ms,2_7_r01_t2,586,1780389200782424070,585.923085766,0.812
postprocess_ms,2_7_r01_t2,587,1780389201785415973,586.926077669,0.869
postprocess_ms,2_7_r01_t2,588,1780389202798433695,587.939095391,0.889
postprocess_ms,2_7_r01_t2,589,1780389203792242512,588.9329042080001,0.609
postprocess_ms,2_7_r01_t2,590,1780389204791713407,589.932375103,0.654
postprocess_ms,2_7_r01_t2,591,1780389205789529898,590.930191594,1.518
postprocess_ms,2_7_r01_t2,592,1780389206797779316,591.938441012,0.92
postprocess_ms,2_7_r01_t2,593,1780389207815253344,592.95591504,0.681
postprocess_ms,2_7_r01_t2,594,1780389208796647816,593.9373095120001,0.552
postprocess_ms,2_7_r1_t1,0,1780387636034609785,0.0,2.435
postprocess_ms,2_7_r1_t1,1,1780387636119420548,0.08481076300000001,0.798
postprocess_ms,2_7_r1_t1,2,1780387636237367993,0.20275820800000002,2.932
postprocess_ms,2_7_r1_t1,3,1780387636308507257,0.27389747200000003,0.858
postprocess_ms,2_7_r1_t1,4,1780387636419489792,0.384880007,1.242
postprocess_ms,2_7_r1_t1,5,1780387636516824944,0.482215159,0.772
postprocess_ms,2_7_r1_t1,6,1780387636722159775,0.68754999,2.605
postprocess_ms,2_7_r1_t1,7,1780387636777754036,0.743144251,5.176
postprocess_ms,2_7_r1_t1,8,1780387636840512965,0.80590318,5.378
postprocess_ms,2_7_r1_t1,9,1780387636910940748,0.876330963,1.98
postprocess_ms,2_7_r1_t1,10,1780387637013540228,0.9789304430000001,2.246
postprocess_ms,2_7_r1_t1,11,1780387637143204522,1.108594737,0.808
postprocess_ms,2_7_r1_t1,12,1780387637212839885,1.1782301000000002,1.043
postprocess_ms,2_7_r1_t1,13,1780387637333853955,1.2992441700000001,1.074
postprocess_ms,2_7_r1_t1,14,1780387637430730518,1.396120733,4.094
postprocess_ms,2_7_r1_t1,15,1780387637512045869,1.477436084,0.627
postprocess_ms,2_7_r1_t1,16,1780387637677168502,1.642558717,4.153
postprocess_ms,2_7_r1_t1,17,1780387637705626484,1.6710166990000002,1.213
postprocess_ms,2_7_r1_t1,18,1780387637836902839,1.8022930540000002,2.58
postprocess_ms,2_7_r1_t1,19,1780387637914930013,1.8803202280000002,0.763
postprocess_ms,2_7_r1_t1,20,1780387638032554854,1.997945069,3.391
postprocess_ms,2_7_r1_t1,21,1780387638122865013,2.088255228,4.149
postprocess_ms,2_7_r1_t1,22,1780387638212487269,2.177877484,2.282
postprocess_ms,2_7_r1_t1,23,1780387638317435823,2.282826038,9.371
postprocess_ms,2_7_r1_t1,24,1780387638439066207,2.404456422,1.985
postprocess_ms,2_7_r1_t1,25,1780387638512299570,2.4776897850000004,0.675
postprocess_ms,2_7_r1_t1,26,1780387638636317960,2.601708175,2.571
postprocess_ms,2_7_r1_t1,27,1780387638718020475,2.68341069,2.227
postprocess_ms,2_7_r1_t1,28,1780387638844383122,2.809773337,3.655
postprocess_ms,2_7_r1_t1,29,1780387638926583139,2.891973354,2.638
postprocess_ms,2_7_r1_t1,30,1780387639026901720,2.9922919350000003,0.934
postprocess_ms,2_7_r1_t1,31,1780387639115124903,3.080515118,1.473
postprocess_ms,2_7_r1_t1,32,1780387639228249412,3.193639627,2.615
postprocess_ms,2_7_r1_t1,33,1780387639317491374,3.282881589,1.374
postprocess_ms,2_7_r1_t1,34,1780387639439079681,3.404469896,2.759
postprocess_ms,2_7_r1_t1,35,1780387639522030903,3.4874211180000003,0.948
postprocess_ms,2_7_r1_t1,36,1780387639646848576,3.6122387910000002,1.073
postprocess_ms,2_7_r1_t1,37,1780387639726366168,3.6917563830000004,2.909
postprocess_ms,2_7_r1_t1,38,1780387639829907043,3.795297258,1.113
postprocess_ms,2_7_r1_t1,39,1780387639973783772,3.939173987,1.048
postprocess_ms,2_7_r1_t1,40,1780387640031773540,3.9971637550000003,8.535
postprocess_ms,2_7_r1_t1,41,1780387640105307836,4.070698051,1.916
postprocess_ms,2_7_r1_t1,42,1780387640228802250,4.194192465,2.522
postprocess_ms,2_7_r1_t1,43,1780387640335159352,4.300549567,4.179
postprocess_ms,2_7_r1_t1,44,1780387640444843143,4.410233358,1.374
postprocess_ms,2_7_r1_t1,45,1780387640559767551,4.525157766,1.249
postprocess_ms,2_7_r1_t1,46,1780387640626084056,4.591474271,3.684
postprocess_ms,2_7_r1_t1,47,1780387640726515554,4.691905769,3.459
postprocess_ms,2_7_r1_t1,48,1780387640820750485,4.786140700000001,1.06
postprocess_ms,2_7_r1_t1,49,1780387640915411238,4.880801453,1.309
postprocess_ms,2_7_r1_t1,50,1780387641019080282,4.984470497,3.2
postprocess_ms,2_7_r1_t1,51,1780387641133651106,5.0990413210000005,0.752
postprocess_ms,2_7_r1_t1,52,1780387641246824214,5.212214429,9.297
postprocess_ms,2_7_r1_t1,53,1780387641316705716,5.282095931000001,0.978
postprocess_ms,2_7_r1_t1,54,1780387641469953508,5.435343723,2.384
postprocess_ms,2_7_r1_t1,55,1780387641524956770,5.490346985,2.219
postprocess_ms,2_7_r1_t1,56,1780387641637278427,5.602668642,2.504
postprocess_ms,2_7_r1_t1,57,1780387641714982091,5.680372306000001,2.779
postprocess_ms,2_7_r1_t1,58,1780387641839502626,5.804892841,3.766
postprocess_ms,2_7_r1_t1,59,1780387641920952344,5.886342559,0.744
postprocess_ms,2_7_r1_t1,60,1780387642019887249,5.985277464,3.765
postprocess_ms,2_7_r1_t1,61,1780387642118493019,6.083883234,1.137
postprocess_ms,2_7_r1_t1,62,1780387642204588353,6.169978568,0.727
postprocess_ms,2_7_r1_t1,63,1780387642305549765,6.2709399800000005,1.047
postprocess_ms,2_7_r1_t1,64,1780387642409017259,6.374407474000001,0.686
postprocess_ms,2_7_r1_t1,65,1780387642516278146,6.4816683610000005,1.298
postprocess_ms,2_7_r1_t1,66,1780387642609220502,6.5746107170000005,0.665
postprocess_ms,2_7_r1_t1,67,1780387642720691907,6.686082122,1.016
postprocess_ms,2_7_r1_t1,68,1780387642832033661,6.797423876000001,4.416
postprocess_ms,2_7_r1_t1,69,1780387642930633063,6.896023278,2.127
postprocess_ms,2_7_r1_t1,70,1780387643015112826,6.980503041,3.186
postprocess_ms,2_7_r1_t1,71,1780387643101586165,7.066976380000001,1.283
postprocess_ms,2_7_r1_t1,72,1780387643220476402,7.185866617,2.248
postprocess_ms,2_7_r1_t1,73,1780387643320215889,7.285606104,2.629
postprocess_ms,2_7_r1_t1,74,1780387643403562514,7.368952729,1.919
postprocess_ms,2_7_r1_t1,75,1780387643519152237,7.484542452,0.81
postprocess_ms,2_7_r1_t1,76,1780387643615108241,7.580498456000001,1.801
postprocess_ms,2_7_r1_t1,77,1780387643714682511,7.680072726000001,0.688
postprocess_ms,2_7_r1_t1,78,1780387643815042649,7.780432864000001,1.759
postprocess_ms,2_7_r1_t1,79,1780387643902620745,7.86801096,1.062
postprocess_ms,2_7_r1_t1,80,1780387644001894242,7.967284457000001,2.037
postprocess_ms,2_7_r1_t1,81,1780387644131342185,8.0967324,4.441
postprocess_ms,2_7_r1_t1,82,1780387644216078426,8.181468641,1.022
postprocess_ms,2_7_r1_t1,83,1780387644322587588,8.287977803,0.892
postprocess_ms,2_7_r1_t1,84,1780387644430437836,8.395828051,1.899
postprocess_ms,2_7_r1_t1,85,1780387644517503031,8.482893246,0.834
postprocess_ms,2_7_r1_t1,86,1780387644628653291,8.594043506,1.579
postprocess_ms,2_7_r1_t1,87,1780387644737428861,8.702819076,2.913
postprocess_ms,2_7_r1_t1,88,1780387644832199049,8.797589264,0.998
postprocess_ms,2_7_r1_t1,89,1780387644941804979,8.907195194,1.489
postprocess_ms,2_7_r1_t1,90,1780387645013164801,8.978555016000001,0.701
postprocess_ms,2_7_r1_t1,91,1780387645115230033,9.080620248,2.38
postprocess_ms,2_7_r1_t1,92,1780387645209465828,9.174856043,1.189
postprocess_ms,2_7_r1_t1,93,1780387645307124933,9.272515148,3.436
postprocess_ms,2_7_r1_t1,94,1780387645419670361,9.385060576,1.5
postprocess_ms,2_7_r1_t1,95,1780387645508036966,9.473427181,0.962
postprocess_ms,2_7_r1_t1,96,1780387645619803381,9.585193596,0.892
postprocess_ms,2_7_r1_t1,97,1780387645708490913,9.673881128000001,0.853
postprocess_ms,2_7_r1_t1,98,1780387645796168977,9.761559192,1.326
postprocess_ms,2_7_r1_t1,99,1780387645911182715,9.87657293,0.925
postprocess_ms,2_7_r1_t1,100,1780387646050270065,10.01566028,10.839
postprocess_ms,2_7_r1_t1,101,1780387646112444671,10.077834886,0.965
postprocess_ms,2_7_r1_t1,102,1780387646200877052,10.166267267,1.446
postprocess_ms,2_7_r1_t1,103,1780387646327737260,10.293127475,2.222
postprocess_ms,2_7_r1_t1,104,1780387646444531019,10.409921234,4.238
postprocess_ms,2_7_r1_t1,105,1780387646508696646,10.474086861,2.799
postprocess_ms,2_7_r1_t1,106,1780387646615328141,10.580718356,1.052
postprocess_ms,2_7_r1_t1,107,1780387646740658634,10.706048849,3.274
postprocess_ms,2_7_r1_t1,108,1780387646805290420,10.770680635000002,1.273
postprocess_ms,2_7_r1_t1,109,1780387646911876563,10.877266778000001,1.09
postprocess_ms,2_7_r1_t1,110,1780387647113353187,11.078743402,10.6
postprocess_ms,2_7_r1_t1,111,1780387647180581410,11.145971625000001,0.974
postprocess_ms,2_7_r1_t1,112,1780387647243779395,11.20916961,1.457
postprocess_ms,2_7_r1_t1,113,1780387647318889840,11.284280055,1.031
postprocess_ms,2_7_r1_t1,114,1780387647410971298,11.376361513,1.11
postprocess_ms,2_7_r1_t1,115,1780387647540320125,11.50571034,3.478
postprocess_ms,2_7_r1_t1,116,1780387647661391421,11.626781636,1.077
postprocess_ms,2_7_r1_t1,117,1780387647767792427,11.733182642000001,4.828
postprocess_ms,2_7_r1_t1,118,1780387647812430037,11.777820252000001,1.673
postprocess_ms,2_7_r1_t1,119,1780387647916351341,11.881741556000001,1.324
postprocess_ms,2_7_r1_t1,120,1780387648007408809,11.972799024,4.137
postprocess_ms,2_7_r1_t1,121,1780387648109486852,12.074877067000001,3.118
postprocess_ms,2_7_r1_t1,122,1780387648212138647,12.177528862,3.27
postprocess_ms,2_7_r1_t1,123,1780387648305589508,12.270979723,2.969
postprocess_ms,2_7_r1_t1,124,1780387648411703177,12.377093392,0.688
postprocess_ms,2_7_r1_t1,125,1780387648517427515,12.48281773,0.906
postprocess_ms,2_7_r1_t1,126,1780387648604403953,12.569794168000001,3.455
postprocess_ms,2_7_r1_t1,127,1780387648746762668,12.712152883000002,4.791
postprocess_ms,2_7_r1_t1,128,1780387648834178189,12.799568404,1.453
postprocess_ms,2_7_r1_t1,129,1780387648929704388,12.895094603,1.245
postprocess_ms,2_7_r1_t1,130,1780387649023139309,12.988529524,1.005
postprocess_ms,2_7_r1_t1,131,1780387649116394068,13.081784283000001,1.278
postprocess_ms,2_7_r1_t1,132,1780387649209049074,13.174439289,1.707
postprocess_ms,2_7_r1_t1,133,1780387649326996449,13.292386664,4.236
postprocess_ms,2_7_r1_t1,134,1780387649415315076,13.380705291,0.835
postprocess_ms,2_7_r1_t1,135,1780387649512994679,13.478384894000001,0.708
postprocess_ms,2_7_r1_t1,136,1780387649621296317,13.586686532000002,0.653
postprocess_ms,2_7_r1_t1,137,1780387649711600856,13.676991071000002,3.019
postprocess_ms,2_7_r1_t1,138,1780387649839402690,13.804792905000001,2.637
postprocess_ms,2_7_r1_t1,139,1780387649922827587,13.888217802000002,1.846
postprocess_ms,2_7_r1_t1,140,1780387650014723279,13.980113494000001,1.99
postprocess_ms,2_7_r1_t1,141,1780387650117358920,14.082749135,0.907
postprocess_ms,2_7_r1_t1,142,1780387650200546932,14.165937147000001,1.659
postprocess_ms,2_7_r1_t1,143,1780387650338613897,14.304004112000001,4.261
postprocess_ms,2_7_r1_t1,144,1780387650430252706,14.395642921,4.056
postprocess_ms,2_7_r1_t1,145,1780387650533085326,14.498475541000001,6.091
postprocess_ms,2_7_r1_t1,146,1780387650628046699,14.593436914000002,3.529
postprocess_ms,2_7_r1_t1,147,1780387650720251595,14.685641810000002,2.96
postprocess_ms,2_7_r1_t1,148,1780387650820113540,14.785503755,1.051
postprocess_ms,2_7_r1_t1,149,1780387650953191168,14.918581383000001,4.102
postprocess_ms,2_7_r1_t1,150,1780387651028334760,14.993724975000001,2.681
postprocess_ms,2_7_r1_t1,151,1780387651119875828,15.085266043,0.955
postprocess_ms,2_7_r1_t1,152,1780387651236848856,15.202239071000001,4.086
postprocess_ms,2_7_r1_t1,153,1780387651332086600,15.297476815000001,4.85
postprocess_ms,2_7_r1_t1,154,1780387651416404391,15.381794606000001,1.218
postprocess_ms,2_7_r1_t1,155,1780387651528931409,15.494321624000001,3.593
postprocess_ms,2_7_r1_t1,156,1780387651616077911,15.581468126,0.868
postprocess_ms,2_7_r1_t1,157,1780387651731242208,15.696632423,5.386
postprocess_ms,2_7_r1_t1,158,1780387651813397494,15.778787709000001,0.793
postprocess_ms,2_7_r1_t1,159,1780387651942213785,15.907604000000001,5.807
postprocess_ms,2_7_r1_t1,160,1780387652038966940,16.004357155,2.537
postprocess_ms,2_7_r1_t1,161,1780387652150937732,16.116327947000002,4.339
postprocess_ms,2_7_r1_t1,162,1780387652201255033,16.166645248000002,2.287
postprocess_ms,2_7_r1_t1,163,1780387652304074399,16.269464614,1.272
postprocess_ms,2_7_r1_t1,164,1780387652417353437,16.382743652000002,0.815
postprocess_ms,2_7_r1_t1,165,1780387652507308048,16.472698263,1.681
postprocess_ms,2_7_r1_t1,166,1780387652605242468,16.570632683,2.195
postprocess_ms,2_7_r1_t1,167,1780387652708086386,16.673476601,3.885
postprocess_ms,2_7_r1_t1,168,1780387652838363095,16.80375331,11.265
postprocess_ms,2_7_r1_t1,169,1780387652938764345,16.904154560000002,3.621
postprocess_ms,2_7_r1_t1,170,1780387653003506562,16.968896777,2.162
postprocess_ms,2_7_r1_t1,171,1780387653118461787,17.083852002,1.132
postprocess_ms,2_7_r1_t1,172,1780387653208338912,17.173729127,4.319
postprocess_ms,2_7_r1_t1,173,1780387653306692440,17.272082655000002,4.004
postprocess_ms,2_7_r1_t1,174,1780387653435247861,17.400638076,1.291
postprocess_ms,2_7_r1_t1,175,1780387653520271376,17.485661591,1.053
postprocess_ms,2_7_r1_t1,176,1780387653629418770,17.594808985,3.725
postprocess_ms,2_7_r1_t1,177,1780387653741513012,17.706903227,1.181
postprocess_ms,2_7_r1_t1,178,1780387653806121692,17.771511907,2.782
postprocess_ms,2_7_r1_t1,179,1780387653907084155,17.872474370000003,1.061
postprocess_ms,2_7_r1_t1,180,1780387654004356041,17.969746256,0.788
postprocess_ms,2_7_r1_t1,181,1780387654117298752,18.082688967000003,0.863
postprocess_ms,2_7_r1_t1,182,1780387654217608914,18.182999129000002,2.414
postprocess_ms,2_7_r1_t1,183,1780387654323239158,18.288629373000003,2.685
postprocess_ms,2_7_r1_t1,184,1780387654394637355,18.36002757,0.843
postprocess_ms,2_7_r1_t1,185,1780387654543166110,18.508556325,1.92
postprocess_ms,2_7_r1_t1,186,1780387654613508021,18.578898236,1.233
postprocess_ms,2_7_r1_t1,187,1780387654724246613,18.689636828,4.799
postprocess_ms,2_7_r1_t1,188,1780387654821130626,18.786520841,1.037
postprocess_ms,2_7_r1_t1,189,1780387654921627156,18.887017371000002,3.205
postprocess_ms,2_7_r1_t1,190,1780387655010236081,18.975626296,2.999
postprocess_ms,2_7_r1_t1,191,1780387655097182724,19.062572939000002,1.378
postprocess_ms,2_7_r1_t1,192,1780387655273373288,19.238763503,19.086
postprocess_ms,2_7_r1_t1,193,1780387655341176660,19.306566875,4.171
postprocess_ms,2_7_r1_t1,194,1780387655406562270,19.371952485,1.334
postprocess_ms,2_7_r1_t1,195,1780387655530039979,19.495430194,4.637
postprocess_ms,2_7_r1_t1,196,1780387655616039872,19.581430087,0.929
postprocess_ms,2_7_r1_t1,197,1780387655711156209,19.676546424,1.031
postprocess_ms,2_7_r1_t1,198,1780387655840789696,19.806179911,1.709
postprocess_ms,2_7_r1_t1,199,1780387655916583957,19.881974172,1.078
postprocess_ms,2_7_r1_t1,200,1780387656008275727,19.973665942,1.986
postprocess_ms,2_7_r1_t1,201,1780387656113592214,20.078982429,1.761
postprocess_ms,2_7_r1_t1,202,1780387656207126621,20.172516836,0.845
postprocess_ms,2_7_r1_t1,203,1780387656338311021,20.303701236000002,1.062
postprocess_ms,2_7_r1_t1,204,1780387656431512747,20.396902962000002,4.497
postprocess_ms,2_7_r1_t1,205,1780387656506693557,20.472083772,1.946
postprocess_ms,2_7_r1_t1,206,1780387656648282919,20.613673134000003,2.612
postprocess_ms,2_7_r1_t1,207,1780387656725153196,20.690543411,0.841
postprocess_ms,2_7_r1_t1,208,1780387656824479354,20.789869569,2.747
postprocess_ms,2_7_r1_t1,209,1780387656958570227,20.923960442000002,0.655
postprocess_ms,2_7_r1_t1,210,1780387657017754742,20.983144957,1.086
postprocess_ms,2_7_r1_t1,211,1780387657141960240,21.107350455000002,5.394
postprocess_ms,2_7_r1_t1,212,1780387657243839508,21.209229723,7.683
postprocess_ms,2_7_r1_t1,213,1780387657313584634,21.278974849,1.217
postprocess_ms,2_7_r1_t1,214,1780387657432755002,21.398145217,0.735
postprocess_ms,2_7_r1_t1,215,1780387657521933119,21.487323334000003,2.703
postprocess_ms,2_7_r1_t1,216,1780387657613939771,21.579329986,1.121
postprocess_ms,2_7_r1_t1,217,1780387657716664372,21.682054587,0.659
postprocess_ms,2_7_r1_t1,218,1780387657804574561,21.769964776000002,0.608
postprocess_ms,2_7_r1_t1,219,1780387657918472255,21.88386247,0.932
postprocess_ms,2_7_r1_t1,220,1780387657999734731,21.965124946000003,4.666
postprocess_ms,2_7_r1_t1,221,1780387658104323201,22.069713416000003,0.633
postprocess_ms,2_7_r1_t1,222,1780387658216073424,22.181463639,0.62
postprocess_ms,2_7_r1_t1,223,1780387658308673722,22.274063937,0.817
postprocess_ms,2_7_r1_t1,224,1780387658426185051,22.391575266,3.822
postprocess_ms,2_7_r1_t1,225,1780387658538669621,22.504059836,3.662
postprocess_ms,2_7_r1_t1,226,1780387658618997391,22.584387606,0.988
postprocess_ms,2_7_r1_t1,227,1780387658706745292,22.672135507,1.108
postprocess_ms,2_7_r1_t1,228,1780387658799766556,22.765156771,0.841
postprocess_ms,2_7_r1_t1,229,1780387658921892678,22.887282893000002,0.911
postprocess_ms,2_7_r1_t1,230,1780387659052704116,23.018094331,0.975
postprocess_ms,2_7_r1_t1,231,1780387659138469002,23.103859217,2.23
postprocess_ms,2_7_r1_t1,232,1780387659212323351,23.177713566,1.038
postprocess_ms,2_7_r1_t1,233,1780387659314394926,23.279785141,0.716
postprocess_ms,2_7_r1_t1,234,1780387659441278159,23.406668374000002,1.051
postprocess_ms,2_7_r1_t1,235,1780387659528689806,23.494080021000002,1.094
postprocess_ms,2_7_r1_t1,236,1780387659650101473,23.615491688000002,3.959
postprocess_ms,2_7_r1_t1,237,1780387659718014796,23.683405011,0.713
postprocess_ms,2_7_r1_t1,238,1780387659840505559,23.805895774000003,0.86
postprocess_ms,2_7_r1_t1,239,1780387659923885450,23.889275665000003,0.611
postprocess_ms,2_7_r1_t1,240,1780387660011901540,23.977291755000003,0.857
postprocess_ms,2_7_r1_t1,241,1780387660118627920,24.084018135,0.882
postprocess_ms,2_7_r1_t1,242,1780387660212071746,24.177461961000002,0.994
postprocess_ms,2_7_r1_t1,243,1780387660311732041,24.277122256000002,1.055
postprocess_ms,2_7_r1_t1,244,1780387660430266425,24.395656640000002,15.346
postprocess_ms,2_7_r1_t1,245,1780387660541395413,24.506785628000003,2.852
postprocess_ms,2_7_r1_t1,246,1780387660601300239,24.566690454000003,2.487
postprocess_ms,2_7_r1_t1,247,1780387660724137649,24.689527864000002,3.325
postprocess_ms,2_7_r1_t1,248,1780387660799816463,24.765206678000002,2.241
postprocess_ms,2_7_r1_t1,249,1780387660926897923,24.892288138,1.96
postprocess_ms,2_7_r1_t1,250,1780387661030653719,24.996043934000003,2.809
postprocess_ms,2_7_r1_t1,251,1780387661118573625,25.083963840000003,0.938
postprocess_ms,2_7_r1_t1,252,1780387661226136094,25.191526309,1.147
postprocess_ms,2_7_r1_t1,253,1780387661341041525,25.30643174,0.877
postprocess_ms,2_7_r1_t1,254,1780387661399007095,25.36439731,1.148
postprocess_ms,2_7_r1_t1,255,1780387661536609470,25.501999685,6.053
postprocess_ms,2_7_r1_t1,256,1780387661614290607,25.579680822,2.503
postprocess_ms,2_7_r1_t1,257,1780387661697397149,25.662787364000003,0.591
postprocess_ms,2_7_r1_t1,258,1780387661840055274,25.805445489,1.605
postprocess_ms,2_7_r1_t1,259,1780387661934122356,25.899512571000002,6.96
postprocess_ms,2_7_r1_t1,260,1780387662027232417,25.992622632000003,1.976
postprocess_ms,2_7_r1_t1,261,1780387662119287142,26.084677357,1.272
postprocess_ms,2_7_r1_t1,262,1780387662235927042,26.201317257000003,3.515
postprocess_ms,2_7_r1_t1,263,1780387662324052639,26.289442854,4.986
postprocess_ms,2_7_r1_t1,264,1780387662411196776,26.376586991,0.697
postprocess_ms,2_7_r1_t1,265,1780387662527122738,26.492512953000002,2.57
postprocess_ms,2_7_r1_t1,266,1780387662619217841,26.584608056,1.156
postprocess_ms,2_7_r1_t1,267,1780387662722962737,26.688352952000002,2.346
postprocess_ms,2_7_r1_t1,268,1780387662827172327,26.792562542000002,1.143
postprocess_ms,2_7_r1_t1,269,1780387662921641768,26.887031983,1.313
postprocess_ms,2_7_r1_t1,270,1780387663039562616,27.004952831,1.063
postprocess_ms,2_7_r1_t1,271,1780387663114868074,27.080258289000003,1.028
postprocess_ms,2_7_r1_t1,272,1780387663213582168,27.178972383,1.228
postprocess_ms,2_7_r1_t1,273,1780387663293464575,27.25885479,0.91
postprocess_ms,2_7_r1_t1,274,1780387663420363305,27.38575352,1.149
postprocess_ms,2_7_r1_t1,275,1780387663525168090,27.490558305,3.544
postprocess_ms,2_7_r1_t1,276,1780387663641240997,27.606631212000003,5.895
postprocess_ms,2_7_r1_t1,277,1780387663710273543,27.675663758000002,1.108
postprocess_ms,2_7_r1_t1,278,1780387663822547324,27.787937539,2.482
postprocess_ms,2_7_r1_t1,279,1780387663896526808,27.861917023,1.024
postprocess_ms,2_7_r1_t1,280,1780387664014266571,27.979656786000003,1.812
postprocess_ms,2_7_r1_t1,281,1780387664101162737,28.066552952000002,2.709
postprocess_ms,2_7_r1_t1,282,1780387664242391035,28.20778125,0.872
postprocess_ms,2_7_r1_t1,283,1780387664314284828,28.279675043,1.413
postprocess_ms,2_7_r1_t1,284,1780387664448319325,28.413709540000003,4.566
postprocess_ms,2_7_r1_t1,285,1780387664527580591,28.492970806000002,5.157
postprocess_ms,2_7_r1_t1,286,1780387664604387667,28.569777882,0.717
postprocess_ms,2_7_r1_t1,287,1780387664712964360,28.678354575,1.077
postprocess_ms,2_7_r1_t1,288,1780387664800517363,28.765907578,1.02
postprocess_ms,2_7_r1_t1,289,1780387664918678827,28.884069042,0.846
postprocess_ms,2_7_r1_t1,290,1780387665011012940,28.976403155000003,0.929
postprocess_ms,2_7_r1_t1,291,1780387665147897485,29.1132877,5.906
postprocess_ms,2_7_r1_t1,292,1780387665230005907,29.195396122000002,2.529
postprocess_ms,2_7_r1_t1,293,1780387665353613642,29.319003857000002,4.423
postprocess_ms,2_7_r1_t1,294,1780387665421315854,29.386706069000002,1.23
postprocess_ms,2_7_r1_t1,295,1780387665512664354,29.478054569,1.001
postprocess_ms,2_7_r1_t1,296,1780387665626288049,29.591678264000002,2.359
postprocess_ms,2_7_r1_t1,297,1780387665712252924,29.677643139,0.789
postprocess_ms,2_7_r1_t1,298,1780387665797889758,29.763279973000003,1.153
postprocess_ms,2_7_r1_t1,299,1780387665902627689,29.868017904000002,3.203
postprocess_ms,2_7_r1_t1,300,1780387666032043273,29.997433488000002,3.434
postprocess_ms,2_7_r1_t1,301,1780387666110959958,30.076350173,0.965
postprocess_ms,2_7_r1_t1,302,1780387666232492350,30.197882565,7.877
postprocess_ms,2_7_r1_t1,303,1780387666314763057,30.280153272000003,1.053
postprocess_ms,2_7_r1_t1,304,1780387666407375600,30.372765815,1.009
postprocess_ms,2_7_r1_t1,305,1780387666520085315,30.485475530000002,0.799
postprocess_ms,2_7_r1_t1,306,1780387666617919330,30.583309545000002,0.866
postprocess_ms,2_7_r1_t1,307,1780387666711512618,30.676902833000003,1.906
postprocess_ms,2_7_r1_t1,308,1780387666820150363,30.785540578000003,1.216
postprocess_ms,2_7_r1_t1,309,1780387666904702928,30.870093143000002,3.466
postprocess_ms,2_7_r1_t1,310,1780387667046679989,31.012070204,6.572
postprocess_ms,2_7_r1_t1,311,1780387667118344843,31.083735058000002,1.062
postprocess_ms,2_7_r1_t1,312,1780387667207794482,31.173184697000003,0.663
postprocess_ms,2_7_r1_t1,313,1780387667306809802,31.272200017000003,1.169
postprocess_ms,2_7_r1_t1,314,1780387667429168699,31.394558914,2.497
postprocess_ms,2_7_r1_t1,315,1780387667504009097,31.469399312000004,4.134
postprocess_ms,2_7_r1_t1,316,1780387667605132718,31.570522933000003,0.846
postprocess_ms,2_7_r1_t1,317,1780387667727155084,31.692545299000003,2.376
postprocess_ms,2_7_r1_t1,318,1780387667839619224,31.805009439000003,1.227
postprocess_ms,2_7_r1_t1,319,1780387667903203581,31.868593796000003,1.438
postprocess_ms,2_7_r1_t1,320,1780387667997016278,31.962406493000003,0.809
postprocess_ms,2_7_r1_t1,321,1780387668134416947,32.099807162000005,5.504
postprocess_ms,2_7_r1_t1,322,1780387668218189285,32.1835795,1.775
postprocess_ms,2_7_r1_t1,323,1780387668320324250,32.285714465000005,0.686
postprocess_ms,2_7_r1_t1,324,1780387668406736056,32.372126271,2.341
postprocess_ms,2_7_r1_t1,325,1780387668515131311,32.480521526000004,1.358
postprocess_ms,2_7_r1_t1,326,1780387668609298321,32.574688536000004,0.961
postprocess_ms,2_7_r1_t1,327,1780387668731191185,32.6965814,28.864
postprocess_ms,2_7_r1_t1,328,1780387668843553617,32.808943832000004,3.844
postprocess_ms,2_7_r1_t1,329,1780387668942755986,32.908146201,5.417
postprocess_ms,2_7_r1_t1,330,1780387669062029709,33.027419924,1.541
postprocess_ms,2_7_r1_t1,331,1780387669136379774,33.101769989000005,5.968
postprocess_ms,2_7_r1_t1,332,1780387669240942327,33.206332542000006,1.255
postprocess_ms,2_7_r1_t1,333,1780387669354181043,33.319571258,1.838
postprocess_ms,2_7_r1_t1,334,1780387669434596525,33.39998674,3.107
postprocess_ms,2_7_r1_t1,335,1780387669513488615,33.47887883,5.625
postprocess_ms,2_7_r1_t1,336,1780387669639712660,33.605102875,0.731
postprocess_ms,2_7_r1_t1,337,1780387669722068863,33.687459078,8.36
postprocess_ms,2_7_r1_t1,338,1780387669826015907,33.791406122000005,1.374
postprocess_ms,2_7_r1_t1,339,1780387669911217084,33.876607299,1.327
postprocess_ms,2_7_r1_t1,340,1780387670018332102,33.983722317,0.657
postprocess_ms,2_7_r1_t1,341,1780387670109355412,34.074745627,1.2
postprocess_ms,2_7_r1_t1,342,1780387670239719882,34.205110097,4.089
postprocess_ms,2_7_r1_t1,343,1780387670304827659,34.270217874000004,0.955
postprocess_ms,2_7_r1_t1,344,1780387670438826887,34.404217102000004,2.906
postprocess_ms,2_7_r1_t1,345,1780387670542498326,34.507888541,1.153
postprocess_ms,2_7_r1_t1,346,1780387670614120866,34.579511081,0.926
postprocess_ms,2_7_r1_t1,347,1780387670715575588,34.680965803,0.614
postprocess_ms,2_7_r1_t1,348,1780387670848670339,34.814060554,8.572
postprocess_ms,2_7_r1_t1,349,1780387670955892792,34.921283007,6.676
postprocess_ms,2_7_r1_t1,350,1780387671003075323,34.968465538000004,2.53
postprocess_ms,2_7_r1_t1,351,1780387671137015266,35.102405481000005,1.35
postprocess_ms,2_7_r1_t1,352,1780387671207501578,35.172891793000005,1.645
postprocess_ms,2_7_r1_t1,353,1780387671304123347,35.269513562,1.542
postprocess_ms,2_7_r1_t1,354,1780387671436074326,35.401464541,3.534
postprocess_ms,2_7_r1_t1,355,1780387671514559429,35.479949644,0.966
postprocess_ms,2_7_r1_t1,356,1780387671617990289,35.583380504000004,0.997
postprocess_ms,2_7_r1_t1,357,1780387671714980441,35.680370656,0.799
postprocess_ms,2_7_r1_t1,358,1780387671827971460,35.793361675,2.859
postprocess_ms,2_7_r1_t1,359,1780387671909907023,35.875297238,1.095
postprocess_ms,2_7_r1_t1,360,1780387672029479369,35.994869584,1.855
postprocess_ms,2_7_r1_t1,361,1780387672104120209,36.069510424,2.115
postprocess_ms,2_7_r1_t1,362,1780387672207384609,36.172774824,1.454
postprocess_ms,2_7_r1_t1,363,1780387672319512238,36.284902453,1.496
postprocess_ms,2_7_r1_t1,364,1780387672420844417,36.386234632000004,0.857
postprocess_ms,2_7_r1_t1,365,1780387672537469381,36.502859596,8.875
postprocess_ms,2_7_r1_t1,366,1780387672617517228,36.582907443,1.407
postprocess_ms,2_7_r1_t1,367,1780387672710222042,36.675612257000004,0.684
postprocess_ms,2_7_r1_t1,368,1780387672807093061,36.772483276,0.862
postprocess_ms,2_7_r1_t1,369,1780387672917645302,36.883035517,1.36
postprocess_ms,2_7_r1_t1,370,1780387673020227009,36.985617224,1.154
postprocess_ms,2_7_r1_t1,371,1780387673113952295,37.079342510000004,1.123
postprocess_ms,2_7_r1_t1,372,1780387673268212544,37.233602759,0.974
postprocess_ms,2_7_r1_t1,373,1780387673325703189,37.291093404,2.206
postprocess_ms,2_7_r1_t1,374,1780387673402521670,37.367911885000005,1.106
postprocess_ms,2_7_r1_t1,375,1780387673504514585,37.4699048,2.327
postprocess_ms,2_7_r1_t1,376,1780387673627175911,37.592566126,4.202
postprocess_ms,2_7_r1_t1,377,1780387673726836665,37.69222688,3.138
postprocess_ms,2_7_r1_t1,378,1780387673859456393,37.824846608,2.429
postprocess_ms,2_7_r1_t1,379,1780387673914377070,37.879767285,3.799
postprocess_ms,2_7_r1_t1,380,1780387674031643296,37.997033511000005,1.529
postprocess_ms,2_7_r1_t1,381,1780387674116866912,38.082257127000005,2.585
postprocess_ms,2_7_r1_t1,382,1780387674234223945,38.19961416,2.272
postprocess_ms,2_7_r1_t1,383,1780387674319360602,38.284750817,1.416
postprocess_ms,2_7_r1_t1,384,1780387674419137328,38.384527543000004,1.592
postprocess_ms,2_7_r1_t1,385,1780387674520741843,38.486132058,2.308
postprocess_ms,2_7_r1_t1,386,1780387674617195723,38.582585938,1.219
postprocess_ms,2_7_r1_t1,387,1780387674721531377,38.686921592000004,1.076
postprocess_ms,2_7_r1_t1,388,1780387674806199650,38.771589865,1.346
postprocess_ms,2_7_r1_t1,389,1780387674904637376,38.870027591,0.867
postprocess_ms,2_7_r1_t1,390,1780387675004933601,38.970323816000004,0.589
postprocess_ms,2_7_r1_t1,391,1780387675141770163,39.107160378,0.689
postprocess_ms,2_7_r1_t1,392,1780387675241643313,39.207033528000004,4.932
postprocess_ms,2_7_r1_t1,393,1780387675342692988,39.308083203,3.718
postprocess_ms,2_7_r1_t1,394,1780387675432141807,39.397532022,4.398
postprocess_ms,2_7_r1_t1,395,1780387675513799008,39.479189223000006,1.531
postprocess_ms,2_7_r1_t1,396,1780387675607758347,39.573148562,2.0
postprocess_ms,2_7_r1_t1,397,1780387675724049338,39.689439553,0.668
postprocess_ms,2_7_r1_t1,398,1780387675817386832,39.782777047,1.232
postprocess_ms,2_7_r1_t1,399,1780387675930447975,39.89583819,3.38
postprocess_ms,2_7_r1_t1,400,1780387676018300374,39.983690589000005,1.159
postprocess_ms,2_7_r1_t1,401,1780387676157177873,40.122568088,0.926
postprocess_ms,2_7_r1_t1,402,1780387676238690394,40.204080609,3.079
postprocess_ms,2_7_r1_t1,403,1780387676304209877,40.269600092000005,0.952
postprocess_ms,2_7_r1_t1,404,1780387676423868191,40.389258406,0.927
postprocess_ms,2_7_r1_t1,405,1780387676511602749,40.476992964000004,1.566
postprocess_ms,2_7_r1_t1,406,1780387676607237570,40.572627785,0.757
postprocess_ms,2_7_r1_t1,407,1780387676731109331,40.696499546000005,2.189
postprocess_ms,2_7_r1_t1,408,1780387676825832759,40.791222974,0.68
postprocess_ms,2_7_r1_t1,409,1780387676922527965,40.88791818,0.987
postprocess_ms,2_7_r1_t1,410,1780387677018283012,40.983673227000004,0.749
postprocess_ms,2_7_r1_t1,411,1780387677118867710,41.084257925,0.81
postprocess_ms,2_7_r1_t1,412,1780387677227613559,41.193003774000005,3.221
postprocess_ms,2_7_r1_t1,413,1780387677309053907,41.274444122000006,0.98
postprocess_ms,2_7_r1_t1,414,1780387677422608849,41.387999064000006,2.25
postprocess_ms,2_7_r1_t1,415,1780387677505909266,41.471299481,0.848
postprocess_ms,2_7_r1_t1,416,1780387677620773434,41.586163649,2.764
postprocess_ms,2_7_r1_t1,417,1780387677721610894,41.687001109,1.227
postprocess_ms,2_7_r1_t1,418,1780387677804652066,41.770042281,1.993
postprocess_ms,2_7_r1_t1,419,1780387677909388604,41.874778819,1.081
postprocess_ms,2_7_r1_t1,420,1780387678023935227,41.989325442,1.166
postprocess_ms,2_7_r1_t1,421,1780387678147629050,42.113019265000005,6.909
postprocess_ms,2_7_r1_t1,422,1780387678254224670,42.219614885000006,3.223
postprocess_ms,2_7_r1_t1,423,1780387678315940063,42.281330278000006,1.251
postprocess_ms,2_7_r1_t1,424,1780387678439467786,42.404858001,4.026
postprocess_ms,2_7_r1_t1,425,1780387678533071561,42.498461776,3.014
postprocess_ms,2_7_r1_t1,426,1780387678629962101,42.595352316,1.49
postprocess_ms,2_7_r1_t1,427,1780387678732270654,42.697660869,2.889
postprocess_ms,2_7_r1_t1,428,1780387678832641165,42.798031380000005,1.242
postprocess_ms,2_7_r1_t1,429,1780387678919444871,42.884835086,3.577
postprocess_ms,2_7_r1_t1,430,1780387679013554645,42.978944860000006,0.711
postprocess_ms,2_7_r1_t1,431,1780387679123953190,43.089343405,3.505
postprocess_ms,2_7_r1_t1,432,1780387679232811944,43.198202159000004,3.988
postprocess_ms,2_7_r1_t1,433,1780387679311321796,43.276712011,1.35
postprocess_ms,2_7_r1_t1,434,1780387679413828619,43.379218834,5.48
postprocess_ms,2_7_r1_t1,435,1780387679506018923,43.471409138000006,1.046
postprocess_ms,2_7_r1_t1,436,1780387679613042754,43.578432969000005,1.199
postprocess_ms,2_7_r1_t1,437,1780387679721557245,43.686947460000006,0.991
postprocess_ms,2_7_r1_t1,438,1780387679824148143,43.789538358,1.096
postprocess_ms,2_7_r1_t1,439,1780387679905851154,43.871241369,2.079
postprocess_ms,2_7_r1_t1,440,1780387680003442833,43.968833048,0.847
postprocess_ms,2_7_r1_t1,441,1780387680107492663,44.072882878,1.907
postprocess_ms,2_7_r1_t1,442,1780387680202931260,44.168321475000006,1.355
postprocess_ms,2_7_r1_t1,443,1780387680301502135,44.266892350000006,1.245
postprocess_ms,2_7_r1_t1,444,1780387680428294936,44.393685151,3.605
postprocess_ms,2_7_r1_t1,445,1780387680506847743,44.472237958,0.6
postprocess_ms,2_7_r1_t1,446,1780387680625705274,44.591095489000004,4.238
postprocess_ms,2_7_r1_t1,447,1780387680726561902,44.691952117,1.944
postprocess_ms,2_7_r1_t1,448,1780387680810181323,44.775571538,0.926
postprocess_ms,2_7_r1_t1,449,1780387680946462056,44.911852271,0.799
postprocess_ms,2_7_r1_t1,450,1780387681015731712,44.981121927000004,1.061
postprocess_ms,2_7_r1_t1,451,1780387681131517052,45.096907267000006,2.49
postprocess_ms,2_7_r1_t1,452,1780387681208373329,45.173763544,2.037
postprocess_ms,2_7_r1_t1,453,1780387681365845613,45.331235828000004,1.019
postprocess_ms,2_7_r1_t1,454,1780387681415313212,45.380703427,1.157
postprocess_ms,2_7_r1_t1,455,1780387681549125121,45.514515336,1.8
postprocess_ms,2_7_r1_t1,456,1780387681619280577,45.584670792000004,2.238
postprocess_ms,2_7_r1_t1,457,1780387681706620672,45.672010887000006,1.23
postprocess_ms,2_7_r1_t1,458,1780387681807096119,45.772486334,3.797
postprocess_ms,2_7_r1_t1,459,1780387681909090047,45.874480262000006,2.509
postprocess_ms,2_7_r1_t1,460,1780387682018122826,45.983513041,1.064
postprocess_ms,2_7_r1_t1,461,1780387682112710633,46.078100848000005,0.797
postprocess_ms,2_7_r1_t1,462,1780387682209845975,46.17523619,0.579
postprocess_ms,2_7_r1_t1,463,1780387682314236994,46.279627209000004,1.347
postprocess_ms,2_7_r1_t1,464,1780387682457048925,46.42243914,6.08
postprocess_ms,2_7_r1_t1,465,1780387682510784258,46.476174473,1.465
postprocess_ms,2_7_r1_t1,466,1780387682619135140,46.584525355000004,1.092
postprocess_ms,2_7_r1_t1,467,1780387682715237199,46.680627414,1.182
postprocess_ms,2_7_r1_t1,468,1780387682810143388,46.775533603,2.147
postprocess_ms,2_7_r1_t1,469,1780387682913473432,46.878863647,1.113
postprocess_ms,2_7_r1_t1,470,1780387683038733484,47.004123699000004,0.648
postprocess_ms,2_7_r1_t1,471,1780387683133357746,47.098747961,2.844
postprocess_ms,2_7_r1_t1,472,1780387683207096738,47.172486953,0.927
postprocess_ms,2_7_r1_t1,473,1780387683346560215,47.31195043,0.675
postprocess_ms,2_7_r1_t1,474,1780387683436735650,47.402125865,1.171
postprocess_ms,2_7_r1_t1,475,1780387683532953896,47.498344111,0.773
postprocess_ms,2_7_r1_t1,476,1780387683625830674,47.591220889000006,0.737
postprocess_ms,2_7_r1_t1,477,1780387683730547417,47.695937632,3.383
postprocess_ms,2_7_r1_t1,478,1780387683838612070,47.804002285,6.186
postprocess_ms,2_7_r1_t1,479,1780387683918991523,47.884381738,1.128
postprocess_ms,2_7_r1_t1,480,1780387684041748433,48.007138648,4.709
postprocess_ms,2_7_r1_t1,481,1780387684132425109,48.097815324,5.658
postprocess_ms,2_7_r1_t1,482,1780387684228693520,48.194083735,5.78
postprocess_ms,2_7_r1_t1,483,1780387684315040591,48.280430806000005,1.437
postprocess_ms,2_7_r1_t1,484,1780387684408528114,48.373918329000006,2.013
postprocess_ms,2_7_r1_t1,485,1780387684507198238,48.472588453,2.796
postprocess_ms,2_7_r1_t1,486,1780387684619554611,48.584944826000005,0.825
postprocess_ms,2_7_r1_t1,487,1780387684718641506,48.684031721000004,0.925
postprocess_ms,2_7_r1_t1,488,1780387684832933940,48.798324155,3.208
postprocess_ms,2_7_r1_t1,489,1780387684912791973,48.878182188000004,1.146
postprocess_ms,2_7_r1_t1,490,1780387685029718269,48.995108484000006,1.011
postprocess_ms,2_7_r1_t1,491,1780387685117668675,49.083058890000004,0.653
postprocess_ms,2_7_r1_t1,492,1780387685202804423,49.168194638,1.864
postprocess_ms,2_7_r1_t1,493,1780387685303840801,49.269231016000006,1.717
postprocess_ms,2_7_r1_t1,494,1780387685405230337,49.370620552000005,1.304
postprocess_ms,2_7_r1_t1,495,1780387685503456972,49.468847187,1.023
postprocess_ms,2_7_r1_t1,496,1780387685633224345,49.59861456,4.984
postprocess_ms,2_7_r1_t1,497,1780387685702811781,49.668201996,1.851
postprocess_ms,2_7_r1_t1,498,1780387685808498062,49.773888277000005,0.93
postprocess_ms,2_7_r1_t1,499,1780387685918962569,49.884352784,1.118
postprocess_ms,2_7_r1_t1,500,1780387686055757627,50.021147842000005,5.693
postprocess_ms,2_7_r1_t1,501,1780387686131343768,50.096733983,0.97
postprocess_ms,2_7_r1_t1,502,1780387686221612077,50.187002292,1.132
postprocess_ms,2_7_r1_t1,503,1780387686322473335,50.287863550000004,1.205
postprocess_ms,2_7_r1_t1,504,1780387686401842558,50.367232773000005,0.92
postprocess_ms,2_7_r1_t1,505,1780387686506572200,50.471962415,3.16
postprocess_ms,2_7_r1_t1,506,1780387686604486118,50.569876333,1.677
postprocess_ms,2_7_r1_t1,507,1780387686722888459,50.688278674,0.865
postprocess_ms,2_7_r1_t1,508,1780387686829536607,50.794926822,1.188
postprocess_ms,2_7_r1_t1,509,1780387686915920805,50.881311020000005,0.648
postprocess_ms,2_7_r1_t1,510,1780387687037787088,51.003177303,0.934
postprocess_ms,2_7_r1_t1,511,1780387687117110439,51.082500654,1.366
postprocess_ms,2_7_r1_t1,512,1780387687244427566,51.209817781000005,1.034
postprocess_ms,2_7_r1_t1,513,1780387687324229165,51.289619380000005,0.749
postprocess_ms,2_7_r1_t1,514,1780387687422555447,51.387945662,1.142
postprocess_ms,2_7_r1_t1,515,1780387687536939940,51.502330155,0.998
postprocess_ms,2_7_r1_t1,516,1780387687637134007,51.60252422200001,4.005
postprocess_ms,2_7_r1_t1,517,1780387687748782456,51.714172671,4.838
postprocess_ms,2_7_r1_t1,518,1780387687816390101,51.781780316,1.492
postprocess_ms,2_7_r1_t1,519,1780387687902634432,51.868024647000006,3.626
postprocess_ms,2_7_r1_t1,520,1780387688029954470,51.995344685000006,2.849
postprocess_ms,2_7_r1_t1,521,1780387688112532261,52.077922476000005,1.011
postprocess_ms,2_7_r1_t1,522,1780387688264976101,52.230366316,0.906
postprocess_ms,2_7_r1_t1,523,1780387688303512708,52.268902923000006,0.888
postprocess_ms,2_7_r1_t1,524,1780387688415800068,52.381190283,2.564
postprocess_ms,2_7_r1_t1,525,1780387688523992152,52.489382367000005,0.962
postprocess_ms,2_7_r1_t1,526,1780387688644787005,52.610177220000004,2.07
postprocess_ms,2_7_r1_t1,527,1780387688714721879,52.680112094,1.11
postprocess_ms,2_7_r1_t1,528,1780387688802037720,52.767427935,1.904
postprocess_ms,2_7_r1_t1,529,1780387688936420675,52.90181089,3.928
postprocess_ms,2_7_r1_t1,530,1780387689044633521,53.010023736,0.886
postprocess_ms,2_7_r1_t1,531,1780387689109109363,53.074499578,1.159
postprocess_ms,2_7_r1_t1,532,1780387689223932705,53.18932292,0.862
postprocess_ms,2_7_r1_t1,533,1780387689319558778,53.284948993,0.786
postprocess_ms,2_7_r1_t1,534,1780387689416675289,53.382065504,0.84
postprocess_ms,2_7_r1_t1,535,1780387689518882186,53.484272401000005,0.957
postprocess_ms,2_7_r1_t1,536,1780387689607826101,53.573216316,3.573
postprocess_ms,2_7_r1_t1,537,1780387689708085906,53.673476121,3.111
postprocess_ms,2_7_r1_t1,538,1780387689854400817,53.819791032000005,4.848
postprocess_ms,2_7_r1_t1,539,1780387689910755130,53.876145345000005,1.143
postprocess_ms,2_7_r1_t1,540,1780387689997426034,53.96281624900001,2.228
postprocess_ms,2_7_r1_t1,541,1780387690114258908,54.079649123,1.01
postprocess_ms,2_7_r1_t1,542,1780387690211739509,54.177129724000004,1.006
postprocess_ms,2_7_r1_t1,543,1780387690320867504,54.286257719000005,1.066
postprocess_ms,2_7_r1_t1,544,1780387690422077745,54.38746796,0.777
postprocess_ms,2_7_r1_t1,545,1780387690517880483,54.483270698000005,0.913
postprocess_ms,2_7_r1_t1,546,1780387690633019852,54.598410067,4.212
postprocess_ms,2_7_r1_t1,547,1780387690717884899,54.683275114000004,1.413
postprocess_ms,2_7_r1_t1,548,1780387690818511488,54.783901703000005,1.309
postprocess_ms,2_7_r1_t1,549,1780387690909805012,54.875195227000006,0.9
postprocess_ms,2_7_r1_t1,550,1780387691017343986,54.98273420100001,2.54
postprocess_ms,2_7_r1_t1,551,1780387691115941228,55.081331443,0.982
postprocess_ms,2_7_r1_t1,552,1780387691206828899,55.172219114,0.835
postprocess_ms,2_7_r1_t1,553,1780387691330168016,55.295558231,1.175
postprocess_ms,2_7_r1_t1,554,1780387691425324994,55.39071520900001,0.933
postprocess_ms,2_7_r1_t1,555,1780387691545936710,55.511326925000006,2.038
postprocess_ms,2_7_r1_t1,556,1780387691645944464,55.611334679,3.255
postprocess_ms,2_7_r1_t1,557,1780387691736604345,55.70199456,4.05
postprocess_ms,2_7_r1_t1,558,1780387691814485745,55.779875960000005,1.535
postprocess_ms,2_7_r1_t1,559,1780387691905628893,55.871019108000006,0.652
postprocess_ms,2_7_r1_t1,560,1780387692023434959,55.988825174000006,0.983
postprocess_ms,2_7_r1_t1,561,1780387692105469945,56.07086016,2.108
postprocess_ms,2_7_r1_t1,562,1780387692275681510,56.241071725000005,1.895
postprocess_ms,2_7_r1_t1,563,1780387692309256009,56.274646224,0.759
postprocess_ms,2_7_r1_t1,564,1780387692420738909,56.386129124,3.749
postprocess_ms,2_7_r1_t1,565,1780387692555018721,56.520408936,2.112
postprocess_ms,2_7_r1_t1,566,1780387692619564867,56.584955082,0.757
postprocess_ms,2_7_r1_t1,567,1780387692707986661,56.673376876000006,7.623
postprocess_ms,2_7_r1_t1,568,1780387692818285938,56.783676153,0.838
postprocess_ms,2_7_r1_t1,569,1780387692910120696,56.875510911000006,0.654
postprocess_ms,2_7_r1_t1,570,1780387693022511342,56.987901557,1.075
postprocess_ms,2_7_r1_t1,571,1780387693150621865,57.116012080000004,0.951
postprocess_ms,2_7_r1_t1,572,1780387693229558000,57.194948215000004,3.276
postprocess_ms,2_7_r1_t1,573,1780387693304810337,57.270200552000006,0.854
postprocess_ms,2_7_r1_t1,574,1780387693416406460,57.381796675000004,0.702
postprocess_ms,2_7_r1_t1,575,1780387693529789149,57.495179364,0.746
postprocess_ms,2_7_r1_t1,576,1780387693618763870,57.584154085,0.63
postprocess_ms,2_7_r1_t1,577,1780387693707014328,57.672404543000006,1.926
postprocess_ms,2_7_r1_t1,578,1780387693819577716,57.784967931000004,1.197
postprocess_ms,2_7_r1_t2,0,1780387837634179845,0.0,2.248
postprocess_ms,2_7_r1_t2,1,1780387837662998335,0.028818490000000002,1.648
postprocess_ms,2_7_r1_t2,2,1780387837794631105,0.16045126,1.082
postprocess_ms,2_7_r1_t2,3,1780387837858591521,0.224411676,2.345
postprocess_ms,2_7_r1_t2,4,1780387837960093285,0.32591344,1.464
postprocess_ms,2_7_r1_t2,5,1780387838070964107,0.43678426200000003,2.931
postprocess_ms,2_7_r1_t2,6,1780387838192358413,0.558178568,5.714
postprocess_ms,2_7_r1_t2,7,1780387838272620849,0.638441004,1.475
postprocess_ms,2_7_r1_t2,8,1780387838409247113,0.775067268,1.763
postprocess_ms,2_7_r1_t2,9,1780387838457804915,0.8236250700000001,2.992
postprocess_ms,2_7_r1_t2,10,1780387838555926026,0.921746181,2.675
postprocess_ms,2_7_r1_t2,11,1780387838683918911,1.049739066,7.385
postprocess_ms,2_7_r1_t2,12,1780387838791956759,1.157776914,6.386
postprocess_ms,2_7_r1_t2,13,1780387838878687768,1.244507923,15.482
postprocess_ms,2_7_r1_t2,14,1780387838960799391,1.326619546,1.423
postprocess_ms,2_7_r1_t2,15,1780387839050923309,1.416743464,1.134
postprocess_ms,2_7_r1_t2,16,1780387839168442391,1.5342625460000001,1.076
postprocess_ms,2_7_r1_t2,17,1780387839270577687,1.636397842,1.333
postprocess_ms,2_7_r1_t2,18,1780387839370349674,1.736169829,3.313
postprocess_ms,2_7_r1_t2,19,1780387839462148313,1.8279684680000001,2.759
postprocess_ms,2_7_r1_t2,20,1780387839549143495,1.91496365,1.086
postprocess_ms,2_7_r1_t2,21,1780387839657195467,2.023015622,1.537
postprocess_ms,2_7_r1_t2,22,1780387839769977948,2.135798103,3.166
postprocess_ms,2_7_r1_t2,23,1780387839858485266,2.224305421,1.595
postprocess_ms,2_7_r1_t2,24,1780387839970157383,2.3359775380000003,1.519
postprocess_ms,2_7_r1_t2,25,1780387840067263831,2.433083986,0.73
postprocess_ms,2_7_r1_t2,26,1780387840158519542,2.5243396970000003,0.689
postprocess_ms,2_7_r1_t2,27,1780387840275711290,2.641531445,2.629
postprocess_ms,2_7_r1_t2,28,1780387840360221760,2.726041915,1.11
postprocess_ms,2_7_r1_t2,29,1780387840483311400,2.849131555,3.845
postprocess_ms,2_7_r1_t2,30,1780387840557647251,2.9234674060000003,0.896
postprocess_ms,2_7_r1_t2,31,1780387840654143818,3.0199639730000003,1.084
postprocess_ms,2_7_r1_t2,32,1780387840782339527,3.148159682,2.315
postprocess_ms,2_7_r1_t2,33,1780387840868415162,3.234235317,1.698
postprocess_ms,2_7_r1_t2,34,1780387840962707950,3.328528105,2.413
postprocess_ms,2_7_r1_t2,35,1780387841062249005,3.42806916,1.123
postprocess_ms,2_7_r1_t2,36,1780387841180854327,3.5466744820000002,3.151
postprocess_ms,2_7_r1_t2,37,1780387841264849875,3.63067003,2.62
postprocess_ms,2_7_r1_t2,38,1780387841350792417,3.7166125720000003,2.217
postprocess_ms,2_7_r1_t2,39,1780387841444700650,3.8105208050000003,1.307
postprocess_ms,2_7_r1_t2,40,1780387841552344972,3.9181651270000004,0.786
postprocess_ms,2_7_r1_t2,41,1780387841665333830,4.031153985,2.892
postprocess_ms,2_7_r1_t2,42,1780387841769226827,4.135046982,1.82
postprocess_ms,2_7_r1_t2,43,1780387841857535246,4.223355401,0.816
postprocess_ms,2_7_r1_t2,44,1780387841954916976,4.3207371310000005,2.282
postprocess_ms,2_7_r1_t2,45,1780387842081506238,4.447326393,4.2
postprocess_ms,2_7_r1_t2,46,1780387842171738854,4.537559009000001,1.422
postprocess_ms,2_7_r1_t2,47,1780387842262121735,4.627941890000001,4.069
postprocess_ms,2_7_r1_t2,48,1780387842370930341,4.736750496,2.962
postprocess_ms,2_7_r1_t2,49,1780387842461213995,4.82703415,0.757
postprocess_ms,2_7_r1_t2,50,1780387842564731115,4.9305512700000005,1.003
postprocess_ms,2_7_r1_t2,51,1780387842656126582,5.021946737,2.591
postprocess_ms,2_7_r1_t2,52,1780387842762057615,5.1278777700000004,1.007
postprocess_ms,2_7_r1_t2,53,1780387842852281197,5.218101352000001,1.391
postprocess_ms,2_7_r1_t2,54,1780387842956772223,5.322592378,0.926
postprocess_ms,2_7_r1_t2,55,1780387843087072422,5.452892577,1.133
postprocess_ms,2_7_r1_t2,56,1780387843172472528,5.538292683000001,0.96
postprocess_ms,2_7_r1_t2,57,1780387843246559750,5.612379905,0.759
postprocess_ms,2_7_r1_t2,58,1780387843365366974,5.731187129,2.758
postprocess_ms,2_7_r1_t2,59,1780387843445205946,5.811026101,1.239
postprocess_ms,2_7_r1_t2,60,1780387843565865011,5.931685166,2.254
postprocess_ms,2_7_r1_t2,61,1780387843645705460,6.011525615,0.695
postprocess_ms,2_7_r1_t2,62,1780387843759481036,6.125301191,0.865
postprocess_ms,2_7_r1_t2,63,1780387843852420449,6.218240604,1.811
postprocess_ms,2_7_r1_t2,64,1780387843957135983,6.322956138,1.395
postprocess_ms,2_7_r1_t2,65,1780387844088373400,6.454193555000001,5.25
postprocess_ms,2_7_r1_t2,66,1780387844174287713,6.540107868000001,1.633
postprocess_ms,2_7_r1_t2,67,1780387844249596283,6.6154164380000005,2.581
postprocess_ms,2_7_r1_t2,68,1780387844398919719,6.764739874,1.783
postprocess_ms,2_7_r1_t2,69,1780387844499349566,6.865169721,6.936
postprocess_ms,2_7_r1_t2,70,1780387844588005453,6.953825608000001,1.376
postprocess_ms,2_7_r1_t2,71,1780387844702481996,7.068302151,5.382
postprocess_ms,2_7_r1_t2,72,1780387844799260599,7.165080754000001,4.589
postprocess_ms,2_7_r1_t2,73,1780387844887168333,7.252988488000001,1.192
postprocess_ms,2_7_r1_t2,74,1780387844988811214,7.354631369000001,1.372
postprocess_ms,2_7_r1_t2,75,1780387845085090144,7.450910299,5.416
postprocess_ms,2_7_r1_t2,76,1780387845162649808,7.528469963,1.011
postprocess_ms,2_7_r1_t2,77,1780387845287655850,7.653476005000001,1.717
postprocess_ms,2_7_r1_t2,78,1780387845436271647,7.8020918020000005,0.859
postprocess_ms,2_7_r1_t2,79,1780387845528924661,7.894744816,12.843
postprocess_ms,2_7_r1_t2,80,1780387845612869379,7.978689534000001,3.358
postprocess_ms,2_7_r1_t2,81,1780387845715519835,8.08133999,0.613
postprocess_ms,2_7_r1_t2,82,1780387845764803716,8.130623871000001,0.802
postprocess_ms,2_7_r1_t2,83,1780387845853245185,8.21906534,1.728
postprocess_ms,2_7_r1_t2,84,1780387845962241126,8.328061281,1.086
postprocess_ms,2_7_r1_t2,85,1780387846047795011,8.413615166000001,2.206
postprocess_ms,2_7_r1_t2,86,1780387846194520190,8.560340345,3.565
postprocess_ms,2_7_r1_t2,87,1780387846272166923,8.637987078,2.713
postprocess_ms,2_7_r1_t2,88,1780387846360868937,8.726689092,1.56
postprocess_ms,2_7_r1_t2,89,1780387846465222898,8.831043053,1.007
postprocess_ms,2_7_r1_t2,90,1780387846570324301,8.936144456000001,1.148
postprocess_ms,2_7_r1_t2,91,1780387846644006045,9.009826200000001,1.903
postprocess_ms,2_7_r1_t2,92,1780387846794432162,9.160252317000001,0.682
postprocess_ms,2_7_r1_t2,93,1780387846909267389,9.275087544,2.584
postprocess_ms,2_7_r1_t2,94,1780387846980717376,9.346537531000001,3.566
postprocess_ms,2_7_r1_t2,95,1780387847052549372,9.418369527000001,1.547
postprocess_ms,2_7_r1_t2,96,1780387847166664024,9.532484179,0.983
postprocess_ms,2_7_r1_t2,97,1780387847293632852,9.659453007,1.385
postprocess_ms,2_7_r1_t2,98,1780387847361144883,9.726965038000001,0.958
postprocess_ms,2_7_r1_t2,99,1780387847452120549,9.817940704,1.319
postprocess_ms,2_7_r1_t2,100,1780387847546652340,9.912472495000001,1.029
postprocess_ms,2_7_r1_t2,101,1780387847693407401,10.059227556000002,2.093
postprocess_ms,2_7_r1_t2,102,1780387847771733066,10.137553221000001,1.084
postprocess_ms,2_7_r1_t2,103,1780387847848272195,10.214092350000001,1.995
postprocess_ms,2_7_r1_t2,104,1780387847970389808,10.336209963,0.864
postprocess_ms,2_7_r1_t2,105,1780387848079419845,10.44524,0.77
postprocess_ms,2_7_r1_t2,106,1780387848169305431,10.535125586000001,1.822
postprocess_ms,2_7_r1_t2,107,1780387848267149510,10.632969665000001,0.849
postprocess_ms,2_7_r1_t2,108,1780387848371953475,10.737773630000001,2.409
postprocess_ms,2_7_r1_t2,109,1780387848464791358,10.830611513000001,1.135
postprocess_ms,2_7_r1_t2,110,1780387848571935734,10.937755889,1.212
postprocess_ms,2_7_r1_t2,111,1780387848651605302,11.017425457,1.11
postprocess_ms,2_7_r1_t2,112,1780387848765036178,11.130856333,1.243
postprocess_ms,2_7_r1_t2,113,1780387848861341156,11.227161311000001,0.918
postprocess_ms,2_7_r1_t2,114,1780387848976249836,11.342069991,2.73
postprocess_ms,2_7_r1_t2,115,1780387849104465342,11.470285497,1.357
postprocess_ms,2_7_r1_t2,116,1780387849154455115,11.52027527,1.19
postprocess_ms,2_7_r1_t2,117,1780387849291939880,11.657760035,21.769
postprocess_ms,2_7_r1_t2,118,1780387849364627309,11.730447464000001,0.842
postprocess_ms,2_7_r1_t2,119,1780387849470408679,11.836228834,2.297
postprocess_ms,2_7_r1_t2,120,1780387849570470254,11.936290409000001,0.685
postprocess_ms,2_7_r1_t2,121,1780387849651342824,12.017162979,3.389
postprocess_ms,2_7_r1_t2,122,1780387849761939736,12.127759891,0.959
postprocess_ms,2_7_r1_t2,123,1780387849881742024,12.247562179,3.198
postprocess_ms,2_7_r1_t2,124,1780387849965075139,12.330895294000001,1.007
postprocess_ms,2_7_r1_t2,125,1780387850079608102,12.445428257000001,2.265
postprocess_ms,2_7_r1_t2,126,1780387850160777928,12.526598083000001,1.044
postprocess_ms,2_7_r1_t2,127,1780387850267404334,12.633224489000002,0.828
postprocess_ms,2_7_r1_t2,128,1780387850396094059,12.761914214,6.794
postprocess_ms,2_7_r1_t2,129,1780387850481458218,12.847278373,3.44
postprocess_ms,2_7_r1_t2,130,1780387850583377220,12.949197375,5.947
postprocess_ms,2_7_r1_t2,131,1780387850668187776,13.034007931000001,1.47
postprocess_ms,2_7_r1_t2,132,1780387850799988022,13.165808177,0.651
postprocess_ms,2_7_r1_t2,133,1780387850864474465,13.23029462,1.892
postprocess_ms,2_7_r1_t2,134,1780387850964494584,13.330314739,2.559
postprocess_ms,2_7_r1_t2,135,1780387851084797730,13.450617885000002,1.921
postprocess_ms,2_7_r1_t2,136,1780387851161666583,13.527486738,2.45
postprocess_ms,2_7_r1_t2,137,1780387851246270787,13.612090942,1.012
postprocess_ms,2_7_r1_t2,138,1780387851355494208,13.721314363000001,1.692
postprocess_ms,2_7_r1_t2,139,1780387851451496609,13.817316764000001,2.021
postprocess_ms,2_7_r1_t2,140,1780387851572426996,13.938247151,0.871
postprocess_ms,2_7_r1_t2,141,1780387851670209252,14.036029407000001,3.614
postprocess_ms,2_7_r1_t2,142,1780387851769995996,14.135816151,2.479
postprocess_ms,2_7_r1_t2,143,1780387851876543940,14.242364095000001,3.787
postprocess_ms,2_7_r1_t2,144,1780387851959116038,14.324936193000001,2.672
postprocess_ms,2_7_r1_t2,145,1780387852073571272,14.439391427,0.957
postprocess_ms,2_7_r1_t2,146,1780387852159840865,14.525661020000001,1.879
postprocess_ms,2_7_r1_t2,147,1780387852265528504,14.631348659,1.157
postprocess_ms,2_7_r1_t2,148,1780387852354182921,14.720003076000001,1.365
postprocess_ms,2_7_r1_t2,149,1780387852453305674,14.819125829,2.888
postprocess_ms,2_7_r1_t2,150,1780387852565514624,14.931334779,1.271
postprocess_ms,2_7_r1_t2,151,1780387852663130453,15.028950608,11.341
postprocess_ms,2_7_r1_t2,152,1780387852757049581,15.122869736,0.978
postprocess_ms,2_7_r1_t2,153,1780387852864144675,15.22996483,1.822
postprocess_ms,2_7_r1_t2,154,1780387852971165483,15.336985638000002,0.736
postprocess_ms,2_7_r1_t2,155,1780387853064407779,15.430227934000001,1.328
postprocess_ms,2_7_r1_t2,156,1780387853162608014,15.528428169000001,0.746
postprocess_ms,2_7_r1_t2,157,1780387853264674311,15.630494466000002,2.937
postprocess_ms,2_7_r1_t2,158,1780387853352806465,15.71862662,1.413
postprocess_ms,2_7_r1_t2,159,1780387853446573822,15.812393977000001,2.651
postprocess_ms,2_7_r1_t2,160,1780387853572801353,15.938621508,5.518
postprocess_ms,2_7_r1_t2,161,1780387853662329656,16.028149811000002,1.268
postprocess_ms,2_7_r1_t2,162,1780387853764290400,16.130110555,2.393
postprocess_ms,2_7_r1_t2,163,1780387853878382115,16.244202270000002,1.122
postprocess_ms,2_7_r1_t2,164,1780387853960893773,16.326713928,0.613
postprocess_ms,2_7_r1_t2,165,1780387854067368939,16.433189094,3.158
postprocess_ms,2_7_r1_t2,166,1780387854174789845,16.54061,2.588
postprocess_ms,2_7_r1_t2,167,1780387854262151204,16.627971359,7.03
postprocess_ms,2_7_r1_t2,168,1780387854371209867,16.737030022000003,1.677
postprocess_ms,2_7_r1_t2,169,1780387854460369641,16.826189796,0.997
postprocess_ms,2_7_r1_t2,170,1780387854546813139,16.912633294000003,0.805
postprocess_ms,2_7_r1_t2,171,1780387854670818762,17.036638917,1.271
postprocess_ms,2_7_r1_t2,172,1780387854754431675,17.12025183,1.353
postprocess_ms,2_7_r1_t2,173,1780387854860143472,17.225963627000002,2.248
postprocess_ms,2_7_r1_t2,174,1780387854971008796,17.336828951,1.331
postprocess_ms,2_7_r1_t2,175,1780387855083004115,17.44882427,2.254
postprocess_ms,2_7_r1_t2,176,1780387855151668099,17.517488254,1.201
postprocess_ms,2_7_r1_t2,177,1780387855266987081,17.632807236,1.492
postprocess_ms,2_7_r1_t2,178,1780387855384011700,17.749831855,4.318
postprocess_ms,2_7_r1_t2,179,1780387855453566841,17.819386996000002,0.925
postprocess_ms,2_7_r1_t2,180,1780387855550944504,17.916764659000002,1.042
postprocess_ms,2_7_r1_t2,181,1780387855680851606,18.046671761000002,0.746
postprocess_ms,2_7_r1_t2,182,1780387855777897147,18.143717302000002,1.449
postprocess_ms,2_7_r1_t2,183,1780387855884964087,18.250784242,2.906
postprocess_ms,2_7_r1_t2,184,1780387855962956209,18.328776364,1.039
postprocess_ms,2_7_r1_t2,185,1780387856044100689,18.409920844000002,1.725
postprocess_ms,2_7_r1_t2,186,1780387856148498785,18.514318940000003,2.038
postprocess_ms,2_7_r1_t2,187,1780387856258295818,18.624115973000002,0.684
postprocess_ms,2_7_r1_t2,188,1780387856385019675,18.75083983,3.44
postprocess_ms,2_7_r1_t2,189,1780387856462124114,18.827944269,1.002
postprocess_ms,2_7_r1_t2,190,1780387856599332340,18.965152495,6.455
postprocess_ms,2_7_r1_t2,191,1780387856674550074,19.040370229,2.973
postprocess_ms,2_7_r1_t2,192,1780387856752309359,19.118129514,0.944
postprocess_ms,2_7_r1_t2,193,1780387856896012923,19.261833078000002,1.494
postprocess_ms,2_7_r1_t2,194,1780387856986573734,19.352393889000002,4.251
postprocess_ms,2_7_r1_t2,195,1780387857062941965,19.428762120000002,5.167
postprocess_ms,2_7_r1_t2,196,1780387857188758559,19.554578714,2.253
postprocess_ms,2_7_r1_t2,197,1780387857271284263,19.637104418,1.03
postprocess_ms,2_7_r1_t2,198,1780387857354866350,19.720686505,1.568
postprocess_ms,2_7_r1_t2,199,1780387857484356770,19.850176925,1.199
postprocess_ms,2_7_r1_t2,200,1780387857586374953,19.952195108,3.846
postprocess_ms,2_7_r1_t2,201,1780387857675708115,20.04152827,2.618
postprocess_ms,2_7_r1_t2,202,1780387857748789567,20.114609722,3.141
postprocess_ms,2_7_r1_t2,203,1780387857860876116,20.226696271,0.655
postprocess_ms,2_7_r1_t2,204,1780387857976602003,20.342422158,1.543
postprocess_ms,2_7_r1_t2,205,1780387858083646192,20.449466347,2.461
postprocess_ms,2_7_r1_t2,206,1780387858161294327,20.527114482,0.763
postprocess_ms,2_7_r1_t2,207,1780387858254261698,20.620081853000002,1.298
postprocess_ms,2_7_r1_t2,208,1780387858380578782,20.746398937000002,6.499
postprocess_ms,2_7_r1_t2,209,1780387858453990467,20.819810622000002,1.817
postprocess_ms,2_7_r1_t2,210,1780387858558132992,20.923953147000002,1.115
postprocess_ms,2_7_r1_t2,211,1780387858645738607,21.011558762,0.678
postprocess_ms,2_7_r1_t2,212,1780387858761686772,21.127506927000002,1.094
postprocess_ms,2_7_r1_t2,213,1780387858851076054,21.216896209,2.432
postprocess_ms,2_7_r1_t2,214,1780387858966884123,21.332704278,1.284
postprocess_ms,2_7_r1_t2,215,1780387859058753893,21.424574048,1.052
postprocess_ms,2_7_r1_t2,216,1780387859177918160,21.543738315000002,2.117
postprocess_ms,2_7_r1_t2,217,1780387859255183874,21.621004029,1.813
postprocess_ms,2_7_r1_t2,218,1780387859387263676,21.753083831,4.264
postprocess_ms,2_7_r1_t2,219,1780387859466516541,21.832336696000002,2.525
postprocess_ms,2_7_r1_t2,220,1780387859552221906,21.918042061,0.864
postprocess_ms,2_7_r1_t2,221,1780387859655783989,22.021604144,3.028
postprocess_ms,2_7_r1_t2,222,1780387859760614870,22.126435025000003,1.493
postprocess_ms,2_7_r1_t2,223,1780387859852702005,22.218522160000003,2.079
postprocess_ms,2_7_r1_t2,224,1780387859967341690,22.333161845000003,0.986
postprocess_ms,2_7_r1_t2,225,1780387860075985481,22.441805636,1.844
postprocess_ms,2_7_r1_t2,226,1780387860187953247,22.553773402,2.452
postprocess_ms,2_7_r1_t2,227,1780387860298269647,22.664089802000003,0.896
postprocess_ms,2_7_r1_t2,228,1780387860361160892,22.726981047000002,4.207
postprocess_ms,2_7_r1_t2,229,1780387860472939313,22.838759468000003,1.169
postprocess_ms,2_7_r1_t2,230,1780387860568145593,22.933965748000002,1.511
postprocess_ms,2_7_r1_t2,231,1780387860701139478,23.066959633,3.282
postprocess_ms,2_7_r1_t2,232,1780387860787480792,23.153300947,0.776
postprocess_ms,2_7_r1_t2,233,1780387860907446912,23.273267067000003,2.604
postprocess_ms,2_7_r1_t2,234,1780387860980794273,23.346614428000002,1.251
postprocess_ms,2_7_r1_t2,235,1780387861067188084,23.433008239000003,0.945
postprocess_ms,2_7_r1_t2,236,1780387861160172324,23.525992479000003,2.187
postprocess_ms,2_7_r1_t2,237,1780387861263893729,23.629713884,1.256
postprocess_ms,2_7_r1_t2,238,1780387861356861247,23.722681402000003,1.087
postprocess_ms,2_7_r1_t2,239,1780387861466267861,23.832088016,1.414
postprocess_ms,2_7_r1_t2,240,1780387861564433137,23.930253292,0.854
postprocess_ms,2_7_r1_t2,241,1780387861666861883,24.032682038,1.683
postprocess_ms,2_7_r1_t2,242,1780387861758698060,24.124518215000002,0.978
postprocess_ms,2_7_r1_t2,243,1780387861878487073,24.244307228,4.344
postprocess_ms,2_7_r1_t2,244,1780387861982014171,24.347834326,0.964
postprocess_ms,2_7_r1_t2,245,1780387862073373029,24.439193184,0.96
postprocess_ms,2_7_r1_t2,246,1780387862160473838,24.526293993000003,1.068
postprocess_ms,2_7_r1_t2,247,1780387862265998955,24.631819110000002,1.369
postprocess_ms,2_7_r1_t2,248,1780387862380764961,24.746585116000002,1.013
postprocess_ms,2_7_r1_t2,249,1780387862477408732,24.843228887000002,2.203
postprocess_ms,2_7_r1_t2,250,1780387862570020728,24.935840883,12.867
postprocess_ms,2_7_r1_t2,251,1780387862665352838,25.031172993000002,1.009
postprocess_ms,2_7_r1_t2,252,1780387862809886941,25.175707096,0.851
postprocess_ms,2_7_r1_t2,253,1780387862897641181,25.263461336000002,0.707
postprocess_ms,2_7_r1_t2,254,1780387862972819046,25.338639201000003,0.986
postprocess_ms,2_7_r1_t2,255,1780387863104983757,25.470803912,0.791
postprocess_ms,2_7_r1_t2,256,1780387863197191808,25.563011963,5.522
postprocess_ms,2_7_r1_t2,257,1780387863279707488,25.645527643,1.686
postprocess_ms,2_7_r1_t2,258,1780387863412008383,25.777828538,1.311
postprocess_ms,2_7_r1_t2,259,1780387863457563621,25.823383776,3.642
postprocess_ms,2_7_r1_t2,260,1780387863586240676,25.952060831,3.797
postprocess_ms,2_7_r1_t2,261,1780387863662924763,26.028744918,1.105
postprocess_ms,2_7_r1_t2,262,1780387863780105690,26.145925845,1.078
postprocess_ms,2_7_r1_t2,263,1780387863905652625,26.271472780000003,1.261
postprocess_ms,2_7_r1_t2,264,1780387863960919649,26.326739804000002,0.664
postprocess_ms,2_7_r1_t2,265,1780387864100822262,26.466642417000003,3.178
postprocess_ms,2_7_r1_t2,266,1780387864213363450,26.579183605,4.374
postprocess_ms,2_7_r1_t2,267,1780387864264257288,26.630077443,0.749
postprocess_ms,2_7_r1_t2,268,1780387864359207498,26.725027653,3.633
postprocess_ms,2_7_r1_t2,269,1780387864454223503,26.820043658000003,1.101
postprocess_ms,2_7_r1_t2,270,1780387864630139645,26.9959598,4.159
postprocess_ms,2_7_r1_t2,271,1780387864669073000,27.034893155000002,1.101
postprocess_ms,2_7_r1_t2,272,1780387864790801556,27.156621711000003,4.577
postprocess_ms,2_7_r1_t2,273,1780387864872753598,27.238573753,1.072
postprocess_ms,2_7_r1_t2,274,1780387864982234765,27.348054920000003,2.585
postprocess_ms,2_7_r1_t2,275,1780387865105966410,27.471786565000002,1.481
postprocess_ms,2_7_r1_t2,276,1780387865152982518,27.518802673000003,1.168
postprocess_ms,2_7_r1_t2,277,1780387865262462239,27.628282394000003,1.583
postprocess_ms,2_7_r1_t2,278,1780387865361887397,27.727707552000002,1.166
postprocess_ms,2_7_r1_t2,279,1780387865461760207,27.827580362000003,0.835
postprocess_ms,2_7_r1_t2,280,1780387865554970865,27.920791020000003,1.269
postprocess_ms,2_7_r1_t2,281,1780387865671828104,28.037648259,2.813
postprocess_ms,2_7_r1_t2,282,1780387865787372158,28.153192313,3.548
postprocess_ms,2_7_r1_t2,283,1780387865859137792,28.224957947,0.689
postprocess_ms,2_7_r1_t2,284,1780387865956299652,28.322119807000004,1.352
postprocess_ms,2_7_r1_t2,285,1780387866052047680,28.417867835000003,1.582
postprocess_ms,2_7_r1_t2,286,1780387866182452569,28.548272724,3.488
postprocess_ms,2_7_r1_t2,287,1780387866266220854,28.632041009,0.784
postprocess_ms,2_7_r1_t2,288,1780387866360170801,28.725990956,2.639
postprocess_ms,2_7_r1_t2,289,1780387866471094804,28.836914959,1.444
postprocess_ms,2_7_r1_t2,290,1780387866551128682,28.916948837000003,0.886
postprocess_ms,2_7_r1_t2,291,1780387866679374387,29.045194542,1.285
postprocess_ms,2_7_r1_t2,292,1780387866774219440,29.140039595,1.106
postprocess_ms,2_7_r1_t2,293,1780387866873842043,29.239662198,2.327
postprocess_ms,2_7_r1_t2,294,1780387866973230114,29.339050269,0.92
postprocess_ms,2_7_r1_t2,295,1780387867073753862,29.439574017,2.25
postprocess_ms,2_7_r1_t2,296,1780387867162198729,29.528018884,0.714
postprocess_ms,2_7_r1_t2,297,1780387867271486629,29.637306784000003,2.663
postprocess_ms,2_7_r1_t2,298,1780387867387077544,29.752897699000002,1.623
postprocess_ms,2_7_r1_t2,299,1780387867471227047,29.837047202,16.672
postprocess_ms,2_7_r1_t2,300,1780387867583047247,29.948867402,4.003
postprocess_ms,2_7_r1_t2,301,1780387867672229658,30.038049813,1.809
postprocess_ms,2_7_r1_t2,302,1780387867783977601,30.149797756,3.923
postprocess_ms,2_7_r1_t2,303,1780387867875438897,30.241259052,1.248
postprocess_ms,2_7_r1_t2,304,1780387867963959623,30.329779778000002,1.58
postprocess_ms,2_7_r1_t2,305,1780387868069633014,30.435453169000002,1.527
postprocess_ms,2_7_r1_t2,306,1780387868172299270,30.538119425,2.969
postprocess_ms,2_7_r1_t2,307,1780387868270987103,30.636807258,0.858
postprocess_ms,2_7_r1_t2,308,1780387868347449683,30.713269838000002,0.871
postprocess_ms,2_7_r1_t2,309,1780387868462451752,30.828271907,2.726
postprocess_ms,2_7_r1_t2,310,1780387868559573480,30.925393635000002,0.981
postprocess_ms,2_7_r1_t2,311,1780387868669201534,31.035021689,1.116
postprocess_ms,2_7_r1_t2,312,1780387868763903695,31.12972385,1.008
postprocess_ms,2_7_r1_t2,313,1780387868864979832,31.230799987,2.606
postprocess_ms,2_7_r1_t2,314,1780387868991772141,31.357592296000004,2.862
postprocess_ms,2_7_r1_t2,315,1780387869050222098,31.416042253,2.547
postprocess_ms,2_7_r1_t2,316,1780387869162327954,31.528148109000004,1.452
postprocess_ms,2_7_r1_t2,317,1780387869296364807,31.662184962,17.739
postprocess_ms,2_7_r1_t2,318,1780387869378425067,31.744245222000004,4.424
postprocess_ms,2_7_r1_t2,319,1780387869452807855,31.81862801,3.416
postprocess_ms,2_7_r1_t2,320,1780387869563407236,31.929227391,0.99
postprocess_ms,2_7_r1_t2,321,1780387869647721361,32.013541516000004,4.977
postprocess_ms,2_7_r1_t2,322,1780387869770361455,32.13618161,1.374
postprocess_ms,2_7_r1_t2,323,1780387869901318183,32.267138338,2.754
postprocess_ms,2_7_r1_t2,324,1780387869956803813,32.322623968,0.964
postprocess_ms,2_7_r1_t2,325,1780387870070462502,32.436282657,2.691
postprocess_ms,2_7_r1_t2,326,1780387870158484912,32.524305067,1.268
postprocess_ms,2_7_r1_t2,327,1780387870266934119,32.632754274,0.767
postprocess_ms,2_7_r1_t2,328,1780387870363544052,32.729364207,0.959
postprocess_ms,2_7_r1_t2,329,1780387870480988621,32.846808776,2.876
postprocess_ms,2_7_r1_t2,330,1780387870554636475,32.920456630000004,2.188
postprocess_ms,2_7_r1_t2,331,1780387870665335758,33.031155913,0.631
postprocess_ms,2_7_r1_t2,332,1780387870759103509,33.124923664,3.888
postprocess_ms,2_7_r1_t2,333,1780387870849459576,33.215279731,0.881
postprocess_ms,2_7_r1_t2,334,1780387870972178682,33.337998837,0.814
postprocess_ms,2_7_r1_t2,335,1780387871050974699,33.416794854,1.187
postprocess_ms,2_7_r1_t2,336,1780387871157967912,33.523788067000005,0.886
postprocess_ms,2_7_r1_t2,337,1780387871259681275,33.62550143,1.281
postprocess_ms,2_7_r1_t2,338,1780387871357838156,33.723658311,1.069
postprocess_ms,2_7_r1_t2,339,1780387871465859619,33.831679774,1.124
postprocess_ms,2_7_r1_t2,340,1780387871551613617,33.917433772,1.538
postprocess_ms,2_7_r1_t2,341,1780387871679212584,34.045032739,2.362
postprocess_ms,2_7_r1_t2,342,1780387871750285144,34.116105299000004,3.222
postprocess_ms,2_7_r1_t2,343,1780387871864709293,34.230529448,2.948
postprocess_ms,2_7_r1_t2,344,1780387871956819133,34.322639288000005,1.365
postprocess_ms,2_7_r1_t2,345,1780387872047538174,34.413358329000005,0.643
postprocess_ms,2_7_r1_t2,346,1780387872174519776,34.540339931000005,1.02
postprocess_ms,2_7_r1_t2,347,1780387872270164112,34.635984267000005,2.72
postprocess_ms,2_7_r1_t2,348,1780387872361267976,34.727088131,1.029
postprocess_ms,2_7_r1_t2,349,1780387872492038676,34.857858831,3.688
postprocess_ms,2_7_r1_t2,350,1780387872605253799,34.971073954000005,5.165
postprocess_ms,2_7_r1_t2,351,1780387872655396783,35.021216938,1.201
postprocess_ms,2_7_r1_t2,352,1780387872765205588,35.131025743,0.751
postprocess_ms,2_7_r1_t2,353,1780387872851139434,35.216959589000005,1.554
postprocess_ms,2_7_r1_t2,354,1780387872953217147,35.319037302000005,3.115
postprocess_ms,2_7_r1_t2,355,1780387873055412740,35.421232895,1.659
postprocess_ms,2_7_r1_t2,356,1780387873160775294,35.526595449000006,0.687
postprocess_ms,2_7_r1_t2,357,1780387873261735625,35.62755578,2.159
postprocess_ms,2_7_r1_t2,358,1780387873382343743,35.748163898,1.112
postprocess_ms,2_7_r1_t2,359,1780387873462451943,35.828272098,1.138
postprocess_ms,2_7_r1_t2,360,1780387873596926267,35.962746422,4.416
postprocess_ms,2_7_r1_t2,361,1780387873678426397,36.044246552000004,0.715
postprocess_ms,2_7_r1_t2,362,1780387873788393937,36.154214092000004,1.905
postprocess_ms,2_7_r1_t2,363,1780387873870306065,36.23612622,2.088
postprocess_ms,2_7_r1_t2,364,1780387873975607078,36.341427233000005,1.127
postprocess_ms,2_7_r1_t2,365,1780387874049247531,36.415067686,2.939
postprocess_ms,2_7_r1_t2,366,1780387874167166894,36.532987049,1.218
postprocess_ms,2_7_r1_t2,367,1780387874256242593,36.622062748000005,4.376
postprocess_ms,2_7_r1_t2,368,1780387874377995083,36.743815238,1.228
postprocess_ms,2_7_r1_t2,369,1780387874492155309,36.857975464,0.969
postprocess_ms,2_7_r1_t2,370,1780387874558945564,36.924765719,1.081
postprocess_ms,2_7_r1_t2,371,1780387874665855541,37.031675696,0.985
postprocess_ms,2_7_r1_t2,372,1780387874760219808,37.126039963000004,1.017
postprocess_ms,2_7_r1_t2,373,1780387874870346646,37.236166801,1.6
postprocess_ms,2_7_r1_t2,374,1780387874984921829,37.350741984,0.876
postprocess_ms,2_7_r1_t2,375,1780387875090855738,37.456675893,4.381
postprocess_ms,2_7_r1_t2,376,1780387875203561562,37.569381717,1.636
postprocess_ms,2_7_r1_t2,377,1780387875261655426,37.627475581000006,1.075
postprocess_ms,2_7_r1_t2,378,1780387875371871617,37.737691772000005,1.127
postprocess_ms,2_7_r1_t2,379,1780387875472883305,37.838703460000005,3.366
postprocess_ms,2_7_r1_t2,380,1780387875563591709,37.929411864,1.541
postprocess_ms,2_7_r1_t2,381,1780387875688691124,38.054511279,0.991
postprocess_ms,2_7_r1_t2,382,1780387875773961091,38.139781246000005,2.514
postprocess_ms,2_7_r1_t2,383,1780387875861888430,38.227708585,0.786
postprocess_ms,2_7_r1_t2,384,1780387875945637294,38.311457449,0.869
postprocess_ms,2_7_r1_t2,385,1780387876100286819,38.466106974000006,1.677
postprocess_ms,2_7_r1_t2,386,1780387876157953889,38.523774044,0.686
postprocess_ms,2_7_r1_t2,387,1780387876265115636,38.630935791,2.722
postprocess_ms,2_7_r1_t2,388,1780387876377086055,38.74290621,1.635
postprocess_ms,2_7_r1_t2,389,1780387876455027848,38.820848003,0.733
postprocess_ms,2_7_r1_t2,390,1780387876590537186,38.956357341,1.327
postprocess_ms,2_7_r1_t2,391,1780387876671769846,39.037590001000005,4.365
postprocess_ms,2_7_r1_t2,392,1780387876781507975,39.147328130000005,0.695
postprocess_ms,2_7_r1_t2,393,1780387876872161812,39.237981967,0.776
postprocess_ms,2_7_r1_t2,394,1780387876953117046,39.318937201000004,2.804
postprocess_ms,2_7_r1_t2,395,1780387877057409348,39.423229503,1.249
postprocess_ms,2_7_r1_t2,396,1780387877155625273,39.521445428,2.017
postprocess_ms,2_7_r1_t2,397,1780387877255672774,39.621492929000006,3.231
postprocess_ms,2_7_r1_t2,398,1780387877364209995,39.730030150000005,1.384
postprocess_ms,2_7_r1_t2,399,1780387877473028966,39.838849121,1.497
postprocess_ms,2_7_r1_t2,400,1780387877562933475,39.92875363,1.251
postprocess_ms,2_7_r1_t2,401,1780387877673431969,40.039252124,1.844
postprocess_ms,2_7_r1_t2,402,1780387877759644766,40.125464921,0.809
postprocess_ms,2_7_r1_t2,403,1780387877863322209,40.229142364000005,0.717
postprocess_ms,2_7_r1_t2,404,1780387877956566882,40.322387037000006,1.407
postprocess_ms,2_7_r1_t2,405,1780387878048141785,40.41396194,1.307
postprocess_ms,2_7_r1_t2,406,1780387878154164209,40.519984364,1.669
postprocess_ms,2_7_r1_t2,407,1780387878256924805,40.622744960000006,0.58
postprocess_ms,2_7_r1_t2,408,1780387878369571109,40.735391264,1.113
postprocess_ms,2_7_r1_t2,409,1780387878453582401,40.819402556,1.232
postprocess_ms,2_7_r1_t2,410,1780387878583030218,40.948850373,5.861
postprocess_ms,2_7_r1_t2,411,1780387878663631085,41.02945124,1.219
postprocess_ms,2_7_r1_t2,412,1780387878772516744,41.138336899,1.168
postprocess_ms,2_7_r1_t2,413,1780387878888660565,41.254480720000004,0.704
postprocess_ms,2_7_r1_t2,414,1780387878974308030,41.340128185000005,1.506
postprocess_ms,2_7_r1_t2,415,1780387879053681780,41.419501935,0.95
postprocess_ms,2_7_r1_t2,416,1780387879157263895,41.52308405,3.793
postprocess_ms,2_7_r1_t2,417,1780387879248413272,41.614233427,0.814
postprocess_ms,2_7_r1_t2,418,1780387879370400332,41.736220487000004,1.024
postprocess_ms,2_7_r1_t2,419,1780387879458192230,41.824012385,0.836
postprocess_ms,2_7_r1_t2,420,1780387879571004772,41.936824927,1.036
postprocess_ms,2_7_r1_t2,421,1780387879660158356,42.025978511000005,1.145
postprocess_ms,2_7_r1_t2,422,1780387879749796324,42.115616479,2.092
postprocess_ms,2_7_r1_t2,423,1780387879873303213,42.239123368,0.871
postprocess_ms,2_7_r1_t2,424,1780387880008572924,42.374393079,1.185
postprocess_ms,2_7_r1_t2,425,1780387880066564510,42.432384665,1.034
postprocess_ms,2_7_r1_t2,426,1780387880154337572,42.520157727000004,1.043
postprocess_ms,2_7_r1_t2,427,1780387880249371864,42.615192019000006,2.074
postprocess_ms,2_7_r1_t2,428,1780387880357917728,42.723737883000005,1.126
postprocess_ms,2_7_r1_t2,429,1780387880484953915,42.85077407,2.0
postprocess_ms,2_7_r1_t2,430,1780387880551350954,42.917171109,1.284
postprocess_ms,2_7_r1_t2,431,1780387880659585684,43.025405839,1.743
postprocess_ms,2_7_r1_t2,432,1780387880762411940,43.128232095,1.017
postprocess_ms,2_7_r1_t2,433,1780387880871992203,43.237812358,0.998
postprocess_ms,2_7_r1_t2,434,1780387880961112479,43.326932634,0.696
postprocess_ms,2_7_r1_t2,435,1780387881070365751,43.436185906000006,1.303
postprocess_ms,2_7_r1_t2,436,1780387881166147818,43.531967973,1.607
postprocess_ms,2_7_r1_t2,437,1780387881279326824,43.645146979,3.332
postprocess_ms,2_7_r1_t2,438,1780387881370620093,43.736440248,2.308
postprocess_ms,2_7_r1_t2,439,1780387881479054871,43.844875026000004,2.561
postprocess_ms,2_7_r1_t2,440,1780387881634413999,44.000234154000005,2.932
postprocess_ms,2_7_r1_t2,441,1780387881708321587,44.074141742,21.865
postprocess_ms,2_7_r1_t2,442,1780387881769051119,44.134871274000005,1.227
postprocess_ms,2_7_r1_t2,443,1780387881869915685,44.235735840000004,0.733
postprocess_ms,2_7_r1_t2,444,1780387881963357211,44.329177366,0.665
postprocess_ms,2_7_r1_t2,445,1780387882057623052,44.423443207000005,0.638
postprocess_ms,2_7_r1_t2,446,1780387882165692075,44.531512230000004,2.7
postprocess_ms,2_7_r1_t2,447,1780387882267669502,44.633489657000005,1.065
postprocess_ms,2_7_r1_t2,448,1780387882389108401,44.754928556,5.346
postprocess_ms,2_7_r1_t2,449,1780387882457844849,44.823665004000006,1.187
postprocess_ms,2_7_r1_t2,450,1780387882571781212,44.937601367000006,2.221
postprocess_ms,2_7_r1_t2,451,1780387882675507232,45.041327387,1.714
postprocess_ms,2_7_r1_t2,452,1780387882752942643,45.118762798000006,2.839
postprocess_ms,2_7_r1_t2,453,1780387882858122978,45.223943133000006,0.741
postprocess_ms,2_7_r1_t2,454,1780387882971348743,45.337168898,0.714
postprocess_ms,2_7_r1_t2,455,1780387883082984176,45.448804331000005,1.14
postprocess_ms,2_7_r1_t2,456,1780387883175229028,45.541049183000005,1.756
postprocess_ms,2_7_r1_t2,457,1780387883258830594,45.624650749000004,1.003
postprocess_ms,2_7_r1_t2,458,1780387883374039600,45.739859755000005,1.326
postprocess_ms,2_7_r1_t2,459,1780387883482753054,45.848573209,0.755
postprocess_ms,2_7_r1_t2,460,1780387883585388766,45.951208921,4.398
postprocess_ms,2_7_r1_t2,461,1780387883650161289,46.015981444000005,1.025
postprocess_ms,2_7_r1_t2,462,1780387883754801829,46.120621984,1.557
postprocess_ms,2_7_r1_t2,463,1780387883877055340,46.242875495,1.198
postprocess_ms,2_7_r1_t2,464,1780387884005201349,46.371021504000005,1.402
postprocess_ms,2_7_r1_t2,465,1780387884072482146,46.438302301,0.939
postprocess_ms,2_7_r1_t2,466,1780387884160664045,46.526484200000006,1.759
postprocess_ms,2_7_r1_t2,467,1780387884251051561,46.616871716000006,1.535
postprocess_ms,2_7_r1_t2,468,1780387884385253408,46.751073563000006,1.211
postprocess_ms,2_7_r1_t2,469,1780387884486820498,46.852640653,1.781
postprocess_ms,2_7_r1_t2,470,1780387884573841023,46.939661178,1.474
postprocess_ms,2_7_r1_t2,471,1780387884705843567,47.071663722000004,1.269
postprocess_ms,2_7_r1_t2,472,1780387884754581930,47.120402085,1.193
postprocess_ms,2_7_r1_t2,473,1780387884896654904,47.262475059,7.318
postprocess_ms,2_7_r1_t2,474,1780387884975526927,47.341347082000006,0.976
postprocess_ms,2_7_r1_t2,475,1780387885054155797,47.419975952,0.859
postprocess_ms,2_7_r1_t2,476,1780387885157769764,47.523589919,0.566
postprocess_ms,2_7_r1_t2,477,1780387885305795984,47.671616139,2.172
postprocess_ms,2_7_r1_t2,478,1780387885371825518,47.737645673,2.454
postprocess_ms,2_7_r1_t2,479,1780387885471797366,47.837617521000006,3.962
postprocess_ms,2_7_r1_t2,480,1780387885554546894,47.920367049000006,1.278
postprocess_ms,2_7_r1_t2,481,1780387885659041699,48.024861854,2.469
postprocess_ms,2_7_r1_t2,482,1780387885798471817,48.164291972,1.261
postprocess_ms,2_7_r1_t2,483,1780387885881538654,48.247358809000005,2.291
postprocess_ms,2_7_r1_t2,484,1780387885965384700,48.331204855,1.046
postprocess_ms,2_7_r1_t2,485,1780387886059486321,48.425306476,1.334
postprocess_ms,2_7_r1_t2,486,1780387886157773916,48.523594071000005,0.711
postprocess_ms,2_7_r1_t2,487,1780387886273640593,48.639460748000005,0.77
postprocess_ms,2_7_r1_t2,488,1780387886356697899,48.722518054000005,0.621
postprocess_ms,2_7_r1_t2,489,1780387886459286422,48.825106577,1.179
postprocess_ms,2_7_r1_t2,490,1780387886583525961,48.949346116,1.042
postprocess_ms,2_7_r1_t2,491,1780387886683919432,49.049739587000005,0.813
postprocess_ms,2_7_r1_t2,492,1780387886775320363,49.141140518,1.831
postprocess_ms,2_7_r1_t2,493,1780387886883298465,49.249118620000004,2.387
postprocess_ms,2_7_r1_t2,494,1780387886969971218,49.335791373000006,1.359
postprocess_ms,2_7_r1_t2,495,1780387887067667783,49.433487938000006,1.168
postprocess_ms,2_7_r1_t2,496,1780387887173823143,49.539643298,1.202
postprocess_ms,2_7_r1_t2,497,1780387887272194482,49.638014637000005,0.663
postprocess_ms,2_7_r1_t2,498,1780387887355161850,49.720982005,2.658
postprocess_ms,2_7_r1_t2,499,1780387887464342084,49.830162239,3.002
postprocess_ms,2_7_r1_t2,500,1780387887598498937,49.964319092000004,0.999
postprocess_ms,2_7_r1_t2,501,1780387887662524506,50.028344661000006,1.636
postprocess_ms,2_7_r1_t2,502,1780387887781238846,50.147059001,0.84
postprocess_ms,2_7_r1_t2,503,1780387887880040022,50.245860177000004,0.751
postprocess_ms,2_7_r1_t2,504,1780387887995241966,50.361062121,3.57
postprocess_ms,2_7_r1_t2,505,1780387888102091676,50.467911831,4.146
postprocess_ms,2_7_r1_t2,506,1780387888155305947,50.521126102000004,0.913
postprocess_ms,2_7_r1_t2,507,1780387888257852617,50.623672772000006,1.292
postprocess_ms,2_7_r1_t2,508,1780387888360047028,50.725867183000005,0.6
postprocess_ms,2_7_r1_t2,509,1780387888493013358,50.858833513,4.182
postprocess_ms,2_7_r1_t2,510,1780387888570976448,50.936796603000005,1.36
postprocess_ms,2_7_r1_t2,511,1780387888654107016,51.019927171000006,2.49
postprocess_ms,2_7_r1_t2,512,1780387888761684082,51.127504237000004,1.155
postprocess_ms,2_7_r1_t2,513,1780387888849850009,51.215670164,2.898
postprocess_ms,2_7_r1_t2,514,1780387888983646057,51.349466212,3.409
postprocess_ms,2_7_r1_t2,515,1780387889048711522,51.41453167700001,1.304
postprocess_ms,2_7_r1_t2,516,1780387889151872334,51.517692489000005,2.412
postprocess_ms,2_7_r1_t2,517,1780387889275003641,51.64082379600001,0.82
postprocess_ms,2_7_r1_t2,518,1780387889366155887,51.73197604200001,1.015
postprocess_ms,2_7_r1_t2,519,1780387889463664939,51.829485094000006,0.915
postprocess_ms,2_7_r1_t2,520,1780387889574662974,51.940483129,1.452
postprocess_ms,2_7_r1_t2,521,1780387889665698624,52.031518779,3.461
postprocess_ms,2_7_r1_t2,522,1780387889784666488,52.150486643,1.003
postprocess_ms,2_7_r1_t2,523,1780387889852859890,52.218680045000006,1.165
postprocess_ms,2_7_r1_t2,524,1780387889966730277,52.332550432000005,1.131
postprocess_ms,2_7_r1_t2,525,1780387890051172637,52.416992792,2.57
postprocess_ms,2_7_r1_t2,526,1780387890167445066,52.533265221,1.176
postprocess_ms,2_7_r1_t2,527,1780387890256138626,52.621958781000004,0.748
postprocess_ms,2_7_r1_t2,528,1780387890357766610,52.723586765,0.746
postprocess_ms,2_7_r1_t2,529,1780387890462224037,52.828044192,1.003
postprocess_ms,2_7_r1_t2,530,1780387890576665481,52.942485636,0.816
postprocess_ms,2_7_r1_t2,531,1780387890686254390,53.052074545,2.652
postprocess_ms,2_7_r1_t2,532,1780387890777487357,53.143307512,2.657
postprocess_ms,2_7_r1_t2,533,1780387890841424410,53.207244565,0.88
postprocess_ms,2_7_r1_t2,534,1780387890944715752,53.310535907,0.682
postprocess_ms,2_7_r1_t2,535,1780387891081014050,53.446834205,1.197
postprocess_ms,2_7_r1_t2,536,1780387891150400519,53.516220674,1.338
postprocess_ms,2_7_r1_t2,537,1780387891264444123,53.630264278000006,0.975
postprocess_ms,2_7_r1_t2,538,1780387891346660836,53.71248099100001,1.484
postprocess_ms,2_7_r1_t2,539,1780387891461264702,53.827084857,0.912
postprocess_ms,2_7_r1_t2,540,1780387891560930082,53.926750237,0.666
postprocess_ms,2_7_r1_t2,541,1780387891674750678,54.040570833000004,1.236
postprocess_ms,2_7_r1_t2,542,1780387891769831372,54.135651527,1.106
postprocess_ms,2_7_r1_t2,543,1780387891858424674,54.224244829,2.495
postprocess_ms,2_7_r1_t2,544,1780387891979730260,54.345550415000005,1.325
postprocess_ms,2_7_r1_t2,545,1780387892048732845,54.414553000000005,0.741
postprocess_ms,2_7_r1_t2,546,1780387892163144164,54.528964319,0.956
postprocess_ms,2_7_r1_t2,547,1780387892266965791,54.632785946000006,1.361
postprocess_ms,2_7_r1_t2,548,1780387892370404243,54.736224398000004,1.0
postprocess_ms,2_7_r1_t2,549,1780387892450007101,54.815827256000006,1.968
postprocess_ms,2_7_r1_t2,550,1780387892550048785,54.91586894,2.848
postprocess_ms,2_7_r1_t2,551,1780387892644164430,55.009984585000005,1.601
postprocess_ms,2_7_r1_t2,552,1780387892749590816,55.115410971,2.208
postprocess_ms,2_7_r1_t2,553,1780387892857494639,55.223314794000004,1.08
postprocess_ms,2_7_r1_t2,554,1780387892984031349,55.349851504,2.96
postprocess_ms,2_7_r1_t2,555,1780387893056614871,55.422435026,1.688
postprocess_ms,2_7_r1_t2,556,1780387893174605040,55.540425195000005,2.623
postprocess_ms,2_7_r1_t2,557,1780387893276907977,55.642728132,3.66
postprocess_ms,2_7_r1_t2,558,1780387893370129826,55.735949981000005,1.032
postprocess_ms,2_7_r1_t2,559,1780387893451150138,55.816970293000004,1.705
postprocess_ms,2_7_r1_t2,560,1780387893597331469,55.963151624000005,6.816
postprocess_ms,2_7_r1_t2,561,1780387893673196290,56.039016445,4.054
postprocess_ms,2_7_r1_t2,562,1780387893765405648,56.13122580300001,3.64
postprocess_ms,2_7_r1_t2,563,1780387893860408306,56.226228461000005,1.387
postprocess_ms,2_7_r1_t2,564,1780387893965996094,56.331816249000006,1.973
postprocess_ms,2_7_r1_t2,565,1780387894076535129,56.442355284,1.057
postprocess_ms,2_7_r1_t2,566,1780387894189270784,56.555090939,3.672
postprocess_ms,2_7_r1_t2,567,1780387894288758218,56.65457837300001,1.447
postprocess_ms,2_7_r1_t2,568,1780387894371727456,56.737547611000004,2.327
postprocess_ms,2_7_r1_t2,569,1780387894450621768,56.816441923000006,1.996
postprocess_ms,2_7_r1_t2,570,1780387894567451207,56.933271362000006,0.688
postprocess_ms,2_7_r1_t2,571,1780387894671820974,57.037641129,3.158
postprocess_ms,2_7_r1_t2,572,1780387894751575393,57.117395548000005,2.188
postprocess_ms,2_7_r1_t2,573,1780387894853154243,57.218974398,1.266
postprocess_ms,2_7_r1_t2,574,1780387894990755225,57.35657538,4.03
postprocess_ms,2_7_r1_t2,575,1780387895059828870,57.425649025000006,1.142
postprocess_ms,2_7_r1_t2,576,1780387895162028783,57.527848938000005,1.226
postprocess_ms,2_7_r1_t2,577,1780387895248589196,57.614409351000006,1.502
postprocess_ms,2_7_r1_t2,578,1780387895381773981,57.747594136000004,1.25
postprocess_ms,2_7_r1_t2,579,1780387895455481192,57.821301347,1.014
postprocess_ms,2_7_r1_t2,580,1780387895589618554,57.955438709000006,5.914
postprocess_ms,2_7_r1_t2,581,1780387895672686573,58.038506728,1.425
postprocess_ms,2_7_r1_t2,582,1780387895765896047,58.13171620200001,1.063
postprocess_ms,2_7_r1_t2,583,1780387895889089776,58.254909931,3.199
postprocess_ms,2_7_r1_t2,584,1780387895949037098,58.31485725300001,0.908
postprocess_ms,2_7_r1_t2,585,1780387896069797615,58.43561777,1.219
postprocess_ms,2_7_r1_t2,586,1780387896167574917,58.533395072000005,1.473
postprocess_ms,2_7_r1_t2,587,1780387896265458305,58.631278460000004,2.381
postprocess_ms,2_7_r1_t2,588,1780387896372275981,58.738096136,1.093
postprocess_ms,2_7_r1_t2,589,1780387896456974562,58.822794717,0.82
postprocess_ms,2_7_r1_t2,590,1780387896563167824,58.928987979000006,1.501
postprocess_ms,2_7_r1_t2,591,1780387896665718339,59.031538494,1.254
postprocess_ms,2_7_r1_t2,592,1780387896755925804,59.121745959,2.216
postprocess_ms,2_7_r1_t2,593,1780387896844380176,59.210200331,2.03
postprocess_ms,bevfusion_2_7,0,1779961711091685997,0.0,1.216
postprocess_ms,bevfusion_2_7,1,1779961711139906527,0.048220530000000005,1.965
postprocess_ms,bevfusion_2_7,2,1779961711186594055,0.094908058,3.005
postprocess_ms,bevfusion_2_7,3,1779961711273787182,0.182101185,0.907
postprocess_ms,bevfusion_2_7,4,1779961711400942087,0.30925609000000004,33.018
postprocess_ms,bevfusion_2_7,5,1779961711484343133,0.392657136,3.798
postprocess_ms,bevfusion_2_7,6,1779961711583271031,0.49158503400000003,2.662
postprocess_ms,bevfusion_2_7,7,1779961711678542476,0.586856479,4.428
postprocess_ms,bevfusion_2_7,8,1779961711787972231,0.696286234,5.575
postprocess_ms,bevfusion_2_7,9,1779961711859070561,0.7673845640000001,2.441
postprocess_ms,bevfusion_2_7,10,1779961711957414211,0.8657282140000001,0.913
postprocess_ms,bevfusion_2_7,11,1779961712084494423,0.9928084260000001,1.316
postprocess_ms,bevfusion_2_7,12,1779961712155173741,1.0634877440000001,0.87
postprocess_ms,bevfusion_2_7,13,1779961712244686320,1.153000323,1.502
postprocess_ms,bevfusion_2_7,14,1779961712370744258,1.279058261,1.726
postprocess_ms,bevfusion_2_7,15,1779961712452040761,1.360354764,0.926
postprocess_ms,bevfusion_2_7,16,1779961712578421441,1.486735444,2.288
postprocess_ms,bevfusion_2_7,17,1779961712667383587,1.57569759,0.962
postprocess_ms,bevfusion_2_7,18,1779961712796952837,1.7052668400000002,4.565
postprocess_ms,bevfusion_2_7,19,1779961712868377255,1.776691258,1.684
postprocess_ms,bevfusion_2_7,20,1779961712965177790,1.8734917930000001,1.062
postprocess_ms,bevfusion_2_7,21,1779961713053608151,1.961922154,1.569
postprocess_ms,bevfusion_2_7,22,1779961713146417730,2.054731733,0.991
postprocess_ms,bevfusion_2_7,23,1779961713273106867,2.18142087,1.873
postprocess_ms,bevfusion_2_7,24,1779961713370534955,2.278848958,3.017
postprocess_ms,bevfusion_2_7,25,1779961713449675376,2.357989379,3.067
postprocess_ms,bevfusion_2_7,26,1779961713551229949,2.459543952,0.931
postprocess_ms,bevfusion_2_7,27,1779961713653950414,2.562264417,0.673
postprocess_ms,bevfusion_2_7,28,1779961713793689165,2.702003168,2.087
postprocess_ms,bevfusion_2_7,29,1779961713844906808,2.7532208110000003,1.438
postprocess_ms,bevfusion_2_7,30,1779961713978124253,2.8864382560000004,0.791
postprocess_ms,bevfusion_2_7,31,1779961714099871244,3.008185247,0.653
postprocess_ms,bevfusion_2_7,32,1779961714155843932,3.0641579350000003,1.075
postprocess_ms,bevfusion_2_7,33,1779961714269580821,3.177894824,1.067
postprocess_ms,bevfusion_2_7,34,1779961714351423942,3.2597379450000004,1.497
postprocess_ms,bevfusion_2_7,35,1779961714460973525,3.369287528,1.461
postprocess_ms,bevfusion_2_7,36,1779961714566042122,3.4743561250000004,0.779
postprocess_ms,bevfusion_2_7,37,1779961714659825324,3.5681393270000004,2.549
postprocess_ms,bevfusion_2_7,38,1779961714745720395,3.6540343980000003,1.2
postprocess_ms,bevfusion_2_7,39,1779961714868707671,3.777021674,4.001
postprocess_ms,bevfusion_2_7,40,1779961714971273948,3.8795879510000004,2.449
postprocess_ms,bevfusion_2_7,41,1779961715059056192,3.9673701950000004,1.261
postprocess_ms,bevfusion_2_7,42,1779961715144743681,4.0530576840000005,1.228
postprocess_ms,bevfusion_2_7,43,1779961715253321865,4.161635868,3.287
postprocess_ms,bevfusion_2_7,44,1779961715349094673,4.257408676,0.595
postprocess_ms,bevfusion_2_7,45,1779961715448059705,4.3563737080000005,1.227
postprocess_ms,bevfusion_2_7,46,1779961715543156955,4.451470958000001,0.682
postprocess_ms,bevfusion_2_7,47,1779961715648399470,4.556713473,1.894
postprocess_ms,bevfusion_2_7,48,1779961715791045369,4.699359372,1.979
postprocess_ms,bevfusion_2_7,49,1779961715887103641,4.7954176440000005,9.47
postprocess_ms,bevfusion_2_7,50,1779961715956513076,4.864827079,2.007
postprocess_ms,bevfusion_2_7,51,1779961716053687136,4.962001139000001,0.591
postprocess_ms,bevfusion_2_7,52,1779961716152660874,5.0609748770000005,1.233
postprocess_ms,bevfusion_2_7,53,1779961716266258504,5.174572507000001,0.884
postprocess_ms,bevfusion_2_7,54,1779961716393831810,5.302145813,0.681
postprocess_ms,bevfusion_2_7,55,1779961716478295309,5.386609312,4.692
postprocess_ms,bevfusion_2_7,56,1779961716562107013,5.470421016,1.956
postprocess_ms,bevfusion_2_7,57,1779961716667035413,5.575349416000001,0.826
postprocess_ms,bevfusion_2_7,58,1779961716768211205,5.676525208,0.865
postprocess_ms,bevfusion_2_7,59,1779961716919463482,5.827777485,3.548
postprocess_ms,bevfusion_2_7,60,1779961716985100035,5.893414038,2.631
postprocess_ms,bevfusion_2_7,61,1779961717106953288,6.015267291000001,1.886
postprocess_ms,bevfusion_2_7,62,1779961717156812703,6.065126706,2.057
postprocess_ms,bevfusion_2_7,63,1779961717247499439,6.155813442,1.625
postprocess_ms,bevfusion_2_7,64,1779961717384060455,6.292374458,6.949
postprocess_ms,bevfusion_2_7,65,1779961717454871760,6.363185763000001,2.106
postprocess_ms,bevfusion_2_7,66,1779961717599518241,6.507832244,1.022
postprocess_ms,bevfusion_2_7,67,1779961717665442134,6.573756137,0.944
postprocess_ms,bevfusion_2_7,68,1779961717749741869,6.658055872,1.746
postprocess_ms,bevfusion_2_7,69,1779961717872923343,6.781237346,1.382
postprocess_ms,bevfusion_2_7,70,1779961717950718761,6.859032764,1.175
postprocess_ms,bevfusion_2_7,71,1779961718056113252,6.964427255,0.932
postprocess_ms,bevfusion_2_7,72,1779961718191288824,7.099602827,1.451
postprocess_ms,bevfusion_2_7,73,1779961718252331529,7.160645532,1.705
postprocess_ms,bevfusion_2_7,74,1779961718372501266,7.2808152690000005,3.158
postprocess_ms,bevfusion_2_7,75,1779961718449823768,7.358137771000001,1.406
postprocess_ms,bevfusion_2_7,76,1779961718579054583,7.4873685860000005,4.559
postprocess_ms,bevfusion_2_7,77,1779961718654398150,7.5627121530000005,1.143
postprocess_ms,bevfusion_2_7,78,1779961718769609205,7.677923208,2.261
postprocess_ms,bevfusion_2_7,79,1779961718847480780,7.755794783000001,1.118
postprocess_ms,bevfusion_2_7,80,1779961718977979847,7.88629385,2.211
postprocess_ms,bevfusion_2_7,81,1779961719054838314,7.9631523170000005,0.93
postprocess_ms,bevfusion_2_7,82,1779961719153660511,8.061974514000001,1.061
postprocess_ms,bevfusion_2_7,83,1779961719262331177,8.170645180000001,1.021
postprocess_ms,bevfusion_2_7,84,1779961719346193412,8.254507415,1.066
postprocess_ms,bevfusion_2_7,85,1779961719459808717,8.36812272,0.933
postprocess_ms,bevfusion_2_7,86,1779961719564103125,8.472417128,0.855
postprocess_ms,bevfusion_2_7,87,1779961719646049270,8.554363273,2.206
postprocess_ms,bevfusion_2_7,88,1779961719760144787,8.66845879,1.26
postprocess_ms,bevfusion_2_7,89,1779961719848280147,8.75659415,1.399
postprocess_ms,bevfusion_2_7,90,1779961719973400803,8.881714806,1.068
postprocess_ms,bevfusion_2_7,91,1779961720063595647,8.97190965,0.897
postprocess_ms,bevfusion_2_7,92,1779961720155301509,9.063615512,1.391
postprocess_ms,bevfusion_2_7,93,1779961720247384951,9.155698954,1.391
postprocess_ms,bevfusion_2_7,94,1779961720352174533,9.260488536,1.351
postprocess_ms,bevfusion_2_7,95,1779961720460129344,9.368443347000001,0.905
postprocess_ms,bevfusion_2_7,96,1779961720587584035,9.495898038,1.038
postprocess_ms,bevfusion_2_7,97,1779961720655809762,9.564123765,0.922
postprocess_ms,bevfusion_2_7,98,1779961720767033942,9.675347945,0.774
postprocess_ms,bevfusion_2_7,99,1779961720856464000,9.764778003,2.238
postprocess_ms,bevfusion_2_7,100,1779961720970325312,9.878639315000001,2.999
postprocess_ms,bevfusion_2_7,101,1779961721053956891,9.962270894000001,1.3
postprocess_ms,bevfusion_2_7,102,1779961721152727272,10.061041275000001,0.809
postprocess_ms,bevfusion_2_7,103,1779961721262390353,10.170704356,1.022
postprocess_ms,bevfusion_2_7,104,1779961721356526757,10.26484076,0.611
postprocess_ms,bevfusion_2_7,105,1779961721468448643,10.376762646000001,9.401
postprocess_ms,bevfusion_2_7,106,1779961721559856755,10.468170758000001,1.209
postprocess_ms,bevfusion_2_7,107,1779961721650699554,10.559013557,1.494
postprocess_ms,bevfusion_2_7,108,1779961721742797101,10.651111104,2.73
postprocess_ms,bevfusion_2_7,109,1779961721847236770,10.755550773000001,1.361
postprocess_ms,bevfusion_2_7,110,1779961721943806687,10.852120690000001,2.412
postprocess_ms,bevfusion_2_7,111,1779961722067746868,10.976060871000001,0.949
postprocess_ms,bevfusion_2_7,112,1779961722158156437,11.066470440000002,2.996
postprocess_ms,bevfusion_2_7,113,1779961722266796688,11.175110691,0.956
postprocess_ms,bevfusion_2_7,114,1779961722368718508,11.277032511,2.675
postprocess_ms,bevfusion_2_7,115,1779961722442535646,11.350849649,1.137
postprocess_ms,bevfusion_2_7,116,1779961722547264077,11.45557808,1.462
postprocess_ms,bevfusion_2_7,117,1779961722684761265,11.593075268000002,1.75
postprocess_ms,bevfusion_2_7,118,1779961722818055634,11.726369637000001,0.931
postprocess_ms,bevfusion_2_7,119,1779961722909440065,11.817754068000001,5.221
postprocess_ms,bevfusion_2_7,120,1779961722962419776,11.870733779,1.094
postprocess_ms,bevfusion_2_7,121,1779961723134998828,12.043312831000001,3.415
postprocess_ms,bevfusion_2_7,122,1779961723188073653,12.096387656000001,2.208
postprocess_ms,bevfusion_2_7,123,1779961723260991409,12.169305412,1.286
postprocess_ms,bevfusion_2_7,124,1779961723357750506,12.266064509000001,2.783
postprocess_ms,bevfusion_2_7,125,1779961723464228705,12.372542708000001,1.03
postprocess_ms,bevfusion_2_7,126,1779961723572326822,12.480640825,1.566
postprocess_ms,bevfusion_2_7,127,1779961723687681351,12.595995354000001,35.166
postprocess_ms,bevfusion_2_7,128,1779961723794204476,12.702518479,2.625
postprocess_ms,bevfusion_2_7,129,1779961723847157108,12.755471111,1.563
postprocess_ms,bevfusion_2_7,130,1779961723975734980,12.884048983000001,9.091
postprocess_ms,bevfusion_2_7,131,1779961724052576984,12.960890987,2.168
postprocess_ms,bevfusion_2_7,132,1779961724165242487,13.073556490000001,0.743
postprocess_ms,bevfusion_2_7,133,1779961724256710138,13.165024141,2.121
postprocess_ms,bevfusion_2_7,134,1779961724345918737,13.25423274,1.929
postprocess_ms,bevfusion_2_7,135,1779961724451163061,13.359477064,1.858
postprocess_ms,bevfusion_2_7,136,1779961724582426603,13.490740606000001,3.76
postprocess_ms,bevfusion_2_7,137,1779961724694007682,13.602321685000001,0.637
postprocess_ms,bevfusion_2_7,138,1779961724773041665,13.681355668,2.612
postprocess_ms,bevfusion_2_7,139,1779961724857051247,13.76536525,2.22
postprocess_ms,bevfusion_2_7,140,1779961724944842118,13.853156121000001,1.286
postprocess_ms,bevfusion_2_7,141,1779961725074501229,13.982815232,4.182
postprocess_ms,bevfusion_2_7,142,1779961725179211659,14.087525662000001,3.176
postprocess_ms,bevfusion_2_7,143,1779961725259479030,14.167793033,1.167
postprocess_ms,bevfusion_2_7,144,1779961725400615361,14.308929364,0.996
postprocess_ms,bevfusion_2_7,145,1779961725472756316,14.381070319,2.527
postprocess_ms,bevfusion_2_7,146,1779961725552138931,14.460452934000001,0.955
postprocess_ms,bevfusion_2_7,147,1779961725642642412,14.550956415000002,1.485
postprocess_ms,bevfusion_2_7,148,1779961725781509084,14.689823087,1.605
postprocess_ms,bevfusion_2_7,149,1779961725866107401,14.774421404000002,1.053
postprocess_ms,bevfusion_2_7,150,1779961725950008335,14.858322338,1.503
postprocess_ms,bevfusion_2_7,151,1779961726055624946,14.963938949000001,1.469
postprocess_ms,bevfusion_2_7,152,1779961726173730226,15.082044229000001,5.223
postprocess_ms,bevfusion_2_7,153,1779961726252856682,15.161170685,0.912
postprocess_ms,bevfusion_2_7,154,1779961726356259310,15.264573313000001,1.186
postprocess_ms,bevfusion_2_7,155,1779961726450817968,15.359131971000002,1.385
postprocess_ms,bevfusion_2_7,156,1779961726560895952,15.469209955,10.322
postprocess_ms,bevfusion_2_7,157,1779961726654067819,15.562381822,1.191
postprocess_ms,bevfusion_2_7,158,1779961726741115101,15.649429104000001,0.745
postprocess_ms,bevfusion_2_7,159,1779961726858158346,15.766472349,1.51
postprocess_ms,bevfusion_2_7,160,1779961726942976989,15.851290992000001,3.431
postprocess_ms,bevfusion_2_7,161,1779961727050719706,15.959033709000002,1.173
postprocess_ms,bevfusion_2_7,162,1779961727153873688,16.062187691000002,0.779
postprocess_ms,bevfusion_2_7,163,1779961727260884731,16.169198734000002,0.986
postprocess_ms,bevfusion_2_7,164,1779961727359772487,16.26808649,1.741
postprocess_ms,bevfusion_2_7,165,1779961727478324240,16.386638243,1.001
postprocess_ms,bevfusion_2_7,166,1779961727567416033,16.475730036,1.08
postprocess_ms,bevfusion_2_7,167,1779961727657598640,16.565912643,2.07
postprocess_ms,bevfusion_2_7,168,1779961727771684071,16.679998074,1.732
postprocess_ms,bevfusion_2_7,169,1779961727867984009,16.776298012,3.381
postprocess_ms,bevfusion_2_7,170,1779961727952629430,16.860943433000003,0.711
postprocess_ms,bevfusion_2_7,171,1779961728064391503,16.972705506,1.127
postprocess_ms,bevfusion_2_7,172,1779961728153162027,17.06147603,1.19
postprocess_ms,bevfusion_2_7,173,1779961728271443435,17.179757438,1.319
postprocess_ms,bevfusion_2_7,174,1779961728382335752,17.290649755,5.184
postprocess_ms,bevfusion_2_7,175,1779961728448931890,17.357245893,1.931
postprocess_ms,bevfusion_2_7,176,1779961728551513134,17.459827137,0.849
postprocess_ms,bevfusion_2_7,177,1779961728653103448,17.561417451,1.053
postprocess_ms,bevfusion_2_7,178,1779961728774884367,17.68319837,2.279
postprocess_ms,bevfusion_2_7,179,1779961728850173088,17.758487091000003,1.57
postprocess_ms,bevfusion_2_7,180,1779961728952683942,17.860997945,2.217
postprocess_ms,bevfusion_2_7,181,1779961729050397961,17.958711964000003,1.186
postprocess_ms,bevfusion_2_7,182,1779961729169107276,18.077421279000003,1.158
postprocess_ms,bevfusion_2_7,183,1779961729252517249,18.160831252,0.895
postprocess_ms,bevfusion_2_7,184,1779961729391954415,18.300268418,1.627
postprocess_ms,bevfusion_2_7,185,1779961729457658369,18.365972372,1.413
postprocess_ms,bevfusion_2_7,186,1779961729557506650,18.465820653,2.11
postprocess_ms,bevfusion_2_7,187,1779961729673126338,18.581440341,2.875
postprocess_ms,bevfusion_2_7,188,1779961729746453262,18.654767265,1.177
postprocess_ms,bevfusion_2_7,189,1779961729893007702,18.801321705,5.912
postprocess_ms,bevfusion_2_7,190,1779961729952954250,18.861268253000002,2.664
postprocess_ms,bevfusion_2_7,191,1779961730050263395,18.958577398000003,1.227
postprocess_ms,bevfusion_2_7,192,1779961730184988174,19.093302177,4.312
postprocess_ms,bevfusion_2_7,193,1779961730267650564,19.175964567,0.848
postprocess_ms,bevfusion_2_7,194,1779961730383282390,19.291596393000003,4.561
postprocess_ms,bevfusion_2_7,195,1779961730452466413,19.360780416,1.741
postprocess_ms,bevfusion_2_7,196,1779961730551825408,19.460139411,1.378
postprocess_ms,bevfusion_2_7,197,1779961730645266682,19.553580685,1.17
postprocess_ms,bevfusion_2_7,198,1779961730761889650,19.670203653,0.802
postprocess_ms,bevfusion_2_7,199,1779961730846880691,19.755194694,2.403
postprocess_ms,bevfusion_2_7,200,1779961730956468567,19.864782570000003,1.14
postprocess_ms,bevfusion_2_7,201,1779961731064713995,19.973027998000003,1.166
postprocess_ms,bevfusion_2_7,202,1779961731184960543,20.093274546,3.342
postprocess_ms,bevfusion_2_7,203,1779961731262005928,20.170319931,1.139
postprocess_ms,bevfusion_2_7,204,1779961731368824614,20.277138617000002,0.649
postprocess_ms,bevfusion_2_7,205,1779961731458438854,20.366752857,1.585
postprocess_ms,bevfusion_2_7,206,1779961731565436866,20.473750869,2.68
postprocess_ms,bevfusion_2_7,207,1779961731657381346,20.565695349000002,0.876
postprocess_ms,bevfusion_2_7,208,1779961731748053783,20.656367786,2.749
postprocess_ms,bevfusion_2_7,209,1779961731846112779,20.754426782000003,0.951
postprocess_ms,bevfusion_2_7,210,1779961731945441073,20.853755076000002,1.285
postprocess_ms,bevfusion_2_7,211,1779961732050040847,20.958354850000003,2.374
postprocess_ms,bevfusion_2_7,212,1779961732147692349,21.056006352,1.549
postprocess_ms,bevfusion_2_7,213,1779961732290246117,21.19856012,6.749
postprocess_ms,bevfusion_2_7,214,1779961732383836418,21.292150421000002,6.339
postprocess_ms,bevfusion_2_7,215,1779961732458685647,21.36699965,1.506
postprocess_ms,bevfusion_2_7,216,1779961732594799164,21.503113167000002,10.925
postprocess_ms,bevfusion_2_7,217,1779961732713220878,21.621534881000002,2.304
postprocess_ms,bevfusion_2_7,218,1779961732783877494,21.692191497,5.316
postprocess_ms,bevfusion_2_7,219,1779961732874797695,21.783111698000003,2.916
postprocess_ms,bevfusion_2_7,220,1779961732948524532,21.856838535,1.238
postprocess_ms,bevfusion_2_7,221,1779961733090077664,21.998391667,0.892
postprocess_ms,bevfusion_2_7,222,1779961733157876313,22.066190316,0.653
postprocess_ms,bevfusion_2_7,223,1779961733274845904,22.183159907,2.642
postprocess_ms,bevfusion_2_7,224,1779961733352424304,22.260738307,1.543
postprocess_ms,bevfusion_2_7,225,1779961733451507218,22.359821221,0.78
postprocess_ms,bevfusion_2_7,226,1779961733545249053,22.453563056,1.212
postprocess_ms,bevfusion_2_7,227,1779961733664072341,22.572386344,1.122
postprocess_ms,bevfusion_2_7,228,1779961733745533789,22.653847792,1.064
postprocess_ms,bevfusion_2_7,229,1779961733858311289,22.766625292,1.064
postprocess_ms,bevfusion_2_7,230,1779961733947995983,22.856309986000003,1.452
postprocess_ms,bevfusion_2_7,231,1779961734070743230,22.979057233000002,2.261
postprocess_ms,bevfusion_2_7,232,1779961734152275152,23.060589155000002,1.13
postprocess_ms,bevfusion_2_7,233,1779961734297187513,23.205501516,3.505
postprocess_ms,bevfusion_2_7,234,1779961734347961362,23.256275365,1.481
postprocess_ms,bevfusion_2_7,235,1779961734476184823,23.384498826,4.819
postprocess_ms,bevfusion_2_7,236,1779961734594078345,23.502392348,0.779
postprocess_ms,bevfusion_2_7,237,1779961734657563568,23.565877571,1.428
postprocess_ms,bevfusion_2_7,238,1779961734772476352,23.680790355000003,2.996
postprocess_ms,bevfusion_2_7,239,1779961734853177156,23.761491159000002,1.101
postprocess_ms,bevfusion_2_7,240,1779961734977273223,23.885587226000002,2.931
postprocess_ms,bevfusion_2_7,241,1779961735091705069,24.000019072,8.748
postprocess_ms,bevfusion_2_7,242,1779961735159982920,24.068296923000002,2.815
postprocess_ms,bevfusion_2_7,243,1779961735307719562,24.216033565,1.284
postprocess_ms,bevfusion_2_7,244,1779961735395726111,24.304040114000003,6.216
postprocess_ms,bevfusion_2_7,245,1779961735487228506,24.395542509000002,3.607
postprocess_ms,bevfusion_2_7,246,1779961735590685211,24.498999214,2.805
postprocess_ms,bevfusion_2_7,247,1779961735667224041,24.575538044,0.729
postprocess_ms,bevfusion_2_7,248,1779961735761972152,24.670286155000003,1.662
postprocess_ms,bevfusion_2_7,249,1779961735878228448,24.786542451000003,3.062
postprocess_ms,bevfusion_2_7,250,1779961735950972246,24.859286249,0.972
postprocess_ms,bevfusion_2_7,251,1779961736071643637,24.979957640000002,2.821
postprocess_ms,bevfusion_2_7,252,1779961736158373224,25.066687227000003,1.061
postprocess_ms,bevfusion_2_7,253,1779961736245141402,25.153455405000003,0.795
postprocess_ms,bevfusion_2_7,254,1779961736370253941,25.278567944000002,1.123
postprocess_ms,bevfusion_2_7,255,1779961736453438751,25.361752754,1.343
postprocess_ms,bevfusion_2_7,256,1779961736558337759,25.466651762,1.471
postprocess_ms,bevfusion_2_7,257,1779961736656173365,25.564487368,1.409
postprocess_ms,bevfusion_2_7,258,1779961736762766392,25.671080395,0.835
postprocess_ms,bevfusion_2_7,259,1779961736922032938,25.830346941000002,3.752
postprocess_ms,bevfusion_2_7,260,1779961736952030460,25.860344463,0.701
postprocess_ms,bevfusion_2_7,261,1779961737058547369,25.966861372,1.532
postprocess_ms,bevfusion_2_7,262,1779961737172191939,26.080505942000002,1.768
postprocess_ms,bevfusion_2_7,263,1779961737248956772,26.157270775,1.936
postprocess_ms,bevfusion_2_7,264,1779961737352522276,26.260836279000003,1.393
postprocess_ms,bevfusion_2_7,265,1779961737452428456,26.360742459,1.565
postprocess_ms,bevfusion_2_7,266,1779961737564318608,26.472632611,2.132
postprocess_ms,bevfusion_2_7,267,1779961737680690965,26.589004968,4.926
postprocess_ms,bevfusion_2_7,268,1779961737751755551,26.660069554000003,1.822
postprocess_ms,bevfusion_2_7,269,1779961737844246974,26.752560977,1.129
postprocess_ms,bevfusion_2_7,270,1779961737959600812,26.867914815000002,0.923
postprocess_ms,bevfusion_2_7,271,1779961738059692265,26.968006268000003,1.105
postprocess_ms,bevfusion_2_7,272,1779961738148753374,27.057067377000003,0.781
postprocess_ms,bevfusion_2_7,273,1779961738269303120,27.177617123,2.34
postprocess_ms,bevfusion_2_7,274,1779961738353061188,27.261375191000003,0.808
postprocess_ms,bevfusion_2_7,275,1779961738469710276,27.378024279,1.421
postprocess_ms,bevfusion_2_7,276,1779961738559779191,27.468093194,2.615
postprocess_ms,bevfusion_2_7,277,1779961738663089318,27.571403321000002,1.699
postprocess_ms,bevfusion_2_7,278,1779961738750631736,27.658945739,0.879
postprocess_ms,bevfusion_2_7,279,1779961738868540074,27.776854077000003,2.759
postprocess_ms,bevfusion_2_7,280,1779961738978316806,27.886630809000003,3.344
postprocess_ms,bevfusion_2_7,281,1779961739108138773,28.016452776,1.591
postprocess_ms,bevfusion_2_7,282,1779961739186204838,28.094518841000003,1.05
postprocess_ms,bevfusion_2_7,283,1779961739258293216,28.166607219000003,1.383
postprocess_ms,bevfusion_2_7,284,1779961739357857535,28.266171538000002,0.984
postprocess_ms,bevfusion_2_7,285,1779961739477181958,28.385495961,7.878
postprocess_ms,bevfusion_2_7,286,1779961739573190575,28.481504578000003,2.759
postprocess_ms,bevfusion_2_7,287,1779961739670372111,28.578686114000003,25.059
postprocess_ms,bevfusion_2_7,288,1779961739769220120,28.677534123,0.734
postprocess_ms,bevfusion_2_7,289,1779961739872799099,28.781113102000003,3.644
postprocess_ms,bevfusion_2_7,290,1779961739961568059,28.869882062000002,1.09
postprocess_ms,bevfusion_2_7,291,1779961740086132211,28.994446214000003,7.262
postprocess_ms,bevfusion_2_7,292,1779961740166590525,29.074904528,1.233
postprocess_ms,bevfusion_2_7,293,1779961740247786454,29.156100457,1.606
postprocess_ms,bevfusion_2_7,294,1779961740384561950,29.292875953000003,4.334
postprocess_ms,bevfusion_2_7,295,1779961740465929546,29.374243549000003,0.706
postprocess_ms,bevfusion_2_7,296,1779961740573468994,29.481782997000003,2.36
postprocess_ms,bevfusion_2_7,297,1779961740652562287,29.560876290000003,1.158
postprocess_ms,bevfusion_2_7,298,1779961740748971724,29.657285727,0.943
postprocess_ms,bevfusion_2_7,299,1779961740850365440,29.758679443000002,1.089
postprocess_ms,bevfusion_2_7,300,1779961740958110975,29.866424978,1.949
postprocess_ms,bevfusion_2_7,301,1779961741069793060,29.978107063000003,0.961
postprocess_ms,bevfusion_2_7,302,1779961741206658619,30.114972622000003,19.902
postprocess_ms,bevfusion_2_7,303,1779961741267158352,30.175472355,0.854
postprocess_ms,bevfusion_2_7,304,1779961741388551367,30.296865370000003,6.579
postprocess_ms,bevfusion_2_7,305,1779961741474620658,30.382934661,3.8
postprocess_ms,bevfusion_2_7,306,1779961741594115435,30.502429438000004,8.695
postprocess_ms,bevfusion_2_7,307,1779961741709086710,30.617400713000002,2.406
postprocess_ms,bevfusion_2_7,308,1779961741762554591,30.670868594,0.907
postprocess_ms,bevfusion_2_7,309,1779961741892799489,30.801113492000002,2.043
postprocess_ms,bevfusion_2_7,310,1779961741952198448,30.860512451,1.125
postprocess_ms,bevfusion_2_7,311,1779961742073166409,30.981480412000003,1.018
postprocess_ms,bevfusion_2_7,312,1779961742212531910,31.120845913000004,20.366
postprocess_ms,bevfusion_2_7,313,1779961742288830767,31.19714477,1.454
postprocess_ms,bevfusion_2_7,314,1779961742359409857,31.26772386,0.986
postprocess_ms,bevfusion_2_7,315,1779961742462684852,31.370998855000003,1.108
postprocess_ms,bevfusion_2_7,316,1779961742560847606,31.469161609,1.755
postprocess_ms,bevfusion_2_7,317,1779961742667627399,31.575941402,1.057
postprocess_ms,bevfusion_2_7,318,1779961742772214433,31.680528436000003,1.045
postprocess_ms,bevfusion_2_7,319,1779961742862262130,31.770576133000002,0.8
postprocess_ms,bevfusion_2_7,320,1779961742950404297,31.858718300000003,0.873
postprocess_ms,bevfusion_2_7,321,1779961743076259278,31.984573281000003,3.724
postprocess_ms,bevfusion_2_7,322,1779961743160449319,32.068763322,0.965
postprocess_ms,bevfusion_2_7,323,1779961743264518102,32.172832105000005,0.769
postprocess_ms,bevfusion_2_7,324,1779961743356337630,32.264651633,1.102
postprocess_ms,bevfusion_2_7,325,1779961743443228908,32.351542911,1.192
postprocess_ms,bevfusion_2_7,326,1779961743575908733,32.484222736,1.804
postprocess_ms,bevfusion_2_7,327,1779961743658693005,32.567007008000004,2.439
postprocess_ms,bevfusion_2_7,328,1779961743766715351,32.675029354,0.761
postprocess_ms,bevfusion_2_7,329,1779961743874180775,32.782494778,2.666
postprocess_ms,bevfusion_2_7,330,1779961743978409152,32.886723155,5.139
postprocess_ms,bevfusion_2_7,331,1779961744060517651,32.968831654,1.022
postprocess_ms,bevfusion_2_7,332,1779961744152166537,33.06048054,1.304
postprocess_ms,bevfusion_2_7,333,1779961744284003133,33.192317136,5.518
postprocess_ms,bevfusion_2_7,334,1779961744366113842,33.274427845000005,0.916
postprocess_ms,bevfusion_2_7,335,1779961744448497430,33.356811433000004,1.202
postprocess_ms,bevfusion_2_7,336,1779961744579310110,33.487624113,4.494
postprocess_ms,bevfusion_2_7,337,1779961744669991907,33.578305910000005,1.082
postprocess_ms,bevfusion_2_7,338,1779961744758941684,33.667255687,3.146
postprocess_ms,bevfusion_2_7,339,1779961744860961644,33.769275647,1.93
postprocess_ms,bevfusion_2_7,340,1779961744970440118,33.878754121,2.705
postprocess_ms,bevfusion_2_7,341,1779961745053573225,33.961887228,3.012
postprocess_ms,bevfusion_2_7,342,1779961745154530981,34.062844984,0.956
postprocess_ms,bevfusion_2_7,343,1779961745253453808,34.161767811000004,1.562
postprocess_ms,bevfusion_2_7,344,1779961745361555127,34.269869130000004,1.109
postprocess_ms,bevfusion_2_7,345,1779961745475042727,34.38335673,4.879
postprocess_ms,bevfusion_2_7,346,1779961745587835669,34.496149672,2.308
postprocess_ms,bevfusion_2_7,347,1779961745673280136,34.581594139,0.78
postprocess_ms,bevfusion_2_7,348,1779961745810231997,34.718546,4.053
postprocess_ms,bevfusion_2_7,349,1779961745913914446,34.822228449,1.531
postprocess_ms,bevfusion_2_7,350,1779961745986578344,34.894892347,5.583
postprocess_ms,bevfusion_2_7,351,1779961746062728495,34.971042498,1.539
postprocess_ms,bevfusion_2_7,352,1779961746172513433,35.080827436,5.083
postprocess_ms,bevfusion_2_7,353,1779961746263651438,35.171965441000005,3.62
postprocess_ms,bevfusion_2_7,354,1779961746375890260,35.284204263,1.065
postprocess_ms,bevfusion_2_7,355,1779961746485170801,35.393484804,1.672
postprocess_ms,bevfusion_2_7,356,1779961746557814360,35.466128363,3.204
postprocess_ms,bevfusion_2_7,357,1779961746647208964,35.555522967,1.397
postprocess_ms,bevfusion_2_7,358,1779961746777785476,35.686099479,2.343
postprocess_ms,bevfusion_2_7,359,1779961746851522336,35.759836339,1.193
postprocess_ms,bevfusion_2_7,360,1779961746964263828,35.872577831,1.11
postprocess_ms,bevfusion_2_7,361,1779961747083705683,35.992019686,4.232
postprocess_ms,bevfusion_2_7,362,1779961747162863846,36.071177849,1.477
postprocess_ms,bevfusion_2_7,363,1779961747270893317,36.17920732,1.026
postprocess_ms,bevfusion_2_7,364,1779961747385600619,36.293914622,1.388
postprocess_ms,bevfusion_2_7,365,1779961747460547785,36.368861788000004,1.583
postprocess_ms,bevfusion_2_7,366,1779961747597729866,36.506043869,1.542
postprocess_ms,bevfusion_2_7,367,1779961747687264772,36.595578775,1.966
postprocess_ms,bevfusion_2_7,368,1779961747786738424,36.695052427,3.23
postprocess_ms,bevfusion_2_7,369,1779961747881514048,36.789828051,2.872
postprocess_ms,bevfusion_2_7,370,1779961747961542435,36.869856438,1.485
postprocess_ms,bevfusion_2_7,371,1779961748099322824,37.007636827,3.06
postprocess_ms,bevfusion_2_7,372,1779961748168489497,37.076803500000004,0.81
postprocess_ms,bevfusion_2_7,373,1779961748279452100,37.187766103,5.43
postprocess_ms,bevfusion_2_7,374,1779961748358902323,37.267216326,2.096
postprocess_ms,bevfusion_2_7,375,1779961748465249806,37.373563809000004,1.212
postprocess_ms,bevfusion_2_7,376,1779961748567265777,37.475579780000004,1.057
postprocess_ms,bevfusion_2_7,377,1779961748653356392,37.561670395,1.297
postprocess_ms,bevfusion_2_7,378,1779961748761447387,37.669761390000005,1.661
postprocess_ms,bevfusion_2_7,379,1779961748880159543,37.788473546000006,1.658
postprocess_ms,bevfusion_2_7,380,1779961748968114248,37.876428251,1.253
postprocess_ms,bevfusion_2_7,381,1779961749079181244,37.987495247000005,4.037
postprocess_ms,bevfusion_2_7,382,1779961749154643964,38.062957967,2.616
postprocess_ms,bevfusion_2_7,383,1779961749281457167,38.18977117,3.487
postprocess_ms,bevfusion_2_7,384,1779961749364946264,38.273260267000005,1.412
postprocess_ms,bevfusion_2_7,385,1779961749525542471,38.433856474,1.527
postprocess_ms,bevfusion_2_7,386,1779961749585636668,38.493950671,5.153
postprocess_ms,bevfusion_2_7,387,1779961749692138727,38.60045273,2.185
postprocess_ms,bevfusion_2_7,388,1779961749786395306,38.694709309000004,5.739
postprocess_ms,bevfusion_2_7,389,1779961749888228198,38.796542201,1.081
postprocess_ms,bevfusion_2_7,390,1779961749975276893,38.883590896,1.173
postprocess_ms,bevfusion_2_7,391,1779961750070924506,38.979238509000005,2.557
postprocess_ms,bevfusion_2_7,392,1779961750151723644,39.060037647,2.702
postprocess_ms,bevfusion_2_7,393,1779961750247577050,39.155891053000005,1.052
postprocess_ms,bevfusion_2_7,394,1779961750347156905,39.255470908,0.841
postprocess_ms,bevfusion_2_7,395,1779961750492100786,39.400414789,7.122
postprocess_ms,bevfusion_2_7,396,1779961750571358578,39.479672581,2.411
postprocess_ms,bevfusion_2_7,397,1779961750684416014,39.592730017,5.991
postprocess_ms,bevfusion_2_7,398,1779961750759894097,39.6682081,1.208
postprocess_ms,bevfusion_2_7,399,1779961750851511762,39.759825765,0.979
postprocess_ms,bevfusion_2_7,400,1779961750966739666,39.875053669,0.706
postprocess_ms,bevfusion_2_7,401,1779961751064664803,39.972978806,0.682
postprocess_ms,bevfusion_2_7,402,1779961751158390782,40.066704785000006,2.69
postprocess_ms,bevfusion_2_7,403,1779961751266838532,40.175152535,2.072
postprocess_ms,bevfusion_2_7,404,1779961751352237219,40.260551222000004,1.245
postprocess_ms,bevfusion_2_7,405,1779961751464432681,40.372746684,0.685
postprocess_ms,bevfusion_2_7,406,1779961751554242906,40.462556909,1.231
postprocess_ms,bevfusion_2_7,407,1779961751659147773,40.567461776,1.281
postprocess_ms,bevfusion_2_7,408,1779961751777190692,40.685504695000006,0.743
postprocess_ms,bevfusion_2_7,409,1779961751860626742,40.768940745,1.206
postprocess_ms,bevfusion_2_7,410,1779961751974486889,40.882800892000006,3.681
postprocess_ms,bevfusion_2_7,411,1779961752054276000,40.962590003,2.432
postprocess_ms,bevfusion_2_7,412,1779961752148607204,41.056921207,1.164
postprocess_ms,bevfusion_2_7,413,1779961752265576784,41.173890787000005,0.861
postprocess_ms,bevfusion_2_7,414,1779961752372763184,41.281077187,1.511
postprocess_ms,bevfusion_2_7,415,1779961752504517453,41.412831456,4.086
postprocess_ms,bevfusion_2_7,416,1779961752567793912,41.476107915,0.653
postprocess_ms,bevfusion_2_7,417,1779961752650866302,41.559180305000005,1.789
postprocess_ms,bevfusion_2_7,418,1779961752760658210,41.668972213,1.202
postprocess_ms,bevfusion_2_7,419,1779961752876731842,41.785045845,2.664
postprocess_ms,bevfusion_2_7,420,1779961752976455128,41.884769131000006,2.011
postprocess_ms,bevfusion_2_7,421,1779961753050284660,41.958598663000004,1.165
postprocess_ms,bevfusion_2_7,422,1779961753165577567,42.07389157,0.698
postprocess_ms,bevfusion_2_7,423,1779961753271669535,42.179983538,14.722
postprocess_ms,bevfusion_2_7,424,1779961753364425071,42.272739074,1.21
postprocess_ms,bevfusion_2_7,425,1779961753468923580,42.377237583,0.905
postprocess_ms,bevfusion_2_7,426,1779961753565903083,42.474217086,1.706
postprocess_ms,bevfusion_2_7,427,1779961753673008143,42.581322146000005,1.753
postprocess_ms,bevfusion_2_7,428,1779961753824288585,42.732602588000006,17.794
postprocess_ms,bevfusion_2_7,429,1779961753889862993,42.798176996,3.134
postprocess_ms,bevfusion_2_7,430,1779961753985227912,42.893541915,5.601
postprocess_ms,bevfusion_2_7,431,1779961754072897560,42.981211563,0.955
postprocess_ms,bevfusion_2_7,432,1779961754162292725,43.070606728,1.739
postprocess_ms,bevfusion_2_7,433,1779961754262624857,43.17093886,0.676
postprocess_ms,bevfusion_2_7,434,1779961754389198345,43.297512348000005,6.187
postprocess_ms,bevfusion_2_7,435,1779961754454051968,43.362365971,2.421
postprocess_ms,bevfusion_2_7,436,1779961754570369514,43.478683517,2.385
postprocess_ms,bevfusion_2_7,437,1779961754660606741,43.568920744,0.715
postprocess_ms,bevfusion_2_7,438,1779961754777272302,43.685586305,4.38
postprocess_ms,bevfusion_2_7,439,1779961754851271449,43.759585452,1.768
postprocess_ms,bevfusion_2_7,440,1779961754975076994,43.883390997,3.86
postprocess_ms,bevfusion_2_7,441,1779961755078906149,43.987220152000006,2.098
postprocess_ms,bevfusion_2_7,442,1779961755185459963,44.093773966,2.92
postprocess_ms,bevfusion_2_7,443,1779961755273064390,44.181378393,3.191
postprocess_ms,bevfusion_2_7,444,1779961755375880908,44.284194911,2.986
postprocess_ms,bevfusion_2_7,445,1779961755450382874,44.358696877,1.046
postprocess_ms,bevfusion_2_7,446,1779961755564779463,44.473093466,0.983
postprocess_ms,bevfusion_2_7,447,1779961755644818412,44.553132415,0.843
postprocess_ms,bevfusion_2_7,448,1779961755777108635,44.685422638000006,4.011
postprocess_ms,bevfusion_2_7,449,1779961755886692438,44.795006441000005,3.521
postprocess_ms,bevfusion_2_7,450,1779961755957476883,44.865790886000006,2.045
postprocess_ms,bevfusion_2_7,451,1779961756070099377,44.978413380000006,1.131
postprocess_ms,bevfusion_2_7,452,1779961756168700708,45.077014711000004,2.19
postprocess_ms,bevfusion_2_7,453,1779961756270758798,45.179072801000004,1.173
postprocess_ms,bevfusion_2_7,454,1779961756365326000,45.273640003000004,1.033
postprocess_ms,bevfusion_2_7,455,1779961756462920905,45.371234908000005,1.786
postprocess_ms,bevfusion_2_7,456,1779961756584276917,45.492590920000005,1.527
postprocess_ms,bevfusion_2_7,457,1779961756665458867,45.573772870000006,0.847
postprocess_ms,bevfusion_2_7,458,1779961756779339226,45.687653229000006,2.286
postprocess_ms,bevfusion_2_7,459,1779961756861732484,45.770046487,0.756
postprocess_ms,bevfusion_2_7,460,1779961756954883302,45.863197305,1.128
postprocess_ms,bevfusion_2_7,461,1779961757077916264,45.986230267,2.217
postprocess_ms,bevfusion_2_7,462,1779961757162641498,46.070955501,2.948
postprocess_ms,bevfusion_2_7,463,1779961757247397794,46.155711797,0.878
postprocess_ms,bevfusion_2_7,464,1779961757352589730,46.260903733000006,2.329
postprocess_ms,bevfusion_2_7,465,1779961757451444739,46.359758742000004,1.075
postprocess_ms,bevfusion_2_7,466,1779961757560401685,46.468715688,1.175
postprocess_ms,bevfusion_2_7,467,1779961757670468043,46.578782046,1.624
postprocess_ms,bevfusion_2_7,468,1779961757754210572,46.662524575000006,0.901
postprocess_ms,bevfusion_2_7,469,1779961757851057473,46.759371476000005,1.087
postprocess_ms,bevfusion_2_7,470,1779961757966705891,46.875019894000005,0.969
postprocess_ms,bevfusion_2_7,471,1779961758049695732,46.958009735000005,1.059
postprocess_ms,bevfusion_2_7,472,1779961758185985336,47.094299339,5.819
postprocess_ms,bevfusion_2_7,473,1779961758273820668,47.182134671,0.714
postprocess_ms,bevfusion_2_7,474,1779961758404654646,47.312968649000005,1.705
postprocess_ms,bevfusion_2_7,475,1779961758495129835,47.403443838,3.757
postprocess_ms,bevfusion_2_7,476,1779961758591225495,47.499539498000004,1.833
postprocess_ms,bevfusion_2_7,477,1779961758658731458,47.567045461000006,1.888
postprocess_ms,bevfusion_2_7,478,1779961758758140879,47.666454882000004,1.707
postprocess_ms,bevfusion_2_7,479,1779961758858860537,47.767174540000006,0.889
postprocess_ms,bevfusion_2_7,480,1779961758973396270,47.881710273,2.587
postprocess_ms,bevfusion_2_7,481,1779961759042503250,47.950817253000004,0.732
postprocess_ms,bevfusion_2_7,482,1779961759166388214,48.074702217,0.681
postprocess_ms,bevfusion_2_7,483,1779961759250283503,48.158597506,1.825
postprocess_ms,bevfusion_2_7,484,1779961759392178755,48.300492758000004,4.447
postprocess_ms,bevfusion_2_7,485,1779961759446576803,48.354890806,1.143
postprocess_ms,bevfusion_2_7,486,1779961759562721424,48.471035427000004,1.848
postprocess_ms,bevfusion_2_7,487,1779961759661057969,48.569371972000006,3.506
postprocess_ms,bevfusion_2_7,488,1779961759790352913,48.698666916,5.855
postprocess_ms,bevfusion_2_7,489,1779961759904078094,48.812392097,1.382
postprocess_ms,bevfusion_2_7,490,1779961759969002373,48.877316376,0.691
postprocess_ms,bevfusion_2_7,491,1779961760083654369,48.991968372,4.957
postprocess_ms,bevfusion_2_7,492,1779961760197703398,49.106017401,3.209
postprocess_ms,bevfusion_2_7,493,1779961760260610911,49.168924914,1.127
postprocess_ms,bevfusion_2_7,494,1779961760400394341,49.308708344,2.52
postprocess_ms,bevfusion_2_7,495,1779961760453912097,49.3622261,1.128
postprocess_ms,bevfusion_2_7,496,1779961760601143191,49.50945719400001,2.057
postprocess_ms,bevfusion_2_7,497,1779961760656123705,49.564437708,1.267
postprocess_ms,bevfusion_2_7,498,1779961760763186432,49.671500435000006,2.52
postprocess_ms,bevfusion_2_7,499,1779961760868305496,49.776619499000006,1.891
postprocess_ms,bevfusion_2_7,500,1779961760948009852,49.85632385500001,1.227
postprocess_ms,bevfusion_2_7,501,1779961761064277962,49.97259196500001,1.4
postprocess_ms,bevfusion_2_7,502,1779961761163693573,50.072007576000004,0.931
postprocess_ms,bevfusion_2_7,503,1779961761250279269,50.158593272000005,1.868
postprocess_ms,bevfusion_2_7,504,1779961761353663251,50.261977254,0.602
postprocess_ms,bevfusion_2_7,505,1779961761464616544,50.372930547,1.407
postprocess_ms,bevfusion_2_7,506,1779961761555590905,50.463904908,1.747
postprocess_ms,bevfusion_2_7,507,1779961761663027749,50.571341752,2.466
postprocess_ms,bevfusion_2_7,508,1779961761748026339,50.656340342,1.475
postprocess_ms,bevfusion_2_7,509,1779961761867416457,50.775730460000005,1.147
postprocess_ms,bevfusion_2_7,510,1779961761964557430,50.872871433,0.886
postprocess_ms,bevfusion_2_7,511,1779961762094197525,51.00251152800001,1.157
postprocess_ms,bevfusion_2_7,512,1779961762167458250,51.075772253000004,0.872
postprocess_ms,bevfusion_2_7,513,1779961762262523010,51.170837013,0.836
postprocess_ms,bevfusion_2_7,514,1779961762359961047,51.26827505,3.3
postprocess_ms,bevfusion_2_7,515,1779961762448600982,51.356914985,1.117
postprocess_ms,bevfusion_2_7,516,1779961762554228152,51.462542155,2.33
postprocess_ms,bevfusion_2_7,517,1779961762651912332,51.560226335,1.18
postprocess_ms,bevfusion_2_7,518,1779961762754491793,51.662805796,3.137
postprocess_ms,bevfusion_2_7,519,1779961762865030795,51.773344798000004,0.731
postprocess_ms,bevfusion_2_7,520,1779961762959654385,51.867968388,0.911
postprocess_ms,bevfusion_2_7,521,1779961763067040731,51.975354734,1.009
postprocess_ms,bevfusion_2_7,522,1779961763173437324,52.081751327000006,1.404
postprocess_ms,bevfusion_2_7,523,1779961763246035426,52.154349429,1.468
postprocess_ms,bevfusion_2_7,524,1779961763384685666,52.292999669000004,5.403
postprocess_ms,bevfusion_2_7,525,1779961763454300979,52.362614982000004,1.731
postprocess_ms,bevfusion_2_7,526,1779961763565396328,52.47371033100001,0.954
postprocess_ms,bevfusion_2_7,527,1779961763648962245,52.557276248,2.134
postprocess_ms,bevfusion_2_7,528,1779961763799460184,52.707774187000005,3.722
postprocess_ms,bevfusion_2_7,529,1779961763854251140,52.762565143,1.158
postprocess_ms,bevfusion_2_7,530,1779961763949051094,52.857365097000006,1.392
postprocess_ms,bevfusion_2_7,531,1779961764055644991,52.963958994,1.189
postprocess_ms,bevfusion_2_7,532,1779961764153951565,53.062265568,0.693
postprocess_ms,bevfusion_2_7,533,1779961764263919545,53.172233548,0.792
postprocess_ms,bevfusion_2_7,534,1779961764341405169,53.249719172000006,0.902
postprocess_ms,bevfusion_2_7,535,1779961764473618368,53.381932371000005,1.933
postprocess_ms,bevfusion_2_7,536,1779961764562377521,53.470691524,1.195
postprocess_ms,bevfusion_2_7,537,1779961764685626319,53.593940322,0.772
postprocess_ms,bevfusion_2_7,538,1779961764808976421,53.717290424000005,1.484
postprocess_ms,bevfusion_2_7,539,1779961764851572643,53.759886646000005,1.089
postprocess_ms,bevfusion_2_7,540,1779961764942503376,53.850817379000006,1.465
postprocess_ms,bevfusion_2_7,541,1779961765052698427,53.961012430000004,1.65
postprocess_ms,bevfusion_2_7,542,1779961765205806058,54.114120061,31.36
postprocess_ms,bevfusion_2_7,543,1779961765269051882,54.177365885,0.697
postprocess_ms,bevfusion_2_7,544,1779961765374183625,54.282497628,0.829
postprocess_ms,bevfusion_2_7,545,1779961765500241996,54.408555999,1.176
postprocess_ms,bevfusion_2_7,546,1779961765551659816,54.459973819000005,1.467
postprocess_ms,bevfusion_2_7,547,1779961765658814690,54.567128693,1.566
postprocess_ms,bevfusion_2_7,548,1779961765753192841,54.661506844,1.876
postprocess_ms,bevfusion_2_7,549,1779961765850422083,54.758736086000006,1.231
postprocess_ms,bevfusion_2_7,550,1779961765950846672,54.859160675000005,0.852
postprocess_ms,bevfusion_2_7,551,1779961766075476963,54.983790966,0.898
postprocess_ms,bevfusion_2_7,552,1779961766151798684,55.060112687,1.038
postprocess_ms,bevfusion_2_7,553,1779961766258377461,55.166691464,1.136
postprocess_ms,bevfusion_2_7,554,1779961766383115424,55.291429427000004,3.633
postprocess_ms,bevfusion_2_7,555,1779961766444068132,55.352382135000006,0.869
postprocess_ms,bevfusion_2_7,556,1779961766562298944,55.470612947000006,4.204
postprocess_ms,bevfusion_2_7,557,1779961766655082060,55.563396063000006,1.036
postprocess_ms,bevfusion_2_7,558,1779961766749412137,55.65772614,3.251
postprocess_ms,bevfusion_2_7,559,1779961766858337195,55.766651198000005,1.764
postprocess_ms,bevfusion_2_7,560,1779961766978029176,55.886343179,3.771
postprocess_ms,bevfusion_2_7,561,1779961767068331832,55.97664583500001,0.883
postprocess_ms,bevfusion_2_7,562,1779961767153592514,56.061906517000004,1.593
postprocess_ms,bevfusion_2_7,563,1779961767243082558,56.151396561000006,1.358
postprocess_ms,bevfusion_2_7,564,1779961767346190371,56.25450437400001,1.04
postprocess_ms,bevfusion_2_7,565,1779961767454104769,56.362418772000005,2.537
postprocess_ms,bevfusion_2_7,566,1779961767558586032,56.466900035,1.591
postprocess_ms,bevfusion_2_7,567,1779961767653102156,56.561416159000004,0.711
postprocess_ms,bevfusion_2_7,568,1779961767746202361,56.654516364,1.452
postprocess_ms,bevfusion_2_7,569,1779961767860344356,56.76865835900001,1.078
postprocess_ms,bevfusion_2_7,570,1779961767984630193,56.892944196,1.877
postprocess_ms,bevfusion_2_7,571,1779961768054412616,56.962726619,1.052
postprocess_ms,bevfusion_2_7,572,1779961768163132569,57.071446572000006,3.66
postprocess_ms,bevfusion_2_7,573,1779961768278715842,57.187029845000005,0.846
postprocess_ms,bevfusion_2_7,574,1779961768352949040,57.26126304300001,1.301
postprocess_ms,bevfusion_2_7,575,1779961768456548423,57.364862426,0.766
postprocess_ms,bevfusion_2_7,576,1779961768559001534,57.467315537000005,1.32
postprocess_ms,bevfusion_2_7,577,1779961768667859114,57.576173117,1.473
postprocess_ms,bevfusion_2_7,578,1779961768761750149,57.670064152,0.643
postprocess_ms,bevfusion_2_7,579,1779961768905726800,57.814040803000005,1.327
postprocess_ms,bevfusion_2_7,580,1779961768953588063,57.861902066000006,1.215
postprocess_ms,bevfusion_2_7,581,1779961769053503739,57.961817742,0.992
postprocess_ms,bevfusion_2_7,582,1779961769203527924,58.111841927,14.366
postprocess_ms,bevfusion_2_7,583,1779961769249843782,58.158157785,0.997
postprocess_ms,bevfusion_2_7,584,1779961769383976226,58.292290229,5.201
postprocess_ms,bevfusion_2_7,585,1779961769453707895,58.362021898,1.858
postprocess_ms,bevfusion_2_7,586,1779961769613742743,58.522056746000004,3.175
postprocess_ms,bevfusion_2_7,587,1779961769650495259,58.558809262000004,0.963
postprocess_ms,bevfusion_2_7,588,1779961769751493145,58.659807148000006,0.909
postprocess_ms,bevfusion_2_7,589,1779961769876149889,58.784463892000005,3.323
postprocess_ms,bevfusion_2_7,590,1779961769950948273,58.859262276,0.645
postprocess_ms,bevfusion_2_7,591,1779961770060596421,58.968910424,0.953
postprocess_ms,bevfusion_2_7,592,1779961770152006265,59.060320268000005,1.108
postprocess_ms,bevfusion_2_7,593,1779961770250529347,59.158843350000005,1.135
postprocess_ms,bevfusion_2_7,594,1779961770366516736,59.274830739,1.03
postprocess_ms,bevfusion_2_7,595,1779961770470563593,59.378877596,0.832
postprocess_ms,bevfusion_2_7,596,1779961770555973459,59.464287462,0.76
postprocess_ms,bevfusion_2_7,597,1779961770646952800,59.555266803,0.745
postprocess_ms,bevfusion_2_7_slow,0,1779956296019761209,0.0,8.184
postprocess_ms,bevfusion_2_7_slow,1,1779956296965634728,0.945873519,1.822
postprocess_ms,bevfusion_2_7_slow,2,1779956297954079702,1.9343184930000001,0.785
postprocess_ms,bevfusion_2_7_slow,3,1779956298938415495,2.918654286,2.167
postprocess_ms,bevfusion_2_7_slow,4,1779956299931855545,3.9120943360000004,1.448
postprocess_ms,bevfusion_2_7_slow,5,1779956300935200573,4.915439364,0.85
postprocess_ms,bevfusion_2_7_slow,6,1779956301931077944,5.911316735000001,0.928
postprocess_ms,bevfusion_2_7_slow,7,1779956302943780187,6.924018978,0.978
postprocess_ms,bevfusion_2_7_slow,8,1779956303973436505,7.953675296,1.024
postprocess_ms,bevfusion_2_7_slow,9,1779956304929711950,8.909950741000001,1.358
postprocess_ms,bevfusion_2_7_slow,10,1779956305959820947,9.940059738,1.58
postprocess_ms,bevfusion_2_7_slow,11,1779956306962160427,10.942399218,1.847
postprocess_ms,bevfusion_2_7_slow,12,1779956307939652593,11.919891384000001,1.278
postprocess_ms,bevfusion_2_7_slow,13,1779956308944304871,12.924543662000001,0.728
postprocess_ms,bevfusion_2_7_slow,14,1779956309933691948,13.913930739000001,1.342
postprocess_ms,bevfusion_2_7_slow,15,1779956310933908981,14.914147772000002,1.249
postprocess_ms,bevfusion_2_7_slow,16,1779956311947044646,15.927283437000002,0.889
postprocess_ms,bevfusion_2_7_slow,17,1779956312933950100,16.914188891000002,0.602
postprocess_ms,bevfusion_2_7_slow,18,1779956313961531276,17.941770067,1.57
postprocess_ms,bevfusion_2_7_slow,19,1779956314977364314,18.957603105,0.866
postprocess_ms,bevfusion_2_7_slow,20,1779956315971332703,19.951571494,1.438
postprocess_ms,bevfusion_2_7_slow,21,1779956316951809351,20.932048142000003,0.616
postprocess_ms,bevfusion_2_7_slow,22,1779956317975167057,21.955405848,1.061
postprocess_ms,bevfusion_2_7_slow,23,1779956318976742430,22.956981221000003,1.767
postprocess_ms,bevfusion_2_7_slow,24,1779956319940103345,23.920342136000002,1.044
postprocess_ms,bevfusion_2_7_slow,25,1779956320951305078,24.931543869000002,0.968
postprocess_ms,bevfusion_2_7_slow,26,1779956321977083751,25.957322542,1.075
postprocess_ms,bevfusion_2_7_slow,27,1779956322971889737,26.952128528000003,1.728
postprocess_ms,bevfusion_2_7_slow,28,1779956323943648465,27.923887256,0.66
postprocess_ms,bevfusion_2_7_slow,29,1779956324949177716,28.929416507000003,1.124
postprocess_ms,bevfusion_2_7_slow,30,1779956325947864126,29.928102917,0.638
postprocess_ms,bevfusion_2_7_slow,31,1779956326940757567,30.920996358000004,0.91
postprocess_ms,bevfusion_2_7_slow,32,1779956327933206187,31.913444978,2.116
postprocess_ms,bevfusion_2_7_slow,33,1779956328944725748,32.924964539,1.402
postprocess_ms,bevfusion_2_7_slow,34,1779956329933358377,33.913597168,1.738
postprocess_ms,bevfusion_2_7_slow,35,1779956330938878258,34.919117049,1.062
postprocess_ms,bevfusion_2_7_slow,36,1779956331976700841,35.956939632,1.097
postprocess_ms,bevfusion_2_7_slow,37,1779956332939305099,36.91954389,0.964
postprocess_ms,bevfusion_2_7_slow,38,1779956333973309951,37.953548742,1.094
postprocess_ms,bevfusion_2_7_slow,39,1779956334971848424,38.952087215000006,1.26
postprocess_ms,bevfusion_2_7_slow,40,1779956335940577397,39.920816188,2.22
postprocess_ms,bevfusion_2_7_slow,41,1779956336938320490,40.918559281,0.665
postprocess_ms,bevfusion_2_7_slow,42,1779956337957108401,41.937347192000004,1.489
postprocess_ms,bevfusion_2_7_slow,43,1779956338957217399,42.937456190000006,1.79
postprocess_ms,bevfusion_2_7_slow,44,1779956339934044727,43.914283518000005,0.779
postprocess_ms,bevfusion_2_7_slow,45,1779956340948408909,44.928647700000006,0.884
postprocess_ms,bevfusion_2_7_slow,46,1779956341971167325,45.951406116,1.191
postprocess_ms,bevfusion_2_7_slow,47,1779956342956388752,46.936627543,1.741
postprocess_ms,bevfusion_2_7_slow,48,1779956343933817595,47.914056386000006,0.579
postprocess_ms,bevfusion_2_7_slow,49,1779956344948220860,48.928459651000004,1.83
postprocess_ms,bevfusion_2_7_slow,50,1779956345945631478,49.925870269,0.553
postprocess_ms,bevfusion_2_7_slow,51,1779956346960888546,50.941127337000005,4.352
postprocess_ms,bevfusion_2_7_slow,52,1779956347938245459,51.918484250000006,1.527
postprocess_ms,bevfusion_2_7_slow,53,1779956348930830029,52.911068820000004,0.637
postprocess_ms,bevfusion_2_7_slow,54,1779956349941914021,53.922152812,3.789
postprocess_ms,bevfusion_2_7_slow,55,1779956350943006164,54.923244955,1.466
postprocess_ms,bevfusion_2_7_slow,56,1779956351973530722,55.953769513000005,1.176
postprocess_ms,bevfusion_2_7_slow,57,1779956352963488185,56.943726976,1.315
postprocess_ms,bevfusion_2_7_slow,58,1779956353942074566,57.922313357,0.746
postprocess_ms,bevfusion_2_7_slow,59,1779956354984737733,58.964976524,0.579
postprocess_ms,bevfusion_2_7_slow,60,1779956355940187142,59.920425933000004,0.945
postprocess_ms,bevfusion_2_7_slow,61,1779956356940342022,60.920580813,0.657
postprocess_ms,bevfusion_2_7_slow,62,1779956357966504630,61.946743421,0.627
postprocess_ms,bevfusion_2_7_slow,63,1779956358930538215,62.910777006000004,0.769
postprocess_ms,bevfusion_2_7_slow,64,1779956359947796541,63.92803533200001,1.473
postprocess_ms,bevfusion_2_7_slow,65,1779956360960435431,64.940674222,0.874
postprocess_ms,bevfusion_2_7_slow,66,1779956361935934997,65.91617378800001,1.133
postprocess_ms,bevfusion_2_7_slow,67,1779956362938042907,66.918281698,1.27
postprocess_ms,bevfusion_2_7_slow,68,1779956363943850366,67.924089157,0.958
postprocess_ms,bevfusion_2_7_slow,69,1779956364955193021,68.935431812,1.046
postprocess_ms,bevfusion_2_7_slow,70,1779956365954215107,69.934453898,0.922
postprocess_ms,bevfusion_2_7_slow,71,1779956366976678335,70.95691712600001,1.183
postprocess_ms,bevfusion_2_7_slow,72,1779956367941301326,71.921540117,1.526
postprocess_ms,bevfusion_2_7_slow,73,1779956368941281811,72.921520602,0.851
postprocess_ms,bevfusion_2_7_slow,74,1779956369990316026,73.97055481700001,0.738
postprocess_ms,bevfusion_2_7_slow,75,1779956370938853357,74.919092148,1.381
postprocess_ms,bevfusion_2_7_slow,76,1779956371940118887,75.920357678,0.725
postprocess_ms,bevfusion_2_7_slow,77,1779956372969371842,76.949610633,1.33
postprocess_ms,bevfusion_2_7_slow,78,1779956373951869241,77.932108032,0.569
postprocess_ms,bevfusion_2_7_slow,79,1779956374940296196,78.92053498700001,0.738
postprocess_ms,bevfusion_2_7_slow,80,1779956375932724925,79.91296371600001,0.553
postprocess_ms,bevfusion_2_7_slow,81,1779956376939897123,80.920135914,1.165
postprocess_ms,bevfusion_2_7_slow,82,1779956377966526185,81.94676497600001,0.806
postprocess_ms,bevfusion_2_7_slow,83,1779956378933229338,82.91346812900001,1.037
postprocess_ms,bevfusion_2_7_slow,84,1779956379922674742,83.902913533,0.658
postprocess_ms,bevfusion_2_7_slow,85,1779956380954001872,84.93424066300001,0.855
postprocess_ms,bevfusion_2_7_slow,86,1779956381953431260,85.93367005100001,0.984
postprocess_ms,bevfusion_2_7_slow,87,1779956382936871088,86.91710987900001,0.605
postprocess_ms,bevfusion_2_7_slow,88,1779956383950999324,87.931238115,1.067
postprocess_ms,bevfusion_2_7_slow,89,1779956384933172119,88.91341091000001,1.081
postprocess_ms,bevfusion_2_7_slow,90,1779956385972063913,89.952302704,1.79
postprocess_ms,bevfusion_2_7_slow,91,1779956386938036443,90.918275234,1.427
postprocess_ms,bevfusion_2_7_slow,92,1779956387946812323,91.92705111400001,1.024
postprocess_ms,bevfusion_2_7_slow,93,1779956388969605821,92.949844612,0.888
postprocess_ms,bevfusion_2_7_slow,94,1779956389969038148,93.949276939,1.122
postprocess_ms,bevfusion_2_7_slow,95,1779956390960985004,94.941223795,1.325
postprocess_ms,bevfusion_2_7_slow,96,1779956391938710548,95.91894933900001,1.779
postprocess_ms,bevfusion_2_7_slow,97,1779956392928858048,96.909096839,1.287
postprocess_ms,bevfusion_2_7_slow,98,1779956393974461499,97.95470029,0.714
postprocess_ms,bevfusion_2_7_slow,99,1779956394961475198,98.94171398900001,0.75
postprocess_ms,bevfusion_2_7_slow,100,1779956395941702706,99.921941497,0.904
postprocess_ms,bevfusion_2_7_slow,101,1779956396936488385,100.91672717600001,1.055
postprocess_ms,bevfusion_2_7_slow,102,1779956397934425597,101.914664388,0.862
postprocess_ms,bevfusion_2_7_slow,103,1779956398935667658,102.915906449,3.96
postprocess_ms,bevfusion_2_7_slow,104,1779956399949496242,103.929735033,0.724
postprocess_ms,bevfusion_2_7_slow,105,1779956400957346686,104.93758547700001,0.993
postprocess_ms,bevfusion_2_7_slow,106,1779956401956613128,105.936851919,0.576
postprocess_ms,bevfusion_2_7_slow,107,1779956402939034307,106.919273098,0.724
postprocess_ms,bevfusion_2_7_slow,108,1779956403932440049,107.91267884000001,1.025
postprocess_ms,bevfusion_2_7_slow,109,1779956404979946942,108.960185733,0.879
postprocess_ms,bevfusion_2_7_slow,110,1779956405968209920,109.94844871100001,1.51
postprocess_ms,bevfusion_2_7_slow,111,1779956406933580820,110.91381961100001,0.625
postprocess_ms,bevfusion_2_7_slow,112,1779956407935767113,111.916005904,0.97
postprocess_ms,bevfusion_2_7_slow,113,1779956408944058737,112.92429752800001,2.214
postprocess_ms,bevfusion_2_7_slow,114,1779956409944805880,113.92504467100001,0.567
postprocess_ms,bevfusion_2_7_slow,115,1779956410951899461,114.932138252,1.593
postprocess_ms,bevfusion_2_7_slow,116,1779956411927787739,115.90802653,0.968
postprocess_ms,bevfusion_2_7_slow,117,1779956412929407693,116.909646484,0.886
postprocess_ms,bevfusion_2_7_slow,118,1779956413955009157,117.93524794800001,0.845
postprocess_ms,bevfusion_2_7_slow,119,1779956414933046108,118.913284899,0.542
postprocess_ms,bevfusion_2_7_slow,120,1779956415923157114,119.90339590500001,0.819
postprocess_ms,bevfusion_2_7_slow,121,1779956416947880306,120.928119097,0.947
postprocess_ms,bevfusion_2_7_slow,122,1779956417939115650,121.91935444100001,1.005
postprocess_ms,bevfusion_2_7_slow,123,1779956418952610370,122.93284916100001,1.133
postprocess_ms,bevfusion_2_7_slow,124,1779956419950992430,123.931231221,0.57
postprocess_ms,bevfusion_2_7_slow,125,1779956420935798260,124.916037051,0.79
postprocess_ms,bevfusion_2_7_slow,126,1779956421945972454,125.926211245,1.296
postprocess_ms,bevfusion_2_7_slow,127,1779956422935070633,126.91530942400001,0.632
postprocess_ms,bevfusion_2_7_slow,128,1779956423941174866,127.921413657,0.628
postprocess_ms,bevfusion_2_7_slow,129,1779956424924704244,128.904943035,1.458
postprocess_ms,bevfusion_2_7_slow,130,1779956425940966170,129.921204961,0.81
postprocess_ms,bevfusion_2_7_slow,131,1779956426959573655,130.93981244600002,1.009
postprocess_ms,bevfusion_2_7_slow,132,1779956427954157980,131.934396771,0.818
postprocess_ms,bevfusion_2_7_slow,133,1779956428938480023,132.91871881400002,1.908
postprocess_ms,bevfusion_2_7_slow,134,1779956429933037263,133.91327605400002,3.615
postprocess_ms,bevfusion_2_7_slow,135,1779956430980807752,134.961046543,2.259
postprocess_ms,bevfusion_2_7_slow,136,1779956431942230062,135.922468853,0.817
postprocess_ms,bevfusion_2_7_slow,137,1779956432963644978,136.943883769,0.852
postprocess_ms,bevfusion_2_7_slow,138,1779956433936185166,137.916423957,0.816
postprocess_ms,bevfusion_2_7_slow,139,1779956434974379067,138.954617858,1.528
postprocess_ms,bevfusion_2_7_slow,140,1779956435954727945,139.934966736,1.016
postprocess_ms,bevfusion_2_7_slow,141,1779956436969214442,140.949453233,0.687
postprocess_ms,bevfusion_2_7_slow,142,1779956437928234423,141.908473214,0.608
postprocess_ms,bevfusion_2_7_slow,143,1779956438977017100,142.95725589100002,0.884
postprocess_ms,bevfusion_2_7_slow,144,1779956439953396812,143.933635603,0.571
postprocess_ms,bevfusion_2_7_slow,145,1779956440939813686,144.920052477,1.346
postprocess_ms,bevfusion_2_7_slow,146,1779956441952557598,145.932796389,0.833
postprocess_ms,bevfusion_2_7_slow,147,1779956442940880948,146.921119739,0.68
postprocess_ms,bevfusion_2_7_slow,148,1779956443930683037,147.910921828,0.581
postprocess_ms,bevfusion_2_7_slow,149,1779956444939142007,148.91938079800002,3.47
postprocess_ms,bevfusion_2_7_slow,150,1779956445941283441,149.921522232,0.879
postprocess_ms,bevfusion_2_7_slow,151,1779956446934917790,150.91515658100002,0.953
postprocess_ms,bevfusion_2_7_slow,152,1779956447941315561,151.92155435200002,2.83
postprocess_ms,bevfusion_2_7_slow,153,1779956448945131230,152.92537002100002,1.348
postprocess_ms,bevfusion_2_7_slow,154,1779956449964333201,153.94457199200002,1.541
postprocess_ms,bevfusion_2_7_slow,155,1779956450935939019,154.91617781000002,0.699
postprocess_ms,bevfusion_2_7_slow,156,1779956451951634967,155.93187375800002,0.605
postprocess_ms,bevfusion_2_7_slow,157,1779956452936865995,156.917104786,2.366
postprocess_ms,bevfusion_2_7_slow,158,1779956453930298044,157.91053683500002,0.578
postprocess_ms,bevfusion_2_7_slow,159,1779956454938088237,158.91832702800002,0.85
postprocess_ms,bevfusion_2_7_slow,160,1779956455959668548,159.939907339,1.145
postprocess_ms,bevfusion_2_7_slow,161,1779956456963914229,160.94415302000002,0.966
postprocess_ms,bevfusion_2_7_slow,162,1779956457957742060,161.93798085100002,0.866
postprocess_ms,bevfusion_2_7_slow,163,1779956458936429284,162.91666807500002,0.847
postprocess_ms,bevfusion_2_7_slow,164,1779956459940539598,163.92077838900002,1.014
postprocess_ms,bevfusion_2_7_slow,165,1779956460964233276,164.94447206700002,1.625
postprocess_ms,bevfusion_2_7_slow,166,1779956461938014321,165.918253112,0.612
postprocess_ms,bevfusion_2_7_slow,167,1779956462972134413,166.952373204,0.974
postprocess_ms,bevfusion_2_7_slow,168,1779956463953498960,167.93373775100002,0.813
postprocess_ms,bevfusion_2_7_slow,169,1779956464976329763,168.956568554,0.533
postprocess_ms,bevfusion_2_7_slow,170,1779956465938302788,169.91854157900002,0.636
postprocess_ms,bevfusion_2_7_slow,171,1779956466949178419,170.92941721,0.54
postprocess_ms,bevfusion_2_7_slow,172,1779956467953541699,171.93378049,0.493
postprocess_ms,bevfusion_2_7_slow,173,1779956468976642700,172.95688149100002,1.37
postprocess_ms,bevfusion_2_7_slow,174,1779956469941273620,173.921512411,0.851
postprocess_ms,bevfusion_2_7_slow,175,1779956470951548785,174.931787576,1.264
postprocess_ms,bevfusion_2_7_slow,176,1779956471949576724,175.929815515,0.618
postprocess_ms,bevfusion_2_7_slow,177,1779956472928681573,176.908920364,0.902
postprocess_ms,bevfusion_2_7_slow,178,1779956473940522060,177.920760851,1.433
postprocess_ms,bevfusion_2_7_slow,179,1779956474972300957,178.95253974800002,0.653
postprocess_ms,bevfusion_2_7_slow,180,1779956475941900951,179.922139742,0.643
postprocess_ms,bevfusion_2_7_slow,181,1779956476954760680,180.934999471,0.899
postprocess_ms,bevfusion_2_7_slow,182,1779956477931944424,181.912183215,0.599
postprocess_ms,bevfusion_2_7_slow,183,1779956478942057421,182.92229621200002,1.224
postprocess_ms,bevfusion_2_7_slow,184,1779956479953083974,183.933322765,0.962
postprocess_ms,bevfusion_2_7_slow,185,1779956480925536566,184.905775357,0.606
postprocess_ms,bevfusion_2_7_slow,186,1779956481968275279,185.94851407000002,1.107
postprocess_ms,bevfusion_2_7_slow,187,1779956482942401882,186.92264067300002,0.932
postprocess_ms,bevfusion_2_7_slow,188,1779956483942973968,187.92321275900002,0.975
postprocess_ms,bevfusion_2_7_slow,189,1779956484946927797,188.927166588,0.59
postprocess_ms,bevfusion_2_7_slow,190,1779956485950407576,189.930646367,0.585
postprocess_ms,bevfusion_2_7_slow,191,1779956486945100546,190.92533933700003,1.033
postprocess_ms,bevfusion_2_7_slow,192,1779956487932014378,191.91225316900002,0.653
postprocess_ms,bevfusion_2_7_slow,193,1779956488944591063,192.92482985400002,0.87
postprocess_ms,bevfusion_2_7_slow,194,1779956489939888629,193.92012742,1.299
postprocess_ms,bevfusion_2_7_slow,195,1779956490944474538,194.924713329,1.034
postprocess_ms,bevfusion_2_7_slow,196,1779956491954238328,195.934477119,0.929
postprocess_ms,bevfusion_2_7_slow,197,1779956492943946872,196.924185663,2.239
postprocess_ms,bevfusion_2_7_slow,198,1779956493935670208,197.915908999,0.928
postprocess_ms,bevfusion_2_7_slow,199,1779956494937272537,198.91751132800002,1.693
postprocess_ms,bevfusion_2_7_slow,200,1779956495935563077,199.91580186800002,1.133
postprocess_ms,bevfusion_2_7_slow,201,1779956496950836455,200.931075246,0.605
postprocess_ms,bevfusion_2_7_slow,202,1779956497939994339,201.92023313,1.784
postprocess_ms,bevfusion_2_7_slow,203,1779956498936253437,202.916492228,1.033
postprocess_ms,bevfusion_2_7_slow,204,1779956499967857625,203.948096416,0.914
postprocess_ms,bevfusion_2_7_slow,205,1779956500957508436,204.93774722700002,0.634
postprocess_ms,bevfusion_2_7_slow,206,1779956501933726338,205.91396512900002,0.532
postprocess_ms,bevfusion_2_7_slow,207,1779956502929931613,206.910170404,1.228
postprocess_ms,bevfusion_2_7_slow,208,1779956503972106571,207.95234536200002,0.649
postprocess_ms,bevfusion_2_7_slow,209,1779956504942840804,208.92307959500002,0.593
postprocess_ms,bevfusion_2_7_slow,210,1779956505965228656,209.94546744700003,1.39
postprocess_ms,bevfusion_2_7_slow,211,1779956506946477247,210.92671603800002,0.681
postprocess_ms,bevfusion_2_7_slow,212,1779956507947709751,211.92794854200002,1.537
postprocess_ms,bevfusion_2_7_slow,213,1779956508985108679,212.96534747,0.569
postprocess_ms,bevfusion_2_7_slow,214,1779956509930759597,213.91099838800002,1.022
postprocess_ms,bevfusion_2_7_slow,215,1779956510966134622,214.946373413,0.85
postprocess_ms,bevfusion_2_7_slow,216,1779956511975107497,215.95534628800002,0.85
postprocess_ms,bevfusion_2_7_slow,217,1779956512949127676,216.92936646700002,0.596
postprocess_ms,bevfusion_2_7_slow,218,1779956513967941279,217.94818007,0.903
postprocess_ms,bevfusion_2_7_slow,219,1779956514965607770,218.94584656100002,1.27
postprocess_ms,bevfusion_2_7_slow,220,1779956515960874767,219.941113558,1.206
postprocess_ms,bevfusion_2_7_slow,221,1779956516937327542,220.91756633300002,1.445
postprocess_ms,bevfusion_2_7_slow,222,1779956517974940544,221.95517933500003,1.607
postprocess_ms,bevfusion_2_7_slow,223,1779956518977255152,222.957493943,0.911
postprocess_ms,bevfusion_2_7_slow,224,1779956519969218690,223.94945748100002,1.347
postprocess_ms,bevfusion_2_7_slow,225,1779956520957407904,224.937646695,1.14
postprocess_ms,bevfusion_2_7_slow,226,1779956521939297337,225.919536128,0.856
postprocess_ms,bevfusion_2_7_slow,227,1779956522962353503,226.942592294,1.097
postprocess_ms,bevfusion_2_7_slow,228,1779956523952033612,227.932272403,0.906
postprocess_ms,bevfusion_2_7_slow,229,1779956524933002923,228.913241714,1.115
postprocess_ms,bevfusion_2_7_slow,230,1779956525930869132,229.911107923,0.81
postprocess_ms,bevfusion_2_7_slow,231,1779956526977702182,230.957940973,0.901
postprocess_ms,bevfusion_2_7_slow,232,1779956527942524871,231.92276366200002,1.009
postprocess_ms,bevfusion_2_7_slow,233,1779956528971182478,232.951421269,0.83
postprocess_ms,bevfusion_2_7_slow,234,1779956529948335461,233.928574252,1.588
postprocess_ms,bevfusion_2_7_slow,235,1779956530988711661,234.968950452,0.645
postprocess_ms,bevfusion_2_7_slow,236,1779956531932122434,235.912361225,0.566
postprocess_ms,bevfusion_2_7_slow,237,1779956532968360480,236.948599271,1.488
postprocess_ms,bevfusion_2_7_slow,238,1779956533950986735,237.93122552600002,0.858
postprocess_ms,bevfusion_2_7_slow,239,1779956534953765324,238.93400411500002,1.354
postprocess_ms,bevfusion_2_7_slow,240,1779956535959924124,239.940162915,1.754
postprocess_ms,bevfusion_2_7_slow,241,1779956536932109672,240.91234846300003,1.093
postprocess_ms,bevfusion_2_7_slow,242,1779956537940922959,241.92116175,1.85
postprocess_ms,bevfusion_2_7_slow,243,1779956538943406248,242.923645039,0.63
postprocess_ms,bevfusion_2_7_slow,244,1779956539940819910,243.92105870100002,0.692
postprocess_ms,bevfusion_2_7_slow,245,1779956540947849511,244.92808830200002,1.272
postprocess_ms,bevfusion_2_7_slow,246,1779956541968307800,245.94854659100002,0.699
postprocess_ms,bevfusion_2_7_slow,247,1779956542939449268,246.919688059,1.462
postprocess_ms,bevfusion_2_7_slow,248,1779956543938593855,247.91883264600003,1.012
postprocess_ms,bevfusion_2_7_slow,249,1779956544950373355,248.93061214600002,0.593
postprocess_ms,bevfusion_2_7_slow,250,1779956545976156761,249.956395552,0.919
postprocess_ms,bevfusion_2_7_slow,251,1779956546941842738,250.92208152900002,0.668
postprocess_ms,bevfusion_2_7_slow,252,1779956547929762109,251.91000090000003,0.55
postprocess_ms,bevfusion_2_7_slow,253,1779956548938039540,252.918278331,0.887
postprocess_ms,bevfusion_2_7_slow,254,1779956549967434346,253.947673137,0.967
postprocess_ms,bevfusion_2_7_slow,255,1779956550933891392,254.91413018300003,1.047
postprocess_ms,bevfusion_2_7_slow,256,1779956551937543983,255.91778277400002,0.955
postprocess_ms,bevfusion_2_7_slow,257,1779956552946005468,256.92624425900004,0.651
postprocess_ms,bevfusion_2_7_slow,258,1779956553959262713,257.939501504,1.142
postprocess_ms,bevfusion_2_7_slow,259,1779956554933765102,258.91400389300003,0.599
postprocess_ms,bevfusion_2_7_slow,260,1779956555935350296,259.915589087,0.587
postprocess_ms,bevfusion_2_7_slow,261,1779956556942936324,260.923175115,1.086
postprocess_ms,bevfusion_2_7_slow,262,1779956557972804027,261.95304281800003,0.748
postprocess_ms,bevfusion_2_7_slow,263,1779956558941877574,262.922116365,0.88
postprocess_ms,bevfusion_2_7_slow,264,1779956559939965139,263.92020393,1.085
postprocess_ms,bevfusion_2_7_slow,265,1779956560935312456,264.915551247,3.443
postprocess_ms,bevfusion_2_7_slow,266,1779956561937635792,265.917874583,1.362
postprocess_ms,bevfusion_2_7_slow,267,1779956562956342041,266.936580832,1.548
postprocess_ms,bevfusion_2_7_slow,268,1779956563969102928,267.949341719,1.082
postprocess_ms,bevfusion_2_7_slow,269,1779956564960238948,268.940477739,1.366
postprocess_ms,bevfusion_2_7_slow,270,1779956565941619847,269.921858638,2.779
postprocess_ms,bevfusion_2_7_slow,271,1779956566955189134,270.935427925,0.916
postprocess_ms,bevfusion_2_7_slow,272,1779956567933747732,271.913986523,0.657
postprocess_ms,bevfusion_2_7_slow,273,1779956568950704331,272.93094312200003,0.968
postprocess_ms,bevfusion_2_7_slow,274,1779956569959368762,273.93960755300003,1.05
postprocess_ms,bevfusion_2_7_slow,275,1779956570931735970,274.911974761,0.554
postprocess_ms,bevfusion_2_7_slow,276,1779956571966537906,275.946776697,1.536
postprocess_ms,bevfusion_2_7_slow,277,1779956572953216587,276.933455378,0.782
postprocess_ms,bevfusion_2_7_slow,278,1779956573950640738,277.93087952900004,0.985
postprocess_ms,bevfusion_2_7_slow,279,1779956574952469338,278.932708129,1.655
postprocess_ms,bevfusion_2_7_slow,280,1779956575944172714,279.924411505,0.91
postprocess_ms,bevfusion_2_7_slow,281,1779956576988427022,280.96866581300003,1.57
postprocess_ms,bevfusion_2_7_slow,282,1779956577974081035,281.954319826,1.397
postprocess_ms,bevfusion_2_7_slow,283,1779956578964786793,282.945025584,1.33
postprocess_ms,bevfusion_2_7_slow,284,1779956579973670412,283.953909203,0.649
postprocess_ms,bevfusion_2_7_slow,285,1779956580948218722,284.928457513,1.346
postprocess_ms,bevfusion_2_7_slow,286,1779956581966770957,285.947009748,1.667
postprocess_ms,bevfusion_2_7_slow,287,1779956582940788386,286.92102717700004,1.837
postprocess_ms,bevfusion_2_7_slow,288,1779956583966663712,287.946902503,0.735
postprocess_ms,bevfusion_2_7_slow,289,1779956584943432876,288.923671667,0.889
postprocess_ms,bevfusion_2_7_slow,290,1779956585955949669,289.93618846000004,1.349
postprocess_ms,bevfusion_2_7_slow,291,1779956586944065139,290.92430393,0.879
postprocess_ms,bevfusion_2_7_slow,292,1779956587934152690,291.914391481,0.765
postprocess_ms,bevfusion_2_7_slow,293,1779956588974004677,292.954243468,0.696
postprocess_ms,bevfusion_2_7_slow,294,1779956589934749017,293.91498780800003,1.09
postprocess_ms,bevfusion_2_7_slow,295,1779956590974843127,294.955081918,0.899
postprocess_ms,bevfusion_2_7_slow,296,1779956591929864468,295.91010325900004,0.533
postprocess_ms,bevfusion_2_7_slow,297,1779956592937967213,296.918206004,1.646
postprocess_ms,bevfusion_2_7_slow,298,1779956593937191256,297.91743004700004,0.642
postprocess_ms,bevfusion_2_7_slow,299,1779956594956429334,298.93666812500004,0.906
postprocess_ms,bevfusion_2_7_slow,300,1779956595937142153,299.917380944,0.698
postprocess_ms,bevfusion_2_7_slow,301,1779956596935240699,300.91547949,1.046
postprocess_ms,bevfusion_2_7_slow,302,1779956597957463191,301.937701982,0.855
postprocess_ms,bevfusion_2_7_slow,303,1779956598962385586,302.942624377,0.883
postprocess_ms,bevfusion_2_7_slow,304,1779956599952612807,303.932851598,0.719
postprocess_ms,bevfusion_2_7_slow,305,1779956600949344947,304.929583738,0.639
postprocess_ms,bevfusion_2_7_slow,306,1779956601943619794,305.923858585,0.656
postprocess_ms,bevfusion_2_7_slow,307,1779956602938199998,306.918438789,1.08
postprocess_ms,bevfusion_2_7_slow,308,1779956603959599139,307.93983793,1.584
postprocess_ms,bevfusion_2_7_slow,309,1779956604951637337,308.931876128,0.802
postprocess_ms,bevfusion_2_7_slow,310,1779956605958959730,309.93919852100004,0.73
postprocess_ms,bevfusion_2_7_slow,311,1779956606934571587,310.914810378,0.62
postprocess_ms,bevfusion_2_7_slow,312,1779956607941093098,311.92133188900004,1.61
postprocess_ms,bevfusion_2_7_slow,313,1779956608946101295,312.92634008600004,1.038
postprocess_ms,bevfusion_2_7_slow,314,1779956609941861220,313.922100011,0.685
postprocess_ms,bevfusion_2_7_slow,315,1779956610942731012,314.922969803,1.211
postprocess_ms,bevfusion_2_7_slow,316,1779956611950079773,315.930318564,0.608
postprocess_ms,bevfusion_2_7_slow,317,1779956612958568015,316.938806806,0.891
postprocess_ms,bevfusion_2_7_slow,318,1779956613938865558,317.919104349,0.839
postprocess_ms,bevfusion_2_7_slow,319,1779956614972736532,318.95297532300003,0.747
postprocess_ms,bevfusion_2_7_slow,320,1779956615932886386,319.91312517700004,0.869
postprocess_ms,bevfusion_2_7_slow,321,1779956616963908853,320.944147644,1.002
postprocess_ms,bevfusion_2_7_slow,322,1779956617979023674,321.959262465,1.163
postprocess_ms,bevfusion_2_7_slow,323,1779956618956576520,322.93681531100003,1.052
postprocess_ms,bevfusion_2_7_slow,324,1779956619942529736,323.922768527,1.631
postprocess_ms,bevfusion_2_7_slow,325,1779956620942087667,324.92232645800004,1.794
postprocess_ms,bevfusion_2_7_slow,326,1779956621942688350,325.922927141,0.878
postprocess_ms,bevfusion_2_7_slow,327,1779956622968953447,326.949192238,0.902
postprocess_ms,bevfusion_2_7_slow,328,1779956623970238842,327.95047763300005,0.898
postprocess_ms,bevfusion_2_7_slow,329,1779956624945042845,328.925281636,2.124
postprocess_ms,bevfusion_2_7_slow,330,1779956625937755891,329.917994682,1.077
postprocess_ms,bevfusion_2_7_slow,331,1779956626944270895,330.924509686,1.108
postprocess_ms,bevfusion_2_7_slow,332,1779956627957146214,331.937385005,0.951
postprocess_ms,bevfusion_2_7_slow,333,1779956628948928421,332.92916721200004,0.729
postprocess_ms,bevfusion_2_7_slow,334,1779956629946009800,333.92624859100005,1.134
postprocess_ms,bevfusion_2_7_slow,335,1779956630961244628,334.941483419,0.862
postprocess_ms,bevfusion_2_7_slow,336,1779956631967626919,335.94786571000003,1.363
postprocess_ms,bevfusion_2_7_slow,337,1779956632959561784,336.93980057500005,0.893
postprocess_ms,bevfusion_2_7_slow,338,1779956633948865432,337.929104223,1.1
postprocess_ms,bevfusion_2_7_slow,339,1779956634954069868,338.934308659,1.515
postprocess_ms,bevfusion_2_7_slow,340,1779956635935645215,339.915884006,0.621
postprocess_ms,bevfusion_2_7_slow,341,1779956636971182403,340.95142119400003,0.651
postprocess_ms,bevfusion_2_7_slow,342,1779956637934095618,341.91433440900005,0.714
postprocess_ms,bevfusion_2_7_slow,343,1779956638966125651,342.946364442,0.921
postprocess_ms,bevfusion_2_7_slow,344,1779956639952224254,343.932463045,0.836
postprocess_ms,bevfusion_2_7_slow,345,1779956640954521821,344.93476061200005,0.949
postprocess_ms,bevfusion_2_7_slow,346,1779956641979709452,345.95994824300004,0.993
postprocess_ms,bevfusion_2_7_slow,347,1779956642929672144,346.909910935,2.443
postprocess_ms,bevfusion_2_7_slow,348,1779956643953856442,347.934095233,0.585
postprocess_ms,bevfusion_2_7_slow,349,1779956644950148977,348.930387768,0.919
postprocess_ms,bevfusion_2_7_slow,350,1779956645951549188,349.93178797900003,0.76
postprocess_ms,bevfusion_2_7_slow,351,1779956646955147506,350.93538629700004,0.583
postprocess_ms,bevfusion_2_7_slow,352,1779956647944342506,351.92458129700003,0.953
postprocess_ms,bevfusion_2_7_slow,353,1779956648972215879,352.95245467,0.662
postprocess_ms,bevfusion_2_7_slow,354,1779956649975221872,353.955460663,1.224
postprocess_ms,bevfusion_2_7_slow,355,1779956650932332528,354.912571319,1.226
postprocess_ms,bevfusion_2_7_slow,356,1779956651953818714,355.934057505,1.19
postprocess_ms,bevfusion_2_7_slow,357,1779956652950094215,356.930333006,0.807
postprocess_ms,bevfusion_2_7_slow,358,1779956653969386218,357.94962500900004,0.65
postprocess_ms,bevfusion_2_7_slow,359,1779956654967256567,358.947495358,1.521
postprocess_ms,bevfusion_2_7_slow,360,1779956655945634360,359.925873151,0.609
postprocess_ms,bevfusion_2_7_slow,361,1779956656932643291,360.912882082,1.226
postprocess_ms,bevfusion_2_7_slow,362,1779956657936574617,361.916813408,0.536
postprocess_ms,bevfusion_2_7_slow,363,1779956658978198573,362.958437364,0.631
postprocess_ms,bevfusion_2_7_slow,364,1779956659954657666,363.93489645700004,0.634
postprocess_ms,bevfusion_2_7_slow,365,1779956660942692351,364.92293114200004,1.292
postprocess_ms,bevfusion_2_7_slow,366,1779956661970206075,365.950444866,0.918
postprocess_ms,bevfusion_2_7_slow,367,1779956662944838308,366.925077099,1.072
postprocess_ms,bevfusion_2_7_slow,368,1779956663960880705,367.941119496,0.85
postprocess_ms,bevfusion_2_7_slow,369,1779956664936045476,368.91628426700004,0.834
postprocess_ms,bevfusion_2_7_slow,370,1779956665948714687,369.92895347800004,1.048
postprocess_ms,bevfusion_2_7_slow,371,1779956666962002199,370.94224099,1.32
postprocess_ms,bevfusion_2_7_slow,372,1779956667949578430,371.929817221,0.955
postprocess_ms,bevfusion_2_7_slow,373,1779956668948043854,372.928282645,1.025
postprocess_ms,bevfusion_2_7_slow,374,1779956669970169628,373.95040841900004,0.894
postprocess_ms,bevfusion_2_7_slow,375,1779956670981534640,374.96177343100004,1.067
postprocess_ms,bevfusion_2_7_slow,376,1779956671926050156,375.906288947,0.804
postprocess_ms,bevfusion_2_7_slow,377,1779956672939207736,376.91944652700005,1.163
postprocess_ms,bevfusion_2_7_slow,378,1779956673973852148,377.954090939,2.517
postprocess_ms,bevfusion_2_7_slow,379,1779956674932970603,378.91320939400003,0.924
postprocess_ms,bevfusion_2_7_slow,380,1779956675937638377,379.917877168,0.839
postprocess_ms,bevfusion_2_7_slow,381,1779956676948570247,380.928809038,1.431
postprocess_ms,bevfusion_2_7_slow,382,1779956677933751031,381.913989822,1.364
postprocess_ms,bevfusion_2_7_slow,383,1779956678989347952,382.96958674300004,1.272
postprocess_ms,bevfusion_2_7_slow,384,1779956679944567887,383.92480667800004,1.118
postprocess_ms,bevfusion_2_7_slow,385,1779956680958950572,384.939189363,1.171
postprocess_ms,bevfusion_2_7_slow,386,1779956681950450430,385.930689221,0.96
postprocess_ms,bevfusion_2_7_slow,387,1779956682943645620,386.923884411,1.043
postprocess_ms,bevfusion_2_7_slow,388,1779956683933123611,387.913362402,1.236
postprocess_ms,bevfusion_2_7_slow,389,1779956684968422074,388.948660865,0.746
postprocess_ms,bevfusion_2_7_slow,390,1779956685941774497,389.922013288,1.037
postprocess_ms,bevfusion_2_7_slow,391,1779956686981020634,390.96125942500004,0.97
postprocess_ms,bevfusion_2_7_slow,392,1779956687945321328,391.925560119,1.089
postprocess_ms,bevfusion_2_7_slow,393,1779956688951028370,392.93126716100005,1.619
postprocess_ms,bevfusion_2_7_slow,394,1779956689948251750,393.92849054100003,0.983
postprocess_ms,bevfusion_2_7_slow,395,1779956690934914132,394.91515292300005,1.164
postprocess_ms,bevfusion_2_7_slow,396,1779956691935797377,395.916036168,0.618
postprocess_ms,bevfusion_2_7_slow,397,1779956692951295195,396.93153398600003,1.054
postprocess_ms,bevfusion_2_7_slow,398,1779956693933510069,397.91374886,0.594
postprocess_ms,bevfusion_2_7_slow,399,1779956694936954280,398.91719307100004,1.038
postprocess_ms,bevfusion_2_7_slow,400,1779956695955523299,399.93576209,1.1
postprocess_ms,bevfusion_2_7_slow,401,1779956696949825261,400.93006405200003,0.653
postprocess_ms,bevfusion_2_7_slow,402,1779956697969781514,401.950020305,0.594
postprocess_ms,bevfusion_2_7_slow,403,1779956698973381423,402.953620214,1.151
postprocess_ms,bevfusion_2_7_slow,404,1779956699936265628,403.91650441900003,1.322
postprocess_ms,bevfusion_2_7_slow,405,1779956700961974020,404.94221281100005,0.797
postprocess_ms,bevfusion_2_7_slow,406,1779956701964334127,405.944572918,0.796
postprocess_ms,bevfusion_2_7_slow,407,1779956702934948377,406.91518716800005,0.613
postprocess_ms,bevfusion_2_7_slow,408,1779956703944821005,407.925059796,0.63
postprocess_ms,bevfusion_2_7_slow,409,1779956704953627399,408.93386619,0.657
postprocess_ms,bevfusion_2_7_slow,410,1779956705971193680,409.95143247100003,0.612
postprocess_ms,bevfusion_2_7_slow,411,1779956706943749594,410.92398838500003,1.371
postprocess_ms,bevfusion_2_7_slow,412,1779956707953209246,411.933448037,2.337
postprocess_ms,bevfusion_2_7_slow,413,1779956708939749989,412.91998878000004,0.982
postprocess_ms,bevfusion_2_7_slow,414,1779956709955722079,413.93596087000003,0.694
postprocess_ms,bevfusion_2_7_slow,415,1779956710964969264,414.945208055,0.915
postprocess_ms,bevfusion_2_7_slow,416,1779956711955262161,415.93550095200004,0.97
postprocess_ms,bevfusion_2_7_slow,417,1779956712966307246,416.946546037,0.913
postprocess_ms,bevfusion_2_7_slow,418,1779956713944184504,417.92442329500005,0.74
postprocess_ms,bevfusion_2_7_slow,419,1779956714961815370,418.94205416100004,1.441
postprocess_ms,bevfusion_2_7_slow,420,1779956715942700725,419.92293951600004,0.847
postprocess_ms,bevfusion_2_7_slow,421,1779956716950511589,420.93075038,0.885
postprocess_ms,bevfusion_2_7_slow,422,1779956717939302048,421.91954083900004,0.725
postprocess_ms,bevfusion_2_7_slow,423,1779956718971570955,422.95180974600004,0.965
postprocess_ms,bevfusion_2_7_slow,424,1779956719971096702,423.95133549300004,0.627
postprocess_ms,bevfusion_2_7_slow,425,1779956720932694544,424.91293333500005,0.521
postprocess_ms,bevfusion_2_7_slow,426,1779956721943804445,425.92404323600005,0.821
postprocess_ms,bevfusion_2_7_slow,427,1779956722951535942,426.93177473300005,0.894
postprocess_ms,bevfusion_2_7_slow,428,1779956723937964100,427.918202891,0.776
postprocess_ms,bevfusion_2_7_slow,429,1779956724970059854,428.95029864500003,1.265
postprocess_ms,bevfusion_2_7_slow,430,1779956725944067409,429.92430620000005,0.785
postprocess_ms,bevfusion_2_7_slow,431,1779956726968944411,430.94918320200003,1.36
postprocess_ms,bevfusion_2_7_slow,432,1779956727956178605,431.936417396,0.839
postprocess_ms,bevfusion_2_7_slow,433,1779956728951220952,432.931459743,1.018
postprocess_ms,bevfusion_2_7_slow,434,1779956729944287196,433.92452598700004,1.015
postprocess_ms,bevfusion_2_7_slow,435,1779956730958582240,434.93882103100003,0.715
postprocess_ms,bevfusion_2_7_slow,436,1779956731994598471,435.97483726200005,0.825
postprocess_ms,bevfusion_2_7_slow,437,1779956732948271667,436.928510458,1.025
postprocess_ms,bevfusion_2_7_slow,438,1779956733962020671,437.94225946200004,1.129
postprocess_ms,bevfusion_2_7_slow,439,1779956734956355237,438.936594028,0.591
postprocess_ms,bevfusion_2_7_slow,440,1779956735947372822,439.927611613,0.845
postprocess_ms,bevfusion_2_7_slow,441,1779956736947726670,440.92796546100004,0.642
postprocess_ms,bevfusion_2_7_slow,442,1779956737928435786,441.908674577,0.649
postprocess_ms,bevfusion_2_7_slow,443,1779956738955062173,442.935300964,1.481
postprocess_ms,bevfusion_2_7_slow,444,1779956739946582746,443.926821537,0.731
postprocess_ms,bevfusion_2_7_slow,445,1779956740962885452,444.943124243,0.884
postprocess_ms,bevfusion_2_7_slow,446,1779956741933755078,445.913993869,0.87
postprocess_ms,bevfusion_2_7_slow,447,1779956742934530863,446.91476965400005,0.591
postprocess_ms,bevfusion_2_7_slow,448,1779956743936735717,447.916974508,0.749
postprocess_ms,bevfusion_2_7_slow,449,1779956744945713090,448.925951881,0.592
postprocess_ms,bevfusion_2_7_slow,450,1779956745980252338,449.96049112900005,0.962
postprocess_ms,bevfusion_2_7_slow,451,1779956746931970042,450.912208833,0.761
postprocess_ms,bevfusion_2_7_slow,452,1779956747932458973,451.91269776400003,0.853
postprocess_ms,bevfusion_2_7_slow,453,1779956748953616619,452.93385541000004,0.601
postprocess_ms,bevfusion_2_7_slow,454,1779956749969316979,453.94955577,1.215
postprocess_ms,bevfusion_2_7_slow,455,1779956750985087959,454.96532675000003,1.94
postprocess_ms,bevfusion_2_7_slow,456,1779956751942416975,455.92265576600005,0.692
postprocess_ms,bevfusion_2_7_slow,457,1779956752971463525,456.951702316,1.029
postprocess_ms,bevfusion_2_7_slow,458,1779956753947894150,457.928132941,0.819
postprocess_ms,bevfusion_2_7_slow,459,1779956754951409953,458.93164874400003,0.968
postprocess_ms,bevfusion_2_7_slow,460,1779956755937432889,459.91767168,0.957
postprocess_ms,bevfusion_2_7_slow,461,1779956756943058931,460.92329772200003,0.953
postprocess_ms,bevfusion_2_7_slow,462,1779956757951564267,461.931803058,0.755
postprocess_ms,bevfusion_2_7_slow,463,1779956758939302088,462.919540879,1.678
postprocess_ms,bevfusion_2_7_slow,464,1779956759951877910,463.93211670100004,0.929
postprocess_ms,bevfusion_2_7_slow,465,1779956760944434323,464.92467311400003,1.037
postprocess_ms,bevfusion_2_7_slow,466,1779956761958516186,465.93875497700003,0.545
postprocess_ms,bevfusion_2_7_slow,467,1779956762947662751,466.92790154200003,0.652
postprocess_ms,bevfusion_2_7_slow,468,1779956763943043358,467.92328214900004,0.754
postprocess_ms,bevfusion_2_7_slow,469,1779956764959966600,468.940205391,1.065
postprocess_ms,bevfusion_2_7_slow,470,1779956765996315082,469.97655387300006,0.621
postprocess_ms,bevfusion_2_7_slow,471,1779956766945395370,470.925634161,3.175
postprocess_ms,bevfusion_2_7_slow,472,1779956767941196530,471.92143532100005,0.652
postprocess_ms,bevfusion_2_7_slow,473,1779956768944187430,472.92442622100003,1.284
postprocess_ms,bevfusion_2_7_slow,474,1779956769948668509,473.92890730000005,1.131
postprocess_ms,bevfusion_2_7_slow,475,1779956770940684854,474.920923645,0.657
postprocess_ms,bevfusion_2_7_slow,476,1779956771962277022,475.94251581300006,1.212
postprocess_ms,bevfusion_2_7_slow,477,1779956772952240712,476.932479503,1.014
postprocess_ms,bevfusion_2_7_slow,478,1779956773964979479,477.94521827000005,0.964
postprocess_ms,bevfusion_2_7_slow,479,1779956774950543871,478.930782662,1.033
postprocess_ms,bevfusion_2_7_slow,480,1779956775946415451,479.92665424200004,1.068
postprocess_ms,bevfusion_2_7_slow,481,1779956776945534643,480.925773434,0.654
postprocess_ms,bevfusion_2_7_slow,482,1779956777936468729,481.91670752000005,0.961
postprocess_ms,bevfusion_2_7_slow,483,1779956778947274960,482.92751375100005,0.584
postprocess_ms,bevfusion_2_7_slow,484,1779956779962580470,483.942819261,1.0
postprocess_ms,bevfusion_2_7_slow,485,1779956780946047603,484.92628639400004,0.802
postprocess_ms,bevfusion_2_7_slow,486,1779956781942651179,485.92288997,1.134
postprocess_ms,bevfusion_2_7_slow,487,1779956782957471882,486.937710673,1.968
postprocess_ms,bevfusion_2_7_slow,488,1779956783952239290,487.93247808100006,0.668
postprocess_ms,bevfusion_2_7_slow,489,1779956784962740491,488.942979282,0.848
postprocess_ms,bevfusion_2_7_slow,490,1779956785937697969,489.91793676000003,1.419
postprocess_ms,bevfusion_2_7_slow,491,1779956786959103724,490.939342515,0.688
postprocess_ms,bevfusion_2_7_slow,492,1779956787948789307,491.929028098,1.083
postprocess_ms,bevfusion_2_7_slow,493,1779956788974487305,492.95472609600006,1.009
postprocess_ms,bevfusion_2_7_slow,494,1779956789952742501,493.932981292,0.852
postprocess_ms,bevfusion_2_7_slow,495,1779956790949207959,494.92944675,0.997
postprocess_ms,bevfusion_2_7_slow,496,1779956791953676251,495.933915042,0.944
postprocess_ms,bevfusion_2_7_slow,497,1779956792985541969,496.96578076000003,0.895
postprocess_ms,bevfusion_2_7_slow,498,1779956793968157623,497.94839641400006,1.349
postprocess_ms,bevfusion_2_7_slow,499,1779956794960445264,498.940684055,0.643
postprocess_ms,bevfusion_2_7_slow,500,1779956795938809125,499.919047916,0.982
postprocess_ms,bevfusion_2_7_slow,501,1779956796929758701,500.90999749200006,1.046
postprocess_ms,bevfusion_2_7_slow,502,1779956797945581026,501.92581981700005,1.955
postprocess_ms,bevfusion_2_7_slow,503,1779956798947862951,502.928101742,0.963
postprocess_ms,bevfusion_2_7_slow,504,1779956799982082802,503.962321593,0.876
postprocess_ms,bevfusion_2_7_slow,505,1779956800938175176,504.91841396700005,1.133
postprocess_ms,bevfusion_2_7_slow,506,1779956801970371297,505.950610088,1.223
postprocess_ms,bevfusion_2_7_slow,507,1779956802960445633,506.94068442400004,0.947
postprocess_ms,bevfusion_2_7_slow,508,1779956803936663393,507.91690218400004,0.557
postprocess_ms,bevfusion_2_7_slow,509,1779956804938773659,508.91901245,1.728
postprocess_ms,bevfusion_2_7_slow,510,1779956805937807571,509.91804636200004,0.639
postprocess_ms,bevfusion_2_7_slow,511,1779956806970121648,510.950360439,1.704
postprocess_ms,bevfusion_2_7_slow,512,1779956807953558937,511.93379772800006,0.96
postprocess_ms,bevfusion_2_7_slow,513,1779956808955029471,512.935268262,0.842
postprocess_ms,bevfusion_2_7_slow,514,1779956809963136522,513.943375313,1.144
postprocess_ms,bevfusion_2_7_slow,515,1779956810933426265,514.913665056,0.764
postprocess_ms,bevfusion_2_7_slow,516,1779956811944682930,515.924921721,0.853
postprocess_ms,bevfusion_2_7_slow,517,1779956812933056523,516.913295314,0.728
postprocess_ms,bevfusion_2_7_slow,518,1779956813932136728,517.9123755190001,0.753
postprocess_ms,bevfusion_2_7_slow,519,1779956814963905582,518.9441443730001,0.844
postprocess_ms,bevfusion_2_7_slow,520,1779956815930085904,519.910324695,0.614
postprocess_ms,bevfusion_2_7_slow,521,1779956816939922866,520.920161657,1.424
postprocess_ms,bevfusion_2_7_slow,522,1779956817938760663,521.9189994540001,0.7
postprocess_ms,bevfusion_2_7_slow,523,1779956818944611714,522.924850505,1.401
postprocess_ms,bevfusion_2_7_slow,524,1779956819946487998,523.926726789,1.368
postprocess_ms,bevfusion_2_7_slow,525,1779956820976273313,524.956512104,0.734
postprocess_ms,bevfusion_2_7_slow,526,1779956821970331019,525.95056981,1.455
postprocess_ms,bevfusion_2_7_slow,527,1779956822962983681,526.943222472,1.18
postprocess_ms,bevfusion_2_7_slow,528,1779956823955199858,527.935438649,0.584
postprocess_ms,bevfusion_2_7_slow,529,1779956824954607902,528.934846693,1.03
postprocess_ms,bevfusion_2_7_slow,530,1779956825953149708,529.933388499,1.019
postprocess_ms,bevfusion_2_7_slow,531,1779956826998293357,530.978532148,0.941
postprocess_ms,bevfusion_2_7_slow,532,1779956827957226380,531.937465171,1.56
postprocess_ms,bevfusion_2_7_slow,533,1779956828952470040,532.932708831,1.094
postprocess_ms,bevfusion_2_7_slow,534,1779956829933920138,533.914158929,0.605
postprocess_ms,bevfusion_2_7_slow,535,1779956830937043907,534.917282698,1.627
postprocess_ms,bevfusion_2_7_slow,536,1779956831936572840,535.9168116310001,0.908
postprocess_ms,bevfusion_2_7_slow,537,1779956832936719852,536.916958643,2.413
postprocess_ms,bevfusion_2_7_slow,538,1779956833970579416,537.950818207,1.055
postprocess_ms,bevfusion_2_7_slow,539,1779956834952846250,538.933085041,1.425
postprocess_ms,bevfusion_2_7_slow,540,1779956835960552494,539.940791285,1.547
postprocess_ms,bevfusion_2_7_slow,541,1779956837005003239,540.98524203,1.264
postprocess_ms,bevfusion_2_7_slow,542,1779956837972505422,541.9527442130001,0.812
postprocess_ms,bevfusion_2_7_slow,543,1779956838942094156,542.9223329470001,1.13
postprocess_ms,bevfusion_2_7_slow,544,1779956839966016874,543.9462556650001,1.09
postprocess_ms,bevfusion_2_7_slow,545,1779956840937985426,544.918224217,0.606
postprocess_ms,bevfusion_2_7_slow,546,1779956841958048533,545.938287324,0.844
postprocess_ms,bevfusion_2_7_slow,547,1779956842996068854,546.976307645,0.726
postprocess_ms,bevfusion_2_7_slow,548,1779956843959971939,547.94021073,0.689
postprocess_ms,bevfusion_2_7_slow,549,1779956844954210952,548.9344497430001,1.385
postprocess_ms,bevfusion_2_7_slow,550,1779956845944276773,549.924515564,1.468
postprocess_ms,bevfusion_2_7_slow,551,1779956846960942214,550.9411810050001,1.678
postprocess_ms,bevfusion_2_7_slow,552,1779956847945061612,551.925300403,1.572
postprocess_ms,bevfusion_2_7_slow,553,1779956848979885992,552.9601247830001,1.083
postprocess_ms,bevfusion_2_7_slow,554,1779956849942116907,553.922355698,1.084
postprocess_ms,bevfusion_2_7_slow,555,1779956850944057570,554.9242963610001,1.002
postprocess_ms,bevfusion_2_7_slow,556,1779956851947206691,555.927445482,0.653
postprocess_ms,bevfusion_2_7_slow,557,1779956852970580575,556.950819366,1.77
postprocess_ms,bevfusion_2_7_slow,558,1779956853934706691,557.914945482,0.567
postprocess_ms,bevfusion_2_7_slow,559,1779956854982572620,558.9628114110001,0.621
postprocess_ms,bevfusion_2_7_slow,560,1779956855941253663,559.921492454,0.939
postprocess_ms,bevfusion_2_7_slow,561,1779956856953850746,560.9340895370001,0.748
postprocess_ms,bevfusion_2_7_slow,562,1779956857960632464,561.940871255,1.707
postprocess_ms,bevfusion_2_7_slow,563,1779956858956720863,562.936959654,0.698
postprocess_ms,bevfusion_2_7_slow,564,1779956859975949363,563.9561881540001,1.279
postprocess_ms,bevfusion_2_7_slow,565,1779956860987568939,564.96780773,0.948
postprocess_ms,bevfusion_2_7_slow,566,1779956861963029819,565.94326861,1.029
postprocess_ms,bevfusion_2_7_slow,567,1779956862962779548,566.943018339,0.675
postprocess_ms,bevfusion_2_7_slow,568,1779956863963664576,567.9439033670001,1.002
postprocess_ms,bevfusion_2_7_slow,569,1779956864950873625,568.931112416,0.934
postprocess_ms,bevfusion_2_7_slow,570,1779956865945537843,569.925776634,1.071
postprocess_ms,bevfusion_2_7_slow,571,1779956866972618217,570.952857008,0.695
postprocess_ms,bevfusion_2_7_slow,572,1779956867945945157,571.926183948,1.211
postprocess_ms,bevfusion_2_7_slow,573,1779956869020859320,573.001098111,1.676
postprocess_ms,bevfusion_2_7_slow,574,1779956869935443524,573.915682315,1.127
postprocess_ms,bevfusion_2_7_slow,575,1779956870939205339,574.91944413,1.152
postprocess_ms,bevfusion_2_7_slow,576,1779956871948616748,575.928855539,0.943
postprocess_ms,bevfusion_2_7_slow,577,1779956872947011082,576.927249873,1.486
postprocess_ms,bevfusion_2_7_slow,578,1779956873950076304,577.9303150950001,1.416
postprocess_ms,bevfusion_2_7_slow,579,1779956874963298384,578.9435371750001,1.107
postprocess_ms,bevfusion_2_7_slow,580,1779956875945997937,579.926236728,1.538
postprocess_ms,bevfusion_2_7_slow,581,1779956876969350203,580.949588994,0.796
postprocess_ms,bevfusion_2_7_slow,582,1779956877948750532,581.928989323,0.622
postprocess_ms,bevfusion_2_7_slow,583,1779956878934789845,582.915028636,1.686
postprocess_ms,bevfusion_2_7_slow,584,1779956879961791589,583.94203038,1.437
postprocess_ms,bevfusion_2_7_slow,585,1779956880935614559,584.91585335,0.822
postprocess_ms,bevfusion_2_7_slow,586,1779956881948056688,585.928295479,0.641
postprocess_ms,bevfusion_2_7_slow,587,1779956882948276771,586.928515562,1.025
postprocess_ms,bevfusion_2_7_slow,588,1779956883939903452,587.920142243,1.302
postprocess_ms,bevfusion_2_7_slow,589,1779956884960138151,588.9403769420001,0.691
postprocess_ms,bevfusion_2_7_slow,590,1779956885943077934,589.9233167250001,1.038
postprocess_ms,bevfusion_2_7_slow,591,1779956886945212309,590.9254511,1.518
postprocess_ms,bevfusion_2_7_slow,592,1779956887946709345,591.9269481360001,1.417
