metric,bag,sample_index,timestamp_ns,time_from_start_s,latency_ms
total_ms,2_7_bag_slow,0,1779956296019541792,0.0,66.247
total_ms,2_7_bag_slow,1,1779956296965651992,0.9461102,30.36
total_ms,2_7_bag_slow,2,1779956297954087458,1.9345456660000002,32.576
total_ms,2_7_bag_slow,3,1779956298938431071,2.918889279,34.202
total_ms,2_7_bag_slow,4,1779956299931825396,3.912283604,35.077
total_ms,2_7_bag_slow,5,1779956300935213680,4.915671888,30.515
total_ms,2_7_bag_slow,6,1779956301931094414,5.911552622,31.57
total_ms,2_7_bag_slow,7,1779956302943787823,6.924246031,31.038
total_ms,2_7_bag_slow,8,1779956303973442270,7.953900478,35.421
total_ms,2_7_bag_slow,9,1779956304929721513,8.910179721,30.796
total_ms,2_7_bag_slow,10,1779956305959811450,9.940269658,36.801
total_ms,2_7_bag_slow,11,1779956306962165067,10.942623275,31.807
total_ms,2_7_bag_slow,12,1779956307939630984,11.920089192,35.889
total_ms,2_7_bag_slow,13,1779956308944309580,12.924767788,36.162
total_ms,2_7_bag_slow,14,1779956309933683458,13.914141666,33.524
total_ms,2_7_bag_slow,15,1779956310933917872,14.91437608,31.332
total_ms,2_7_bag_slow,16,1779956311947053508,15.927511716000001,34.828
total_ms,2_7_bag_slow,17,1779956312933957061,16.914415269000003,31.434
total_ms,2_7_bag_slow,18,1779956313961506573,17.941964781,37.561
total_ms,2_7_bag_slow,19,1779956314977370651,18.957828859000003,35.588
total_ms,2_7_bag_slow,20,1779956315971322004,19.951780212000003,34.763
total_ms,2_7_bag_slow,21,1779956316951817416,20.932275624000003,28.871
total_ms,2_7_bag_slow,22,1779956317975150869,21.955609077000002,33.048
total_ms,2_7_bag_slow,23,1779956318976754576,22.957212784000003,36.294
total_ms,2_7_bag_slow,24,1779956319940092916,23.920551124000003,36.244
total_ms,2_7_bag_slow,25,1779956320951312506,24.931770714000002,34.557
total_ms,2_7_bag_slow,26,1779956321977038728,25.957496936000002,36.778
total_ms,2_7_bag_slow,27,1779956322971879353,26.952337561,31.519
total_ms,2_7_bag_slow,28,1779956323943664705,27.924122913,37.119
total_ms,2_7_bag_slow,29,1779956324949187149,28.929645357000002,32.97
total_ms,2_7_bag_slow,30,1779956325947871714,29.928329922000003,35.255
total_ms,2_7_bag_slow,31,1779956326940764546,30.921222754000002,35.479
total_ms,2_7_bag_slow,32,1779956327933197458,31.913655666,35.431
total_ms,2_7_bag_slow,33,1779956328944733508,32.925191716,35.458
total_ms,2_7_bag_slow,34,1779956329933345317,33.913803525,33.738
total_ms,2_7_bag_slow,35,1779956330938895106,34.919353314000006,33.594
total_ms,2_7_bag_slow,36,1779956331976690378,35.957148586,38.801
total_ms,2_7_bag_slow,37,1779956332939314500,36.919772708,36.717
total_ms,2_7_bag_slow,38,1779956333973316848,37.953775056000005,37.993
total_ms,2_7_bag_slow,39,1779956334971830282,38.95228849,32.137
total_ms,2_7_bag_slow,40,1779956335940594870,39.921053078,30.681
total_ms,2_7_bag_slow,41,1779956336938331496,40.918789704000005,29.572
total_ms,2_7_bag_slow,42,1779956337957119362,41.93757757,35.751
total_ms,2_7_bag_slow,43,1779956338957191763,42.937649971000006,38.816
total_ms,2_7_bag_slow,44,1779956339934052026,43.914510234000005,30.508
total_ms,2_7_bag_slow,45,1779956340948415642,44.92887385,31.37
total_ms,2_7_bag_slow,46,1779956341971172572,45.95163078,43.404
total_ms,2_7_bag_slow,47,1779956342956392501,46.936850709000005,43.533
total_ms,2_7_bag_slow,48,1779956343933807091,47.914265299,34.289
total_ms,2_7_bag_slow,49,1779956344948230678,48.928688886,33.799
total_ms,2_7_bag_slow,50,1779956345945642519,49.926100727000005,29.5
total_ms,2_7_bag_slow,51,1779956346960877460,50.941335668,33.645
total_ms,2_7_bag_slow,52,1779956347938234225,51.918692433000004,35.582
total_ms,2_7_bag_slow,53,1779956348930838389,52.911296597,30.203
total_ms,2_7_bag_slow,54,1779956349941925287,53.922383495000005,33.019
total_ms,2_7_bag_slow,55,1779956350942988372,54.923446580000004,37.075
total_ms,2_7_bag_slow,56,1779956351973540195,55.953998403,33.469
total_ms,2_7_bag_slow,57,1779956352963478162,56.94393637,35.208
total_ms,2_7_bag_slow,58,1779956353942091057,57.922549265,30.988
total_ms,2_7_bag_slow,59,1779956354984745361,58.965203569,32.333
total_ms,2_7_bag_slow,60,1779956355940191712,59.92064992,34.016
total_ms,2_7_bag_slow,61,1779956356940354462,60.920812670000004,28.191
total_ms,2_7_bag_slow,62,1779956357966522798,61.946981006,30.76
total_ms,2_7_bag_slow,63,1779956358930555105,62.911013313000005,32.78
total_ms,2_7_bag_slow,64,1779956359947769399,63.928227607000004,36.005
total_ms,2_7_bag_slow,65,1779956360960424487,64.940882695,34.563
total_ms,2_7_bag_slow,66,1779956361935941094,65.916399302,34.222
total_ms,2_7_bag_slow,67,1779956362938017363,66.918475571,34.844
total_ms,2_7_bag_slow,68,1779956363943859038,67.924317246,37.823
total_ms,2_7_bag_slow,69,1779956364955197804,68.93565601200001,34.018
total_ms,2_7_bag_slow,70,1779956365954222686,69.93468089400001,33.452
total_ms,2_7_bag_slow,71,1779956366976646383,70.957104591,38.18
total_ms,2_7_bag_slow,72,1779956367941288959,71.921747167,37.802
total_ms,2_7_bag_slow,73,1779956368941264793,72.921723001,32.77
total_ms,2_7_bag_slow,74,1779956369990320899,73.970779107,34.475
total_ms,2_7_bag_slow,75,1779956370938857921,74.91931612900001,33.989
total_ms,2_7_bag_slow,76,1779956371940135167,75.92059337500001,35.07
total_ms,2_7_bag_slow,77,1779956372969387657,76.949845865,30.375
total_ms,2_7_bag_slow,78,1779956373951856755,77.93231496300001,31.472
total_ms,2_7_bag_slow,79,1779956374940313391,78.920771599,30.07
total_ms,2_7_bag_slow,80,1779956375932728536,79.913186744,30.706
total_ms,2_7_bag_slow,81,1779956376939886691,80.920344899,34.171
total_ms,2_7_bag_slow,82,1779956377966536855,81.946995063,31.515
total_ms,2_7_bag_slow,83,1779956378933239171,82.913697379,31.67
total_ms,2_7_bag_slow,84,1779956379922682018,83.903140226,30.098
total_ms,2_7_bag_slow,85,1779956380953992153,84.934450361,33.517
total_ms,2_7_bag_slow,86,1779956381953436204,85.933894412,30.262
total_ms,2_7_bag_slow,87,1779956382936816509,86.91727471700001,29.806
total_ms,2_7_bag_slow,88,1779956383951004602,87.93146281,37.301
total_ms,2_7_bag_slow,89,1779956384933160977,88.913619185,31.299
total_ms,2_7_bag_slow,90,1779956385972072121,89.95253032900001,31.12
total_ms,2_7_bag_slow,91,1779956386938003701,90.918461909,35.715
total_ms,2_7_bag_slow,92,1779956387946816116,91.92727432400001,33.905
total_ms,2_7_bag_slow,93,1779956388969612589,92.95007079700001,34.477
total_ms,2_7_bag_slow,94,1779956389969006239,93.94946444700001,36.376
total_ms,2_7_bag_slow,95,1779956390960989517,94.941447725,35.865
total_ms,2_7_bag_slow,96,1779956391938691664,95.919149872,30.879
total_ms,2_7_bag_slow,97,1779956392928867998,96.909326206,34.407
total_ms,2_7_bag_slow,98,1779956393974472665,97.95493087300001,31.05
total_ms,2_7_bag_slow,99,1779956394961454018,98.941912226,30.358
total_ms,2_7_bag_slow,100,1779956395941681740,99.92213994800001,34.415
total_ms,2_7_bag_slow,101,1779956396936412564,100.91687077200001,35.833
total_ms,2_7_bag_slow,102,1779956397934437234,101.914895442,29.063
total_ms,2_7_bag_slow,103,1779956398935642813,102.916101021,35.325
total_ms,2_7_bag_slow,104,1779956399949500198,103.92995840600001,35.604
total_ms,2_7_bag_slow,105,1779956400957331423,104.937789631,37.086
total_ms,2_7_bag_slow,106,1779956401956620786,105.937078994,33.538
total_ms,2_7_bag_slow,107,1779956402939039226,106.91949743400001,35.629
total_ms,2_7_bag_slow,108,1779956403932446187,107.91290439500001,33.745
total_ms,2_7_bag_slow,109,1779956404979956860,108.960415068,32.856
total_ms,2_7_bag_slow,110,1779956405968214361,109.94867256900001,35.875
total_ms,2_7_bag_slow,111,1779956406933597305,110.91405551300001,27.544
total_ms,2_7_bag_slow,112,1779956407935751973,111.91621018100001,31.178
total_ms,2_7_bag_slow,113,1779956408944066746,112.924524954,27.658
total_ms,2_7_bag_slow,114,1779956409944813155,113.92527136300001,28.605
total_ms,2_7_bag_slow,115,1779956410951908756,114.93236696400001,29.571
total_ms,2_7_bag_slow,116,1779956411927795812,115.90825402,29.478
total_ms,2_7_bag_slow,117,1779956412929425522,116.90988373,30.823
total_ms,2_7_bag_slow,118,1779956413954868150,117.93532635800001,31.929
total_ms,2_7_bag_slow,119,1779956414933063449,118.913521657,29.509
total_ms,2_7_bag_slow,120,1779956415923161931,119.90362013900001,28.669
total_ms,2_7_bag_slow,121,1779956416947896225,120.92835443300001,30.91
total_ms,2_7_bag_slow,122,1779956417939122095,121.919580303,33.484
total_ms,2_7_bag_slow,123,1779956418952584591,122.933042799,31.389
total_ms,2_7_bag_slow,124,1779956419951004201,123.931462409,30.462
total_ms,2_7_bag_slow,125,1779956420935804778,124.916262986,27.998
total_ms,2_7_bag_slow,126,1779956421945977317,125.926435525,36.686
total_ms,2_7_bag_slow,127,1779956422935080470,126.915538678,31.362
total_ms,2_7_bag_slow,128,1779956423941182937,127.92164114500001,26.441
total_ms,2_7_bag_slow,129,1779956424924713888,128.905172096,30.454
total_ms,2_7_bag_slow,130,1779956425940946615,129.92140482300002,26.747
total_ms,2_7_bag_slow,131,1779956426959584044,130.940042252,34.852
total_ms,2_7_bag_slow,132,1779956427954133356,131.93459156400002,32.051
total_ms,2_7_bag_slow,133,1779956428938487287,132.918945495,29.747
total_ms,2_7_bag_slow,134,1779956429933053580,133.91351178800002,31.025
total_ms,2_7_bag_slow,135,1779956430980812733,134.961270941,32.315
total_ms,2_7_bag_slow,136,1779956431942240638,135.922698846,31.982
total_ms,2_7_bag_slow,137,1779956432963495631,136.94395383900002,34.315
total_ms,2_7_bag_slow,138,1779956433936152574,137.91661078200002,32.456
total_ms,2_7_bag_slow,139,1779956434974363198,138.954821406,37.612
total_ms,2_7_bag_slow,140,1779956435954713623,139.93517183100002,31.959
total_ms,2_7_bag_slow,141,1779956436969231177,140.949689385,28.74
total_ms,2_7_bag_slow,142,1779956437928241512,141.90869972000002,27.273
total_ms,2_7_bag_slow,143,1779956438976999557,142.95745776500002,33.801
total_ms,2_7_bag_slow,144,1779956439953375971,143.933834179,33.489
total_ms,2_7_bag_slow,145,1779956440939800972,144.92025918000002,32.819
total_ms,2_7_bag_slow,146,1779956441952574874,145.933033082,30.286
total_ms,2_7_bag_slow,147,1779956442940897354,146.921355562,29.828
total_ms,2_7_bag_slow,148,1779956443930699794,147.911158002,28.213
total_ms,2_7_bag_slow,149,1779956444939145938,148.919604146,30.301
total_ms,2_7_bag_slow,150,1779956445941293844,149.92175205200002,32.451
total_ms,2_7_bag_slow,151,1779956446934907481,150.915365689,31.207
total_ms,2_7_bag_slow,152,1779956447941324241,151.921782449,32.393
total_ms,2_7_bag_slow,153,1779956448945139877,152.92559808500002,33.483
total_ms,2_7_bag_slow,154,1779956449964317538,153.944775746,32.098
total_ms,2_7_bag_slow,155,1779956450935896701,154.916354909,30.098
total_ms,2_7_bag_slow,156,1779956451951620509,155.932078717,29.904
total_ms,2_7_bag_slow,157,1779956452936854439,156.91731264700002,29.85
total_ms,2_7_bag_slow,158,1779956453930306445,157.910764653,29.625
total_ms,2_7_bag_slow,159,1779956454938061853,158.918520061,30.403
total_ms,2_7_bag_slow,160,1779956455959674443,159.940132651,32.279
total_ms,2_7_bag_slow,161,1779956456963905673,160.94436388100002,33.325
total_ms,2_7_bag_slow,162,1779956457957758595,161.93821680300002,31.463
total_ms,2_7_bag_slow,163,1779956458936440384,162.91689859200002,30.784
total_ms,2_7_bag_slow,164,1779956459940548469,163.921006677,32.559
total_ms,2_7_bag_slow,165,1779956460964249787,164.94470799500002,36.403
total_ms,2_7_bag_slow,166,1779956461938020146,165.918478354,31.949
total_ms,2_7_bag_slow,167,1779956462972139755,166.95259796300002,39.004
total_ms,2_7_bag_slow,168,1779956463953483895,167.93394210300002,36.096
total_ms,2_7_bag_slow,169,1779956464976339426,168.956797634,33.821
total_ms,2_7_bag_slow,170,1779956465938309513,169.91876772100002,33.311
total_ms,2_7_bag_slow,171,1779956466949194371,170.92965257900002,31.6
total_ms,2_7_bag_slow,172,1779956467953557910,171.93401611800002,33.108
total_ms,2_7_bag_slow,173,1779956468976648372,172.95710658000002,35.481
total_ms,2_7_bag_slow,174,1779956469941277302,173.92173551000002,31.369
total_ms,2_7_bag_slow,175,1779956470951530804,174.931989012,36.642
total_ms,2_7_bag_slow,176,1779956471949592310,175.930050518,33.145
total_ms,2_7_bag_slow,177,1779956472928670936,176.90912914400002,30.964
total_ms,2_7_bag_slow,178,1779956473940531636,177.92098984400002,35.395
total_ms,2_7_bag_slow,179,1779956474972310207,178.952768415,37.685
total_ms,2_7_bag_slow,180,1779956475941908924,179.922367132,29.987
total_ms,2_7_bag_slow,181,1779956476954769812,180.93522802,35.616
total_ms,2_7_bag_slow,182,1779956477931955206,181.912413414,29.698
total_ms,2_7_bag_slow,183,1779956478942036930,182.92249513800002,30.817
total_ms,2_7_bag_slow,184,1779956479953089088,183.933547296,29.869
total_ms,2_7_bag_slow,185,1779956480925542454,184.90600066200003,30.488
total_ms,2_7_bag_slow,186,1779956481968264606,185.948722814,34.796
total_ms,2_7_bag_slow,187,1779956482942369963,186.92282817100002,35.403
total_ms,2_7_bag_slow,188,1779956483942981628,187.923439836,31.221
total_ms,2_7_bag_slow,189,1779956484946937138,188.92739534600003,34.777
total_ms,2_7_bag_slow,190,1779956485950414724,189.930872932,33.859
total_ms,2_7_bag_slow,191,1779956486945105335,190.925563543,33.971
total_ms,2_7_bag_slow,192,1779956487932023351,191.912481559,33.109
total_ms,2_7_bag_slow,193,1779956488944557724,192.925015932,33.469
total_ms,2_7_bag_slow,194,1779956489939873817,193.92033202500002,34.532
total_ms,2_7_bag_slow,195,1779956490944459125,194.92491733300002,36.033
total_ms,2_7_bag_slow,196,1779956491954226463,195.934684671,37.251
total_ms,2_7_bag_slow,197,1779956492943955855,196.924414063,29.481
total_ms,2_7_bag_slow,198,1779956493935686943,197.91614515100002,29.761
total_ms,2_7_bag_slow,199,1779956494937281169,198.917739377,37.471
total_ms,2_7_bag_slow,200,1779956495935573325,199.91603153300002,31.749
total_ms,2_7_bag_slow,201,1779956496950847736,200.931305944,34.018
total_ms,2_7_bag_slow,202,1779956497939998875,201.920457083,32.412
total_ms,2_7_bag_slow,203,1779956498936228141,202.916686349,31.275
total_ms,2_7_bag_slow,204,1779956499967864781,203.94832298900002,32.544
total_ms,2_7_bag_slow,205,1779956500957516029,204.93797423700002,29.849
total_ms,2_7_bag_slow,206,1779956501933732528,205.91419073600002,30.251
total_ms,2_7_bag_slow,207,1779956502929948857,206.91040706500002,31.738
total_ms,2_7_bag_slow,208,1779956503972123416,207.952581624,30.144
total_ms,2_7_bag_slow,209,1779956504942848119,208.923306327,31.419
total_ms,2_7_bag_slow,210,1779956505965208911,209.945667119,33.146
total_ms,2_7_bag_slow,211,1779956506946495563,210.926953771,29.314
total_ms,2_7_bag_slow,212,1779956507947720852,211.92817906000002,39.521
total_ms,2_7_bag_slow,213,1779956508985116395,212.96557460300002,31.262
total_ms,2_7_bag_slow,214,1779956509930766960,213.91122516800002,35.588
total_ms,2_7_bag_slow,215,1779956510966139683,214.946597891,32.829
total_ms,2_7_bag_slow,216,1779956511975116202,215.95557441000003,34.651
total_ms,2_7_bag_slow,217,1779956512949135984,216.92959419200002,32.326
total_ms,2_7_bag_slow,218,1779956513967947888,217.948406096,31.087
total_ms,2_7_bag_slow,219,1779956514965612658,218.946070866,35.386
total_ms,2_7_bag_slow,220,1779956515960883455,219.941341663,33.288
total_ms,2_7_bag_slow,221,1779956516937292829,220.91775103700002,33.404
total_ms,2_7_bag_slow,222,1779956517974949047,221.955407255,36.724
total_ms,2_7_bag_slow,223,1779956518977259525,222.957717733,32.922
total_ms,2_7_bag_slow,224,1779956519969207820,223.94966602800002,35.335
total_ms,2_7_bag_slow,225,1779956520957373979,224.93783218700003,38.378
total_ms,2_7_bag_slow,226,1779956521939286756,225.91974496400002,33.916
total_ms,2_7_bag_slow,227,1779956522962332741,226.94279094900003,35.067
total_ms,2_7_bag_slow,228,1779956523952041326,227.93249953400002,34.062
total_ms,2_7_bag_slow,229,1779956524932959767,228.91341797500002,31.302
total_ms,2_7_bag_slow,230,1779956525930878791,229.911336999,35.26
total_ms,2_7_bag_slow,231,1779956526977691392,230.9581496,36.799
total_ms,2_7_bag_slow,232,1779956527942534815,231.922993023,38.883
total_ms,2_7_bag_slow,233,1779956528971192700,232.951650908,32.042
total_ms,2_7_bag_slow,234,1779956529948344764,233.92880297200003,31.847
total_ms,2_7_bag_slow,235,1779956530988697759,234.969155967,35.156
total_ms,2_7_bag_slow,236,1779956531932126694,235.91258490200002,31.77
total_ms,2_7_bag_slow,237,1779956532968367121,236.94882532900002,38.024
total_ms,2_7_bag_slow,238,1779956533950976075,237.93143428300002,35.522
total_ms,2_7_bag_slow,239,1779956534953719749,238.934177957,37.455
total_ms,2_7_bag_slow,240,1779956535959892803,239.94035101100002,36.255
total_ms,2_7_bag_slow,241,1779956536932128238,240.912586446,31.027
total_ms,2_7_bag_slow,242,1779956537940931490,241.921389698,32.248
total_ms,2_7_bag_slow,243,1779956538943423082,242.92388129000003,31.903
total_ms,2_7_bag_slow,244,1779956539940824592,243.92128280000003,31.26
total_ms,2_7_bag_slow,245,1779956540947855115,244.92831332300003,35.259
total_ms,2_7_bag_slow,246,1779956541968276212,245.94873442000002,31.986
total_ms,2_7_bag_slow,247,1779956542939466375,246.919924583,29.981
total_ms,2_7_bag_slow,248,1779956543938582104,247.91904031200002,33.608
total_ms,2_7_bag_slow,249,1779956544950380359,248.93083856700002,29.719
total_ms,2_7_bag_slow,250,1779956545976174706,249.956632914,32.33
total_ms,2_7_bag_slow,251,1779956546941851534,250.922309742,31.628
total_ms,2_7_bag_slow,252,1779956547929766712,251.91022492000002,30.968
total_ms,2_7_bag_slow,253,1779956548938048347,252.91850655500002,31.104
total_ms,2_7_bag_slow,254,1779956549967415906,253.94787411400003,35.016
total_ms,2_7_bag_slow,255,1779956550933878602,254.91433681,34.864
total_ms,2_7_bag_slow,256,1779956551937551985,255.91801019300001,29.642
total_ms,2_7_bag_slow,257,1779956552946015687,256.926473895,30.471
total_ms,2_7_bag_slow,258,1779956553959271657,257.939729865,33.266
total_ms,2_7_bag_slow,259,1779956554933769627,258.914227835,29.523
total_ms,2_7_bag_slow,260,1779956555935358742,259.91581695,31.558
total_ms,2_7_bag_slow,261,1779956556942926356,260.923384564,31.146
total_ms,2_7_bag_slow,262,1779956557972812641,261.95327084900003,34.244
total_ms,2_7_bag_slow,263,1779956558941861961,262.922320169,35.658
total_ms,2_7_bag_slow,264,1779956559939954319,263.920412527,31.953
total_ms,2_7_bag_slow,265,1779956560935319237,264.915777445,32.655
total_ms,2_7_bag_slow,266,1779956561937643774,265.918101982,30.627
total_ms,2_7_bag_slow,267,1779956562956347342,266.93680555000003,34.638
total_ms,2_7_bag_slow,268,1779956563969108305,267.94956651300004,31.971
total_ms,2_7_bag_slow,269,1779956564960224874,268.940683082,34.608
total_ms,2_7_bag_slow,270,1779956565941635330,269.922093538,31.901
total_ms,2_7_bag_slow,271,1779956566955193399,270.935651607,33.107
total_ms,2_7_bag_slow,272,1779956567933757327,271.91421553500004,34.939
total_ms,2_7_bag_slow,273,1779956568950715198,272.931173406,36.519
total_ms,2_7_bag_slow,274,1779956569959385253,273.939843461,32.666
total_ms,2_7_bag_slow,275,1779956570931745718,274.912203926,30.245
total_ms,2_7_bag_slow,276,1779956571966543131,275.947001339,32.212
total_ms,2_7_bag_slow,277,1779956572953223556,276.933681764,31.914
total_ms,2_7_bag_slow,278,1779956573950649932,277.93110814,36.681
total_ms,2_7_bag_slow,279,1779956574952440764,278.93289897200003,33.812
total_ms,2_7_bag_slow,280,1779956575944162897,279.924621105,32.508
total_ms,2_7_bag_slow,281,1779956576988435490,280.96889369800004,37.226
total_ms,2_7_bag_slow,282,1779956577974071162,281.95452937000005,37.966
total_ms,2_7_bag_slow,283,1779956578964773453,282.94523166100004,38.889
total_ms,2_7_bag_slow,284,1779956579973678014,283.95413622200005,33.144
total_ms,2_7_bag_slow,285,1779956580948195005,284.928653213,36.835
total_ms,2_7_bag_slow,286,1779956581966756798,285.947215006,34.151
total_ms,2_7_bag_slow,287,1779956582940769727,286.921227935,34.495
total_ms,2_7_bag_slow,288,1779956583966667948,287.947126156,34.996
total_ms,2_7_bag_slow,289,1779956584943416503,288.923874711,35.65
total_ms,2_7_bag_slow,290,1779956585955966604,289.93642481200004,36.442
total_ms,2_7_bag_slow,291,1779956586944075087,290.924533295,31.052
total_ms,2_7_bag_slow,292,1779956587934163033,291.914621241,32.002
total_ms,2_7_bag_slow,293,1779956588974009991,292.954468199,34.117
total_ms,2_7_bag_slow,294,1779956589934731007,293.915189215,35.053
total_ms,2_7_bag_slow,295,1779956590974860371,294.955318579,37.578
total_ms,2_7_bag_slow,296,1779956591929874949,295.910333157,30.578
total_ms,2_7_bag_slow,297,1779956592937976226,296.918434434,36.117
total_ms,2_7_bag_slow,298,1779956593937195058,297.917653266,30.888
total_ms,2_7_bag_slow,299,1779956594956438302,298.93689651,32.576
total_ms,2_7_bag_slow,300,1779956595937148802,299.91760701000004,31.106
total_ms,2_7_bag_slow,301,1779956596935225703,300.91568391100003,35.867
total_ms,2_7_bag_slow,302,1779956597957469779,301.937927987,34.112
total_ms,2_7_bag_slow,303,1779956598962369957,302.94282816500004,33.975
total_ms,2_7_bag_slow,304,1779956599952628526,303.933086734,36.011
total_ms,2_7_bag_slow,305,1779956600949361862,304.92982007,35.978
total_ms,2_7_bag_slow,306,1779956601943629194,305.924087402,31.825
total_ms,2_7_bag_slow,307,1779956602938216889,306.918675097,34.994
total_ms,2_7_bag_slow,308,1779956603959564841,307.94002304900005,34.547
total_ms,2_7_bag_slow,309,1779956604951643053,308.932101261,35.024
total_ms,2_7_bag_slow,310,1779956605958967295,309.939425503,33.635
total_ms,2_7_bag_slow,311,1779956606934576747,310.915034955,30.956
total_ms,2_7_bag_slow,312,1779956607941102717,311.921560925,35.984
total_ms,2_7_bag_slow,313,1779956608946105472,312.92656368,37.669
total_ms,2_7_bag_slow,314,1779956609941877556,313.922335764,32.068
total_ms,2_7_bag_slow,315,1779956610942739547,314.92319775500005,34.284
total_ms,2_7_bag_slow,316,1779956611950087867,315.930546075,31.75
total_ms,2_7_bag_slow,317,1779956612958575938,316.93903414600004,31.893
total_ms,2_7_bag_slow,318,1779956613938877193,317.919335401,33.42
total_ms,2_7_bag_slow,319,1779956614972707544,318.953165752,30.395
total_ms,2_7_bag_slow,320,1779956615932890573,319.913348781,34.789
total_ms,2_7_bag_slow,321,1779956616963893899,320.94435210700004,32.517
total_ms,2_7_bag_slow,322,1779956617979040354,321.959498562,32.646
total_ms,2_7_bag_slow,323,1779956618956543236,322.93700144400003,37.448
total_ms,2_7_bag_slow,324,1779956619942505246,323.922963454,37.088
total_ms,2_7_bag_slow,325,1779956620942103643,324.922561851,35.623
total_ms,2_7_bag_slow,326,1779956621942704878,325.92316308600005,35.883
total_ms,2_7_bag_slow,327,1779956622968931515,326.949389723,41.135
total_ms,2_7_bag_slow,328,1779956623970215551,327.95067375900004,36.338
total_ms,2_7_bag_slow,329,1779956624945027943,328.92548615100003,31.269
total_ms,2_7_bag_slow,330,1779956625937744795,329.91820300300003,36.326
total_ms,2_7_bag_slow,331,1779956626944279447,330.924737655,31.775
total_ms,2_7_bag_slow,332,1779956627957153955,331.93761216300004,32.496
total_ms,2_7_bag_slow,333,1779956628948936016,332.929394224,35.37
total_ms,2_7_bag_slow,334,1779956629946015020,333.926473228,34.823
total_ms,2_7_bag_slow,335,1779956630961261494,334.941719702,33.55
total_ms,2_7_bag_slow,336,1779956631967644847,335.94810305500005,33.319
total_ms,2_7_bag_slow,337,1779956632959579675,336.940037883,33.205
total_ms,2_7_bag_slow,338,1779956633948874390,337.92933259800003,38.272
total_ms,2_7_bag_slow,339,1779956634954079234,338.934537442,34.727
total_ms,2_7_bag_slow,340,1779956635935662560,339.91612076800004,31.997
total_ms,2_7_bag_slow,341,1779956636971198628,340.95165683600004,31.748
total_ms,2_7_bag_slow,342,1779956637934099854,341.914558062,32.037
total_ms,2_7_bag_slow,343,1779956638966116991,342.946575199,35.589
total_ms,2_7_bag_slow,344,1779956639952230723,343.93268893100003,35.175
total_ms,2_7_bag_slow,345,1779956640954528696,344.934986904,37.096
total_ms,2_7_bag_slow,346,1779956641979727089,345.960185297,37.55
total_ms,2_7_bag_slow,347,1779956642929687970,346.91014617800005,34.495
total_ms,2_7_bag_slow,348,1779956643953865215,347.934323423,34.515
total_ms,2_7_bag_slow,349,1779956644950157587,348.930615795,33.054
total_ms,2_7_bag_slow,350,1779956645951565451,349.93202365900004,34.877
total_ms,2_7_bag_slow,351,1779956646955126671,350.93558487900003,33.638
total_ms,2_7_bag_slow,352,1779956647944332728,351.924790936,34.212
total_ms,2_7_bag_slow,353,1779956648972232306,352.95269051400004,29.795
total_ms,2_7_bag_slow,354,1779956649975206533,353.955664741,39.58
total_ms,2_7_bag_slow,355,1779956650932323642,354.91278185000004,34.492
total_ms,2_7_bag_slow,356,1779956651953826521,355.934284729,37.433
total_ms,2_7_bag_slow,357,1779956652950110109,356.930568317,31.276
total_ms,2_7_bag_slow,358,1779956653969365795,357.949824003,32.992
total_ms,2_7_bag_slow,359,1779956654967238797,358.947697005,38.329
total_ms,2_7_bag_slow,360,1779956655945618453,359.926076661,31.625
total_ms,2_7_bag_slow,361,1779956656932623365,360.913081573,34.123
total_ms,2_7_bag_slow,362,1779956657936582766,361.91704097400003,32.423
total_ms,2_7_bag_slow,363,1779956658978206794,362.95866500200003,33.759
total_ms,2_7_bag_slow,364,1779956659954665384,363.935123592,33.866
total_ms,2_7_bag_slow,365,1779956660942699858,364.92315806600004,31.807
total_ms,2_7_bag_slow,366,1779956661970210315,365.95066852300005,31.185
total_ms,2_7_bag_slow,367,1779956662944849498,366.925307706,36.71
total_ms,2_7_bag_slow,368,1779956663960897402,367.94135561,33.647
total_ms,2_7_bag_slow,369,1779956664936051364,368.916509572,31.555
total_ms,2_7_bag_slow,370,1779956665948722637,369.929180845,38.646
total_ms,2_7_bag_slow,371,1779956666961969573,370.94242778100005,32.521
total_ms,2_7_bag_slow,372,1779956667949596977,371.930055185,39.672
total_ms,2_7_bag_slow,373,1779956668948049157,372.92850736500003,36.655
total_ms,2_7_bag_slow,374,1779956669970179828,373.95063803600004,30.353
total_ms,2_7_bag_slow,375,1779956670981521335,374.96197954300004,37.897
total_ms,2_7_bag_slow,376,1779956671925929840,375.906388048,30.995
total_ms,2_7_bag_slow,377,1779956672939196628,376.919654836,35.285
total_ms,2_7_bag_slow,378,1779956673973834004,377.95429221200004,32.436
total_ms,2_7_bag_slow,379,1779956674932958334,378.91341654200005,31.293
total_ms,2_7_bag_slow,380,1779956675937647731,379.91810593900004,32.215
total_ms,2_7_bag_slow,381,1779956676948587128,380.929045336,33.141
total_ms,2_7_bag_slow,382,1779956677933740791,381.914198999,35.679
total_ms,2_7_bag_slow,383,1779956678989364509,382.969822717,37.343
total_ms,2_7_bag_slow,384,1779956679944551668,383.92500987600005,33.454
total_ms,2_7_bag_slow,385,1779956680958928678,384.939386886,35.72
total_ms,2_7_bag_slow,386,1779956681950439687,385.93089789500004,33.413
total_ms,2_7_bag_slow,387,1779956682943654859,386.924113067,36.254
total_ms,2_7_bag_slow,388,1779956683933128645,387.913586853,35.827
total_ms,2_7_bag_slow,389,1779956684968433907,388.94889211500004,33.899
total_ms,2_7_bag_slow,390,1779956685941779851,389.92223805900005,37.194
total_ms,2_7_bag_slow,391,1779956686980984702,390.96144291,37.788
total_ms,2_7_bag_slow,392,1779956687945331614,391.925789822,37.042
total_ms,2_7_bag_slow,393,1779956688951034870,392.931493078,40.447
total_ms,2_7_bag_slow,394,1779956689948269704,393.928727912,32.685
total_ms,2_7_bag_slow,395,1779956690934921040,394.915379248,34.058
total_ms,2_7_bag_slow,396,1779956691935804971,395.916263179,30.273
total_ms,2_7_bag_slow,397,1779956692951306329,396.93176453700005,33.268
total_ms,2_7_bag_slow,398,1779956693933515348,397.91397355600003,34.717
total_ms,2_7_bag_slow,399,1779956694936962922,398.91742113000004,36.449
total_ms,2_7_bag_slow,400,1779956695955527766,399.935985974,35.635
total_ms,2_7_bag_slow,401,1779956696949835479,400.930293687,32.841
total_ms,2_7_bag_slow,402,1779956697969787828,401.950246036,33.432
total_ms,2_7_bag_slow,403,1779956698973388175,402.95384638300004,35.477
total_ms,2_7_bag_slow,404,1779956699936275280,403.91673348800003,36.726
total_ms,2_7_bag_slow,405,1779956700961983429,404.942441637,33.369
total_ms,2_7_bag_slow,406,1779956701964343290,405.944801498,36.192
total_ms,2_7_bag_slow,407,1779956702934901499,406.91535970700005,33.194
total_ms,2_7_bag_slow,408,1779956703944830990,407.92528919800003,32.591
total_ms,2_7_bag_slow,409,1779956704953637809,408.934096017,36.154
total_ms,2_7_bag_slow,410,1779956705971199974,409.951658182,33.611
total_ms,2_7_bag_slow,411,1779956706943759492,410.92421770000004,36.467
total_ms,2_7_bag_slow,412,1779956707953212648,411.93367085600005,32.954
total_ms,2_7_bag_slow,413,1779956708939728815,412.92018702300004,35.933
total_ms,2_7_bag_slow,414,1779956709955732773,413.93619098100004,34.619
total_ms,2_7_bag_slow,415,1779956710964959046,414.945417254,40.291
total_ms,2_7_bag_slow,416,1779956711955278406,415.935736614,39.188
total_ms,2_7_bag_slow,417,1779956712966312762,416.94677097000005,36.496
total_ms,2_7_bag_slow,418,1779956713944190980,417.92464918800005,32.719
total_ms,2_7_bag_slow,419,1779956714961799788,418.942257996,36.529
total_ms,2_7_bag_slow,420,1779956715942690777,419.923148985,39.656
total_ms,2_7_bag_slow,421,1779956716950489092,420.9309473,38.257
total_ms,2_7_bag_slow,422,1779956717939318810,421.91977701800005,34.305
total_ms,2_7_bag_slow,423,1779956718971587412,422.95204562000004,39.017
total_ms,2_7_bag_slow,424,1779956719971105020,423.95156322800005,33.04
total_ms,2_7_bag_slow,425,1779956720932702499,424.91316070700003,33.606
total_ms,2_7_bag_slow,426,1779956721943812785,425.92427099300005,35.863
total_ms,2_7_bag_slow,427,1779956722951544285,426.932002493,36.773
total_ms,2_7_bag_slow,428,1779956723937972641,427.918430849,36.207
total_ms,2_7_bag_slow,429,1779956724970044924,428.95050313200005,38.061
total_ms,2_7_bag_slow,430,1779956725944074830,429.92453303800005,33.825
total_ms,2_7_bag_slow,431,1779956726968949780,430.949407988,33.834
total_ms,2_7_bag_slow,432,1779956727956182760,431.936640968,35.681
total_ms,2_7_bag_slow,433,1779956728951208951,432.931667159,39.359
total_ms,2_7_bag_slow,434,1779956729944303073,433.92476128100003,35.061
total_ms,2_7_bag_slow,435,1779956730958592338,434.93905054600003,35.209
total_ms,2_7_bag_slow,436,1779956731994606273,435.975064481,35.484
total_ms,2_7_bag_slow,437,1779956732948278306,436.92873651400004,35.113
total_ms,2_7_bag_slow,438,1779956733962008986,437.942467194,36.269
total_ms,2_7_bag_slow,439,1779956734956309940,438.93676814800006,34.15
total_ms,2_7_bag_slow,440,1779956735947377483,439.92783569100004,34.768
total_ms,2_7_bag_slow,441,1779956736947738136,440.928196344,34.392
total_ms,2_7_bag_slow,442,1779956737928443488,441.90890169600004,33.102
total_ms,2_7_bag_slow,443,1779956738955045809,442.935504017,38.987
total_ms,2_7_bag_slow,444,1779956739946586209,443.92704441700005,34.017
total_ms,2_7_bag_slow,445,1779956740962892544,444.943350752,32.024
total_ms,2_7_bag_slow,446,1779956741933713618,445.91417182600003,32.753
total_ms,2_7_bag_slow,447,1779956742934538556,446.914996764,33.037
total_ms,2_7_bag_slow,448,1779956743936744170,447.917202378,34.398
total_ms,2_7_bag_slow,449,1779956744945716761,448.92617496900004,32.039
total_ms,2_7_bag_slow,450,1779956745980259554,449.960717762,39.293
total_ms,2_7_bag_slow,451,1779956746931986573,450.91244478100003,32.247
total_ms,2_7_bag_slow,452,1779956747932478672,451.91293688,34.866
total_ms,2_7_bag_slow,453,1779956748953626004,452.934084212,36.048
total_ms,2_7_bag_slow,454,1779956749969334403,453.949792611,37.691
total_ms,2_7_bag_slow,455,1779956750985066591,454.96552479900004,43.263
total_ms,2_7_bag_slow,456,1779956751942422874,455.922881082,36.509
total_ms,2_7_bag_slow,457,1779956752971444548,456.95190275600004,35.439
total_ms,2_7_bag_slow,458,1779956753947903584,457.92836179200003,32.75
total_ms,2_7_bag_slow,459,1779956754951416666,458.931874874,35.349
total_ms,2_7_bag_slow,460,1779956755937448923,459.91790713100005,32.911
total_ms,2_7_bag_slow,461,1779956756943024133,460.923482341,36.375
total_ms,2_7_bag_slow,462,1779956757951571962,461.93203017,37.065
total_ms,2_7_bag_slow,463,1779956758939319353,462.91977756100005,39.886
total_ms,2_7_bag_slow,464,1779956759951859662,463.93231787,36.806
total_ms,2_7_bag_slow,465,1779956760944440516,464.924898724,36.081
total_ms,2_7_bag_slow,466,1779956761958534936,465.93899314400005,36.675
total_ms,2_7_bag_slow,467,1779956762947679983,466.928138191,35.457
total_ms,2_7_bag_slow,468,1779956763943024602,467.92348281000005,38.922
total_ms,2_7_bag_slow,469,1779956764959948838,468.940407046,38.384
total_ms,2_7_bag_slow,470,1779956765996319402,469.97677761000006,33.33
total_ms,2_7_bag_slow,471,1779956766945412469,470.92587067700003,33.428
total_ms,2_7_bag_slow,472,1779956767941205949,471.921664157,34.312
total_ms,2_7_bag_slow,473,1779956768944155341,472.924613549,39.668
total_ms,2_7_bag_slow,474,1779956769948658674,473.929116882,38.665
total_ms,2_7_bag_slow,475,1779956770940702732,474.92116094000005,32.403
total_ms,2_7_bag_slow,476,1779956771962293918,475.942752126,34.486
total_ms,2_7_bag_slow,477,1779956772952245789,476.93270399700003,32.673
total_ms,2_7_bag_slow,478,1779956773964990921,477.94544912900005,35.612
total_ms,2_7_bag_slow,479,1779956774950555076,478.931013284,37.96
total_ms,2_7_bag_slow,480,1779956775946393782,479.92685199000005,36.673
total_ms,2_7_bag_slow,481,1779956776945544626,480.92600283400003,31.585
total_ms,2_7_bag_slow,482,1779956777936472459,481.91693066700003,36.668
total_ms,2_7_bag_slow,483,1779956778947285228,482.927743436,34.922
total_ms,2_7_bag_slow,484,1779956779962590992,483.9430492,36.824
total_ms,2_7_bag_slow,485,1779956780946031618,484.926489826,32.837
total_ms,2_7_bag_slow,486,1779956781942658973,485.923117181,33.924
total_ms,2_7_bag_slow,487,1779956782957477291,486.93793549900005,41.583
total_ms,2_7_bag_slow,488,1779956783952256437,487.93271464500003,31.486
total_ms,2_7_bag_slow,489,1779956784962716122,488.94317433000003,33.794
total_ms,2_7_bag_slow,490,1779956785937703626,489.91816183400005,35.533
total_ms,2_7_bag_slow,491,1779956786959111613,490.939569821,34.615
total_ms,2_7_bag_slow,492,1779956787948773963,491.929232171,33.945
total_ms,2_7_bag_slow,493,1779956788974478602,492.95493681000005,38.41
total_ms,2_7_bag_slow,494,1779956789952746534,493.93320474200004,38.664
total_ms,2_7_bag_slow,495,1779956790949185225,494.929643433,35.956
total_ms,2_7_bag_slow,496,1779956791953683041,495.93414124900005,39.285
total_ms,2_7_bag_slow,497,1779956792985546061,496.96600426900005,34.352
total_ms,2_7_bag_slow,498,1779956793968136481,497.948594689,37.292
total_ms,2_7_bag_slow,499,1779956794960453090,498.940911298,33.375
total_ms,2_7_bag_slow,500,1779956795938765973,499.919224181,32.894
total_ms,2_7_bag_slow,501,1779956796929767174,500.910225382,34.497
total_ms,2_7_bag_slow,502,1779956797945599024,501.926057232,35.577
total_ms,2_7_bag_slow,503,1779956798947816305,502.928274513,40.126
total_ms,2_7_bag_slow,504,1779956799982092209,503.96255041700005,37.448
total_ms,2_7_bag_slow,505,1779956800938183803,504.91864201100003,32.921
total_ms,2_7_bag_slow,506,1779956801970376251,505.950834459,32.179
total_ms,2_7_bag_slow,507,1779956802960457095,506.94091530300005,31.977
total_ms,2_7_bag_slow,508,1779956803936670221,507.91712842900006,30.695
total_ms,2_7_bag_slow,509,1779956804938782392,508.9192406,38.657
total_ms,2_7_bag_slow,510,1779956805937816005,509.918274213,31.529
total_ms,2_7_bag_slow,511,1779956806970110120,510.95056832800003,36.864
total_ms,2_7_bag_slow,512,1779956807953566533,511.93402474100003,33.078
total_ms,2_7_bag_slow,513,1779956808955046259,512.935504467,35.904
total_ms,2_7_bag_slow,514,1779956809963141926,513.943600134,39.825
total_ms,2_7_bag_slow,515,1779956810933431021,514.913889229,34.896
total_ms,2_7_bag_slow,516,1779956811944693910,515.925152118,35.161
total_ms,2_7_bag_slow,517,1779956812933085528,516.9135437360001,32.679
total_ms,2_7_bag_slow,518,1779956813932143240,517.912601448,31.357
total_ms,2_7_bag_slow,519,1779956814963929214,518.944387422,41.586
total_ms,2_7_bag_slow,520,1779956815930091408,519.910549616,33.583
total_ms,2_7_bag_slow,521,1779956816939929035,520.920387243,36.07
total_ms,2_7_bag_slow,522,1779956817938768161,521.9192263690001,32.589
total_ms,2_7_bag_slow,523,1779956818944621204,522.9250794120001,33.174
total_ms,2_7_bag_slow,524,1779956819946471514,523.9269297220001,32.626
total_ms,2_7_bag_slow,525,1779956820976280263,524.956738471,30.789
total_ms,2_7_bag_slow,526,1779956821970338951,525.950797159,32.571
total_ms,2_7_bag_slow,527,1779956822962993335,526.943451543,39.891
total_ms,2_7_bag_slow,528,1779956823955208539,527.935666747,35.568
total_ms,2_7_bag_slow,529,1779956824954612739,528.935070947,34.895
total_ms,2_7_bag_slow,530,1779956825953132538,529.933590746,37.27
total_ms,2_7_bag_slow,531,1779956826998298058,530.978756266,35.341
total_ms,2_7_bag_slow,532,1779956827957231173,531.937689381,37.769
total_ms,2_7_bag_slow,533,1779956828952474514,532.932932722,38.408
total_ms,2_7_bag_slow,534,1779956829933925202,533.91438341,31.138
total_ms,2_7_bag_slow,535,1779956830937028970,534.917487178,31.81
total_ms,2_7_bag_slow,536,1779956831936583684,535.917041892,31.215
total_ms,2_7_bag_slow,537,1779956832936731068,536.917189276,31.436
total_ms,2_7_bag_slow,538,1779956833970597394,537.951055602,32.869
total_ms,2_7_bag_slow,539,1779956834952852375,538.933310583,37.798
total_ms,2_7_bag_slow,540,1779956835960560614,539.941018822,33.393
total_ms,2_7_bag_slow,541,1779956837004994544,540.985452752,38.069
total_ms,2_7_bag_slow,542,1779956837972511102,541.9529693100001,31.024
total_ms,2_7_bag_slow,543,1779956838942072469,542.922530677,35.985
total_ms,2_7_bag_slow,544,1779956839966026075,543.946484283,34.038
total_ms,2_7_bag_slow,545,1779956840938002219,544.918460427,31.851
total_ms,2_7_bag_slow,546,1779956841958056521,545.9385147290001,33.55
total_ms,2_7_bag_slow,547,1779956842996075511,546.976533719,36.806
total_ms,2_7_bag_slow,548,1779956843959988130,547.940446338,30.431
total_ms,2_7_bag_slow,549,1779956844954196200,548.934654408,37.397
total_ms,2_7_bag_slow,550,1779956845944256851,549.924715059,32.553
total_ms,2_7_bag_slow,551,1779956846960922246,550.9413804540001,40.191
total_ms,2_7_bag_slow,552,1779956847945094614,551.925552822,31.369
total_ms,2_7_bag_slow,553,1779956848979897116,552.960355324,33.939
total_ms,2_7_bag_slow,554,1779956849942136000,553.9225942080001,31.994
total_ms,2_7_bag_slow,555,1779956850944068889,554.924527097,34.41
total_ms,2_7_bag_slow,556,1779956851947198150,555.927656358,31.883
total_ms,2_7_bag_slow,557,1779956852970586370,556.951044578,33.622
total_ms,2_7_bag_slow,558,1779956853934723581,557.915181789,32.682
total_ms,2_7_bag_slow,559,1779956854982588595,558.963046803,32.295
total_ms,2_7_bag_slow,560,1779956855941265167,559.921723375,31.964
total_ms,2_7_bag_slow,561,1779956856953867642,560.93432585,36.107
total_ms,2_7_bag_slow,562,1779956857960642547,561.941100755,39.504
total_ms,2_7_bag_slow,563,1779956858956728783,562.9371869910001,35.74
total_ms,2_7_bag_slow,564,1779956859975961699,563.956419907,35.74
total_ms,2_7_bag_slow,565,1779956860987558514,564.968016722,40.206
total_ms,2_7_bag_slow,566,1779956861963016231,565.943474439,36.965
total_ms,2_7_bag_slow,567,1779956862962788590,566.943246798,32.724
total_ms,2_7_bag_slow,568,1779956863963670460,567.9441286680001,34.112
total_ms,2_7_bag_slow,569,1779956864950883758,568.931341966,37.89
total_ms,2_7_bag_slow,570,1779956865945547796,569.926006004,33.339
total_ms,2_7_bag_slow,571,1779956866972626283,570.953084491,33.068
total_ms,2_7_bag_slow,572,1779956867945962297,571.926420505,32.954
total_ms,2_7_bag_slow,573,1779956869020866442,573.00132465,39.657
total_ms,2_7_bag_slow,574,1779956869935446840,573.915905048,35.401
total_ms,2_7_bag_slow,575,1779956870939214464,574.919672672,33.517
total_ms,2_7_bag_slow,576,1779956871948622247,575.9290804550001,39.991
total_ms,2_7_bag_slow,577,1779956872947000995,576.927459203,37.208
total_ms,2_7_bag_slow,578,1779956873950053884,577.9305120920001,38.314
total_ms,2_7_bag_slow,579,1779956874963014178,578.943472386,34.961
total_ms,2_7_bag_slow,580,1779956875946014294,579.926472502,32.472
total_ms,2_7_bag_slow,581,1779956876969369361,580.949827569,34.282
total_ms,2_7_bag_slow,582,1779956877948757871,581.9292160790001,33.409
total_ms,2_7_bag_slow,583,1779956878934799707,582.915257915,35.319
total_ms,2_7_bag_slow,584,1779956879961780125,583.9422383330001,41.086
total_ms,2_7_bag_slow,585,1779956880935631656,584.916089864,32.166
total_ms,2_7_bag_slow,586,1779956881948060900,585.928519108,34.721
total_ms,2_7_bag_slow,587,1779956882948282201,586.928740409,35.196
total_ms,2_7_bag_slow,588,1779956883939920109,587.9203783170001,33.837
total_ms,2_7_bag_slow,589,1779956884960154076,588.940612284,32.592
total_ms,2_7_bag_slow,590,1779956885943088196,589.923546404,36.952
total_ms,2_7_bag_slow,591,1779956886945229494,590.925687702,34.435
total_ms,2_7_bag_slow,592,1779956887946714135,591.927172343,39.168
total_ms,2_7_new_plugin_bag,0,1779954819392540062,0.0,67.201
total_ms,2_7_new_plugin_bag,1,1779954819465259969,0.072719907,36.113
total_ms,2_7_new_plugin_bag,2,1779954819558410213,0.16587015100000002,43.95
total_ms,2_7_new_plugin_bag,3,1779954819661286152,0.26874609,49.255
total_ms,2_7_new_plugin_bag,4,1779954819769557116,0.377017054,45.226
total_ms,2_7_new_plugin_bag,5,1779954819876308080,0.483768018,67.716
total_ms,2_7_new_plugin_bag,6,1779954820001473178,0.608933116,63.867
total_ms,2_7_new_plugin_bag,7,1779954820133826673,0.741286611,44.37
total_ms,2_7_new_plugin_bag,8,1779954820178622733,0.7860826710000001,41.856
total_ms,2_7_new_plugin_bag,9,1779954820321709217,0.9291691550000001,57.637
total_ms,2_7_new_plugin_bag,10,1779954820367081956,0.974541894,43.772
total_ms,2_7_new_plugin_bag,11,1779954820495920180,1.103380118,54.749
total_ms,2_7_new_plugin_bag,12,1779954820556606048,1.164065986,42.637
total_ms,2_7_new_plugin_bag,13,1779954820645937386,1.253397324,39.238
total_ms,2_7_new_plugin_bag,14,1779954820776413128,1.383873066,67.394
total_ms,2_7_new_plugin_bag,15,1779954820934895009,1.5423549470000002,50.327
total_ms,2_7_new_plugin_bag,16,1779954821022537038,1.6299969760000002,55.017
total_ms,2_7_new_plugin_bag,17,1779954821087518693,1.6949786310000001,62.458
total_ms,2_7_new_plugin_bag,18,1779954821171281347,1.7787412850000002,49.762
total_ms,2_7_new_plugin_bag,19,1779954821379588452,1.9870483900000002,140.557
total_ms,2_7_new_plugin_bag,20,1779954821556666518,2.164126456,159.591
total_ms,2_7_new_plugin_bag,21,1779954821668193189,2.275653127,108.99
total_ms,2_7_new_plugin_bag,22,1779954821955869910,2.563329848,179.276
total_ms,2_7_new_plugin_bag,23,1779954822053464052,2.66092399,75.783
total_ms,2_7_new_plugin_bag,24,1779954822196371629,2.803831567,63.103
total_ms,2_7_new_plugin_bag,25,1779954822278779611,2.8862395490000003,75.516
total_ms,2_7_new_plugin_bag,26,1779954822433718891,3.041178829,141.362
total_ms,2_7_new_plugin_bag,27,1779954822516519985,3.1239799230000003,80.417
total_ms,2_7_new_plugin_bag,28,1779954822687623361,3.2950832990000003,103.099
total_ms,2_7_new_plugin_bag,29,1779954822836006486,3.4434664240000004,147.279
total_ms,2_7_new_plugin_bag,30,1779954822927339819,3.534799757,90.099
total_ms,2_7_new_plugin_bag,31,1779954823021657110,3.6291170480000003,91.155
total_ms,2_7_new_plugin_bag,32,1779954823114096376,3.7215563140000003,90.853
total_ms,2_7_new_plugin_bag,33,1779954823193032614,3.800492552,78.032
total_ms,2_7_new_plugin_bag,34,1779954823358133778,3.9655937160000003,119.645
total_ms,2_7_new_plugin_bag,35,1779954823440413366,4.047873304,81.124
total_ms,2_7_new_plugin_bag,36,1779954823504428297,4.111888235,62.165
total_ms,2_7_new_plugin_bag,37,1779954823564454383,4.171914321,58.701
total_ms,2_7_new_plugin_bag,38,1779954823647884367,4.255344305,64.9
total_ms,2_7_new_plugin_bag,39,1779954823708402640,4.315862578,58.554
total_ms,2_7_new_plugin_bag,40,1779954823816196013,4.423655951000001,69.257
total_ms,2_7_new_plugin_bag,41,1779954823877714623,4.485174561,51.453
total_ms,2_7_new_plugin_bag,42,1779954824062864488,4.6703244260000005,158.512
total_ms,2_7_new_plugin_bag,43,1779954824145570590,4.753030528,79.847
total_ms,2_7_new_plugin_bag,44,1779954824214275648,4.821735586,66.307
total_ms,2_7_new_plugin_bag,45,1779954824348789271,4.956249209,83.517
total_ms,2_7_new_plugin_bag,46,1779954824417327367,5.024787305,66.62
total_ms,2_7_new_plugin_bag,47,1779954824507950423,5.115410361,86.908
total_ms,2_7_new_plugin_bag,48,1779954824599128664,5.206588602,89.709
total_ms,2_7_new_plugin_bag,49,1779954824643840216,5.251300154,43.389
total_ms,2_7_new_plugin_bag,50,1779954824737765816,5.345225754,79.274
total_ms,2_7_new_plugin_bag,51,1779954824887347737,5.494807675000001,103.499
total_ms,2_7_new_plugin_bag,52,1779954824968044815,5.575504753000001,78.863
total_ms,2_7_new_plugin_bag,53,1779954825037755087,5.645215025000001,68.966
total_ms,2_7_new_plugin_bag,54,1779954825119213367,5.726673305,79.686
total_ms,2_7_new_plugin_bag,55,1779954825237052418,5.844512356,116.92
total_ms,2_7_new_plugin_bag,56,1779954825298360697,5.905820635,59.879
total_ms,2_7_new_plugin_bag,57,1779954825354021508,5.9614814460000005,54.682
total_ms,2_7_new_plugin_bag,58,1779954825444551984,6.052011922,62.147
total_ms,2_7_new_plugin_bag,59,1779954825532432920,6.1398928580000005,40.045
total_ms,2_7_new_plugin_bag,60,1779954825615932705,6.223392643,43.217
total_ms,2_7_new_plugin_bag,61,1779954825664991031,6.272450969,48.01
total_ms,2_7_new_plugin_bag,62,1779954825739407007,6.346866945,32.551
total_ms,2_7_new_plugin_bag,63,1779954825850660913,6.458120851,39.175
total_ms,2_7_new_plugin_bag,64,1779954825954879403,6.562339341,48.306
total_ms,2_7_new_plugin_bag,65,1779954826052059681,6.659519619,39.805
total_ms,2_7_new_plugin_bag,66,1779954826137195215,6.744655153,32.684
total_ms,2_7_new_plugin_bag,67,1779954826230679213,6.838139151,34.529
total_ms,2_7_new_plugin_bag,68,1779954826349344774,6.956804712,53.038
total_ms,2_7_new_plugin_bag,69,1779954826472988689,7.080448627000001,48.187
total_ms,2_7_new_plugin_bag,70,1779954826548244525,7.155704463,40.304
total_ms,2_7_new_plugin_bag,71,1779954826667445695,7.274905633,58.301
total_ms,2_7_new_plugin_bag,72,1779954826749371008,7.3568309460000005,52.057
total_ms,2_7_new_plugin_bag,73,1779954826865837931,7.4732978690000005,51.281
total_ms,2_7_new_plugin_bag,74,1779954826971765226,7.579225164,53.774
total_ms,2_7_new_plugin_bag,75,1779954827064946052,7.672405990000001,42.189
total_ms,2_7_new_plugin_bag,76,1779954827169224838,7.776684776000001,54.166
total_ms,2_7_new_plugin_bag,77,1779954827272358747,7.879818685000001,46.249
total_ms,2_7_new_plugin_bag,78,1779954827372084964,7.979544902000001,47.172
total_ms,2_7_new_plugin_bag,79,1779954827438060922,8.04552086,33.138
total_ms,2_7_new_plugin_bag,80,1779954827563077663,8.170537601000001,44.986
total_ms,2_7_new_plugin_bag,81,1779954827642566094,8.250026032000001,45.21
total_ms,2_7_new_plugin_bag,82,1779954827739188571,8.346648509000001,42.278
total_ms,2_7_new_plugin_bag,83,1779954827839629380,8.447089318,42.149
total_ms,2_7_new_plugin_bag,84,1779954827941422402,8.54888234,47.755
total_ms,2_7_new_plugin_bag,85,1779954828096982042,8.70444198,62.094
total_ms,2_7_new_plugin_bag,86,1779954828156874101,8.764334039000001,45.85
total_ms,2_7_new_plugin_bag,87,1779954828239532599,8.846992537,42.597
total_ms,2_7_new_plugin_bag,88,1779954828344587118,8.952047056000001,49.204
total_ms,2_7_new_plugin_bag,89,1779954828451110134,9.058570072,38.939
total_ms,2_7_new_plugin_bag,90,1779954828554489797,9.161949735,44.467
total_ms,2_7_new_plugin_bag,91,1779954828637999657,9.245459595,39.998
total_ms,2_7_new_plugin_bag,92,1779954828728467937,9.335927875000001,35.584
total_ms,2_7_new_plugin_bag,93,1779954828854204934,9.461664872,42.682
total_ms,2_7_new_plugin_bag,94,1779954828972885044,9.580344982,38.003
total_ms,2_7_new_plugin_bag,95,1779954829060245766,9.667705704000001,48.605
total_ms,2_7_new_plugin_bag,96,1779954829155800693,9.763260631000001,38.342
total_ms,2_7_new_plugin_bag,97,1779954829255141335,9.862601273000001,41.315
total_ms,2_7_new_plugin_bag,98,1779954829349803146,9.957263084000001,40.732
total_ms,2_7_new_plugin_bag,99,1779954829428625273,10.036085211000001,33.561
total_ms,2_7_new_plugin_bag,100,1779954829531320518,10.138780456000001,31.66
total_ms,2_7_new_plugin_bag,101,1779954829692581773,10.300041711,40.131
total_ms,2_7_new_plugin_bag,102,1779954829732969374,10.340429312000001,33.807
total_ms,2_7_new_plugin_bag,103,1779954829828735780,10.436195718,34.571
total_ms,2_7_new_plugin_bag,104,1779954829928415496,10.535875434000001,35.049
total_ms,2_7_new_plugin_bag,105,1779954830060039848,10.667499786,43.266
total_ms,2_7_new_plugin_bag,106,1779954830126578795,10.734038733,38.177
total_ms,2_7_new_plugin_bag,107,1779954830225125760,10.832585698,36.414
total_ms,2_7_new_plugin_bag,108,1779954830321340679,10.928800617,32.603
total_ms,2_7_new_plugin_bag,109,1779954830460736865,11.068196803000001,51.744
total_ms,2_7_new_plugin_bag,110,1779954830536336657,11.143796595000001,33.877
total_ms,2_7_new_plugin_bag,111,1779954830631046747,11.238506685,34.172
total_ms,2_7_new_plugin_bag,112,1779954830749258113,11.356718051000001,40.577
total_ms,2_7_new_plugin_bag,113,1779954830829492467,11.436952405000001,34.461
total_ms,2_7_new_plugin_bag,114,1779954830946851605,11.554311543,38.935
total_ms,2_7_new_plugin_bag,115,1779954831033493212,11.640953150000001,36.736
total_ms,2_7_new_plugin_bag,116,1779954831143006854,11.750466792000001,43.047
total_ms,2_7_new_plugin_bag,117,1779954831268588641,11.876048579,50.824
total_ms,2_7_new_plugin_bag,118,1779954831372472985,11.979932923000002,49.607
total_ms,2_7_new_plugin_bag,119,1779954831444908946,12.052368884000002,42.09
total_ms,2_7_new_plugin_bag,120,1779954831546700700,12.154160638,47.194
total_ms,2_7_new_plugin_bag,121,1779954831669846167,12.277306105000001,50.616
total_ms,2_7_new_plugin_bag,122,1779954831774818568,12.382278506,45.392
total_ms,2_7_new_plugin_bag,123,1779954831857659604,12.465119542,43.095
total_ms,2_7_new_plugin_bag,124,1779954831933131825,12.540591763,35.558
total_ms,2_7_new_plugin_bag,125,1779954832067636246,12.675096184000001,46.297
total_ms,2_7_new_plugin_bag,126,1779954832131360235,12.738820173,39.474
total_ms,2_7_new_plugin_bag,127,1779954832234802003,12.842261941,39.676
total_ms,2_7_new_plugin_bag,128,1779954832347611211,12.955071149,41.205
total_ms,2_7_new_plugin_bag,129,1779954832434421815,13.041881753,35.337
total_ms,2_7_new_plugin_bag,130,1779954832538499038,13.145958976000001,38.705
total_ms,2_7_new_plugin_bag,131,1779954832631798945,13.239258883000002,35.907
total_ms,2_7_new_plugin_bag,132,1779954832747748940,13.355208878000001,35.992
total_ms,2_7_new_plugin_bag,133,1779954832853388353,13.460848291000001,40.152
total_ms,2_7_new_plugin_bag,134,1779954832924936877,13.532396815,39.12
total_ms,2_7_new_plugin_bag,135,1779954833056036641,13.663496579,42.345
total_ms,2_7_new_plugin_bag,136,1779954833139263338,13.746723276,34.206
total_ms,2_7_new_plugin_bag,137,1779954833275191355,13.882651293,53.959
total_ms,2_7_new_plugin_bag,138,1779954833332567707,13.940027645,34.667
total_ms,2_7_new_plugin_bag,139,1779954833455278938,14.062738876000001,45.587
total_ms,2_7_new_plugin_bag,140,1779954833571069782,14.17852972,53.026
total_ms,2_7_new_plugin_bag,141,1779954833635724645,14.243184583000001,36.835
total_ms,2_7_new_plugin_bag,142,1779954833748850958,14.356310896,41.985
total_ms,2_7_new_plugin_bag,143,1779954833897477204,14.504937142000001,53.797
total_ms,2_7_new_plugin_bag,144,1779954833975081080,14.582541018,59.536
total_ms,2_7_new_plugin_bag,145,1779954834055092066,14.662552004,38.87
total_ms,2_7_new_plugin_bag,146,1779954834160522842,14.76798278,51.683
total_ms,2_7_new_plugin_bag,147,1779954834246294375,14.853754313000001,34.271
total_ms,2_7_new_plugin_bag,148,1779954834361936550,14.969396488000001,52.946
total_ms,2_7_new_plugin_bag,149,1779954834497874488,15.105334426,59.365
total_ms,2_7_new_plugin_bag,150,1779954834582461074,15.189921012000001,59.723
total_ms,2_7_new_plugin_bag,151,1779954834666649953,15.274109891,46.985
total_ms,2_7_new_plugin_bag,152,1779954834752101449,15.359561387000001,50.429
total_ms,2_7_new_plugin_bag,153,1779954834859043973,15.466503911,40.015
total_ms,2_7_new_plugin_bag,154,1779954834957670058,15.565129996000001,39.392
total_ms,2_7_new_plugin_bag,155,1779954835087883278,15.695343216000001,54.603
total_ms,2_7_new_plugin_bag,156,1779954835155047267,15.762507205,38.317
total_ms,2_7_new_plugin_bag,157,1779954835291444311,15.898904249000001,51.617
total_ms,2_7_new_plugin_bag,158,1779954835364124817,15.971584755,43.826
total_ms,2_7_new_plugin_bag,159,1779954835430991680,16.038451618,36.384
total_ms,2_7_new_plugin_bag,160,1779954835544902178,16.152362116000003,34.976
total_ms,2_7_new_plugin_bag,161,1779954835643366613,16.250826551,36.623
total_ms,2_7_new_plugin_bag,162,1779954835757800495,16.365260433,45.43
total_ms,2_7_new_plugin_bag,163,1779954835826073116,16.433533054,35.893
total_ms,2_7_new_plugin_bag,164,1779954835995768963,16.603228901,54.669
total_ms,2_7_new_plugin_bag,165,1779954836030345230,16.637805168,33.68
total_ms,2_7_new_plugin_bag,166,1779954836155529849,16.762989787000002,40.325
total_ms,2_7_new_plugin_bag,167,1779954836231480145,16.838940083,34.77
total_ms,2_7_new_plugin_bag,168,1779954836352413547,16.959873485000003,39.469
total_ms,2_7_new_plugin_bag,169,1779954836499835898,17.107295836000002,55.055
total_ms,2_7_new_plugin_bag,170,1779954836539329206,17.146789144,35.457
total_ms,2_7_new_plugin_bag,171,1779954836641002451,17.248462389,42.017
total_ms,2_7_new_plugin_bag,172,1779954836724095817,17.331555755,35.672
total_ms,2_7_new_plugin_bag,173,1779954836835404652,17.442864590000003,34.91
total_ms,2_7_new_plugin_bag,174,1779954836943500483,17.550960421000003,37.39
total_ms,2_7_new_plugin_bag,175,1779954837059268724,17.666728662,44.182
total_ms,2_7_new_plugin_bag,176,1779954837142933441,17.750393379000002,49.32
total_ms,2_7_new_plugin_bag,177,1779954837231150170,17.838610108,39.801
total_ms,2_7_new_plugin_bag,178,1779954837344900875,17.952360813000002,35.746
total_ms,2_7_new_plugin_bag,179,1779954837428477896,18.035937834000002,32.112
total_ms,2_7_new_plugin_bag,180,1779954837545006664,18.152466602,39.952
total_ms,2_7_new_plugin_bag,181,1779954837626175717,18.233635655,34.008
total_ms,2_7_new_plugin_bag,182,1779954837746721793,18.354181731,39.664
total_ms,2_7_new_plugin_bag,183,1779954837825323861,18.432783799000003,33.889
total_ms,2_7_new_plugin_bag,184,1779954837943335203,18.550795141000002,36.994
total_ms,2_7_new_plugin_bag,185,1779954838052929967,18.660389905000002,43.771
total_ms,2_7_new_plugin_bag,186,1779954838136770491,18.744230429,33.804
total_ms,2_7_new_plugin_bag,187,1779954838230405073,18.837865011,33.457
total_ms,2_7_new_plugin_bag,188,1779954838355083693,18.962543631000003,38.917
total_ms,2_7_new_plugin_bag,189,1779954838457652955,19.065112893000002,34.757
total_ms,2_7_new_plugin_bag,190,1779954838541818973,19.149278911,34.797
total_ms,2_7_new_plugin_bag,191,1779954838661299683,19.268759621,44.536
total_ms,2_7_new_plugin_bag,192,1779954838754519497,19.361979435000002,42.843
total_ms,2_7_new_plugin_bag,193,1779954838829303095,19.436763033000002,35.897
total_ms,2_7_new_plugin_bag,194,1779954838946134861,19.553594799000003,43.659
total_ms,2_7_new_plugin_bag,195,1779954839060253187,19.667713125000002,42.648
total_ms,2_7_new_plugin_bag,196,1779954839132709623,19.740169561000002,34.479
total_ms,2_7_new_plugin_bag,197,1779954839229838423,19.837298361000002,38.169
total_ms,2_7_new_plugin_bag,198,1779954839342918465,19.950378403000002,36.556
total_ms,2_7_new_plugin_bag,199,1779954839462042886,20.069502824,44.635
total_ms,2_7_new_plugin_bag,200,1779954839536819817,20.144279755000003,42.536
total_ms,2_7_new_plugin_bag,201,1779954839679191980,20.286651918,51.619
total_ms,2_7_new_plugin_bag,202,1779954839755957782,20.36341772,46.977
total_ms,2_7_new_plugin_bag,203,1779954839861443105,20.468903043,41.061
total_ms,2_7_new_plugin_bag,204,1779954839991682172,20.599142110000003,61.984
total_ms,2_7_new_plugin_bag,205,1779954840036206093,20.643666031000002,35.768
total_ms,2_7_new_plugin_bag,206,1779954840144646023,20.752105961,41.792
total_ms,2_7_new_plugin_bag,207,1779954840236430952,20.84389089,43.995
total_ms,2_7_new_plugin_bag,208,1779954840334869672,20.94232961,38.926
total_ms,2_7_new_plugin_bag,209,1779954840444325912,21.05178585,37.34
total_ms,2_7_new_plugin_bag,210,1779954840578079455,21.185539393000003,47.867
total_ms,2_7_new_plugin_bag,211,1779954840639378002,21.246837940000002,42.322
total_ms,2_7_new_plugin_bag,212,1779954840730925629,21.338385567,39.263
total_ms,2_7_new_plugin_bag,213,1779954840858566183,21.466026121000002,46.876
total_ms,2_7_new_plugin_bag,214,1779954840948902411,21.556362349,41.372
total_ms,2_7_new_plugin_bag,215,1779954841035757971,21.643217909,40.042
total_ms,2_7_new_plugin_bag,216,1779954841180131673,21.787591611,65.375
total_ms,2_7_new_plugin_bag,217,1779954841280136571,21.887596509,52.576
total_ms,2_7_new_plugin_bag,218,1779954841348987062,21.956447,45.375
total_ms,2_7_new_plugin_bag,219,1779954841448103353,22.055563291000002,40.327
total_ms,2_7_new_plugin_bag,220,1779954841541698489,22.149158427,38.648
total_ms,2_7_new_plugin_bag,221,1779954841678884466,22.286344404,53.503
total_ms,2_7_new_plugin_bag,222,1779954841764167666,22.371627604,49.925
total_ms,2_7_new_plugin_bag,223,1779954841837794472,22.44525441,38.428
total_ms,2_7_new_plugin_bag,224,1779954841953228411,22.560688349000003,44.865
total_ms,2_7_new_plugin_bag,225,1779954842032900890,22.640360828000002,39.243
total_ms,2_7_new_plugin_bag,226,1779954842133626912,22.741086850000002,38.162
total_ms,2_7_new_plugin_bag,227,1779954842240307013,22.847766951,43.826
total_ms,2_7_new_plugin_bag,228,1779954842328844609,22.936304547000002,37.648
total_ms,2_7_new_plugin_bag,229,1779954842453967430,23.061427368,41.617
total_ms,2_7_new_plugin_bag,230,1779954842590284567,23.197744505000003,53.332
total_ms,2_7_new_plugin_bag,231,1779954842637820642,23.245280580000003,35.656
total_ms,2_7_new_plugin_bag,232,1779954842734174580,23.341634518000003,37.5
total_ms,2_7_new_plugin_bag,233,1779954842830232980,23.437692918,35.385
total_ms,2_7_new_plugin_bag,234,1779954842940368151,23.547828089000003,37.12
total_ms,2_7_new_plugin_bag,235,1779954843043781947,23.651241885,41.514
total_ms,2_7_new_plugin_bag,236,1779954843130012617,23.737472555,39.773
total_ms,2_7_new_plugin_bag,237,1779954843231436541,23.838896479000002,38.818
total_ms,2_7_new_plugin_bag,238,1779954843355926318,23.963386256,40.74
total_ms,2_7_new_plugin_bag,239,1779954843438734733,24.046194671000002,41.478
total_ms,2_7_new_plugin_bag,240,1779954843533652012,24.141111950000003,37.81
total_ms,2_7_new_plugin_bag,241,1779954843636630827,24.244090765000003,37.531
total_ms,2_7_new_plugin_bag,242,1779954843736845362,24.344305300000002,35.012
total_ms,2_7_new_plugin_bag,243,1779954843845254000,24.452713938000002,38.388
total_ms,2_7_new_plugin_bag,244,1779954843943481994,24.550941932,38.726
total_ms,2_7_new_plugin_bag,245,1779954844036880780,24.644340718000002,38.503
total_ms,2_7_new_plugin_bag,246,1779954844154842284,24.762302222000002,43.345
total_ms,2_7_new_plugin_bag,247,1779954844237994021,24.845453959,39.766
total_ms,2_7_new_plugin_bag,248,1779954844343832166,24.951292104,37.53
total_ms,2_7_new_plugin_bag,249,1779954844456198784,25.063658722000003,44.366
total_ms,2_7_new_plugin_bag,250,1779954844527472414,25.134932352,40.084
total_ms,2_7_new_plugin_bag,251,1779954844674164533,25.281624471,45.71
total_ms,2_7_new_plugin_bag,252,1779954844753839295,25.361299233,44.308
total_ms,2_7_new_plugin_bag,253,1779954844839860449,25.447320387,37.529
total_ms,2_7_new_plugin_bag,254,1779954844936317010,25.543776948,38.893
total_ms,2_7_new_plugin_bag,255,1779954845073132879,25.680592817,47.941
total_ms,2_7_new_plugin_bag,256,1779954845136783336,25.744243274000002,37.873
total_ms,2_7_new_plugin_bag,257,1779954845248312757,25.855772695000002,40.897
total_ms,2_7_new_plugin_bag,258,1779954845382352808,25.989812746000002,49.665
total_ms,2_7_new_plugin_bag,259,1779954845451359977,26.058819915,35.873
total_ms,2_7_new_plugin_bag,260,1779954845544969222,26.15242916,38.032
total_ms,2_7_new_plugin_bag,261,1779954845675211885,26.282671823,51.662
total_ms,2_7_new_plugin_bag,262,1779954845743746659,26.351206597,36.463
total_ms,2_7_new_plugin_bag,263,1779954845841940897,26.449400835000002,34.632
total_ms,2_7_new_plugin_bag,264,1779954845942052117,26.549512055,38.958
total_ms,2_7_new_plugin_bag,265,1779954846058335918,26.665795856000003,41.505
total_ms,2_7_new_plugin_bag,266,1779954846171709600,26.779169538,44.791
total_ms,2_7_new_plugin_bag,267,1779954846250776773,26.858236711,43.742
total_ms,2_7_new_plugin_bag,268,1779954846360154008,26.967613946,48.72
total_ms,2_7_new_plugin_bag,269,1779954846428825739,27.036285677000002,37.65
total_ms,2_7_new_plugin_bag,270,1779954846534869663,27.142329601,39.634
total_ms,2_7_new_plugin_bag,271,1779954846628283806,27.235743744,40.65
total_ms,2_7_new_plugin_bag,272,1779954846740582381,27.348042319,40.128
total_ms,2_7_new_plugin_bag,273,1779954846828663667,27.436123605000002,38.452
total_ms,2_7_new_plugin_bag,274,1779954846985775126,27.593235064,63.96
total_ms,2_7_new_plugin_bag,275,1779954847062025100,27.669485038,45.614
total_ms,2_7_new_plugin_bag,276,1779954847162117848,27.769577786000003,62.45
total_ms,2_7_new_plugin_bag,277,1779954847273114190,27.880574128000003,57.783
total_ms,2_7_new_plugin_bag,278,1779954847357695775,27.965155713,43.344
total_ms,2_7_new_plugin_bag,279,1779954847460942100,28.068402038000002,48.45
total_ms,2_7_new_plugin_bag,280,1779954847596962154,28.204422092,81.706
total_ms,2_7_new_plugin_bag,281,1779954847645327350,28.252787288,38.562
total_ms,2_7_new_plugin_bag,282,1779954847797483674,28.404943612,59.705
total_ms,2_7_new_plugin_bag,283,1779954847839719643,28.447179581,41.369
total_ms,2_7_new_plugin_bag,284,1779954847963896276,28.571356214,46.538
total_ms,2_7_new_plugin_bag,285,1779954848058610013,28.666069951,43.97
total_ms,2_7_new_plugin_bag,286,1779954848188993129,28.796453067,51.445
total_ms,2_7_new_plugin_bag,287,1779954848251966391,28.859426329,43.149
total_ms,2_7_new_plugin_bag,288,1779954848329748936,28.937208874000003,40.203
total_ms,2_7_new_plugin_bag,289,1779954848435197557,29.042657495,37.724
total_ms,2_7_new_plugin_bag,290,1779954848545014390,29.152474328,38.167
total_ms,2_7_new_plugin_bag,291,1779954848645421305,29.252881243,42.532
total_ms,2_7_new_plugin_bag,292,1779954848738613680,29.346073618000002,40.565
total_ms,2_7_new_plugin_bag,293,1779954848857468841,29.464928779,40.057
total_ms,2_7_new_plugin_bag,294,1779954848957988927,29.565448865,45.802
total_ms,2_7_new_plugin_bag,295,1779954849029191115,29.636651053,33.95
total_ms,2_7_new_plugin_bag,296,1779954849147989849,29.755449787000003,41.092
total_ms,2_7_new_plugin_bag,297,1779954849233678014,29.841137952,40.562
total_ms,2_7_new_plugin_bag,298,1779954849334580910,29.942040848,36.333
total_ms,2_7_new_plugin_bag,299,1779954849435285612,30.042745550000003,39.711
total_ms,2_7_new_plugin_bag,300,1779954849572046742,30.179506680000003,55.889
total_ms,2_7_new_plugin_bag,301,1779954849657450887,30.264910825,42.934
total_ms,2_7_new_plugin_bag,302,1779954849735440144,30.342900082000003,38.714
total_ms,2_7_new_plugin_bag,303,1779954849870411675,30.477871613,53.523
total_ms,2_7_new_plugin_bag,304,1779954849970134304,30.577594242000004,43.046
total_ms,2_7_new_plugin_bag,305,1779954850048649461,30.656109399,40.099
total_ms,2_7_new_plugin_bag,306,1779954850146059272,30.75351921,42.65
total_ms,2_7_new_plugin_bag,307,1779954850253989445,30.861449383000004,45.72
total_ms,2_7_new_plugin_bag,308,1779954850331254317,30.938714255,35.423
total_ms,2_7_new_plugin_bag,309,1779954850475750419,31.083210357000002,47.889
total_ms,2_7_new_plugin_bag,310,1779954850536755579,31.144215517000003,38.894
total_ms,2_7_new_plugin_bag,311,1779954850637891157,31.245351095,41.783
total_ms,2_7_new_plugin_bag,312,1779954850735126602,31.342586540000003,40.882
total_ms,2_7_new_plugin_bag,313,1779954850836256532,31.443716470000002,39.975
total_ms,2_7_new_plugin_bag,314,1779954850940884674,31.548344612,45.567
total_ms,2_7_new_plugin_bag,315,1779954851049725287,31.657185225000003,33.778
total_ms,2_7_new_plugin_bag,316,1779954851158666305,31.766126243000002,49.498
total_ms,2_7_new_plugin_bag,317,1779954851236305874,31.843765812,40.738
total_ms,2_7_new_plugin_bag,318,1779954851355907903,31.963367841000004,43.147
total_ms,2_7_new_plugin_bag,319,1779954851437433477,32.044893415000004,35.646
total_ms,2_7_new_plugin_bag,320,1779954851548431813,32.155891751,40.764
total_ms,2_7_new_plugin_bag,321,1779954851635604516,32.243064454,35.512
total_ms,2_7_new_plugin_bag,322,1779954851756223164,32.363683102,46.241
total_ms,2_7_new_plugin_bag,323,1779954851865207865,32.472667803,44.48
total_ms,2_7_new_plugin_bag,324,1779954851942369009,32.549828947,38.542
total_ms,2_7_new_plugin_bag,325,1779954852080678185,32.688138123,52.889
total_ms,2_7_new_plugin_bag,326,1779954852131374421,32.738834359,36.054
total_ms,2_7_new_plugin_bag,327,1779954852240668413,32.848128351,42.123
total_ms,2_7_new_plugin_bag,328,1779954852365439416,32.972899354,51.254
total_ms,2_7_new_plugin_bag,329,1779954852456782406,33.064242344,49.611
total_ms,2_7_new_plugin_bag,330,1779954852536174189,33.143634127,39.521
total_ms,2_7_new_plugin_bag,331,1779954852644359758,33.251819696000005,40.009
total_ms,2_7_new_plugin_bag,332,1779954852782605109,33.390065047,52.831
total_ms,2_7_new_plugin_bag,333,1779954852829701206,33.437161144,35.423
total_ms,2_7_new_plugin_bag,334,1779954852946496852,33.55395679,39.314
total_ms,2_7_new_plugin_bag,335,1779954853057923263,33.665383201000004,46.786
total_ms,2_7_new_plugin_bag,336,1779954853141540986,33.749000924,43.17
total_ms,2_7_new_plugin_bag,337,1779954853231971779,33.839431717000004,37.539
total_ms,2_7_new_plugin_bag,338,1779954853368787687,33.976247625,45.058
total_ms,2_7_new_plugin_bag,339,1779954853459137569,34.066597507000004,44.067
total_ms,2_7_new_plugin_bag,340,1779954853554310262,34.1617702,52.623
total_ms,2_7_new_plugin_bag,341,1779954853682451104,34.289911042,57.545
total_ms,2_7_new_plugin_bag,342,1779954853769900736,34.377360674,48.18
total_ms,2_7_new_plugin_bag,343,1779954853878549040,34.486008978,55.648
total_ms,2_7_new_plugin_bag,344,1779954853997719920,34.605179858,76.323
total_ms,2_7_new_plugin_bag,345,1779954854058157179,34.665617117000004,51.242
total_ms,2_7_new_plugin_bag,346,1779954854149858882,34.75731882,45.392
total_ms,2_7_new_plugin_bag,347,1779954854237144892,34.84460483,41.086
total_ms,2_7_new_plugin_bag,348,1779954854357894028,34.965353966,40.163
total_ms,2_7_new_plugin_bag,349,1779954854432681805,35.040141743,40.499
total_ms,2_7_new_plugin_bag,350,1779954854554124391,35.161584329,45.171
total_ms,2_7_new_plugin_bag,351,1779954854678303688,35.285763626000005,55.712
total_ms,2_7_new_plugin_bag,352,1779954854727826362,35.3352863,39.952
total_ms,2_7_new_plugin_bag,353,1779954854859123426,35.466583364,58.556
total_ms,2_7_new_plugin_bag,354,1779954854954888672,35.56234861,47.417
total_ms,2_7_new_plugin_bag,355,1779954855038049639,35.645509577000006,39.701
total_ms,2_7_new_plugin_bag,356,1779954855153361641,35.760821579,46.386
total_ms,2_7_new_plugin_bag,357,1779954855299215519,35.906675457000006,57.663
total_ms,2_7_new_plugin_bag,358,1779954855368450686,35.975910624,68.473
total_ms,2_7_new_plugin_bag,359,1779954855479012304,36.086472242,56.361
total_ms,2_7_new_plugin_bag,360,1779954855546224859,36.153684797000004,42.861
total_ms,2_7_new_plugin_bag,361,1779954855668517222,36.275977160000004,47.25
total_ms,2_7_new_plugin_bag,362,1779954855743519153,36.350979091,40.467
total_ms,2_7_new_plugin_bag,363,1779954855840458695,36.447918633,38.673
total_ms,2_7_new_plugin_bag,364,1779954855970505093,36.577965031000005,44.215
total_ms,2_7_new_plugin_bag,365,1779954856072738437,36.680198375,60.184
total_ms,2_7_new_plugin_bag,366,1779954856139761422,36.747221360000005,40.974
total_ms,2_7_new_plugin_bag,367,1779954856305495212,36.91295515,65.098
total_ms,2_7_new_plugin_bag,368,1779954856344380524,36.951840462,44.592
total_ms,2_7_new_plugin_bag,369,1779954856468104131,37.075564069,47.304
total_ms,2_7_new_plugin_bag,370,1779954856556990826,37.164450764,46.913
total_ms,2_7_new_plugin_bag,371,1779954856646648808,37.254108746,39.481
total_ms,2_7_new_plugin_bag,372,1779954856745856473,37.353316411,42.405
total_ms,2_7_new_plugin_bag,373,1779954856862146367,37.469606305,47.63
total_ms,2_7_new_plugin_bag,374,1779954856931638218,37.539098156,41.662
total_ms,2_7_new_plugin_bag,375,1779954857034155743,37.641615681000005,37.29
total_ms,2_7_new_plugin_bag,376,1779954857138681685,37.746141623,42.211
total_ms,2_7_new_plugin_bag,377,1779954857230202664,37.837662602,41.938
total_ms,2_7_new_plugin_bag,378,1779954857330132861,37.937592799,42.079
total_ms,2_7_new_plugin_bag,379,1779954857432635022,38.040094960000005,39.884
total_ms,2_7_new_plugin_bag,380,1779954857553624339,38.161084277,42.365
total_ms,2_7_new_plugin_bag,381,1779954857643884271,38.251344209,40.609
total_ms,2_7_new_plugin_bag,382,1779954857756269257,38.363729195000005,44.172
total_ms,2_7_new_plugin_bag,383,1779954857853688372,38.461148310000006,46.044
total_ms,2_7_new_plugin_bag,384,1779954857983304881,38.590764819,62.886
total_ms,2_7_new_plugin_bag,385,1779954858065202594,38.672662532000004,45.977
total_ms,2_7_new_plugin_bag,386,1779954858159268007,38.766727945,49.357
total_ms,2_7_new_plugin_bag,387,1779954858263211503,38.870671441,44.863
total_ms,2_7_new_plugin_bag,388,1779954858367145126,38.974605064,62.843
total_ms,2_7_new_plugin_bag,389,1779954858453373233,39.060833171000006,42.773
total_ms,2_7_new_plugin_bag,390,1779954858556721297,39.164181235,48.527
total_ms,2_7_new_plugin_bag,391,1779954858645134735,39.252594673000004,44.891
total_ms,2_7_new_plugin_bag,392,1779954858733217301,39.340677239,38.9
total_ms,2_7_new_plugin_bag,393,1779954858853814657,39.461274595,45.227
total_ms,2_7_new_plugin_bag,394,1779954858977039013,39.584498951,65.725
total_ms,2_7_new_plugin_bag,395,1779954859033654028,39.641113966,41.201
total_ms,2_7_new_plugin_bag,396,1779954859133222098,39.740682036,39.728
total_ms,2_7_new_plugin_bag,397,1779954859261910852,39.869370790000005,41.14
total_ms,2_7_new_plugin_bag,398,1779954859373545266,39.981005204000006,59.201
total_ms,2_7_new_plugin_bag,399,1779954859441319936,40.048779874000004,41.093
total_ms,2_7_new_plugin_bag,400,1779954859538116187,40.145576125000005,39.255
total_ms,2_7_new_plugin_bag,401,1779954859683029028,40.290488966000005,48.116
total_ms,2_7_new_plugin_bag,402,1779954859738895064,40.346355002,40.788
total_ms,2_7_new_plugin_bag,403,1779954859836088737,40.443548675,40.002
total_ms,2_7_new_plugin_bag,404,1779954859953638816,40.561098754,48.703
total_ms,2_7_new_plugin_bag,405,1779954860100140295,40.707600233,64.666
total_ms,2_7_new_plugin_bag,406,1779954860141045030,40.748504968000006,39.058
total_ms,2_7_new_plugin_bag,407,1779954860277548481,40.885008419,51.507
total_ms,2_7_new_plugin_bag,408,1779954860375478256,40.982938194,78.014
total_ms,2_7_new_plugin_bag,409,1779954860445285602,41.052745540000004,38.297
total_ms,2_7_new_plugin_bag,410,1779954860560828402,41.168288340000004,44.488
total_ms,2_7_new_plugin_bag,411,1779954860638731500,41.246191438000004,36.016
total_ms,2_7_new_plugin_bag,412,1779954860803523637,41.410983575,69.033
total_ms,2_7_new_plugin_bag,413,1779954860869374611,41.476834549,46.644
total_ms,2_7_new_plugin_bag,414,1779954860948327639,41.555787577000004,38.436
total_ms,2_7_new_plugin_bag,415,1779954861043414122,41.65087406,38.305
total_ms,2_7_new_plugin_bag,416,1779954861156739974,41.764199912,46.345
total_ms,2_7_new_plugin_bag,417,1779954861229351999,41.836811937,36.511
total_ms,2_7_new_plugin_bag,418,1779954861364469741,41.971929679000006,54.287
total_ms,2_7_new_plugin_bag,419,1779954861439156269,42.046616207,38.61
total_ms,2_7_new_plugin_bag,420,1779954861546412384,42.153872322000005,39.093
total_ms,2_7_new_plugin_bag,421,1779954861658870899,42.266330837000005,42.684
total_ms,2_7_new_plugin_bag,422,1779954861753181004,42.360640942,50.893
total_ms,2_7_new_plugin_bag,423,1779954861838406747,42.445866685000006,42.135
total_ms,2_7_new_plugin_bag,424,1779954861956418630,42.563878568,41.601
total_ms,2_7_new_plugin_bag,425,1779954862038418431,42.645878369,40.938
total_ms,2_7_new_plugin_bag,426,1779954862168637331,42.776097269000005,47.377
total_ms,2_7_new_plugin_bag,427,1779954862241248889,42.848708827,40.827
total_ms,2_7_new_plugin_bag,428,1779954862336702884,42.944162822,39.555
total_ms,2_7_new_plugin_bag,429,1779954862435960040,43.043419978,40.804
total_ms,2_7_new_plugin_bag,430,1779954862559394623,43.166854561,42.005
total_ms,2_7_new_plugin_bag,431,1779954862659453736,43.266913674,47.126
total_ms,2_7_new_plugin_bag,432,1779954862763834538,43.371294476,51.011
total_ms,2_7_new_plugin_bag,433,1779954862839688947,43.447148885000004,42.238
total_ms,2_7_new_plugin_bag,434,1779954862935305681,43.542765619,38.838
total_ms,2_7_new_plugin_bag,435,1779954863043552635,43.651012573,42.783
total_ms,2_7_new_plugin_bag,436,1779954863153781779,43.761241717000004,42.101
total_ms,2_7_new_plugin_bag,437,1779954863264659263,43.872119201000004,46.604
total_ms,2_7_new_plugin_bag,438,1779954863358018814,43.965478752,43.064
total_ms,2_7_new_plugin_bag,439,1779954863449940452,44.057400390000005,41.961
total_ms,2_7_new_plugin_bag,440,1779954863575079028,44.182538966,53.743
total_ms,2_7_new_plugin_bag,441,1779954863650240712,44.257700650000004,46.814
total_ms,2_7_new_plugin_bag,442,1779954863738918359,44.346378297,40.381
total_ms,2_7_new_plugin_bag,443,1779954863856659398,44.464119336,47.283
total_ms,2_7_new_plugin_bag,444,1779954863950882052,44.55834199,40.699
total_ms,2_7_new_plugin_bag,445,1779954864062496785,44.669956723000006,47.645
total_ms,2_7_new_plugin_bag,446,1779954864135851641,44.743311579,42.835
total_ms,2_7_new_plugin_bag,447,1779954864246481472,44.853941410000004,42.879
total_ms,2_7_new_plugin_bag,448,1779954864338834753,44.946294691000006,43.173
total_ms,2_7_new_plugin_bag,449,1779954864463870756,45.071330694000004,49.289
total_ms,2_7_new_plugin_bag,450,1779954864559623647,45.167083585,49.636
total_ms,2_7_new_plugin_bag,451,1779954864647209942,45.25466988,40.282
total_ms,2_7_new_plugin_bag,452,1779954864807719280,45.415179218000006,59.889
total_ms,2_7_new_plugin_bag,453,1779954864842884734,45.450344672,34.426
total_ms,2_7_new_plugin_bag,454,1779954864954847064,45.562307002000004,45.953
total_ms,2_7_new_plugin_bag,455,1779954865064214812,45.67167475,43.464
total_ms,2_7_new_plugin_bag,456,1779954865153688297,45.761148235,44.081
total_ms,2_7_new_plugin_bag,457,1779954865235450961,45.842910899,41.703
total_ms,2_7_new_plugin_bag,458,1779954865363917255,45.971377193,45.162
total_ms,2_7_new_plugin_bag,459,1779954865482914216,46.090374154,53.263
total_ms,2_7_new_plugin_bag,460,1779954865546786808,46.154246746000005,44.114
total_ms,2_7_new_plugin_bag,461,1779954865654539057,46.261998995000006,42.406
total_ms,2_7_new_plugin_bag,462,1779954865739831436,46.347291374,42.28
total_ms,2_7_new_plugin_bag,463,1779954865836281989,46.443741927000005,44.798
total_ms,2_7_new_plugin_bag,464,1779954865929542584,46.537002522,38.005
total_ms,2_7_new_plugin_bag,465,1779954866059647768,46.667107706,44.514
total_ms,2_7_new_plugin_bag,466,1779954866156471926,46.763931864,57.746
total_ms,2_7_new_plugin_bag,467,1779954866257731773,46.865191711,47.962
total_ms,2_7_new_plugin_bag,468,1779954866350149916,46.957609854000005,52.957
total_ms,2_7_new_plugin_bag,469,1779954866502588218,47.110048156000005,58.726
total_ms,2_7_new_plugin_bag,470,1779954866560688589,47.168148527,50.611
total_ms,2_7_new_plugin_bag,471,1779954866672646348,47.280106286000006,53.843
total_ms,2_7_new_plugin_bag,472,1779954866779849537,47.387309475,59.131
total_ms,2_7_new_plugin_bag,473,1779954866857255131,47.464715069,42.176
total_ms,2_7_new_plugin_bag,474,1779954866957746405,47.565206343,54.11
total_ms,2_7_new_plugin_bag,475,1779954867052670603,47.660130541,39.478
total_ms,2_7_new_plugin_bag,476,1779954867164283875,47.771743813,46.117
total_ms,2_7_new_plugin_bag,477,1779954867272221424,47.879681362,50.418
total_ms,2_7_new_plugin_bag,478,1779954867340399371,47.947859309,43.382
total_ms,2_7_new_plugin_bag,479,1779954867433778289,48.041238227,39.746
total_ms,2_7_new_plugin_bag,480,1779954867572049731,48.179509669000005,47.625
total_ms,2_7_new_plugin_bag,481,1779954867665575590,48.273035528,44.907
total_ms,2_7_new_plugin_bag,482,1779954867773858902,48.381318840000006,47.645
total_ms,2_7_new_plugin_bag,483,1779954867841031246,48.448491184000005,44.68
total_ms,2_7_new_plugin_bag,484,1779954867934964272,48.54242421,38.443
total_ms,2_7_new_plugin_bag,485,1779954868057738263,48.665198201,38.863
total_ms,2_7_new_plugin_bag,486,1779954868164850193,48.772310131000005,47.54
total_ms,2_7_new_plugin_bag,487,1779954868265999171,48.873459109,50.303
total_ms,2_7_new_plugin_bag,488,1779954868354599800,48.962059738,44.328
total_ms,2_7_new_plugin_bag,489,1779954868491374026,49.098833964,54.374
total_ms,2_7_new_plugin_bag,490,1779954868542282222,49.14974216,35.086
total_ms,2_7_new_plugin_bag,491,1779954868653657555,49.261117493,44.129
total_ms,2_7_new_plugin_bag,492,1779954868778137175,49.385597113,49.041
total_ms,2_7_new_plugin_bag,493,1779954868838812590,49.446272528,41.914
total_ms,2_7_new_plugin_bag,494,1779954868931121509,49.538581447000006,37.588
total_ms,2_7_new_plugin_bag,495,1779954869031056832,49.63851677,37.607
total_ms,2_7_new_plugin_bag,496,1779954869157452053,49.764911991000005,44.701
total_ms,2_7_new_plugin_bag,497,1779954869244596831,49.852056769,37.141
total_ms,2_7_new_plugin_bag,498,1779954869356457180,49.963917118000005,46.258
total_ms,2_7_new_plugin_bag,499,1779954869460466078,50.067926016,42.84
total_ms,2_7_new_plugin_bag,500,1779954869565996320,50.173456258,41.138
total_ms,2_7_new_plugin_bag,501,1779954869649376843,50.256836781000004,41.217
total_ms,2_7_new_plugin_bag,502,1779954869740199027,50.347658965,41.905
total_ms,2_7_new_plugin_bag,503,1779954869840708180,50.448168118000005,35.834
total_ms,2_7_new_plugin_bag,504,1779954869962871052,50.57033099,50.926
total_ms,2_7_new_plugin_bag,505,1779954870055678517,50.663138455,37.934
total_ms,2_7_new_plugin_bag,506,1779954870184142475,50.791602413,48.882
total_ms,2_7_new_plugin_bag,507,1779954870253064298,50.860524236,49.084
total_ms,2_7_new_plugin_bag,508,1779954870362322819,50.969782757000004,43.991
total_ms,2_7_new_plugin_bag,509,1779954870430079408,51.037539346,37.404
total_ms,2_7_new_plugin_bag,510,1779954870559837969,51.167297907000005,43.756
total_ms,2_7_new_plugin_bag,511,1779954870632323093,51.239783031,38.306
total_ms,2_7_new_plugin_bag,512,1779954870734012782,51.341472720000006,39.351
total_ms,2_7_new_plugin_bag,513,1779954870830900677,51.438360615,35.036
total_ms,2_7_new_plugin_bag,514,1779954870938224697,51.545684635,40.738
total_ms,2_7_new_plugin_bag,515,1779954871042831926,51.650291864,39.459
total_ms,2_7_new_plugin_bag,516,1779954871150131148,51.757591086000005,38.539
total_ms,2_7_new_plugin_bag,517,1779954871251809216,51.859269154,42.098
total_ms,2_7_new_plugin_bag,518,1779954871342073631,51.949533569,37.767
total_ms,2_7_new_plugin_bag,519,1779954871451882226,52.059342164,42.911
total_ms,2_7_new_plugin_bag,520,1779954871558285611,52.165745549,44.473
total_ms,2_7_new_plugin_bag,521,1779954871671993356,52.27945329400001,47.416
total_ms,2_7_new_plugin_bag,522,1779954871732427713,52.339887651000005,43.641
total_ms,2_7_new_plugin_bag,523,1779954871846833782,52.45429372,39.632
total_ms,2_7_new_plugin_bag,524,1779954871939905140,52.547365078000006,39.757
total_ms,2_7_new_plugin_bag,525,1779954872069476392,52.676936330000004,49.267
total_ms,2_7_new_plugin_bag,526,1779954872148040221,52.755500159,40.55
total_ms,2_7_new_plugin_bag,527,1779954872251068547,52.858528485,42.536
total_ms,2_7_new_plugin_bag,528,1779954872382253060,52.989712998,49.172
total_ms,2_7_new_plugin_bag,529,1779954872468313516,53.075773454,49.927
total_ms,2_7_new_plugin_bag,530,1779954872531413493,53.138873431,36.187
total_ms,2_7_new_plugin_bag,531,1779954872631391252,53.238851190000005,39.299
total_ms,2_7_new_plugin_bag,532,1779954872739318810,53.346778748000006,43.879
total_ms,2_7_new_plugin_bag,533,1779954872859759624,53.467219562000004,48.395
total_ms,2_7_new_plugin_bag,534,1779954872968347928,53.575807866000005,49.401
total_ms,2_7_new_plugin_bag,535,1779954873062387345,53.669847283,49.718
total_ms,2_7_new_plugin_bag,536,1779954873152270865,53.759730803000004,52.153
total_ms,2_7_new_plugin_bag,537,1779954873285731321,53.893191259000005,51.507
total_ms,2_7_new_plugin_bag,538,1779954873350517864,53.957977802,45.263
total_ms,2_7_new_plugin_bag,539,1779954873439361477,54.046821415000004,39.957
total_ms,2_7_new_plugin_bag,540,1779954873536148831,54.143608769000004,42.129
total_ms,2_7_new_plugin_bag,541,1779954873642765932,54.25022587,37.144
total_ms,2_7_new_plugin_bag,542,1779954873769908397,54.377368335,39.669
total_ms,2_7_new_plugin_bag,543,1779954873868753666,54.476213604,47.706
total_ms,2_7_new_plugin_bag,544,1779954873939809105,54.547269043,35.66
total_ms,2_7_new_plugin_bag,545,1779954874055688031,54.663147969,48.059
total_ms,2_7_new_plugin_bag,546,1779954874139654036,54.747113974,41.751
total_ms,2_7_new_plugin_bag,547,1779954874241100241,54.848560179,38.12
total_ms,2_7_new_plugin_bag,548,1779954874371074216,54.978534154,40.619
total_ms,2_7_new_plugin_bag,549,1779954874452892785,55.060352723,40.225
total_ms,2_7_new_plugin_bag,550,1779954874535531400,55.142991338,41.874
total_ms,2_7_new_plugin_bag,551,1779954874643685435,55.251145373,40.965
total_ms,2_7_new_plugin_bag,552,1779954874748605949,55.35606588700001,40.771
total_ms,2_7_new_plugin_bag,553,1779954874886326486,55.49378642400001,54.214
total_ms,2_7_new_plugin_bag,554,1779954874936645034,55.54410497200001,42.824
total_ms,2_7_new_plugin_bag,555,1779954875065248716,55.672708654000004,47.063
total_ms,2_7_new_plugin_bag,556,1779954875129834818,55.737294756000004,35.904
total_ms,2_7_new_plugin_bag,557,1779954875250541535,55.858001473,43.842
total_ms,2_7_new_plugin_bag,558,1779954875376719757,55.984179695,47.894
total_ms,2_7_new_plugin_bag,559,1779954875438253013,56.045712951000006,38.579
total_ms,2_7_new_plugin_bag,560,1779954875545498540,56.152958478,40.718
total_ms,2_7_new_plugin_bag,561,1779954875663714274,56.271174212000005,50.844
total_ms,2_7_new_plugin_bag,562,1779954875782255797,56.389715735,78.657
total_ms,2_7_new_plugin_bag,563,1779954875869056224,56.476516162,53.709
total_ms,2_7_new_plugin_bag,564,1779954875952857362,56.5603173,48.985
total_ms,2_7_new_plugin_bag,565,1779954876065991656,56.67345159400001,64.922
total_ms,2_7_new_plugin_bag,566,1779954876150454880,56.757914818,43.096
total_ms,2_7_new_plugin_bag,567,1779954876267810874,56.875270812000004,54.832
total_ms,2_7_new_plugin_bag,568,1779954876336380463,56.943840401,39.468
total_ms,2_7_new_plugin_bag,569,1779954876446318563,57.053778501000004,41.76
total_ms,2_7_new_plugin_bag,570,1779954876564787647,57.172247585,59.22
total_ms,2_7_new_plugin_bag,571,1779954876681871713,57.289331651000005,60.742
total_ms,2_7_new_plugin_bag,572,1779954876741382486,57.348842424000004,39.515
total_ms,2_7_new_plugin_bag,573,1779954876883602185,57.491062123000006,52.13
total_ms,2_7_new_plugin_bag,574,1779954876975285353,57.582745291,56.93
total_ms,2_7_new_plugin_bag,575,1779954877055083197,57.66254313500001,47.292
total_ms,2_7_new_plugin_bag,576,1779954877165213752,57.772673690000005,48.752
total_ms,2_7_new_plugin_bag,577,1779954877228914951,57.836374889000005,35.528
total_ms,2_7_new_plugin_bag_2,0,1779961608395045540,0.0,35.181
total_ms,2_7_new_plugin_bag_2,1,1779961608507159202,0.112113662,37.84
total_ms,2_7_new_plugin_bag_2,2,1779961608603069610,0.20802407,34.443
total_ms,2_7_new_plugin_bag_2,3,1779961608698691023,0.303645483,37.119
total_ms,2_7_new_plugin_bag_2,4,1779961608808121889,0.413076349,35.192
total_ms,2_7_new_plugin_bag_2,5,1779961608895927315,0.5008817750000001,31.857
total_ms,2_7_new_plugin_bag_2,6,1779961609027026523,0.631980983,38.882
total_ms,2_7_new_plugin_bag_2,7,1779961609091279906,0.696234366,36.159
total_ms,2_7_new_plugin_bag_2,8,1779961609192567999,0.7975224590000001,32.803
total_ms,2_7_new_plugin_bag_2,9,1779961609318933126,0.9238875860000001,39.791
total_ms,2_7_new_plugin_bag_2,10,1779961609389541750,0.9944962100000001,32.285
total_ms,2_7_new_plugin_bag_2,11,1779961609512309421,1.117263881,33.616
total_ms,2_7_new_plugin_bag_2,12,1779961609605275708,1.210230168,33.238
total_ms,2_7_new_plugin_bag_2,13,1779961609692759128,1.2977135880000001,33.17
total_ms,2_7_new_plugin_bag_2,14,1779961609808938401,1.4138928610000001,40.37
total_ms,2_7_new_plugin_bag_2,15,1779961609908791030,1.51374549,32.214
total_ms,2_7_new_plugin_bag_2,16,1779961609999239013,1.604193473,35.143
total_ms,2_7_new_plugin_bag_2,17,1779961610095180344,1.7001348040000002,34.319
total_ms,2_7_new_plugin_bag_2,18,1779961610194418286,1.7993727460000002,34.739
total_ms,2_7_new_plugin_bag_2,19,1779961610315970440,1.9209249000000002,52.177
total_ms,2_7_new_plugin_bag_2,20,1779961610407984589,2.0129390490000003,39.056
total_ms,2_7_new_plugin_bag_2,21,1779961610515620862,2.120575322,35.039
total_ms,2_7_new_plugin_bag_2,22,1779961610635878602,2.240833062,39.944
total_ms,2_7_new_plugin_bag_2,23,1779961610715418167,2.3203726270000002,35.804
total_ms,2_7_new_plugin_bag_2,24,1779961610818495460,2.4234499200000004,43.743
total_ms,2_7_new_plugin_bag_2,25,1779961610910070304,2.515024764,36.39
total_ms,2_7_new_plugin_bag_2,26,1779961610992352690,2.5973071500000002,32.83
total_ms,2_7_new_plugin_bag_2,27,1779961611097292476,2.7022469360000003,34.65
total_ms,2_7_new_plugin_bag_2,28,1779961611229652193,2.8346066530000003,38.743
total_ms,2_7_new_plugin_bag_2,29,1779961611332209136,2.937163596,45.355
total_ms,2_7_new_plugin_bag_2,30,1779961611417695726,3.0226501860000003,41.743
total_ms,2_7_new_plugin_bag_2,31,1779961611525309243,3.1302637030000002,50.671
total_ms,2_7_new_plugin_bag_2,32,1779961611634697102,3.239651562,60.459
total_ms,2_7_new_plugin_bag_2,33,1779961611762568323,3.367522783,67.923
total_ms,2_7_new_plugin_bag_2,34,1779961611830433343,3.4353878030000002,56.582
total_ms,2_7_new_plugin_bag_2,35,1779961611977176588,3.5821310480000004,87.379
total_ms,2_7_new_plugin_bag_2,36,1779961612034427260,3.6393817200000003,51.457
total_ms,2_7_new_plugin_bag_2,37,1779961612105639826,3.710594286,39.072
total_ms,2_7_new_plugin_bag_2,38,1779961612203414569,3.808369029,40.66
total_ms,2_7_new_plugin_bag_2,39,1779961612283560818,3.8885152780000003,39.472
total_ms,2_7_new_plugin_bag_2,40,1779961612431575959,4.036530419,43.039
total_ms,2_7_new_plugin_bag_2,41,1779961612525344751,4.1302992110000005,68.941
total_ms,2_7_new_plugin_bag_2,42,1779961612610399407,4.215353867,39.923
total_ms,2_7_new_plugin_bag_2,43,1779961612690809040,4.2957635000000005,45.087
total_ms,2_7_new_plugin_bag_2,44,1779961612821051259,4.426005719,40.112
total_ms,2_7_new_plugin_bag_2,45,1779961612941382350,4.546336810000001,59.351
total_ms,2_7_new_plugin_bag_2,46,1779961613023005114,4.627959574,43.529
total_ms,2_7_new_plugin_bag_2,47,1779961613104960737,4.709915197,38.39
total_ms,2_7_new_plugin_bag_2,48,1779961613201650912,4.806605372,36.086
total_ms,2_7_new_plugin_bag_2,49,1779961613350252756,4.955207216000001,65.727
total_ms,2_7_new_plugin_bag_2,50,1779961613455539864,5.060494324,50.77
total_ms,2_7_new_plugin_bag_2,51,1779961613493979527,5.098933987000001,35.218
total_ms,2_7_new_plugin_bag_2,52,1779961613587147272,5.192101732,40.623
total_ms,2_7_new_plugin_bag_2,53,1779961613697058218,5.3020126780000005,41.908
total_ms,2_7_new_plugin_bag_2,54,1779961613794621851,5.399576311000001,39.262
total_ms,2_7_new_plugin_bag_2,55,1779961613891876514,5.496830974000001,39.21
total_ms,2_7_new_plugin_bag_2,56,1779961614026937884,5.631892344000001,46.018
total_ms,2_7_new_plugin_bag_2,57,1779961614095476082,5.700430542,36.377
total_ms,2_7_new_plugin_bag_2,58,1779961614212204201,5.817158661000001,34.628
total_ms,2_7_new_plugin_bag_2,59,1779961614300077205,5.905031665,38.294
total_ms,2_7_new_plugin_bag_2,60,1779961614390543968,5.995498428,35.958
total_ms,2_7_new_plugin_bag_2,61,1779961614524268553,6.129223013000001,51.479
total_ms,2_7_new_plugin_bag_2,62,1779961614624404025,6.229358485000001,50.702
total_ms,2_7_new_plugin_bag_2,63,1779961614710265595,6.315220055,45.678
total_ms,2_7_new_plugin_bag_2,64,1779961614809270206,6.414224666,46.758
total_ms,2_7_new_plugin_bag_2,65,1779961614891348965,6.496303425000001,40.44
total_ms,2_7_new_plugin_bag_2,66,1779961615030926287,6.635880747000001,39.841
total_ms,2_7_new_plugin_bag_2,67,1779961615131068191,6.736022651000001,52.053
total_ms,2_7_new_plugin_bag_2,68,1779961615205145481,6.810099941000001,37.889
total_ms,2_7_new_plugin_bag_2,69,1779961615291244976,6.896199436000001,37.022
total_ms,2_7_new_plugin_bag_2,70,1779961615404708292,7.0096627520000006,38.072
total_ms,2_7_new_plugin_bag_2,71,1779961615484682802,7.089637262,38.695
total_ms,2_7_new_plugin_bag_2,72,1779961615611063923,7.216018383000001,35.311
total_ms,2_7_new_plugin_bag_2,73,1779961615706058509,7.311012969,36.065
total_ms,2_7_new_plugin_bag_2,74,1779961615805560706,7.410515166000001,35.602
total_ms,2_7_new_plugin_bag_2,75,1779961615893326245,7.498280705000001,39.575
total_ms,2_7_new_plugin_bag_2,76,1779961616007482883,7.612437343000001,39.277
total_ms,2_7_new_plugin_bag_2,77,1779961616088579503,7.693533963,38.226
total_ms,2_7_new_plugin_bag_2,78,1779961616187784298,7.7927387580000005,36.877
total_ms,2_7_new_plugin_bag_2,79,1779961616282324411,7.887278871,35.95
total_ms,2_7_new_plugin_bag_2,80,1779961616396121572,8.001076032,35.001
total_ms,2_7_new_plugin_bag_2,81,1779961616488257342,8.093211802,33.139
total_ms,2_7_new_plugin_bag_2,82,1779961616633698123,8.238652583,46.157
total_ms,2_7_new_plugin_bag_2,83,1779961616715266595,8.320221055000001,36.372
total_ms,2_7_new_plugin_bag_2,84,1779961616808746854,8.413701314,41.79
total_ms,2_7_new_plugin_bag_2,85,1779961616886086395,8.491040855000001,35.915
total_ms,2_7_new_plugin_bag_2,86,1779961617033508903,8.638463363000001,45.521
total_ms,2_7_new_plugin_bag_2,87,1779961617099355082,8.704309542,34.542
total_ms,2_7_new_plugin_bag_2,88,1779961617225577071,8.830531531,41.458
total_ms,2_7_new_plugin_bag_2,89,1779961617297614318,8.902568778000001,33.666
total_ms,2_7_new_plugin_bag_2,90,1779961617401451179,9.006405639,38.142
total_ms,2_7_new_plugin_bag_2,91,1779961617486164398,9.091118858,35.014
total_ms,2_7_new_plugin_bag_2,92,1779961617591996471,9.196950931,35.792
total_ms,2_7_new_plugin_bag_2,93,1779961617678472740,9.2834272,33.655
total_ms,2_7_new_plugin_bag_2,94,1779961617785680010,9.39063447,29.781
total_ms,2_7_new_plugin_bag_2,95,1779961617897611411,9.502565871,52.982
total_ms,2_7_new_plugin_bag_2,96,1779961618012899223,9.617853683,42.041
total_ms,2_7_new_plugin_bag_2,97,1779961618095013760,9.69996822,38.662
total_ms,2_7_new_plugin_bag_2,98,1779961618227640530,9.83259499,48.121
total_ms,2_7_new_plugin_bag_2,99,1779961618292673286,9.897627746000001,47.708
total_ms,2_7_new_plugin_bag_2,100,1779961618397639548,10.002594008,39.327
total_ms,2_7_new_plugin_bag_2,101,1779961618488802094,10.093756554,34.792
total_ms,2_7_new_plugin_bag_2,102,1779961618616904749,10.221859209,37.109
total_ms,2_7_new_plugin_bag_2,103,1779961618682434097,10.287388557,35.194
total_ms,2_7_new_plugin_bag_2,104,1779961618789697730,10.39465219,35.463
total_ms,2_7_new_plugin_bag_2,105,1779961618906735362,10.511689822000001,34.549
total_ms,2_7_new_plugin_bag_2,106,1779961618992331235,10.597285695,33.881
total_ms,2_7_new_plugin_bag_2,107,1779961619100795197,10.705749657,35.118
total_ms,2_7_new_plugin_bag_2,108,1779961619222603493,10.827557953000001,40.371
total_ms,2_7_new_plugin_bag_2,109,1779961619306678248,10.911632708,37.191
total_ms,2_7_new_plugin_bag_2,110,1779961619386466223,10.991420683000001,32.699
total_ms,2_7_new_plugin_bag_2,111,1779961619486721256,11.091675716000001,32.635
total_ms,2_7_new_plugin_bag_2,112,1779961619587088526,11.192042986,34.393
total_ms,2_7_new_plugin_bag_2,113,1779961619686413609,11.291368069,34.488
total_ms,2_7_new_plugin_bag_2,114,1779961619792257488,11.397211948,34.554
total_ms,2_7_new_plugin_bag_2,115,1779961619920747633,11.525702093000001,52.1
total_ms,2_7_new_plugin_bag_2,116,1779961619984723113,11.589677573000001,33.103
total_ms,2_7_new_plugin_bag_2,117,1779961620079389751,11.684344211,32.074
total_ms,2_7_new_plugin_bag_2,118,1779961620219724599,11.824679059000001,51.785
total_ms,2_7_new_plugin_bag_2,119,1779961620287943582,11.892898042,41.08
total_ms,2_7_new_plugin_bag_2,120,1779961620380978439,11.985932899000002,33.078
total_ms,2_7_new_plugin_bag_2,121,1779961620482356377,12.087310837,37.697
total_ms,2_7_new_plugin_bag_2,122,1779961620582831530,12.18778599,33.91
total_ms,2_7_new_plugin_bag_2,123,1779961620738169471,12.343123931000001,51.703
total_ms,2_7_new_plugin_bag_2,124,1779961620795384869,12.400339329000001,48.904
total_ms,2_7_new_plugin_bag_2,125,1779961620905114013,12.510068473,33.083
total_ms,2_7_new_plugin_bag_2,126,1779961620997517082,12.602471542,34.714
total_ms,2_7_new_plugin_bag_2,127,1779961621119073351,12.724027811000001,43.994
total_ms,2_7_new_plugin_bag_2,128,1779961621206914942,12.811869402000001,40.414
total_ms,2_7_new_plugin_bag_2,129,1779961621343484299,12.948438759,61.824
total_ms,2_7_new_plugin_bag_2,130,1779961621423172756,13.028127216000001,44.671
total_ms,2_7_new_plugin_bag_2,131,1779961621495294205,13.100248665,33.217
total_ms,2_7_new_plugin_bag_2,132,1779961621605749568,13.210704028,39.151
total_ms,2_7_new_plugin_bag_2,133,1779961621709472269,13.314426729000001,37.873
total_ms,2_7_new_plugin_bag_2,134,1779961621792197621,13.397152081000002,35.68
total_ms,2_7_new_plugin_bag_2,135,1779961621921833879,13.526788339000001,40.464
total_ms,2_7_new_plugin_bag_2,136,1779961621991291237,13.596245697,35.534
total_ms,2_7_new_plugin_bag_2,137,1779961622084151612,13.689106072000001,34.448
total_ms,2_7_new_plugin_bag_2,138,1779961622195135530,13.80008999,32.041
total_ms,2_7_new_plugin_bag_2,139,1779961622309906444,13.914860904000001,44.378
total_ms,2_7_new_plugin_bag_2,140,1779961622396236399,14.001190859000001,34.126
total_ms,2_7_new_plugin_bag_2,141,1779961622496590993,14.101545453000002,37.591
total_ms,2_7_new_plugin_bag_2,142,1779961622630532003,14.235486463,44.408
total_ms,2_7_new_plugin_bag_2,143,1779961622682116610,14.287071070000001,33.237
total_ms,2_7_new_plugin_bag_2,144,1779961622800206765,14.405161225,33.861
total_ms,2_7_new_plugin_bag_2,145,1779961622899622219,14.504576679000001,34.825
total_ms,2_7_new_plugin_bag_2,146,1779961622990913782,14.595868242000002,34.676
total_ms,2_7_new_plugin_bag_2,147,1779961623094830276,14.699784736000002,35.508
total_ms,2_7_new_plugin_bag_2,148,1779961623215607013,14.820561473000001,45.86
total_ms,2_7_new_plugin_bag_2,149,1779961623319139699,14.924094159000001,39.767
total_ms,2_7_new_plugin_bag_2,150,1779961623386567544,14.991522004,38.587
total_ms,2_7_new_plugin_bag_2,151,1779961623482096770,15.08705123,37.752
total_ms,2_7_new_plugin_bag_2,152,1779961623632333526,15.237287986,51.758
total_ms,2_7_new_plugin_bag_2,153,1779961623690805408,15.295759868000001,32.424
total_ms,2_7_new_plugin_bag_2,154,1779961623783874868,15.388829328000002,38.669
total_ms,2_7_new_plugin_bag_2,155,1779961623931010212,15.535964672,44.169
total_ms,2_7_new_plugin_bag_2,156,1779961624016402995,15.621357455000002,43.686
total_ms,2_7_new_plugin_bag_2,157,1779961624126486312,15.731440772000001,46.347
total_ms,2_7_new_plugin_bag_2,158,1779961624233922561,15.838877021000002,48.719
total_ms,2_7_new_plugin_bag_2,159,1779961624290583085,15.895537545000002,36.764
total_ms,2_7_new_plugin_bag_2,160,1779961624425089737,16.030044197000002,50.817
total_ms,2_7_new_plugin_bag_2,161,1779961624508332998,16.113287458000002,42.765
total_ms,2_7_new_plugin_bag_2,162,1779961624634649519,16.239603979,64.951
total_ms,2_7_new_plugin_bag_2,163,1779961624719330964,16.324285424,39.789
total_ms,2_7_new_plugin_bag_2,164,1779961624803328250,16.40828271,40.317
total_ms,2_7_new_plugin_bag_2,165,1779961624899715809,16.504670269000002,39.808
total_ms,2_7_new_plugin_bag_2,166,1779961624980760757,16.585715217,37.395
total_ms,2_7_new_plugin_bag_2,167,1779961625110313366,16.715267826,40.826
total_ms,2_7_new_plugin_bag_2,168,1779961625187328991,16.792283451,40.151
total_ms,2_7_new_plugin_bag_2,169,1779961625329425032,16.934379492,41.266
total_ms,2_7_new_plugin_bag_2,170,1779961625431192672,17.036147132,39.789
total_ms,2_7_new_plugin_bag_2,171,1779961625489220998,17.094175458000002,33.467
total_ms,2_7_new_plugin_bag_2,172,1779961625583630588,17.188585048,37.427
total_ms,2_7_new_plugin_bag_2,173,1779961625692517370,17.297471830000003,38.15
total_ms,2_7_new_plugin_bag_2,174,1779961625802802173,17.407756633,37.582
total_ms,2_7_new_plugin_bag_2,175,1779961625902800895,17.507755355,36.883
total_ms,2_7_new_plugin_bag_2,176,1779961625991942500,17.596896960000002,40.211
total_ms,2_7_new_plugin_bag_2,177,1779961626098167096,17.703121556000003,35.379
total_ms,2_7_new_plugin_bag_2,178,1779961626196460793,17.801415253000002,37.932
total_ms,2_7_new_plugin_bag_2,179,1779961626292818572,17.897773032,33.6
total_ms,2_7_new_plugin_bag_2,180,1779961626431112217,18.036066677,57.285
total_ms,2_7_new_plugin_bag_2,181,1779961626508408860,18.11336332,40.789
total_ms,2_7_new_plugin_bag_2,182,1779961626593950093,18.198904553000002,36.616
total_ms,2_7_new_plugin_bag_2,183,1779961626699822963,18.304777423,32.331
total_ms,2_7_new_plugin_bag_2,184,1779961626792962216,18.397916676,47.872
total_ms,2_7_new_plugin_bag_2,185,1779961626888595486,18.493549946,32.034
total_ms,2_7_new_plugin_bag_2,186,1779961626981712628,18.586667088000002,34.871
total_ms,2_7_new_plugin_bag_2,187,1779961627090559662,18.695514122000002,37.147
total_ms,2_7_new_plugin_bag_2,188,1779961627178216140,18.783170600000002,35.706
total_ms,2_7_new_plugin_bag_2,189,1779961627331479811,18.936434271,42.253
total_ms,2_7_new_plugin_bag_2,190,1779961627426712409,19.031666869000002,56.342
total_ms,2_7_new_plugin_bag_2,191,1779961627492239642,19.097194102,36.643
total_ms,2_7_new_plugin_bag_2,192,1779961627585882308,19.190836768,39.543
total_ms,2_7_new_plugin_bag_2,193,1779961627690024222,19.294978682,34.926
total_ms,2_7_new_plugin_bag_2,194,1779961627805495165,19.410449625000002,52.324
total_ms,2_7_new_plugin_bag_2,195,1779961627882016761,19.486971221,35.554
total_ms,2_7_new_plugin_bag_2,196,1779961627982650983,19.587605443,33.819
total_ms,2_7_new_plugin_bag_2,197,1779961628106589111,19.711543571,43.644
total_ms,2_7_new_plugin_bag_2,198,1779961628195069926,19.800024386,35.69
total_ms,2_7_new_plugin_bag_2,199,1779961628287164779,19.892119239000003,37.503
total_ms,2_7_new_plugin_bag_2,200,1779961628404228879,20.009183339,41.929
total_ms,2_7_new_plugin_bag_2,201,1779961628490860375,20.095814835000002,39.368
total_ms,2_7_new_plugin_bag_2,202,1779961628595404717,20.200359177000003,34.739
total_ms,2_7_new_plugin_bag_2,203,1779961628707469705,20.312424165000003,36.133
total_ms,2_7_new_plugin_bag_2,204,1779961628832559501,20.437513961,47.846
total_ms,2_7_new_plugin_bag_2,205,1779961628922393995,20.527348455000002,43.478
total_ms,2_7_new_plugin_bag_2,206,1779961629036671013,20.641625473,48.309
total_ms,2_7_new_plugin_bag_2,207,1779961629098987623,20.703942083,39.344
total_ms,2_7_new_plugin_bag_2,208,1779961629230760379,20.835714839,53.367
total_ms,2_7_new_plugin_bag_2,209,1779961629296284120,20.90123858,43.597
total_ms,2_7_new_plugin_bag_2,210,1779961629407598509,21.012552969,43.123
total_ms,2_7_new_plugin_bag_2,211,1779961629525958011,21.130912471000002,43.823
total_ms,2_7_new_plugin_bag_2,212,1779961629627885448,21.232839908000003,43.207
total_ms,2_7_new_plugin_bag_2,213,1779961629713124970,21.31807943,42.784
total_ms,2_7_new_plugin_bag_2,214,1779961629816771560,21.42172602,43.427
total_ms,2_7_new_plugin_bag_2,215,1779961629886122461,21.491076921,38.341
total_ms,2_7_new_plugin_bag_2,216,1779961629995254635,21.600209095,36.41
total_ms,2_7_new_plugin_bag_2,217,1779961630113038871,21.717993331000002,41.144
total_ms,2_7_new_plugin_bag_2,218,1779961630204806013,21.809760473,41.418
total_ms,2_7_new_plugin_bag_2,219,1779961630310703182,21.915657642000003,42.399
total_ms,2_7_new_plugin_bag_2,220,1779961630413269046,22.018223506000002,46.8
total_ms,2_7_new_plugin_bag_2,221,1779961630521150598,22.126105058,51.821
total_ms,2_7_new_plugin_bag_2,222,1779961630601412746,22.206367206000003,40.787
total_ms,2_7_new_plugin_bag_2,223,1779961630701372083,22.306326543,38.337
total_ms,2_7_new_plugin_bag_2,224,1779961630799991382,22.404945842,39.304
total_ms,2_7_new_plugin_bag_2,225,1779961630919331383,22.524285843,46.36
total_ms,2_7_new_plugin_bag_2,226,1779961631006192864,22.611147324,37.845
total_ms,2_7_new_plugin_bag_2,227,1779961631136143082,22.741097542000002,45.461
total_ms,2_7_new_plugin_bag_2,228,1779961631197739550,22.80269401,35.668
total_ms,2_7_new_plugin_bag_2,229,1779961631328987546,22.933942006000002,43.571
total_ms,2_7_new_plugin_bag_2,230,1779961631404182606,23.009137066,39.93
total_ms,2_7_new_plugin_bag_2,231,1779961631509881473,23.114835933000002,39.481
total_ms,2_7_new_plugin_bag_2,232,1779961631625913092,23.230867552000003,46.137
total_ms,2_7_new_plugin_bag_2,233,1779961631719793615,23.324748075000002,40.435
total_ms,2_7_new_plugin_bag_2,234,1779961631810751572,23.415706032000003,43.312
total_ms,2_7_new_plugin_bag_2,235,1779961631908510132,23.513464592000002,41.373
total_ms,2_7_new_plugin_bag_2,236,1779961632014848627,23.619803087,40.776
total_ms,2_7_new_plugin_bag_2,237,1779961632088192752,23.693147212000003,41.674
total_ms,2_7_new_plugin_bag_2,238,1779961632205771629,23.810726089000003,39.59
total_ms,2_7_new_plugin_bag_2,239,1779961632297470510,23.902424970000002,38.835
total_ms,2_7_new_plugin_bag_2,240,1779961632387081554,23.992036014,40.706
total_ms,2_7_new_plugin_bag_2,241,1779961632488031115,24.092985575,33.208
total_ms,2_7_new_plugin_bag_2,242,1779961632589451943,24.194406403000002,38.725
total_ms,2_7_new_plugin_bag_2,243,1779961632706919254,24.311873714,37.756
total_ms,2_7_new_plugin_bag_2,244,1779961632793747939,24.398702399,35.605
total_ms,2_7_new_plugin_bag_2,245,1779961632932968987,24.537923447,43.673
total_ms,2_7_new_plugin_bag_2,246,1779961633036626086,24.641580546,49.68
total_ms,2_7_new_plugin_bag_2,247,1779961633092811265,24.697765725,36.908
total_ms,2_7_new_plugin_bag_2,248,1779961633205524273,24.810478733,36.94
total_ms,2_7_new_plugin_bag_2,249,1779961633298077160,24.90303162,36.164
total_ms,2_7_new_plugin_bag_2,250,1779961633416083419,25.021037879,47.397
total_ms,2_7_new_plugin_bag_2,251,1779961633502367757,25.107322217,39.82
total_ms,2_7_new_plugin_bag_2,252,1779961633621911632,25.226866092,45.713
total_ms,2_7_new_plugin_bag_2,253,1779961633726379420,25.331333880000003,54.246
total_ms,2_7_new_plugin_bag_2,254,1779961633788998308,25.393952768000002,34.913
total_ms,2_7_new_plugin_bag_2,255,1779961633912240895,25.517195355000002,40.482
total_ms,2_7_new_plugin_bag_2,256,1779961633995479999,25.600434459000002,41.324
total_ms,2_7_new_plugin_bag_2,257,1779961634111666200,25.71662066,39.753
total_ms,2_7_new_plugin_bag_2,258,1779961634193271796,25.798226256000003,37.134
total_ms,2_7_new_plugin_bag_2,259,1779961634319396450,25.92435091,40.332
total_ms,2_7_new_plugin_bag_2,260,1779961634388595476,25.993549936,34.106
total_ms,2_7_new_plugin_bag_2,261,1779961634492358764,26.097313224,42.303
total_ms,2_7_new_plugin_bag_2,262,1779961634620026916,26.224981376000002,47.605
total_ms,2_7_new_plugin_bag_2,263,1779961634699842815,26.304797275000002,37.974
total_ms,2_7_new_plugin_bag_2,264,1779961634788199817,26.393154277,39.95
total_ms,2_7_new_plugin_bag_2,265,1779961634886727892,26.491682352,42.354
total_ms,2_7_new_plugin_bag_2,266,1779961635004077810,26.60903227,42.765
total_ms,2_7_new_plugin_bag_2,267,1779961635104543031,26.709497491,41.704
total_ms,2_7_new_plugin_bag_2,268,1779961635237233260,26.842187720000002,49.018
total_ms,2_7_new_plugin_bag_2,269,1779961635294442780,26.899397240000003,37.876
total_ms,2_7_new_plugin_bag_2,270,1779961635400694684,27.005649144000003,33.695
total_ms,2_7_new_plugin_bag_2,271,1779961635508300699,27.113255159,39.283
total_ms,2_7_new_plugin_bag_2,272,1779961635593349868,27.198304328000003,35.814
total_ms,2_7_new_plugin_bag_2,273,1779961635686850190,27.291804650000003,38.09
total_ms,2_7_new_plugin_bag_2,274,1779961635805380152,27.410334612000003,45.668
total_ms,2_7_new_plugin_bag_2,275,1779961635903313212,27.508267672000002,48.897
total_ms,2_7_new_plugin_bag_2,276,1779961635997242768,27.602197228,38.759
total_ms,2_7_new_plugin_bag_2,277,1779961636086984191,27.691938651,37.785
total_ms,2_7_new_plugin_bag_2,278,1779961636198584949,27.803539409000003,36.435
total_ms,2_7_new_plugin_bag_2,279,1779961636292521243,27.897475703,34.779
total_ms,2_7_new_plugin_bag_2,280,1779961636427228939,28.032183399,42.813
total_ms,2_7_new_plugin_bag_2,281,1779961636508865531,28.113819991000003,39.964
total_ms,2_7_new_plugin_bag_2,282,1779961636617546952,28.222501412000003,42.164
total_ms,2_7_new_plugin_bag_2,283,1779961636731227679,28.336182139,58.402
total_ms,2_7_new_plugin_bag_2,284,1779961636796583679,28.401538139000003,41.854
total_ms,2_7_new_plugin_bag_2,285,1779961636921241489,28.526195949,41.641
total_ms,2_7_new_plugin_bag_2,286,1779961636993601549,28.598556009000003,41.022
total_ms,2_7_new_plugin_bag_2,287,1779961637137635847,28.742590307,46.627
total_ms,2_7_new_plugin_bag_2,288,1779961637225170785,28.830125245,45.356
total_ms,2_7_new_plugin_bag_2,289,1779961637338922074,28.943876534,48.494
total_ms,2_7_new_plugin_bag_2,290,1779961637437259562,29.042214022000003,51.951
total_ms,2_7_new_plugin_bag_2,291,1779961637504727253,29.109681713,40.166
total_ms,2_7_new_plugin_bag_2,292,1779961637618005527,29.222959987000003,40.902
total_ms,2_7_new_plugin_bag_2,293,1779961637744027818,29.348982278,44.532
total_ms,2_7_new_plugin_bag_2,294,1779961637816883267,29.421837727000003,40.434
total_ms,2_7_new_plugin_bag_2,295,1779961637904631764,29.509586224000003,38.304
total_ms,2_7_new_plugin_bag_2,296,1779961637990557565,29.595512025,35.559
total_ms,2_7_new_plugin_bag_2,297,1779961638101381170,29.70633563,40.968
total_ms,2_7_new_plugin_bag_2,298,1779961638200383384,29.805337844,37.528
total_ms,2_7_new_plugin_bag_2,299,1779961638296661510,29.90161597,37.277
total_ms,2_7_new_plugin_bag_2,300,1779961638387736359,29.992690819000003,40.156
total_ms,2_7_new_plugin_bag_2,301,1779961638486142070,30.09109653,40.198
total_ms,2_7_new_plugin_bag_2,302,1779961638603541808,30.208496268,39.812
total_ms,2_7_new_plugin_bag_2,303,1779961638683861698,30.288816158000003,37.384
total_ms,2_7_new_plugin_bag_2,304,1779961638793639198,30.398593658000003,38.132
total_ms,2_7_new_plugin_bag_2,305,1779961638902060801,30.507015261000003,38.58
total_ms,2_7_new_plugin_bag_2,306,1779961639016326245,30.621280705,40.566
total_ms,2_7_new_plugin_bag_2,307,1779961639099851087,30.704805547000003,34.83
total_ms,2_7_new_plugin_bag_2,308,1779961639203108997,30.808063457000003,40.353
total_ms,2_7_new_plugin_bag_2,309,1779961639288446665,30.893401125,41.293
total_ms,2_7_new_plugin_bag_2,310,1779961639423323840,31.0282783,39.529
total_ms,2_7_new_plugin_bag_2,311,1779961639510207063,31.115161523,42.885
total_ms,2_7_new_plugin_bag_2,312,1779961639591648718,31.196603178000004,38.047
total_ms,2_7_new_plugin_bag_2,313,1779961639681210520,31.286164980000002,37.496
total_ms,2_7_new_plugin_bag_2,314,1779961639803257295,31.408211755000004,40.797
total_ms,2_7_new_plugin_bag_2,315,1779961639938338051,31.543292511,44.431
total_ms,2_7_new_plugin_bag_2,316,1779961639998489980,31.60344444,41.755
total_ms,2_7_new_plugin_bag_2,317,1779961640131252287,31.736206747,48.452
total_ms,2_7_new_plugin_bag_2,318,1779961640212657300,31.817611760000002,40.931
total_ms,2_7_new_plugin_bag_2,319,1779961640330265765,31.935220225000002,45.832
total_ms,2_7_new_plugin_bag_2,320,1779961640397673897,32.002628357,37.537
total_ms,2_7_new_plugin_bag_2,321,1779961640494854388,32.099808848,38.275
total_ms,2_7_new_plugin_bag_2,322,1779961640615879388,32.220833848000005,40.012
total_ms,2_7_new_plugin_bag_2,323,1779961640699052262,32.304006722000004,40.513
total_ms,2_7_new_plugin_bag_2,324,1779961640817272645,32.422227105000005,48.388
total_ms,2_7_new_plugin_bag_2,325,1779961640904864259,32.509818719,38.69
total_ms,2_7_new_plugin_bag_2,326,1779961641018605568,32.623560028,46.008
total_ms,2_7_new_plugin_bag_2,327,1779961641120887919,32.725842379,44.982
total_ms,2_7_new_plugin_bag_2,328,1779961641219311873,32.824266333000004,45.966
total_ms,2_7_new_plugin_bag_2,329,1779961641297779195,32.902733655,37.16
total_ms,2_7_new_plugin_bag_2,330,1779961641407109404,33.012063864000005,42.484
total_ms,2_7_new_plugin_bag_2,331,1779961641503124287,33.108078747,34.755
total_ms,2_7_new_plugin_bag_2,332,1779961641608575673,33.213530133,45.073
total_ms,2_7_new_plugin_bag_2,333,1779961641693087039,33.298041499,44.173
total_ms,2_7_new_plugin_bag_2,334,1779961641838379614,33.443334074,49.573
total_ms,2_7_new_plugin_bag_2,335,1779961641923024494,33.527978954000005,46.887
total_ms,2_7_new_plugin_bag_2,336,1779961642006235535,33.611189995000004,43.693
total_ms,2_7_new_plugin_bag_2,337,1779961642094091698,33.699046158,37.572
total_ms,2_7_new_plugin_bag_2,338,1779961642206831916,33.811786376,43.889
total_ms,2_7_new_plugin_bag_2,339,1779961642291875975,33.896830435000005,38.374
total_ms,2_7_new_plugin_bag_2,340,1779961642437028484,34.041982944000004,64.729
total_ms,2_7_new_plugin_bag_2,341,1779961642552380307,34.157334767,53.889
total_ms,2_7_new_plugin_bag_2,342,1779961642626630480,34.231584940000005,52.457
total_ms,2_7_new_plugin_bag_2,343,1779961642732094128,34.337048588,47.526
total_ms,2_7_new_plugin_bag_2,344,1779961642801211795,34.406166255,39.093
total_ms,2_7_new_plugin_bag_2,345,1779961642948790803,34.553745263,59.269
total_ms,2_7_new_plugin_bag_2,346,1779961643034475591,34.639430051000005,60.13
total_ms,2_7_new_plugin_bag_2,347,1779961643099372212,34.704326672,40.701
total_ms,2_7_new_plugin_bag_2,348,1779961643205827450,34.81078191,38.817
total_ms,2_7_new_plugin_bag_2,349,1779961643314467226,34.919421686,42.994
total_ms,2_7_new_plugin_bag_2,350,1779961643408776834,35.013731294,48.104
total_ms,2_7_new_plugin_bag_2,351,1779961643511594346,35.116548806000004,41.549
total_ms,2_7_new_plugin_bag_2,352,1779961643593202286,35.198156746,39.16
total_ms,2_7_new_plugin_bag_2,353,1779961643688801622,35.293756082,32.889
total_ms,2_7_new_plugin_bag_2,354,1779961643832405702,35.437360162000004,51.529
total_ms,2_7_new_plugin_bag_2,355,1779961643905430079,35.510384539,47.589
total_ms,2_7_new_plugin_bag_2,356,1779961643995103967,35.600058427,36.873
total_ms,2_7_new_plugin_bag_2,357,1779961644089110873,35.694065333000005,39.879
total_ms,2_7_new_plugin_bag_2,358,1779961644212442334,35.817396794000004,62.955
total_ms,2_7_new_plugin_bag_2,359,1779961644317429302,35.922383762,43.426
total_ms,2_7_new_plugin_bag_2,360,1779961644392181465,35.997135925,35.805
total_ms,2_7_new_plugin_bag_2,361,1779961644494068682,36.099023142,39.278
total_ms,2_7_new_plugin_bag_2,362,1779961644595022155,36.199976615000004,40.64
total_ms,2_7_new_plugin_bag_2,363,1779961644717492144,36.322446604,44.04
total_ms,2_7_new_plugin_bag_2,364,1779961644791230029,36.396184489,42.949
total_ms,2_7_new_plugin_bag_2,365,1779961644882294944,36.487249404,36.166
total_ms,2_7_new_plugin_bag_2,366,1779961644997255714,36.602210174,39.446
total_ms,2_7_new_plugin_bag_2,367,1779961645137257885,36.742212345000006,50.283
total_ms,2_7_new_plugin_bag_2,368,1779961645220911827,36.825866287000004,43.543
total_ms,2_7_new_plugin_bag_2,369,1779961645310837110,36.91579157,39.716
total_ms,2_7_new_plugin_bag_2,370,1779961645398637513,37.003591973,39.094
total_ms,2_7_new_plugin_bag_2,371,1779961645523147093,37.128101553,42.265
total_ms,2_7_new_plugin_bag_2,372,1779961645594691508,37.199645968000006,39.226
total_ms,2_7_new_plugin_bag_2,373,1779961645699904866,37.304859326,38.295
total_ms,2_7_new_plugin_bag_2,374,1779961645806990819,37.411945279,59.457
total_ms,2_7_new_plugin_bag_2,375,1779961645891866897,37.496821357,42.167
total_ms,2_7_new_plugin_bag_2,376,1779961645994097185,37.599051645,44.867
total_ms,2_7_new_plugin_bag_2,377,1779961646103939475,37.708893935,39.315
total_ms,2_7_new_plugin_bag_2,378,1779961646186648874,37.791603334,32.917
total_ms,2_7_new_plugin_bag_2,379,1779961646317637702,37.922592162,43.121
total_ms,2_7_new_plugin_bag_2,380,1779961646403891904,38.008846364,46.601
total_ms,2_7_new_plugin_bag_2,381,1779961646502440546,38.107395006000004,42.27
total_ms,2_7_new_plugin_bag_2,382,1779961646615277762,38.220232222,40.987
total_ms,2_7_new_plugin_bag_2,383,1779961646689309469,38.294263929,34.947
total_ms,2_7_new_plugin_bag_2,384,1779961646794684577,38.399639037,39.644
total_ms,2_7_new_plugin_bag_2,385,1779961646887622537,38.492576997,39.177
total_ms,2_7_new_plugin_bag_2,386,1779961647012084829,38.617039289000004,41.762
total_ms,2_7_new_plugin_bag_2,387,1779961647122255465,38.727209925000004,39.503
total_ms,2_7_new_plugin_bag_2,388,1779961647218583097,38.823537557,49.67
total_ms,2_7_new_plugin_bag_2,389,1779961647336547716,38.941502176,55.698
total_ms,2_7_new_plugin_bag_2,390,1779961647419243408,39.024197868,62.249
total_ms,2_7_new_plugin_bag_2,391,1779961647489699182,39.094653642000004,39.435
total_ms,2_7_new_plugin_bag_2,392,1779961647586839470,39.19179393,38.651
total_ms,2_7_new_plugin_bag_2,393,1779961647717534353,39.322488813,41.951
total_ms,2_7_new_plugin_bag_2,394,1779961647820927457,39.425881917000005,45.881
total_ms,2_7_new_plugin_bag_2,395,1779961647923805396,39.528759856,41.399
total_ms,2_7_new_plugin_bag_2,396,1779961648015430650,39.62038511,45.472
total_ms,2_7_new_plugin_bag_2,397,1779961648135967556,39.740922016,45.701
total_ms,2_7_new_plugin_bag_2,398,1779961648222994049,39.827948509,49.318
total_ms,2_7_new_plugin_bag_2,399,1779961648304756667,39.909711127,42.11
total_ms,2_7_new_plugin_bag_2,400,1779961648395693056,40.000647516,39.898
total_ms,2_7_new_plugin_bag_2,401,1779961648502872632,40.107827092,41.718
total_ms,2_7_new_plugin_bag_2,402,1779961648606702775,40.211657235000004,53.646
total_ms,2_7_new_plugin_bag_2,403,1779961648703911959,40.308866419000005,50.317
total_ms,2_7_new_plugin_bag_2,404,1779961648840731989,40.445686449,44.689
total_ms,2_7_new_plugin_bag_2,405,1779961648921360242,40.526314702,44.603
total_ms,2_7_new_plugin_bag_2,406,1779961649027308876,40.632263336,67.677
total_ms,2_7_new_plugin_bag_2,407,1779961649116804078,40.721758538,57.379
total_ms,2_7_new_plugin_bag_2,408,1779961649213991843,40.818946303000004,62.537
total_ms,2_7_new_plugin_bag_2,409,1779961649315998208,40.920952668000005,40.046
total_ms,2_7_new_plugin_bag_2,410,1779961649454588337,41.059542797000006,49.942
total_ms,2_7_new_plugin_bag_2,411,1779961649511861665,41.116816125,37.762
total_ms,2_7_new_plugin_bag_2,412,1779961649626815822,41.231770282,47.973
total_ms,2_7_new_plugin_bag_2,413,1779961649698510161,41.303464621,39.679
total_ms,2_7_new_plugin_bag_2,414,1779961649803066404,41.408020864,39.256
total_ms,2_7_new_plugin_bag_2,415,1779961649895047583,41.500002043,36.837
total_ms,2_7_new_plugin_bag_2,416,1779961650030370274,41.635324734,42.644
total_ms,2_7_new_plugin_bag_2,417,1779961650122095433,41.727049893,46.267
total_ms,2_7_new_plugin_bag_2,418,1779961650197345660,41.802300120000005,41.28
total_ms,2_7_new_plugin_bag_2,419,1779961650293761673,41.898716133,43.924
total_ms,2_7_new_plugin_bag_2,420,1779961650421149745,42.026104205,58.424
total_ms,2_7_new_plugin_bag_2,421,1779961650495025008,42.099979468,39.499
total_ms,2_7_new_plugin_bag_2,422,1779961650642588904,42.247543364,57.378
total_ms,2_7_new_plugin_bag_2,423,1779961650688929443,42.293883903,35.198
total_ms,2_7_new_plugin_bag_2,424,1779961650813949721,42.418904181,45.183
total_ms,2_7_new_plugin_bag_2,425,1779961650911042028,42.515996488000006,42.077
total_ms,2_7_new_plugin_bag_2,426,1779961651005785621,42.610740081,36.235
total_ms,2_7_new_plugin_bag_2,427,1779961651108950834,42.713905294,42.966
total_ms,2_7_new_plugin_bag_2,428,1779961651204302540,42.809257,50.827
total_ms,2_7_new_plugin_bag_2,429,1779961651307816523,42.912770983,40.949
total_ms,2_7_new_plugin_bag_2,430,1779961651391794789,42.996749249000004,35.577
total_ms,2_7_new_plugin_bag_2,431,1779961651495741718,43.100696178,37.247
total_ms,2_7_new_plugin_bag_2,432,1779961651616573570,43.22152803,43.707
total_ms,2_7_new_plugin_bag_2,433,1779961651700362262,43.305316722,38.139
total_ms,2_7_new_plugin_bag_2,434,1779961651792706826,43.397661286,36.87
total_ms,2_7_new_plugin_bag_2,435,1779961651887911403,43.492865863000006,41.078
total_ms,2_7_new_plugin_bag_2,436,1779961652015604985,43.620559445000005,54.094
total_ms,2_7_new_plugin_bag_2,437,1779961652099147356,43.704101816000005,42.788
total_ms,2_7_new_plugin_bag_2,438,1779961652194882012,43.799836472,39.788
total_ms,2_7_new_plugin_bag_2,439,1779961652310972596,43.915927056,44.453
total_ms,2_7_new_plugin_bag_2,440,1779961652390352729,43.995307189,38.291
total_ms,2_7_new_plugin_bag_2,441,1779961652519409382,44.124363842,40.531
total_ms,2_7_new_plugin_bag_2,442,1779961652611607525,44.216561985000006,40.078
total_ms,2_7_new_plugin_bag_2,443,1779961652703461133,44.308415593,40.924
total_ms,2_7_new_plugin_bag_2,444,1779961652790857296,44.395811756,37.617
total_ms,2_7_new_plugin_bag_2,445,1779961652904869907,44.509824367,45.097
total_ms,2_7_new_plugin_bag_2,446,1779961652993065739,44.598020199000004,44.905
total_ms,2_7_new_plugin_bag_2,447,1779961653133274143,44.738228603,48.844
total_ms,2_7_new_plugin_bag_2,448,1779961653213946882,44.818901342000004,37.925
total_ms,2_7_new_plugin_bag_2,449,1779961653321336644,44.926291104,54.228
total_ms,2_7_new_plugin_bag_2,450,1779961653415164121,45.020118581000006,50.024
total_ms,2_7_new_plugin_bag_2,451,1779961653485592630,45.09054709,35.9
total_ms,2_7_new_plugin_bag_2,452,1779961653611020834,45.215975294,52.084
total_ms,2_7_new_plugin_bag_2,453,1779961653700333816,45.305288276000006,42.398
total_ms,2_7_new_plugin_bag_2,454,1779961653789049053,45.394003513,38.473
total_ms,2_7_new_plugin_bag_2,455,1779961653919968333,45.524922793,41.386
total_ms,2_7_new_plugin_bag_2,456,1779961654004221654,45.609176114,44.998
total_ms,2_7_new_plugin_bag_2,457,1779961654103261671,45.708216131,42.564
total_ms,2_7_new_plugin_bag_2,458,1779961654219903837,45.824858297000006,45.851
total_ms,2_7_new_plugin_bag_2,459,1779961654288354674,45.893309134000006,41.16
total_ms,2_7_new_plugin_bag_2,460,1779961654408093112,46.013047572000005,46.795
total_ms,2_7_new_plugin_bag_2,461,1779961654496203228,46.101157688,38.51
total_ms,2_7_new_plugin_bag_2,462,1779961654589600804,46.194555264,40.768
total_ms,2_7_new_plugin_bag_2,463,1779961654713931729,46.318886189000004,39.888
total_ms,2_7_new_plugin_bag_2,464,1779961654822479701,46.427434161,43.725
total_ms,2_7_new_plugin_bag_2,465,1779961654889553024,46.494507484,36.31
total_ms,2_7_new_plugin_bag_2,466,1779961655009629870,46.61458433,47.462
total_ms,2_7_new_plugin_bag_2,467,1779961655089600588,46.694555048000005,40.772
total_ms,2_7_new_plugin_bag_2,468,1779961655211756474,46.816710934,58.076
total_ms,2_7_new_plugin_bag_2,469,1779961655317170093,46.922124553,40.625
total_ms,2_7_new_plugin_bag_2,470,1779961655432218015,47.037172475000006,50.069
total_ms,2_7_new_plugin_bag_2,471,1779961655504987742,47.109942202000006,47.612
total_ms,2_7_new_plugin_bag_2,472,1779961655618695346,47.223649806000005,46.313
total_ms,2_7_new_plugin_bag_2,473,1779961655687491229,47.292445689000004,41.243
total_ms,2_7_new_plugin_bag_2,474,1779961655799763750,47.404718210000006,39.242
total_ms,2_7_new_plugin_bag_2,475,1779961655937839182,47.542793642,49.333
total_ms,2_7_new_plugin_bag_2,476,1779961656030479735,47.635434195,47.185
total_ms,2_7_new_plugin_bag_2,477,1779961656114865840,47.7198203,45.204
total_ms,2_7_new_plugin_bag_2,478,1779961656210054770,47.81500923,39.357
total_ms,2_7_new_plugin_bag_2,479,1779961656308779302,47.913733762,45.574
total_ms,2_7_new_plugin_bag_2,480,1779961656432879997,48.037834457,53.444
total_ms,2_7_new_plugin_bag_2,481,1779961656498687819,48.103642279000006,43.612
total_ms,2_7_new_plugin_bag_2,482,1779961656607828063,48.212782523,41.844
total_ms,2_7_new_plugin_bag_2,483,1779961656705872889,48.310827349,39.38
total_ms,2_7_new_plugin_bag_2,484,1779961656846379945,48.451334405000004,60.261
total_ms,2_7_new_plugin_bag_2,485,1779961656888244531,48.493198991,41.493
total_ms,2_7_new_plugin_bag_2,486,1779961657009871785,48.614826245,44.884
total_ms,2_7_new_plugin_bag_2,487,1779961657097942275,48.702896735,38.803
total_ms,2_7_new_plugin_bag_2,488,1779961657198504730,48.803459190000005,38.565
total_ms,2_7_new_plugin_bag_2,489,1779961657285279899,48.890234359000004,40.912
total_ms,2_7_new_plugin_bag_2,490,1779961657413562279,49.018516739000006,41.269
total_ms,2_7_new_plugin_bag_2,491,1779961657487379322,49.092333782000004,41.241
total_ms,2_7_new_plugin_bag_2,492,1779961657583677376,49.188631836000006,41.848
total_ms,2_7_new_plugin_bag_2,493,1779961657686151379,49.291105839000004,42.028
total_ms,2_7_new_plugin_bag_2,494,1779961657790163172,49.395117632,41.745
total_ms,2_7_new_plugin_bag_2,495,1779961657881819886,49.486774346000004,37.105
total_ms,2_7_new_plugin_bag_2,496,1779961657994088065,49.599042525,36.079
total_ms,2_7_new_plugin_bag_2,497,1779961658106230306,49.711184766,39.476
total_ms,2_7_new_plugin_bag_2,498,1779961658227811231,49.832765691000006,59.369
total_ms,2_7_new_plugin_bag_2,499,1779961658308078662,49.913033122,40.917
total_ms,2_7_new_plugin_bag_2,500,1779961658413964835,50.018919295,59.476
total_ms,2_7_new_plugin_bag_2,501,1779961658486808660,50.09176312,39.612
total_ms,2_7_new_plugin_bag_2,502,1779961658606654393,50.211608853,48.286
total_ms,2_7_new_plugin_bag_2,503,1779961658708756859,50.31371131900001,42.567
total_ms,2_7_new_plugin_bag_2,504,1779961658792209810,50.397164270000005,43.729
total_ms,2_7_new_plugin_bag_2,505,1779961658943007965,50.547962425,60.229
total_ms,2_7_new_plugin_bag_2,506,1779961658998836162,50.603790622000005,40.802
total_ms,2_7_new_plugin_bag_2,507,1779961659116642257,50.721596717000004,41.481
total_ms,2_7_new_plugin_bag_2,508,1779961659185343527,50.790297987,37.366
total_ms,2_7_new_plugin_bag_2,509,1779961659319176720,50.92413118,59.048
total_ms,2_7_new_plugin_bag_2,510,1779961659404479456,51.009433916000006,35.572
total_ms,2_7_new_plugin_bag_2,511,1779961659493473576,51.098428036,35.661
total_ms,2_7_new_plugin_bag_2,512,1779961659590730939,51.195685399000006,35.464
total_ms,2_7_new_plugin_bag_2,513,1779961659699763077,51.304717537,35.467
total_ms,2_7_new_plugin_bag_2,514,1779961659795499283,51.400453743,32.884
total_ms,2_7_new_plugin_bag_2,515,1779961659908112503,51.513066963,37.831
total_ms,2_7_new_plugin_bag_2,516,1779961659985182183,51.590136643,36.309
total_ms,2_7_new_plugin_bag_2,517,1779961660099612965,51.704567425,36.659
total_ms,2_7_new_plugin_bag_2,518,1779961660212414672,51.817369132,32.741
total_ms,2_7_new_plugin_bag_2,519,1779961660326888468,51.931842928,41.572
total_ms,2_7_new_plugin_bag_2,520,1779961660402451469,52.007405929,39.256
total_ms,2_7_new_plugin_bag_2,521,1779961660486269784,52.091224244,37.916
total_ms,2_7_new_plugin_bag_2,522,1779961660582705149,52.187659609,39.531
total_ms,2_7_new_plugin_bag_2,523,1779961660685828240,52.2907827,30.837
total_ms,2_7_new_plugin_bag_2,524,1779961660795545210,52.40049967,39.092
total_ms,2_7_new_plugin_bag_2,525,1779961660885845629,52.490800089000004,34.562
total_ms,2_7_new_plugin_bag_2,526,1779961661040018166,52.644972626000005,52.812
total_ms,2_7_new_plugin_bag_2,527,1779961661134454990,52.739409450000004,51.683
total_ms,2_7_new_plugin_bag_2,528,1779961661223501439,52.828455899000005,48.928
total_ms,2_7_new_plugin_bag_2,529,1779961661338201064,52.943155524000005,45.833
total_ms,2_7_new_plugin_bag_2,530,1779961661399044250,53.003998710000005,41.571
total_ms,2_7_new_plugin_bag_2,531,1779961661530979188,53.135933648000005,42.471
total_ms,2_7_new_plugin_bag_2,532,1779961661599346585,53.204301045,41.769
total_ms,2_7_new_plugin_bag_2,533,1779961661689065298,53.294019758000005,40.647
total_ms,2_7_new_plugin_bag_2,534,1779961661787640815,53.392595275000005,34.402
total_ms,2_7_new_plugin_bag_2,535,1779961661902186837,53.507141297000004,42.732
total_ms,2_7_new_plugin_bag_2,536,1779961661995086400,53.60004086,37.529
total_ms,2_7_new_plugin_bag_2,537,1779961662083923066,53.688877526000006,36.223
total_ms,2_7_new_plugin_bag_2,538,1779961662187687961,53.792642421000004,34.266
total_ms,2_7_new_plugin_bag_2,539,1779961662294942338,53.899896798,42.943
total_ms,2_7_new_plugin_bag_2,540,1779961662420008373,54.024962833000004,39.266
total_ms,2_7_new_plugin_bag_2,541,1779961662485623317,54.090577777,40.741
total_ms,2_7_new_plugin_bag_2,542,1779961662594708073,54.199662533,35.186
total_ms,2_7_new_plugin_bag_2,543,1779961662727014451,54.331968911000004,80.374
total_ms,2_7_new_plugin_bag_2,544,1779961662796146588,54.401101048,39.681
total_ms,2_7_new_plugin_bag_2,545,1779961662892124488,54.497078948,35.871
total_ms,2_7_new_plugin_bag_2,546,1779961663009872177,54.614826637,40.586
total_ms,2_7_new_plugin_bag_2,547,1779961663080634816,54.685589276,37.76
total_ms,2_7_new_plugin_bag_2,548,1779961663188509319,54.79346377900001,37.348
total_ms,2_7_new_plugin_bag_2,549,1779961663292341068,54.897295528,34.502
total_ms,2_7_new_plugin_bag_2,550,1779961663436673487,55.041627947,50.085
total_ms,2_7_new_plugin_bag_2,551,1779961663499575850,55.10453031,44.129
total_ms,2_7_new_plugin_bag_2,552,1779961663596131804,55.201086264000004,41.031
total_ms,2_7_new_plugin_bag_2,553,1779961663698435047,55.303389507000006,38.074
total_ms,2_7_new_plugin_bag_2,554,1779961663794631662,55.399586122,38.417
total_ms,2_7_new_plugin_bag_2,555,1779961663896301099,55.501255559,37.595
total_ms,2_7_new_plugin_bag_2,556,1779961664022439211,55.627393671,41.981
total_ms,2_7_new_plugin_bag_2,557,1779961664093412380,55.698366840000006,36.416
total_ms,2_7_new_plugin_bag_2,558,1779961664219942210,55.82489667,40.184
total_ms,2_7_new_plugin_bag_2,559,1779961664320275731,55.925230191000004,52.249
total_ms,2_7_new_plugin_bag_2,560,1779961664409600561,56.01455502100001,43.934
total_ms,2_7_new_plugin_bag_2,561,1779961664488462539,56.093416999000006,42.826
total_ms,2_7_new_plugin_bag_2,562,1779961664604752610,56.20970707,42.308
total_ms,2_7_new_plugin_bag_2,563,1779961664697448979,56.302403439,40.608
total_ms,2_7_new_plugin_bag_2,564,1779961664809582740,56.414537200000005,35.614
total_ms,2_7_new_plugin_bag_2,565,1779961664913679915,56.518634375000005,44.095
total_ms,2_7_new_plugin_bag_2,566,1779961665044589106,56.649543566000006,47.095
total_ms,2_7_new_plugin_bag_2,567,1779961665096601376,56.701555836000004,38.925
total_ms,2_7_new_plugin_bag_2,568,1779961665238933854,56.843888314000004,56.507
total_ms,2_7_new_plugin_bag_2,569,1779961665313093922,56.918048382,40.497
total_ms,2_7_new_plugin_bag_2,570,1779961665417118628,57.022073088000006,57.349
total_ms,2_7_new_plugin_bag_2,571,1779961665505242893,57.110197353000004,36.017
total_ms,2_7_new_plugin_bag_2,572,1779961665603390448,57.208344908,40.843
total_ms,2_7_new_plugin_bag_2,573,1779961665716537771,57.321492231,48.909
total_ms,2_7_new_plugin_bag_2,574,1779961665791168033,57.39612249300001,41.963
total_ms,2_7_new_plugin_bag_2,575,1779961665912784611,57.517739071,61.345
total_ms,2_7_new_plugin_bag_2,576,1779961666020884839,57.625839299000006,44.079
total_ms,2_7_new_plugin_bag_2,577,1779961666134604703,57.739559163,45.276
total_ms,2_7_new_plugin_bag_2,578,1779961666199822186,57.804776646,39.912
total_ms,2_7_new_plugin_bag_2,579,1779961666288863691,57.893818151000005,33.017
total_ms,2_7_new_plugin_bag_3,0,1779961711091703377,0.0,46.549
total_ms,2_7_new_plugin_bag_3,1,1779961711139915460,0.048212083,47.69
total_ms,2_7_new_plugin_bag_3,2,1779961711186601617,0.09489824000000001,45.763
total_ms,2_7_new_plugin_bag_3,3,1779961711273792733,0.182089356,40.493
total_ms,2_7_new_plugin_bag_3,4,1779961711400929952,0.309226575,73.36
total_ms,2_7_new_plugin_bag_3,5,1779961711484351400,0.392648023,44.728
total_ms,2_7_new_plugin_bag_3,6,1779961711583274022,0.49157064500000003,40.594
total_ms,2_7_new_plugin_bag_3,7,1779961711678559814,0.586856437,42.269
total_ms,2_7_new_plugin_bag_3,8,1779961711787976912,0.696273535,41.204
total_ms,2_7_new_plugin_bag_3,9,1779961711859075749,0.7673723720000001,33.906
total_ms,2_7_new_plugin_bag_3,10,1779961711957431074,0.8657276970000001,39.142
total_ms,2_7_new_plugin_bag_3,11,1779961712084503408,0.992800031,39.504
total_ms,2_7_new_plugin_bag_3,12,1779961712155191912,1.063488535,38.972
total_ms,2_7_new_plugin_bag_3,13,1779961712244692170,1.152988793,36.68
total_ms,2_7_new_plugin_bag_3,14,1779961712370748536,1.279045159,36.053
total_ms,2_7_new_plugin_bag_3,15,1779961712452058145,1.360354768,41.425
total_ms,2_7_new_plugin_bag_3,16,1779961712578438635,1.4867352580000002,41.233
total_ms,2_7_new_plugin_bag_3,17,1779961712667388591,1.5756852140000002,37.206
total_ms,2_7_new_plugin_bag_3,18,1779961712796969016,1.705265639,47.597
total_ms,2_7_new_plugin_bag_3,19,1779961712868393012,1.776689635,41.228
total_ms,2_7_new_plugin_bag_3,20,1779961712965185013,1.8734816360000002,38.618
total_ms,2_7_new_plugin_bag_3,21,1779961713053617843,1.961914466,41.369
total_ms,2_7_new_plugin_bag_3,22,1779961713146425082,2.054721705,36.694
total_ms,2_7_new_plugin_bag_3,23,1779961713273114870,2.181411493,40.712
total_ms,2_7_new_plugin_bag_3,24,1779961713370543342,2.278839965,40.68
total_ms,2_7_new_plugin_bag_3,25,1779961713449681558,2.357978181,41.136
total_ms,2_7_new_plugin_bag_3,26,1779961713551235509,2.459532132,39.8
total_ms,2_7_new_plugin_bag_3,27,1779961713653967618,2.5622642410000003,34.625
total_ms,2_7_new_plugin_bag_3,28,1779961713793707553,2.702004176,55.366
total_ms,2_7_new_plugin_bag_3,29,1779961713844924622,2.753221245,36.293
total_ms,2_7_new_plugin_bag_3,30,1779961713978136668,2.8864332910000003,47.171
total_ms,2_7_new_plugin_bag_3,31,1779961714099880330,3.008176953,41.042
total_ms,2_7_new_plugin_bag_3,32,1779961714155849311,3.0641459340000003,41.037
total_ms,2_7_new_plugin_bag_3,33,1779961714269585563,3.177882186,37.421
total_ms,2_7_new_plugin_bag_3,34,1779961714351434653,3.259731276,36.623
total_ms,2_7_new_plugin_bag_3,35,1779961714460981227,3.36927785,41.468
total_ms,2_7_new_plugin_bag_3,36,1779961714566059190,3.4743558130000003,33.459
total_ms,2_7_new_plugin_bag_3,37,1779961714659842595,3.5681392180000002,35.536
total_ms,2_7_new_plugin_bag_3,38,1779961714745726348,3.6540229710000003,37.596
total_ms,2_7_new_plugin_bag_3,39,1779961714868718852,3.7770154750000002,36.606
total_ms,2_7_new_plugin_bag_3,40,1779961714971291589,3.8795882120000003,36.721
total_ms,2_7_new_plugin_bag_3,41,1779961715059066556,3.9673631790000004,36.309
total_ms,2_7_new_plugin_bag_3,42,1779961715144749482,4.053046105,36.81
total_ms,2_7_new_plugin_bag_3,43,1779961715253330725,4.161627348000001,33.229
total_ms,2_7_new_plugin_bag_3,44,1779961715349112060,4.257408683,38.584
total_ms,2_7_new_plugin_bag_3,45,1779961715448067804,4.356364427,34.594
total_ms,2_7_new_plugin_bag_3,46,1779961715543165029,4.451461652,31.485
total_ms,2_7_new_plugin_bag_3,47,1779961715648416368,4.556712991,37.867
total_ms,2_7_new_plugin_bag_3,48,1779961715791063320,4.699359943,39.409
total_ms,2_7_new_plugin_bag_3,49,1779961715887109612,4.795406235000001,48.017
total_ms,2_7_new_plugin_bag_3,50,1779961715956527956,4.864824579,34.455
total_ms,2_7_new_plugin_bag_3,51,1779961716053700291,4.961996914,36.692
total_ms,2_7_new_plugin_bag_3,52,1779961716152664256,5.0609608790000005,38.455
total_ms,2_7_new_plugin_bag_3,53,1779961716266268180,5.174564803,31.975
total_ms,2_7_new_plugin_bag_3,54,1779961716393787744,5.302084367,42.67
total_ms,2_7_new_plugin_bag_3,55,1779961716478311457,5.38660808,49.045
total_ms,2_7_new_plugin_bag_3,56,1779961716562087147,5.470383770000001,40.406
total_ms,2_7_new_plugin_bag_3,57,1779961716667043076,5.575339699000001,35.557
total_ms,2_7_new_plugin_bag_3,58,1779961716768217420,5.676514043,38.775
total_ms,2_7_new_plugin_bag_3,59,1779961716919480568,5.827777191,69.33
total_ms,2_7_new_plugin_bag_3,60,1779961716985108653,5.893405276,46.528
total_ms,2_7_new_plugin_bag_3,61,1779961717106971514,6.0152681370000005,71.545
total_ms,2_7_new_plugin_bag_3,62,1779961717156818628,6.065115251000001,37.644
total_ms,2_7_new_plugin_bag_3,63,1779961717247507820,6.155804443,39.073
total_ms,2_7_new_plugin_bag_3,64,1779961717384065572,6.292362195000001,45.847
total_ms,2_7_new_plugin_bag_3,65,1779961717454888337,6.363184960000001,36.987
total_ms,2_7_new_plugin_bag_3,66,1779961717599524945,6.507821568000001,41.439
total_ms,2_7_new_plugin_bag_3,67,1779961717665446045,6.573742668,35.423
total_ms,2_7_new_plugin_bag_3,68,1779961717749380551,6.657677174000001,36.521
total_ms,2_7_new_plugin_bag_3,69,1779961717872938776,6.781235399000001,40.636
total_ms,2_7_new_plugin_bag_3,70,1779961717950736992,6.859033615,38.57
total_ms,2_7_new_plugin_bag_3,71,1779961718056119341,6.9644159640000005,37.398
total_ms,2_7_new_plugin_bag_3,72,1779961718191297723,7.099594346000001,43.255
total_ms,2_7_new_plugin_bag_3,73,1779961718252342007,7.16063863,39.777
total_ms,2_7_new_plugin_bag_3,74,1779961718372506005,7.280802628000001,40.431
total_ms,2_7_new_plugin_bag_3,75,1779961718449838173,7.358134796000001,36.092
total_ms,2_7_new_plugin_bag_3,76,1779961718579002085,7.487298708000001,41.904
total_ms,2_7_new_plugin_bag_3,77,1779961718654408618,7.562705241000001,37.73
total_ms,2_7_new_plugin_bag_3,78,1779961718769625566,7.677922189,53.568
total_ms,2_7_new_plugin_bag_3,79,1779961718847496243,7.755792866,35.034
total_ms,2_7_new_plugin_bag_3,80,1779961718977988603,7.886285226000001,40.792
total_ms,2_7_new_plugin_bag_3,81,1779961719054845244,7.963141867000001,35.551
total_ms,2_7_new_plugin_bag_3,82,1779961719153665377,8.061962000000001,37.056
total_ms,2_7_new_plugin_bag_3,83,1779961719262347781,8.170644404,35.705
total_ms,2_7_new_plugin_bag_3,84,1779961719346199778,8.254496401,37.387
total_ms,2_7_new_plugin_bag_3,85,1779961719459825210,8.368121833,36.636
total_ms,2_7_new_plugin_bag_3,86,1779961719564111393,8.472408016000001,34.382
total_ms,2_7_new_plugin_bag_3,87,1779961719646055922,8.554352545,37.487
total_ms,2_7_new_plugin_bag_3,88,1779961719760154480,8.668451103,39.273
total_ms,2_7_new_plugin_bag_3,89,1779961719848287278,8.756583901,37.623
total_ms,2_7_new_plugin_bag_3,90,1779961719973411331,8.881707954000001,37.662
total_ms,2_7_new_plugin_bag_3,91,1779961720063604761,8.971901384,36.756
total_ms,2_7_new_plugin_bag_3,92,1779961720155274480,9.063571103000001,37.897
total_ms,2_7_new_plugin_bag_3,93,1779961720247394967,9.15569159,36.547
total_ms,2_7_new_plugin_bag_3,94,1779961720352183416,9.260480039,36.229
total_ms,2_7_new_plugin_bag_3,95,1779961720460138324,9.368434947,34.508
total_ms,2_7_new_plugin_bag_3,96,1779961720587600952,9.495897575,39.441
total_ms,2_7_new_plugin_bag_3,97,1779961720655816400,9.564113023,32.683
total_ms,2_7_new_plugin_bag_3,98,1779961720767046172,9.675342795,34.696
total_ms,2_7_new_plugin_bag_3,99,1779961720856471876,9.764768499,36.906
total_ms,2_7_new_plugin_bag_3,100,1779961720970343729,9.878640352000001,37.841
total_ms,2_7_new_plugin_bag_3,101,1779961721053974045,9.962270668,38.239
total_ms,2_7_new_plugin_bag_3,102,1779961721152746509,10.061043132,29.91
total_ms,2_7_new_plugin_bag_3,103,1779961721262395467,10.170692090000001,38.247
total_ms,2_7_new_plugin_bag_3,104,1779961721356537701,10.264834324,34.685
total_ms,2_7_new_plugin_bag_3,105,1779961721468317036,10.376613659,43.94
total_ms,2_7_new_plugin_bag_3,106,1779961721559864529,10.468161152,35.306
total_ms,2_7_new_plugin_bag_3,107,1779961721650721131,10.559017754000001,34.362
total_ms,2_7_new_plugin_bag_3,108,1779961721742802748,10.651099371,33.373
total_ms,2_7_new_plugin_bag_3,109,1779961721847246389,10.755543012,35.766
total_ms,2_7_new_plugin_bag_3,110,1779961721943814299,10.852110922000001,36.44
total_ms,2_7_new_plugin_bag_3,111,1779961722067752168,10.976048791,36.682
total_ms,2_7_new_plugin_bag_3,112,1779961722158162575,11.066459198,33.094
total_ms,2_7_new_plugin_bag_3,113,1779961722266801838,11.175098461000001,34.979
total_ms,2_7_new_plugin_bag_3,114,1779961722368736650,11.277033273,39.32
total_ms,2_7_new_plugin_bag_3,115,1779961722442542918,11.350839541000001,34.654
total_ms,2_7_new_plugin_bag_3,116,1779961722547279333,11.455575956,35.849
total_ms,2_7_new_plugin_bag_3,117,1779961722684778041,11.593074664000001,54.791
total_ms,2_7_new_plugin_bag_3,118,1779961722818062254,11.726358877000001,67.816
total_ms,2_7_new_plugin_bag_3,119,1779961722909445301,11.817741924,54.209
total_ms,2_7_new_plugin_bag_3,120,1779961722962427263,11.870723886,33.332
total_ms,2_7_new_plugin_bag_3,121,1779961723135007574,12.043304197000001,70.692
total_ms,2_7_new_plugin_bag_3,122,1779961723188085528,12.096382151,52.215
total_ms,2_7_new_plugin_bag_3,123,1779961723261008509,12.169305132000002,35.525
total_ms,2_7_new_plugin_bag_3,124,1779961723357757667,12.266054290000001,37.992
total_ms,2_7_new_plugin_bag_3,125,1779961723464238351,12.372534974,34.394
total_ms,2_7_new_plugin_bag_3,126,1779961723572332499,12.480629122000002,35.147
total_ms,2_7_new_plugin_bag_3,127,1779961723687689331,12.595985954000001,71.261
total_ms,2_7_new_plugin_bag_3,128,1779961723794213351,12.702509974000002,45.257
total_ms,2_7_new_plugin_bag_3,129,1779961723847165928,12.755462551,35.123
total_ms,2_7_new_plugin_bag_3,130,1779961723975739831,12.884036454,46.048
total_ms,2_7_new_plugin_bag_3,131,1779961724052596241,12.960892864000002,33.447
total_ms,2_7_new_plugin_bag_3,132,1779961724165251892,13.073548515,36.78
total_ms,2_7_new_plugin_bag_3,133,1779961724256714772,13.165011395,39.985
total_ms,2_7_new_plugin_bag_3,134,1779961724345926092,13.254222715000001,37.727
total_ms,2_7_new_plugin_bag_3,135,1779961724451170075,13.359466698,34.635
total_ms,2_7_new_plugin_bag_3,136,1779961724582433055,13.490729678000001,38.972
total_ms,2_7_new_plugin_bag_3,137,1779961724694014817,13.602311440000001,46.53
total_ms,2_7_new_plugin_bag_3,138,1779961724773049076,13.681345699000001,39.985
total_ms,2_7_new_plugin_bag_3,139,1779961724857060415,13.765357038000001,41.393
total_ms,2_7_new_plugin_bag_3,140,1779961724944847422,13.853144045,35.668
total_ms,2_7_new_plugin_bag_3,141,1779961725074506709,13.982803332000001,41.58
total_ms,2_7_new_plugin_bag_3,142,1779961725179216487,14.087513110000002,38.347
total_ms,2_7_new_plugin_bag_3,143,1779961725259485394,14.167782017,34.446
total_ms,2_7_new_plugin_bag_3,144,1779961725400621366,14.308917989000001,51.927
total_ms,2_7_new_plugin_bag_3,145,1779961725472772771,14.381069394,41.122
total_ms,2_7_new_plugin_bag_3,146,1779961725552106274,14.460402897000002,36.893
total_ms,2_7_new_plugin_bag_3,147,1779961725642659369,14.550955992,34.762
total_ms,2_7_new_plugin_bag_3,148,1779961725781525845,14.689822468000001,34.17
total_ms,2_7_new_plugin_bag_3,149,1779961725866125129,14.774421752,37.154
total_ms,2_7_new_plugin_bag_3,150,1779961725950011456,14.858308079,35.398
total_ms,2_7_new_plugin_bag_3,151,1779961726055629193,14.963925816000001,31.491
total_ms,2_7_new_plugin_bag_3,152,1779961726173733830,15.082030453000002,38.642
total_ms,2_7_new_plugin_bag_3,153,1779961726252861167,15.16115779,36.216
total_ms,2_7_new_plugin_bag_3,154,1779961726356133359,15.264429982000001,39.526
total_ms,2_7_new_plugin_bag_3,155,1779961726450835921,15.359132544000001,34.491
total_ms,2_7_new_plugin_bag_3,156,1779961726560904808,15.469201431,44.991
total_ms,2_7_new_plugin_bag_3,157,1779961726654076123,15.562372746000001,36.545
total_ms,2_7_new_plugin_bag_3,158,1779961726741131031,15.649427654,32.909
total_ms,2_7_new_plugin_bag_3,159,1779961726858165095,15.766461718,34.143
total_ms,2_7_new_plugin_bag_3,160,1779961726942957733,15.851254356,34.538
total_ms,2_7_new_plugin_bag_3,161,1779961727050730022,15.959026645000002,29.044
total_ms,2_7_new_plugin_bag_3,162,1779961727153884639,16.062181262,34.301
total_ms,2_7_new_plugin_bag_3,163,1779961727260860178,16.169156801,32.774
total_ms,2_7_new_plugin_bag_3,164,1779961727359779485,16.268076108000002,38.794
total_ms,2_7_new_plugin_bag_3,165,1779961727478340479,16.386637102,35.112
total_ms,2_7_new_plugin_bag_3,166,1779961727567432271,16.475728894,37.556
total_ms,2_7_new_plugin_bag_3,167,1779961727657615851,16.565912474,41.739
total_ms,2_7_new_plugin_bag_3,168,1779961727771664933,16.679961556000002,37.549
total_ms,2_7_new_plugin_bag_3,169,1779961727868000285,16.776296908000003,39.889
total_ms,2_7_new_plugin_bag_3,170,1779961727952647971,16.860944594,33.5
total_ms,2_7_new_plugin_bag_3,171,1779961728064397848,16.972694471,35.821
total_ms,2_7_new_plugin_bag_3,172,1779961728153166945,17.061463568,38.566
total_ms,2_7_new_plugin_bag_3,173,1779961728271430687,17.17972731,38.235
total_ms,2_7_new_plugin_bag_3,174,1779961728382346510,17.290643133,45.609
total_ms,2_7_new_plugin_bag_3,175,1779961728448938913,17.357235536,39.362
total_ms,2_7_new_plugin_bag_3,176,1779961728551518940,17.459815563,32.419
total_ms,2_7_new_plugin_bag_3,177,1779961728653111591,17.561408214,38.637
total_ms,2_7_new_plugin_bag_3,178,1779961728774888703,17.683185326,40.437
total_ms,2_7_new_plugin_bag_3,179,1779961728850189634,17.758486257,39.635
total_ms,2_7_new_plugin_bag_3,180,1779961728952692901,17.860989524,41.47
total_ms,2_7_new_plugin_bag_3,181,1779961729050416689,17.958713312,36.043
total_ms,2_7_new_plugin_bag_3,182,1779961729169110469,18.077407092,37.494
total_ms,2_7_new_plugin_bag_3,183,1779961729252524442,18.160821065,35.346
total_ms,2_7_new_plugin_bag_3,184,1779961729391957437,18.30025406,44.584
total_ms,2_7_new_plugin_bag_3,185,1779961729457667000,18.365963623000003,38.755
total_ms,2_7_new_plugin_bag_3,186,1779961729557515681,18.465812304,44.916
total_ms,2_7_new_plugin_bag_3,187,1779961729673142938,18.581439561,55.989
total_ms,2_7_new_plugin_bag_3,188,1779961729746458866,18.654755489000003,34.111
total_ms,2_7_new_plugin_bag_3,189,1779961729893013914,18.801310537000003,46.187
total_ms,2_7_new_plugin_bag_3,190,1779961729952971058,18.861267681,37.709
total_ms,2_7_new_plugin_bag_3,191,1779961730050280377,18.958577000000002,35.85
total_ms,2_7_new_plugin_bag_3,192,1779961730184975955,19.093272578,39.359
total_ms,2_7_new_plugin_bag_3,193,1779961730267660246,19.175956869,32.02
total_ms,2_7_new_plugin_bag_3,194,1779961730383291354,19.291587977000002,45.678
total_ms,2_7_new_plugin_bag_3,195,1779961730452474310,19.360770933,38.355
total_ms,2_7_new_plugin_bag_3,196,1779961730551802557,19.46009918,37.455
total_ms,2_7_new_plugin_bag_3,197,1779961730645272381,19.553569004,34.681
total_ms,2_7_new_plugin_bag_3,198,1779961730761896138,19.670192761000003,34.961
total_ms,2_7_new_plugin_bag_3,199,1779961730846895817,19.755192440000002,34.458
total_ms,2_7_new_plugin_bag_3,200,1779961730956473286,19.864769909,36.359
total_ms,2_7_new_plugin_bag_3,201,1779961731064730725,19.973027348000002,38.6
total_ms,2_7_new_plugin_bag_3,202,1779961731184973529,20.093270152000002,38.702
total_ms,2_7_new_plugin_bag_3,203,1779961731262023714,20.170320337,34.301
total_ms,2_7_new_plugin_bag_3,204,1779961731368833474,20.277130097,38.877
total_ms,2_7_new_plugin_bag_3,205,1779961731458448431,20.366745054000003,33.824
total_ms,2_7_new_plugin_bag_3,206,1779961731565454367,20.473750990000003,34.602
total_ms,2_7_new_plugin_bag_3,207,1779961731657358910,20.565655533,34.447
total_ms,2_7_new_plugin_bag_3,208,1779961731748060340,20.656356963,36.67
total_ms,2_7_new_plugin_bag_3,209,1779961731846121930,20.754418553,33.958
total_ms,2_7_new_plugin_bag_3,210,1779961731945449459,20.853746082,37.855
total_ms,2_7_new_plugin_bag_3,211,1779961732050057332,20.958353955,35.345
total_ms,2_7_new_plugin_bag_3,212,1779961732147695949,21.055992572,38.492
total_ms,2_7_new_plugin_bag_3,213,1779961732290251901,21.198548524,44.992
total_ms,2_7_new_plugin_bag_3,214,1779961732383847960,21.292144583000002,44.12
total_ms,2_7_new_plugin_bag_3,215,1779961732458703738,21.367000361000002,39.84
total_ms,2_7_new_plugin_bag_3,216,1779961732594807167,21.50310379,49.098
total_ms,2_7_new_plugin_bag_3,217,1779961732713229651,21.621526274,61.306
total_ms,2_7_new_plugin_bag_3,218,1779961732783886306,21.692182929,40.389
total_ms,2_7_new_plugin_bag_3,219,1779961732874813580,21.783110203,40.882
total_ms,2_7_new_plugin_bag_3,220,1779961732948534568,21.856831191,36.932
total_ms,2_7_new_plugin_bag_3,221,1779961733090080908,21.998377531000003,44.372
total_ms,2_7_new_plugin_bag_3,222,1779961733157882865,22.066179488000003,38.925
total_ms,2_7_new_plugin_bag_3,223,1779961733274855820,22.183152443,39.922
total_ms,2_7_new_plugin_bag_3,224,1779961733352432929,22.260729552,39.876
total_ms,2_7_new_plugin_bag_3,225,1779961733451518463,22.359815086,36.627
total_ms,2_7_new_plugin_bag_3,226,1779961733545268345,22.453564968000002,36.636
total_ms,2_7_new_plugin_bag_3,227,1779961733664078626,22.572375249,38.468
total_ms,2_7_new_plugin_bag_3,228,1779961733745542540,22.653839163,35.904
total_ms,2_7_new_plugin_bag_3,229,1779961733858328722,22.766625345,36.823
total_ms,2_7_new_plugin_bag_3,230,1779961733948010794,22.856307417,39.732
total_ms,2_7_new_plugin_bag_3,231,1779961734070751445,22.979048068,38.042
total_ms,2_7_new_plugin_bag_3,232,1779961734152278955,23.060575578,38.002
total_ms,2_7_new_plugin_bag_3,233,1779961734297204133,23.205500756000003,48.189
total_ms,2_7_new_plugin_bag_3,234,1779961734347967106,23.256263729,37.451
total_ms,2_7_new_plugin_bag_3,235,1779961734476202953,23.384499576000003,44.337
total_ms,2_7_new_plugin_bag_3,236,1779961734594085747,23.502382370000003,48.04
total_ms,2_7_new_plugin_bag_3,237,1779961734657581239,23.565877862,38.223
total_ms,2_7_new_plugin_bag_3,238,1779961734772484478,23.680781101,38.143
total_ms,2_7_new_plugin_bag_3,239,1779961734853181750,23.761478373000003,37.71
total_ms,2_7_new_plugin_bag_3,240,1779961734977283289,23.885579912,45.506
total_ms,2_7_new_plugin_bag_3,241,1779961735091712536,24.000009159,49.776
total_ms,2_7_new_plugin_bag_3,242,1779961735159986911,24.068283534000003,45.973
total_ms,2_7_new_plugin_bag_3,243,1779961735307724474,24.216021097000002,64.218
total_ms,2_7_new_plugin_bag_3,244,1779961735395745466,24.304042089000003,52.059
total_ms,2_7_new_plugin_bag_3,245,1779961735487239123,24.395535746,51.031
total_ms,2_7_new_plugin_bag_3,246,1779961735590701015,24.498997638000002,46.59
total_ms,2_7_new_plugin_bag_3,247,1779961735667232688,24.575529311,43.246
total_ms,2_7_new_plugin_bag_3,248,1779961735761892243,24.670188866,38.068
total_ms,2_7_new_plugin_bag_3,249,1779961735878246576,24.786543199,38.597
total_ms,2_7_new_plugin_bag_3,250,1779961735950997095,24.859293718,37.852
total_ms,2_7_new_plugin_bag_3,251,1779961736071653129,24.979949752000003,37.994
total_ms,2_7_new_plugin_bag_3,252,1779961736158382949,25.066679572,39.804
total_ms,2_7_new_plugin_bag_3,253,1779961736245147636,25.153444259,34.07
total_ms,2_7_new_plugin_bag_3,254,1779961736370227174,25.278523797000002,42.924
total_ms,2_7_new_plugin_bag_3,255,1779961736453444578,25.361741201,39.777
total_ms,2_7_new_plugin_bag_3,256,1779961736558343330,25.466639953,41.906
total_ms,2_7_new_plugin_bag_3,257,1779961736656176205,25.564472828000003,37.334
total_ms,2_7_new_plugin_bag_3,258,1779961736762775796,25.671072419,37.905
total_ms,2_7_new_plugin_bag_3,259,1779961736922037764,25.830334387,68.507
total_ms,2_7_new_plugin_bag_3,260,1779961736952037781,25.860334404000003,29.013
total_ms,2_7_new_plugin_bag_3,261,1779961737058564997,25.966861620000003,38.401
total_ms,2_7_new_plugin_bag_3,262,1779961737172196237,26.080492860000003,38.256
total_ms,2_7_new_plugin_bag_3,263,1779961737248960862,26.157257485000002,40.134
total_ms,2_7_new_plugin_bag_3,264,1779961737352526731,26.260823354000003,36.388
total_ms,2_7_new_plugin_bag_3,265,1779961737452436736,26.360733359,36.196
total_ms,2_7_new_plugin_bag_3,266,1779961737564335743,26.472632366000003,36.651
total_ms,2_7_new_plugin_bag_3,267,1779961737680570174,26.588866797,47.266
total_ms,2_7_new_plugin_bag_3,268,1779961737751764032,26.660060655000002,39.644
total_ms,2_7_new_plugin_bag_3,269,1779961737844251303,26.752547926000002,36.56
total_ms,2_7_new_plugin_bag_3,270,1779961737959620654,26.867917277,38.021
total_ms,2_7_new_plugin_bag_3,271,1779961738059709226,26.968005849,35.632
total_ms,2_7_new_plugin_bag_3,272,1779961738148769532,27.057066155,36.535
total_ms,2_7_new_plugin_bag_3,273,1779961738269307326,27.177603949,37.601
total_ms,2_7_new_plugin_bag_3,274,1779961738353079155,27.261375778,36.972
total_ms,2_7_new_plugin_bag_3,275,1779961738469727844,27.378024467000003,37.766
total_ms,2_7_new_plugin_bag_3,276,1779961738559782153,27.468078776000002,37.388
total_ms,2_7_new_plugin_bag_3,277,1779961738663097793,27.571394416,35.509
total_ms,2_7_new_plugin_bag_3,278,1779961738750641931,27.658938554000002,33.632
total_ms,2_7_new_plugin_bag_3,279,1779961738868548876,27.776845499,40.98
total_ms,2_7_new_plugin_bag_3,280,1779961738978322115,27.886618738000003,38.066
total_ms,2_7_new_plugin_bag_3,281,1779961739108147907,28.01644453,49.435
total_ms,2_7_new_plugin_bag_3,282,1779961739186212340,28.094508963000003,42.733
total_ms,2_7_new_plugin_bag_3,283,1779961739258301396,28.166598019000002,43.132
total_ms,2_7_new_plugin_bag_3,284,1779961739357872764,28.266169387,38.706
total_ms,2_7_new_plugin_bag_3,285,1779961739477190600,28.385487223000002,44.421
total_ms,2_7_new_plugin_bag_3,286,1779961739573199920,28.481496543000002,40.294
total_ms,2_7_new_plugin_bag_3,287,1779961739670381234,28.578677857000002,61.292
total_ms,2_7_new_plugin_bag_3,288,1779961739769226751,28.677523374000003,38.578
total_ms,2_7_new_plugin_bag_3,289,1779961739872805631,28.781102254,42.139
total_ms,2_7_new_plugin_bag_3,290,1779961739961575569,28.869872192000003,41.945
total_ms,2_7_new_plugin_bag_3,291,1779961740086138069,28.994434692000002,42.351
total_ms,2_7_new_plugin_bag_3,292,1779961740166594497,29.07489112,39.715
total_ms,2_7_new_plugin_bag_3,293,1779961740247790070,29.156086693000002,35.405
total_ms,2_7_new_plugin_bag_3,294,1779961740384575692,29.292872315,40.402
total_ms,2_7_new_plugin_bag_3,295,1779961740465938709,29.374235332,34.15
total_ms,2_7_new_plugin_bag_3,296,1779961740573474448,29.481771071,39.463
total_ms,2_7_new_plugin_bag_3,297,1779961740652568705,29.560865328000002,37.527
total_ms,2_7_new_plugin_bag_3,298,1779961740748985345,29.657281968000003,37.897
total_ms,2_7_new_plugin_bag_3,299,1779961740850374476,29.758671099,41.27
total_ms,2_7_new_plugin_bag_3,300,1779961740958114050,29.866410673,33.902
total_ms,2_7_new_plugin_bag_3,301,1779961741069802530,29.978099153000002,37.793
total_ms,2_7_new_plugin_bag_3,302,1779961741206667870,30.114964493000002,62.249
total_ms,2_7_new_plugin_bag_3,303,1779961741267174638,30.175471261000002,39.793
total_ms,2_7_new_plugin_bag_3,304,1779961741388555391,30.296852014000002,45.893
total_ms,2_7_new_plugin_bag_3,305,1779961741474629330,30.382925953,42.147
total_ms,2_7_new_plugin_bag_3,306,1779961741594125167,30.502421790000003,46.936
total_ms,2_7_new_plugin_bag_3,307,1779961741708993416,30.617290039,58.103
total_ms,2_7_new_plugin_bag_3,308,1779961741762562251,30.670858874,35.631
total_ms,2_7_new_plugin_bag_3,309,1779961741892805565,30.801102188,50.036
total_ms,2_7_new_plugin_bag_3,310,1779961741952204062,30.860500685,37.89
total_ms,2_7_new_plugin_bag_3,311,1779961742073175679,30.981472302,38.964
total_ms,2_7_new_plugin_bag_3,312,1779961742212536533,31.120833156000003,61.889
total_ms,2_7_new_plugin_bag_3,313,1779961742288846307,31.197142930000002,46.162
total_ms,2_7_new_plugin_bag_3,314,1779961742359418204,31.267714827000002,37.123
total_ms,2_7_new_plugin_bag_3,315,1779961742462689775,31.370986398000003,35.656
total_ms,2_7_new_plugin_bag_3,316,1779961742560865564,31.469162187000002,35.376
total_ms,2_7_new_plugin_bag_3,317,1779961742667638323,31.575934946,42.013
total_ms,2_7_new_plugin_bag_3,318,1779961742772223181,31.680519804000003,39.371
total_ms,2_7_new_plugin_bag_3,319,1779961742862268256,31.770564879000002,42.14
total_ms,2_7_new_plugin_bag_3,320,1779961742950423025,31.858719648,38.227
total_ms,2_7_new_plugin_bag_3,321,1779961743076262835,31.984559458000003,44.11
total_ms,2_7_new_plugin_bag_3,322,1779961743160457880,32.068754503,37.677
total_ms,2_7_new_plugin_bag_3,323,1779961743264534920,32.172831543,43.086
total_ms,2_7_new_plugin_bag_3,324,1779961743356342595,32.264639218,41.668
total_ms,2_7_new_plugin_bag_3,325,1779961743443204555,32.351501178,35.234
total_ms,2_7_new_plugin_bag_3,326,1779961743575917845,32.484214468000005,38.773
total_ms,2_7_new_plugin_bag_3,327,1779961743658641421,32.566938044000004,40.652
total_ms,2_7_new_plugin_bag_3,328,1779961743766732583,32.675029206000005,38.196
total_ms,2_7_new_plugin_bag_3,329,1779961743874185115,32.782481738,42.54
total_ms,2_7_new_plugin_bag_3,330,1779961743978415056,32.886711679,46.075
total_ms,2_7_new_plugin_bag_3,331,1779961744060486714,32.968783337000005,41.027
total_ms,2_7_new_plugin_bag_3,332,1779961744152170182,33.060466805000004,38.814
total_ms,2_7_new_plugin_bag_3,333,1779961744284017967,33.19231459,39.631
total_ms,2_7_new_plugin_bag_3,334,1779961744366122929,33.274419552000005,38.237
total_ms,2_7_new_plugin_bag_3,335,1779961744448506340,33.356802963,36.931
total_ms,2_7_new_plugin_bag_3,336,1779961744579317609,33.487614232,46.439
total_ms,2_7_new_plugin_bag_3,337,1779961744670000282,33.578296905,37.223
total_ms,2_7_new_plugin_bag_3,338,1779961744758947247,33.66724387,42.154
total_ms,2_7_new_plugin_bag_3,339,1779961744860979013,33.769275636,36.055
total_ms,2_7_new_plugin_bag_3,340,1779961744970449450,33.878746073,43.493
total_ms,2_7_new_plugin_bag_3,341,1779961745053585639,33.961882262,38.155
total_ms,2_7_new_plugin_bag_3,342,1779961745154539414,34.062836037000004,36.362
total_ms,2_7_new_plugin_bag_3,343,1779961745253459011,34.161755634,38.823
total_ms,2_7_new_plugin_bag_3,344,1779961745361564005,34.269860628,39.604
total_ms,2_7_new_plugin_bag_3,345,1779961745475059822,34.383356445000004,41.534
total_ms,2_7_new_plugin_bag_3,346,1779961745587853065,34.496149688,45.033
total_ms,2_7_new_plugin_bag_3,347,1779961745673296061,34.581592684,37.931
total_ms,2_7_new_plugin_bag_3,348,1779961745810249342,34.718545965000004,51.541
total_ms,2_7_new_plugin_bag_3,349,1779961745913919780,34.822216403,61.124
total_ms,2_7_new_plugin_bag_3,350,1779961745986598042,34.894894665,51.043
total_ms,2_7_new_plugin_bag_3,351,1779961746062732771,34.971029394000006,42.602
total_ms,2_7_new_plugin_bag_3,352,1779961746172521897,35.08081852,46.661
total_ms,2_7_new_plugin_bag_3,353,1779961746263658407,35.17195503,39.384
total_ms,2_7_new_plugin_bag_3,354,1779961746375900705,35.284197328000005,37.634
total_ms,2_7_new_plugin_bag_3,355,1779961746485190389,35.393487012,43.454
total_ms,2_7_new_plugin_bag_3,356,1779961746557825057,35.46612168,40.191
total_ms,2_7_new_plugin_bag_3,357,1779961746647216518,35.555513141,36.874
total_ms,2_7_new_plugin_bag_3,358,1779961746777791728,35.686088351,43.632
total_ms,2_7_new_plugin_bag_3,359,1779961746851529021,35.759825644,38.575
total_ms,2_7_new_plugin_bag_3,360,1779961746964272744,35.872569367000004,35.82
total_ms,2_7_new_plugin_bag_3,361,1779961747083715952,35.992012575000004,39.82
total_ms,2_7_new_plugin_bag_3,362,1779961747162872455,36.071169078000004,34.906
total_ms,2_7_new_plugin_bag_3,363,1779961747270903159,36.179199782000005,35.752
total_ms,2_7_new_plugin_bag_3,364,1779961747385606558,36.293903181000005,45.724
total_ms,2_7_new_plugin_bag_3,365,1779961747460557600,36.368854223,40.931
total_ms,2_7_new_plugin_bag_3,366,1779961747597735507,36.50603213,46.714
total_ms,2_7_new_plugin_bag_3,367,1779961747687271020,36.595567643,45.034
total_ms,2_7_new_plugin_bag_3,368,1779961747786743662,36.695040285000005,47.264
total_ms,2_7_new_plugin_bag_3,369,1779961747881475449,36.789772072000005,46.845
total_ms,2_7_new_plugin_bag_3,370,1779961747961547508,36.869844131,42.451
total_ms,2_7_new_plugin_bag_3,371,1779961748099339938,37.007636561000005,50.683
total_ms,2_7_new_plugin_bag_3,372,1779961748168507006,37.076803629000004,34.133
total_ms,2_7_new_plugin_bag_3,373,1779961748279470340,37.187766963,47.079
total_ms,2_7_new_plugin_bag_3,374,1779961748358906454,37.267203077000005,36.176
total_ms,2_7_new_plugin_bag_3,375,1779961748465252891,37.373549514000004,39.93
total_ms,2_7_new_plugin_bag_3,376,1779961748567274101,37.475570724,39.393
total_ms,2_7_new_plugin_bag_3,377,1779961748653365357,37.561661980000004,37.423
total_ms,2_7_new_plugin_bag_3,378,1779961748761451158,37.669747781000005,39.833
total_ms,2_7_new_plugin_bag_3,379,1779961748879949705,37.788246328,38.464
total_ms,2_7_new_plugin_bag_3,380,1779961748968131026,37.876427649,43.146
total_ms,2_7_new_plugin_bag_3,381,1779961749079189546,37.987486169,44.046
total_ms,2_7_new_plugin_bag_3,382,1779961749154625489,38.062922112,39.493
total_ms,2_7_new_plugin_bag_3,383,1779961749281446561,38.189743184,48.025
total_ms,2_7_new_plugin_bag_3,384,1779961749364956229,38.273252852000006,50.007
total_ms,2_7_new_plugin_bag_3,385,1779961749525552304,38.433848927,58.474
total_ms,2_7_new_plugin_bag_3,386,1779961749585653869,38.493950492,52.158
total_ms,2_7_new_plugin_bag_3,387,1779961749692148281,38.600444904,46.028
total_ms,2_7_new_plugin_bag_3,388,1779961749786405810,38.694702433,48.375
total_ms,2_7_new_plugin_bag_3,389,1779961749888233003,38.796529626,47.81
total_ms,2_7_new_plugin_bag_3,390,1779961749975281876,38.883578499,40.71
total_ms,2_7_new_plugin_bag_3,391,1779961750070936699,38.979233322,40.307
total_ms,2_7_new_plugin_bag_3,392,1779961750151740567,39.06003719,38.316
total_ms,2_7_new_plugin_bag_3,393,1779961750247583946,39.155880569000004,39.574
total_ms,2_7_new_plugin_bag_3,394,1779961750347166501,39.255463124,36.505
total_ms,2_7_new_plugin_bag_3,395,1779961750492105551,39.400402174,45.112
total_ms,2_7_new_plugin_bag_3,396,1779961750571364651,39.479661274,37.984
total_ms,2_7_new_plugin_bag_3,397,1779961750684426386,39.592723009000004,46.756
total_ms,2_7_new_plugin_bag_3,398,1779961750759911440,39.668208063,40.549
total_ms,2_7_new_plugin_bag_3,399,1779961750851530208,39.759826831000005,38.144
total_ms,2_7_new_plugin_bag_3,400,1779961750966747515,39.875044138,40.098
total_ms,2_7_new_plugin_bag_3,401,1779961751064672975,39.972969598000006,37.479
total_ms,2_7_new_plugin_bag_3,402,1779961751158401777,40.0666984,37.88
total_ms,2_7_new_plugin_bag_3,403,1779961751266844557,40.175141180000004,40.668
total_ms,2_7_new_plugin_bag_3,404,1779961751352246610,40.260543233,41.396
total_ms,2_7_new_plugin_bag_3,405,1779961751464441218,40.372737841,38.442
total_ms,2_7_new_plugin_bag_3,406,1779961751554247941,40.462544564000005,35.602
total_ms,2_7_new_plugin_bag_3,407,1779961751659156690,40.567453313,36.163
total_ms,2_7_new_plugin_bag_3,408,1779961751777147602,40.685444225000005,39.381
total_ms,2_7_new_plugin_bag_3,409,1779961751860630729,40.768927352000006,35.188
total_ms,2_7_new_plugin_bag_3,410,1779961751974505246,40.882801869000005,45.359
total_ms,2_7_new_plugin_bag_3,411,1779961752054294430,40.962591053000004,42.974
total_ms,2_7_new_plugin_bag_3,412,1779961752148610035,41.056906658,42.159
total_ms,2_7_new_plugin_bag_3,413,1779961752265594164,41.173890787000005,41.338
total_ms,2_7_new_plugin_bag_3,414,1779961752372766693,41.281063316,41.347
total_ms,2_7_new_plugin_bag_3,415,1779961752504525654,41.412822277000004,44.728
total_ms,2_7_new_plugin_bag_3,416,1779961752567802553,41.476099176000005,36.831
total_ms,2_7_new_plugin_bag_3,417,1779961752650884010,41.559180633000004,36.543
total_ms,2_7_new_plugin_bag_3,418,1779961752760666435,41.668963058,40.303
total_ms,2_7_new_plugin_bag_3,419,1779961752876748496,41.785045119,42.772
total_ms,2_7_new_plugin_bag_3,420,1779961752976471563,41.884768186,42.156
total_ms,2_7_new_plugin_bag_3,421,1779961753050294076,41.958590699000005,38.218
total_ms,2_7_new_plugin_bag_3,422,1779961753165582677,42.0738793,39.025
total_ms,2_7_new_plugin_bag_3,423,1779961753271689603,42.179986226000004,54.728
total_ms,2_7_new_plugin_bag_3,424,1779961753364427837,42.27272446,39.513
total_ms,2_7_new_plugin_bag_3,425,1779961753468929962,42.377226585,39.373
total_ms,2_7_new_plugin_bag_3,426,1779961753565871649,42.474168272,47.442
total_ms,2_7_new_plugin_bag_3,427,1779961753673012566,42.581309189,40.093
total_ms,2_7_new_plugin_bag_3,428,1779961753824305897,42.73260252,73.658
total_ms,2_7_new_plugin_bag_3,429,1779961753889845299,42.798141922,50.66
total_ms,2_7_new_plugin_bag_3,430,1779961753985236874,42.893533497,53.297
total_ms,2_7_new_plugin_bag_3,431,1779961754072905040,42.981201663,38.736
total_ms,2_7_new_plugin_bag_3,432,1779961754162297647,43.07059427,42.392
total_ms,2_7_new_plugin_bag_3,433,1779961754262633823,43.170930446,39.644
total_ms,2_7_new_plugin_bag_3,434,1779961754389204330,43.297500953000004,57.099
total_ms,2_7_new_plugin_bag_3,435,1779961754454060750,43.362357373,40.799
total_ms,2_7_new_plugin_bag_3,436,1779961754570374777,43.4786714,40.315
total_ms,2_7_new_plugin_bag_3,437,1779961754660625510,43.568922133,33.875
total_ms,2_7_new_plugin_bag_3,438,1779961754777288962,43.685585585000005,44.937
total_ms,2_7_new_plugin_bag_3,439,1779961754851242398,43.759539021,37.122
total_ms,2_7_new_plugin_bag_3,440,1779961754975084105,43.883380728000006,47.491
total_ms,2_7_new_plugin_bag_3,441,1779961755078922778,43.987219401000004,43.228
total_ms,2_7_new_plugin_bag_3,442,1779961755185466661,44.093763284000005,43.931
total_ms,2_7_new_plugin_bag_3,443,1779961755273069476,44.181366099,43.708
total_ms,2_7_new_plugin_bag_3,444,1779961755375887527,44.28418415,44.082
total_ms,2_7_new_plugin_bag_3,445,1779961755450393624,44.358690247000006,37.12
total_ms,2_7_new_plugin_bag_3,446,1779961755564788450,44.473085073,39.25
total_ms,2_7_new_plugin_bag_3,447,1779961755644824734,44.553121357,36.719
total_ms,2_7_new_plugin_bag_3,448,1779961755777117681,44.685414304000005,43.314
total_ms,2_7_new_plugin_bag_3,449,1779961755886700499,44.794997122000005,48.656
total_ms,2_7_new_plugin_bag_3,450,1779961755957482997,44.865779620000005,41.639
total_ms,2_7_new_plugin_bag_3,451,1779961756070108529,44.978405152,40.558
total_ms,2_7_new_plugin_bag_3,452,1779961756168717944,45.077014567000006,38.916
total_ms,2_7_new_plugin_bag_3,453,1779961756270763781,45.179060404000005,43.043
total_ms,2_7_new_plugin_bag_3,454,1779961756365335827,45.27363245,37.852
total_ms,2_7_new_plugin_bag_3,455,1779961756462930716,45.371227339,42.318
total_ms,2_7_new_plugin_bag_3,456,1779961756584293380,45.492590003000004,41.897
total_ms,2_7_new_plugin_bag_3,457,1779961756665474308,45.573770931000006,36.543
total_ms,2_7_new_plugin_bag_3,458,1779961756779349201,45.687645824,41.87
total_ms,2_7_new_plugin_bag_3,459,1779961756861738339,45.770034962000004,42.797
total_ms,2_7_new_plugin_bag_3,460,1779961756954892361,45.863188984000004,36.657
total_ms,2_7_new_plugin_bag_3,461,1779961757077923456,45.986220079000006,39.629
total_ms,2_7_new_plugin_bag_3,462,1779961757162658272,46.070954895,38.37
total_ms,2_7_new_plugin_bag_3,463,1779961757247413769,46.155710392,37.834
total_ms,2_7_new_plugin_bag_3,464,1779961757352606630,46.260903253,39.859
total_ms,2_7_new_plugin_bag_3,465,1779961757451452769,46.359749392000005,38.36
total_ms,2_7_new_plugin_bag_3,466,1779961757560417945,46.468714568,43.264
total_ms,2_7_new_plugin_bag_3,467,1779961757670445924,46.578742547000004,40.138
total_ms,2_7_new_plugin_bag_3,468,1779961757754220831,46.662517454,41.352
total_ms,2_7_new_plugin_bag_3,469,1779961757851073793,46.759370416,34.942
total_ms,2_7_new_plugin_bag_3,470,1779961757966713863,46.875010486,43.102
total_ms,2_7_new_plugin_bag_3,471,1779961758049701501,46.957998124,38.47
total_ms,2_7_new_plugin_bag_3,472,1779961758185996050,47.094292673000005,51.288
total_ms,2_7_new_plugin_bag_3,473,1779961758273830614,47.182127237,41.367
total_ms,2_7_new_plugin_bag_3,474,1779961758404662653,47.312959276,45.511
total_ms,2_7_new_plugin_bag_3,475,1779961758495145673,47.403442296,54.893
total_ms,2_7_new_plugin_bag_3,476,1779961758591234691,47.499531314,53.757
total_ms,2_7_new_plugin_bag_3,477,1779961758658741936,47.567038559000004,41.778
total_ms,2_7_new_plugin_bag_3,478,1779961758758147049,47.666443672,36.988
total_ms,2_7_new_plugin_bag_3,479,1779961758858870293,47.767166916,38.238
total_ms,2_7_new_plugin_bag_3,480,1779961758973404805,47.881701428,45.813
total_ms,2_7_new_plugin_bag_3,481,1779961759042513496,47.950810119,35.855
total_ms,2_7_new_plugin_bag_3,482,1779961759166394318,48.074690941,39.156
total_ms,2_7_new_plugin_bag_3,483,1779961759250291742,48.158588365,37.647
total_ms,2_7_new_plugin_bag_3,484,1779961759392184723,48.300481346000005,51.719
total_ms,2_7_new_plugin_bag_3,485,1779961759446592233,48.354888856,36.458
total_ms,2_7_new_plugin_bag_3,486,1779961759562726250,48.471022873,38.645
total_ms,2_7_new_plugin_bag_3,487,1779961759661062681,48.569359304,38.659
total_ms,2_7_new_plugin_bag_3,488,1779961759790359021,48.698655644000006,46.774
total_ms,2_7_new_plugin_bag_3,489,1779961759904087392,48.812384015000006,57.208
total_ms,2_7_new_plugin_bag_3,490,1779961759969032475,48.877329098000004,51.502
total_ms,2_7_new_plugin_bag_3,491,1779961760083659301,48.991955924,48.631
total_ms,2_7_new_plugin_bag_3,492,1779961760197711958,49.106008581000005,52.385
total_ms,2_7_new_plugin_bag_3,493,1779961760260627071,49.168923694,48.067
total_ms,2_7_new_plugin_bag_3,494,1779961760400402084,49.308698707000005,52.005
total_ms,2_7_new_plugin_bag_3,495,1779961760453920620,49.362217243,42.742
total_ms,2_7_new_plugin_bag_3,496,1779961760601149313,49.509445936000006,43.678
total_ms,2_7_new_plugin_bag_3,497,1779961760656130077,49.564426700000006,41.854
total_ms,2_7_new_plugin_bag_3,498,1779961760763196431,49.671493054,45.214
total_ms,2_7_new_plugin_bag_3,499,1779961760867828648,49.776125271000005,47.256
total_ms,2_7_new_plugin_bag_3,500,1779961760948026083,49.856322706,37.892
total_ms,2_7_new_plugin_bag_3,501,1779961761064286996,49.972583619000005,41.855
total_ms,2_7_new_plugin_bag_3,502,1779961761163699485,50.071996108,53.13
total_ms,2_7_new_plugin_bag_3,503,1779961761250287381,50.158584004000005,40.136
total_ms,2_7_new_plugin_bag_3,504,1779961761353678745,50.261975368,39.805
total_ms,2_7_new_plugin_bag_3,505,1779961761464624761,50.372921384,39.995
total_ms,2_7_new_plugin_bag_3,506,1779961761555563910,50.463860533,47.074
total_ms,2_7_new_plugin_bag_3,507,1779961761663044358,50.571340981000006,35.942
total_ms,2_7_new_plugin_bag_3,508,1779961761748035863,50.656332486000004,40.428
total_ms,2_7_new_plugin_bag_3,509,1779961761867426305,50.775722928,40.948
total_ms,2_7_new_plugin_bag_3,510,1779961761964564234,50.872860857000006,39.241
total_ms,2_7_new_plugin_bag_3,511,1779961762094202079,51.002498702000004,47.811
total_ms,2_7_new_plugin_bag_3,512,1779961762167474909,51.075771532000005,38.618
total_ms,2_7_new_plugin_bag_3,513,1779961762262533800,51.170830423000005,38.876
total_ms,2_7_new_plugin_bag_3,514,1779961762359975761,51.26827238400001,50.089
total_ms,2_7_new_plugin_bag_3,515,1779961762448607165,51.356903788000004,39.514
total_ms,2_7_new_plugin_bag_3,516,1779961762554232641,51.462529264000004,38.585
total_ms,2_7_new_plugin_bag_3,517,1779961762651928522,51.560225145000004,37.286
total_ms,2_7_new_plugin_bag_3,518,1779961762754500383,51.662797006000005,36.824
total_ms,2_7_new_plugin_bag_3,519,1779961762865040278,51.773336901,35.523
total_ms,2_7_new_plugin_bag_3,520,1779961762959663726,51.867960349,36.42
total_ms,2_7_new_plugin_bag_3,521,1779961763067057635,51.975354258,36.837
total_ms,2_7_new_plugin_bag_3,522,1779961763173454187,52.08175081,59.968
total_ms,2_7_new_plugin_bag_3,523,1779961763245989646,52.154286269,37.57
total_ms,2_7_new_plugin_bag_3,524,1779961763384702612,52.292999235,49.076
total_ms,2_7_new_plugin_bag_3,525,1779961763454305199,52.362601822,41.92
total_ms,2_7_new_plugin_bag_3,526,1779961763565404985,52.473701608000006,40.995
total_ms,2_7_new_plugin_bag_3,527,1779961763648968936,52.557265559,39.759
total_ms,2_7_new_plugin_bag_3,528,1779961763799479035,52.707775658,48.139
total_ms,2_7_new_plugin_bag_3,529,1779961763854268357,52.76256498,38.172
total_ms,2_7_new_plugin_bag_3,530,1779961763949066448,52.857363071,37.914
total_ms,2_7_new_plugin_bag_3,531,1779961764055366496,52.963663119,36.479
total_ms,2_7_new_plugin_bag_3,532,1779961764153967700,53.062264323,39.161
total_ms,2_7_new_plugin_bag_3,533,1779961764263928420,53.172225043000005,35.79
total_ms,2_7_new_plugin_bag_3,534,1779961764341411107,53.249707730000004,32.535
total_ms,2_7_new_plugin_bag_3,535,1779961764473636168,53.381932791000004,39.558
total_ms,2_7_new_plugin_bag_3,536,1779961764562386190,53.470682813,35.15
total_ms,2_7_new_plugin_bag_3,537,1779961764685630341,53.593926964000005,38.176
total_ms,2_7_new_plugin_bag_3,538,1779961764808985774,53.717282397000005,47.871
total_ms,2_7_new_plugin_bag_3,539,1779961764851590363,53.759886986000005,34.077
total_ms,2_7_new_plugin_bag_3,540,1779961764942511724,53.850808347000005,36.352
total_ms,2_7_new_plugin_bag_3,541,1779961765052702893,53.960999516,34.463
total_ms,2_7_new_plugin_bag_3,542,1779961765205816480,54.114113103,68.005
total_ms,2_7_new_plugin_bag_3,543,1779961765269060225,54.177356848,36.487
total_ms,2_7_new_plugin_bag_3,544,1779961765374190545,54.282487168,35.911
total_ms,2_7_new_plugin_bag_3,545,1779961765500260650,54.40855727300001,41.365
total_ms,2_7_new_plugin_bag_3,546,1779961765551667113,54.459963736000006,38.756
total_ms,2_7_new_plugin_bag_3,547,1779961765658821244,54.567117867,36.574
total_ms,2_7_new_plugin_bag_3,548,1779961765753202801,54.661499424000006,35.409
total_ms,2_7_new_plugin_bag_3,549,1779961765850428072,54.758724695000005,39.176
total_ms,2_7_new_plugin_bag_3,550,1779961765950852636,54.859149259000006,36.375
total_ms,2_7_new_plugin_bag_3,551,1779961766075483094,54.983779717000004,39.453
total_ms,2_7_new_plugin_bag_3,552,1779961766151807341,55.06010396400001,32.805
total_ms,2_7_new_plugin_bag_3,553,1779961766258385444,55.166682067,38.971
total_ms,2_7_new_plugin_bag_3,554,1779961766383134065,55.291430688000005,45.318
total_ms,2_7_new_plugin_bag_3,555,1779961766444075167,55.35237179000001,33.318
total_ms,2_7_new_plugin_bag_3,556,1779961766562314077,55.4706107,38.642
total_ms,2_7_new_plugin_bag_3,557,1779961766655090798,55.563387421,37.949
total_ms,2_7_new_plugin_bag_3,558,1779961766749429011,55.657725634,37.936
total_ms,2_7_new_plugin_bag_3,559,1779961766858347937,55.76664456,37.703
total_ms,2_7_new_plugin_bag_3,560,1779961766978032681,55.886329304,42.185
total_ms,2_7_new_plugin_bag_3,561,1779961767068338542,55.976635165000005,40.579
total_ms,2_7_new_plugin_bag_3,562,1779961767153597105,56.061893728,39.797
total_ms,2_7_new_plugin_bag_3,563,1779961767243090407,56.15138703,34.199
total_ms,2_7_new_plugin_bag_3,564,1779961767346195684,56.25449230700001,37.672
total_ms,2_7_new_plugin_bag_3,565,1779961767454115791,56.362412414000005,36.666
total_ms,2_7_new_plugin_bag_3,566,1779961767558590273,56.466886896000005,40.128
total_ms,2_7_new_plugin_bag_3,567,1779961767653106305,56.56140292800001,38.197
total_ms,2_7_new_plugin_bag_3,568,1779961767746208883,56.65450550600001,36.339
total_ms,2_7_new_plugin_bag_3,569,1779961767860350079,56.768646702000005,33.869
total_ms,2_7_new_plugin_bag_3,570,1779961767984636330,56.892932953000006,43.258
total_ms,2_7_new_plugin_bag_3,571,1779961768054429173,56.962725796,40.131
total_ms,2_7_new_plugin_bag_3,572,1779961768163139595,57.071436218,40.349
total_ms,2_7_new_plugin_bag_3,573,1779961768278732604,57.187029227000004,36.243
total_ms,2_7_new_plugin_bag_3,574,1779961768352966445,57.261263068000005,39.12
total_ms,2_7_new_plugin_bag_3,575,1779961768456566948,57.364863571,39.411
total_ms,2_7_new_plugin_bag_3,576,1779961768559010708,57.467307331,39.372
total_ms,2_7_new_plugin_bag_3,577,1779961768667868243,57.576164866000006,42.973
total_ms,2_7_new_plugin_bag_3,578,1779961768761758673,57.670055296,34.783
total_ms,2_7_new_plugin_bag_3,579,1779961768905613243,57.813909866,48.25
total_ms,2_7_new_plugin_bag_3,580,1779961768953595995,57.861892618000006,41.346
total_ms,2_7_new_plugin_bag_3,581,1779961769053519373,57.961815996000006,35.877
total_ms,2_7_new_plugin_bag_3,582,1779961769203539087,58.11183571,59.676
total_ms,2_7_new_plugin_bag_3,583,1779961769249849517,58.15814614000001,36.817
total_ms,2_7_new_plugin_bag_3,584,1779961769383992115,58.292288738,42.64
total_ms,2_7_new_plugin_bag_3,585,1779961769453713745,58.36201036800001,37.612
total_ms,2_7_new_plugin_bag_3,586,1779961769613749957,58.52204658,49.135
total_ms,2_7_new_plugin_bag_3,587,1779961769650502109,58.55879873200001,34.819
total_ms,2_7_new_plugin_bag_3,588,1779961769751498129,58.659794752,43.765
total_ms,2_7_new_plugin_bag_3,589,1779961769876166061,58.784462684000005,42.005
total_ms,2_7_new_plugin_bag_3,590,1779961769950954576,58.859251199000006,36.633
total_ms,2_7_new_plugin_bag_3,591,1779961770060604414,58.968901037,36.657
total_ms,2_7_new_plugin_bag_3,592,1779961770152014541,59.060311164000005,39.998
total_ms,2_7_new_plugin_bag_3,593,1779961770250477604,59.158774227,37.207
total_ms,2_7_new_plugin_bag_3,594,1779961770366533345,59.274829968000006,39.048
total_ms,2_7_new_plugin_bag_3,595,1779961770470572703,59.378869326,39.055
total_ms,2_7_new_plugin_bag_3,596,1779961770555978212,59.464274835000005,33.982
total_ms,2_7_new_plugin_bag_3,597,1779961770646957744,59.555254367,31.344
total_ms,2_7_old_plugin_bag,0,1779952570654988499,0.0,49.94
total_ms,2_7_old_plugin_bag,1,1779952570714527322,0.059538823000000005,48.214
total_ms,2_7_old_plugin_bag,2,1779952570752680134,0.09769163500000001,37.03
total_ms,2_7_old_plugin_bag,3,1779952570873709551,0.21872105200000003,49.893
total_ms,2_7_old_plugin_bag,4,1779952570963567409,0.30857891000000004,42.841
total_ms,2_7_old_plugin_bag,5,1779952571064833434,0.409844935,44.854
total_ms,2_7_old_plugin_bag,6,1779952571140447196,0.48545869700000005,35.439
total_ms,2_7_old_plugin_bag,7,1779952571261394529,0.60640603,41.597
total_ms,2_7_old_plugin_bag,8,1779952571344326030,0.6893375310000001,43.533
total_ms,2_7_old_plugin_bag,9,1779952571441804229,0.78681573,41.215
total_ms,2_7_old_plugin_bag,10,1779952571556854719,0.90186622,53.539
total_ms,2_7_old_plugin_bag,11,1779952571650727938,0.9957394390000001,38.394
total_ms,2_7_old_plugin_bag,12,1779952571746294779,1.09130628,41.141
total_ms,2_7_old_plugin_bag,13,1779952571844306436,1.189317937,34.398
total_ms,2_7_old_plugin_bag,14,1779952571959215532,1.304227033,36.65
total_ms,2_7_old_plugin_bag,15,1779952572088011776,1.433023277,47.449
total_ms,2_7_old_plugin_bag,16,1779952572144301286,1.489312787,40.25
total_ms,2_7_old_plugin_bag,17,1779952572292836595,1.6378480960000001,64.965
total_ms,2_7_old_plugin_bag,18,1779952572361849018,1.7068605190000001,36.243
total_ms,2_7_old_plugin_bag,19,1779952572464939088,1.809950589,46.122
total_ms,2_7_old_plugin_bag,20,1779952572557082159,1.90209366,47.156
total_ms,2_7_old_plugin_bag,21,1779952572656917250,2.0019287510000003,48.751
total_ms,2_7_old_plugin_bag,22,1779952572760709073,2.1057205740000002,48.072
total_ms,2_7_old_plugin_bag,23,1779952572862148436,2.207159937,41.613
total_ms,2_7_old_plugin_bag,24,1779952572989647205,2.3346587060000004,52.295
total_ms,2_7_old_plugin_bag,25,1779952573061504816,2.4065163170000003,39.053
total_ms,2_7_old_plugin_bag,26,1779952573173214031,2.518225532,39.696
total_ms,2_7_old_plugin_bag,27,1779952573254058159,2.59906966,38.373
total_ms,2_7_old_plugin_bag,28,1779952573359836745,2.704848246,41.403
total_ms,2_7_old_plugin_bag,29,1779952573435109164,2.780120665,38.604
total_ms,2_7_old_plugin_bag,30,1779952573585617937,2.930629438,52.398
total_ms,2_7_old_plugin_bag,31,1779952573665277628,3.0102891290000002,45.925
total_ms,2_7_old_plugin_bag,32,1779952573739819580,3.0848310810000004,39.076
total_ms,2_7_old_plugin_bag,33,1779952573840742111,3.185753612,44.451
total_ms,2_7_old_plugin_bag,34,1779952573947258831,3.292270332,41.828
total_ms,2_7_old_plugin_bag,35,1779952574042684768,3.387696269,43.549
total_ms,2_7_old_plugin_bag,36,1779952574147739461,3.492750962,46.132
total_ms,2_7_old_plugin_bag,37,1779952574273825551,3.6188370520000004,42.233
total_ms,2_7_old_plugin_bag,38,1779952574346350947,3.691362448,42.157
total_ms,2_7_old_plugin_bag,39,1779952574436220363,3.7812318640000004,36.98
total_ms,2_7_old_plugin_bag,40,1779952574565871542,3.910883043,45.013
total_ms,2_7_old_plugin_bag,41,1779952574644558239,3.9895697400000003,38.272
total_ms,2_7_old_plugin_bag,42,1779952574741814220,4.086825721,41.456
total_ms,2_7_old_plugin_bag,43,1779952574842417113,4.187428614,37.917
total_ms,2_7_old_plugin_bag,44,1779952574952037813,4.297049314000001,39.491
total_ms,2_7_old_plugin_bag,45,1779952575038424054,4.383435555,39.816
total_ms,2_7_old_plugin_bag,46,1779952575174727679,4.51973918,45.823
total_ms,2_7_old_plugin_bag,47,1779952575244931523,4.589943024,37.356
total_ms,2_7_old_plugin_bag,48,1779952575341995028,4.6870065290000005,36.792
total_ms,2_7_old_plugin_bag,49,1779952575511890601,4.856902102,69.693
total_ms,2_7_old_plugin_bag,50,1779952575582055747,4.927067248,58.999
total_ms,2_7_old_plugin_bag,51,1779952575662626127,5.007637628,39.706
total_ms,2_7_old_plugin_bag,52,1779952575808967693,5.153979194000001,51.91
total_ms,2_7_old_plugin_bag,53,1779952575856460302,5.2014718030000004,39.494
total_ms,2_7_old_plugin_bag,54,1779952575994832711,5.339844212,57.292
total_ms,2_7_old_plugin_bag,55,1779952576048108686,5.393120187,43.139
total_ms,2_7_old_plugin_bag,56,1779952576179130460,5.524141961000001,48.118
total_ms,2_7_old_plugin_bag,57,1779952576232626173,5.577637674,37.115
total_ms,2_7_old_plugin_bag,58,1779952576338828967,5.6838404680000005,40.205
total_ms,2_7_old_plugin_bag,59,1779952576443132951,5.788144452,37.829
total_ms,2_7_old_plugin_bag,60,1779952576574015501,5.919027002,43.887
total_ms,2_7_old_plugin_bag,61,1779952576664980401,6.009991902,46.262
total_ms,2_7_old_plugin_bag,62,1779952576757583924,6.1025954250000005,40.414
total_ms,2_7_old_plugin_bag,63,1779952576878284046,6.223295547,49.275
total_ms,2_7_old_plugin_bag,64,1779952576947141740,6.292153241,39.456
total_ms,2_7_old_plugin_bag,65,1779952577081311722,6.426323223000001,47.229
total_ms,2_7_old_plugin_bag,66,1779952577179563667,6.524575168,46.186
total_ms,2_7_old_plugin_bag,67,1779952577240684739,6.585696240000001,41.64
total_ms,2_7_old_plugin_bag,68,1779952577350352334,6.695363835,39.728
total_ms,2_7_old_plugin_bag,69,1779952577465526520,6.810538021,59.373
total_ms,2_7_old_plugin_bag,70,1779952577584435424,6.929446925000001,50.078
total_ms,2_7_old_plugin_bag,71,1779952577666827711,7.011839212000001,38.397
total_ms,2_7_old_plugin_bag,72,1779952577767787605,7.112799106000001,48.781
total_ms,2_7_old_plugin_bag,73,1779952577838269663,7.183281164,32.793
total_ms,2_7_old_plugin_bag,74,1779952577961137117,7.306148618000001,46.102
total_ms,2_7_old_plugin_bag,75,1779952578043944658,7.388956159,35.633
total_ms,2_7_old_plugin_bag,76,1779952578147269374,7.4922808750000005,41.146
total_ms,2_7_old_plugin_bag,77,1779952578237505940,7.582517441,39.416
total_ms,2_7_old_plugin_bag,78,1779952578354986609,7.69999811,36.728
total_ms,2_7_old_plugin_bag,79,1779952578453670716,7.7986822170000005,37.781
total_ms,2_7_old_plugin_bag,80,1779952578550041982,7.895053483000001,37.66
total_ms,2_7_old_plugin_bag,81,1779952578654540071,7.9995515720000006,35.936
total_ms,2_7_old_plugin_bag,82,1779952578785665849,8.130677350000001,46.647
total_ms,2_7_old_plugin_bag,83,1779952578857205450,8.202216951,38.239
total_ms,2_7_old_plugin_bag,84,1779952578954424032,8.299435533,40.567
total_ms,2_7_old_plugin_bag,85,1779952579039582276,8.384593777000001,38.638
total_ms,2_7_old_plugin_bag,86,1779952579190692330,8.535703831000001,50.102
total_ms,2_7_old_plugin_bag,87,1779952579244351050,8.589362551,34.83
total_ms,2_7_old_plugin_bag,88,1779952579351817946,8.696829447,37.763
total_ms,2_7_old_plugin_bag,89,1779952579459367802,8.804379303000001,43.205
total_ms,2_7_old_plugin_bag,90,1779952579534678503,8.879690004,37.74
total_ms,2_7_old_plugin_bag,91,1779952579643172604,8.988184105,43.119
total_ms,2_7_old_plugin_bag,92,1779952579784194843,9.129206344,46.363
total_ms,2_7_old_plugin_bag,93,1779952579846650663,9.191662164,40.641
total_ms,2_7_old_plugin_bag,94,1779952579940355908,9.285367409000001,42.603
total_ms,2_7_old_plugin_bag,95,1779952580043460892,9.388472393,37.327
total_ms,2_7_old_plugin_bag,96,1779952580163113143,9.508124644,39.871
total_ms,2_7_old_plugin_bag,97,1779952580250251378,9.595262879,36.851
total_ms,2_7_old_plugin_bag,98,1779952580352240758,9.697252259,36.813
total_ms,2_7_old_plugin_bag,99,1779952580464155150,9.809166651,46.848
total_ms,2_7_old_plugin_bag,100,1779952580546124502,9.891136003,38.46
total_ms,2_7_old_plugin_bag,101,1779952580636398814,9.981410315,37.8
total_ms,2_7_old_plugin_bag,102,1779952580740497603,10.085509104,33.636
total_ms,2_7_old_plugin_bag,103,1779952580854815293,10.199826794,38.558
total_ms,2_7_old_plugin_bag,104,1779952580964498535,10.309510036,42.048
total_ms,2_7_old_plugin_bag,105,1779952581081821815,10.426833316000002,56.094
total_ms,2_7_old_plugin_bag,106,1779952581160240137,10.505251638,40.492
total_ms,2_7_old_plugin_bag,107,1779952581285827757,10.630839258,63.426
total_ms,2_7_old_plugin_bag,108,1779952581356140551,10.701152052000001,37.797
total_ms,2_7_old_plugin_bag,109,1779952581458175344,10.803186845,45.628
total_ms,2_7_old_plugin_bag,110,1779952581562230156,10.907241657,43.971
total_ms,2_7_old_plugin_bag,111,1779952581683027125,11.028038626,48.387
total_ms,2_7_old_plugin_bag,112,1779952581763313035,11.108324536000001,51.731
total_ms,2_7_old_plugin_bag,113,1779952581887042219,11.232053720000001,61.423
total_ms,2_7_old_plugin_bag,114,1779952581973997560,11.319009061000001,42.016
total_ms,2_7_old_plugin_bag,115,1779952582095546208,11.440557709,49.327
total_ms,2_7_old_plugin_bag,116,1779952582209279131,11.554290632,54.663
total_ms,2_7_old_plugin_bag,117,1779952582254280757,11.599292258,43.266
total_ms,2_7_old_plugin_bag,118,1779952582337875568,11.682887069000001,37.505
total_ms,2_7_old_plugin_bag,119,1779952582442659682,11.787671183,35.825
total_ms,2_7_old_plugin_bag,120,1779952582559543544,11.904555045,42.203
total_ms,2_7_old_plugin_bag,121,1779952582644753895,11.989765396000001,33.426
total_ms,2_7_old_plugin_bag,122,1779952582741110519,12.086122020000001,33.097
total_ms,2_7_old_plugin_bag,123,1779952582851694270,12.196705771000001,39.809
total_ms,2_7_old_plugin_bag,124,1779952582963264719,12.308276220000002,40.092
total_ms,2_7_old_plugin_bag,125,1779952583056240778,12.401252279000001,39.411
total_ms,2_7_old_plugin_bag,126,1779952583161462218,12.506473719,35.881
total_ms,2_7_old_plugin_bag,127,1779952583253383365,12.598394866000001,36.758
total_ms,2_7_old_plugin_bag,128,1779952583343430175,12.688441676,34.564
total_ms,2_7_old_plugin_bag,129,1779952583477950484,12.822961985000001,40.541
total_ms,2_7_old_plugin_bag,130,1779952583574371854,12.919383355,43.675
total_ms,2_7_old_plugin_bag,131,1779952583638578354,12.983589855,38.417
total_ms,2_7_old_plugin_bag,132,1779952583775835631,13.120847132000002,47.091
total_ms,2_7_old_plugin_bag,133,1779952583846197540,13.191209041,41.983
total_ms,2_7_old_plugin_bag,134,1779952583975996773,13.321008274,42.944
total_ms,2_7_old_plugin_bag,135,1779952584083665688,13.428677189,47.88
total_ms,2_7_old_plugin_bag,136,1779952584176949418,13.521960919000001,42.502
total_ms,2_7_old_plugin_bag,137,1779952584245398695,13.590410196,41.117
total_ms,2_7_old_plugin_bag,138,1779952584335933167,13.680944668,38.588
total_ms,2_7_old_plugin_bag,139,1779952584449346585,13.794358086,35.376
total_ms,2_7_old_plugin_bag,140,1779952584550657689,13.895669190000001,35.245
total_ms,2_7_old_plugin_bag,141,1779952584643317254,13.988328755000001,36.777
total_ms,2_7_old_plugin_bag,142,1779952584737844462,14.082855963,36.943
total_ms,2_7_old_plugin_bag,143,1779952584844347146,14.189358647,37.051
total_ms,2_7_old_plugin_bag,144,1779952584964429594,14.309441095,34.589
total_ms,2_7_old_plugin_bag,145,1779952585087761809,14.432773310000002,52.525
total_ms,2_7_old_plugin_bag,146,1779952585147559016,14.492570517,38.116
total_ms,2_7_old_plugin_bag,147,1779952585238676718,14.583688219,34.318
total_ms,2_7_old_plugin_bag,148,1779952585334759200,14.679770701,37.575
total_ms,2_7_old_plugin_bag,149,1779952585486484884,14.831496385000001,42.006
total_ms,2_7_old_plugin_bag,150,1779952585550637759,14.89564926,41.231
total_ms,2_7_old_plugin_bag,151,1779952585634155222,14.979166723,32.934
total_ms,2_7_old_plugin_bag,152,1779952585744381590,15.089393091000002,42.985
total_ms,2_7_old_plugin_bag,153,1779952585865214999,15.210226500000001,43.883
total_ms,2_7_old_plugin_bag,154,1779952585933614227,15.278625728000002,36.929
total_ms,2_7_old_plugin_bag,155,1779952586079358463,15.424369964,45.49
total_ms,2_7_old_plugin_bag,156,1779952586166301736,15.511313237000001,42.245
total_ms,2_7_old_plugin_bag,157,1779952586265963920,15.610975421000001,37.5
total_ms,2_7_old_plugin_bag,158,1779952586357308375,15.702319876,36.972
total_ms,2_7_old_plugin_bag,159,1779952586468466343,15.813477844000001,45.654
total_ms,2_7_old_plugin_bag,160,1779952586541315781,15.886327282000002,36.488
total_ms,2_7_old_plugin_bag,161,1779952586635630953,15.980642454000002,38.491
total_ms,2_7_old_plugin_bag,162,1779952586739323115,16.084334616,33.28
total_ms,2_7_old_plugin_bag,163,1779952586851175183,16.196186684,38.361
total_ms,2_7_old_plugin_bag,164,1779952586955456887,16.300468388000002,38.613
total_ms,2_7_old_plugin_bag,165,1779952587076034717,16.421046218,50.508
total_ms,2_7_old_plugin_bag,166,1779952587150646943,16.495658444,38.917
total_ms,2_7_old_plugin_bag,167,1779952587249622900,16.594634401,42.541
total_ms,2_7_old_plugin_bag,168,1779952587336727904,16.681739405000002,39.426
total_ms,2_7_old_plugin_bag,169,1779952587465291594,16.810303095000002,43.762
total_ms,2_7_old_plugin_bag,170,1779952587551164509,16.89617601,38.826
total_ms,2_7_old_plugin_bag,171,1779952587634288429,16.97929993,37.183
total_ms,2_7_old_plugin_bag,172,1779952587739017989,17.084029490000002,40.531
total_ms,2_7_old_plugin_bag,173,1779952587836255501,17.181267002000002,39.932
total_ms,2_7_old_plugin_bag,174,1779952587947151042,17.292162543,37.089
total_ms,2_7_old_plugin_bag,175,1779952588057366694,17.402378195,36.632
total_ms,2_7_old_plugin_bag,176,1779952588156192735,17.501204236,37.689
total_ms,2_7_old_plugin_bag,177,1779952588267439106,17.612450607,54.572
total_ms,2_7_old_plugin_bag,178,1779952588374865333,17.719876834,45.208
total_ms,2_7_old_plugin_bag,179,1779952588474735048,17.819746549,46.939
total_ms,2_7_old_plugin_bag,180,1779952588588883334,17.933894835,43.612
total_ms,2_7_old_plugin_bag,181,1779952588663555316,18.008566817000002,44.176
total_ms,2_7_old_plugin_bag,182,1779952588764253651,18.109265152000003,45.735
total_ms,2_7_old_plugin_bag,183,1779952588845224619,18.19023612,36.299
total_ms,2_7_old_plugin_bag,184,1779952588971565329,18.316576830000002,45.612
total_ms,2_7_old_plugin_bag,185,1779952589039560625,18.384572126000002,33.863
total_ms,2_7_old_plugin_bag,186,1779952589161551070,18.506562571,41.69
total_ms,2_7_old_plugin_bag,187,1779952589283961612,18.628973113,46.946
total_ms,2_7_old_plugin_bag,188,1779952589349414087,18.694425588,32.979
total_ms,2_7_old_plugin_bag,189,1779952589449297300,18.794308801,36.194
total_ms,2_7_old_plugin_bag,190,1779952589561385300,18.906396801,41.646
total_ms,2_7_old_plugin_bag,191,1779952589695183293,19.040194794,49.423
total_ms,2_7_old_plugin_bag,192,1779952589743702765,19.088714266,42.923
total_ms,2_7_old_plugin_bag,193,1779952589857697402,19.202708903,42.132
total_ms,2_7_old_plugin_bag,194,1779952589956650483,19.301661984000003,37.35
total_ms,2_7_old_plugin_bag,195,1779952590065522216,19.410533717,44.965
total_ms,2_7_old_plugin_bag,196,1779952590146028617,19.491040118,38.391
total_ms,2_7_old_plugin_bag,197,1779952590284200052,19.629211553,44.639
total_ms,2_7_old_plugin_bag,198,1779952590357774405,19.702785906000003,39.593
total_ms,2_7_old_plugin_bag,199,1779952590440563483,19.785574984,39.406
total_ms,2_7_old_plugin_bag,200,1779952590540138182,19.885149683,40.46
total_ms,2_7_old_plugin_bag,201,1779952590641933985,19.986945486,35.65
total_ms,2_7_old_plugin_bag,202,1779952590747333655,20.092345156,43.672
total_ms,2_7_old_plugin_bag,203,1779952590878402663,20.223414164,50.524
total_ms,2_7_old_plugin_bag,204,1779952590947512861,20.292524362,40.098
total_ms,2_7_old_plugin_bag,205,1779952591055971437,20.400982938000002,40.996
total_ms,2_7_old_plugin_bag,206,1779952591184054623,20.529066124,56.681
total_ms,2_7_old_plugin_bag,207,1779952591282065329,20.62707683,46.682
total_ms,2_7_old_plugin_bag,208,1779952591357609174,20.702620675000002,39.138
total_ms,2_7_old_plugin_bag,209,1779952591489505690,20.834517191,46.798
total_ms,2_7_old_plugin_bag,210,1779952591546294352,20.891305853000002,40.617
total_ms,2_7_old_plugin_bag,211,1779952591650783043,20.995794544000002,42.376
total_ms,2_7_old_plugin_bag,212,1779952591741818020,21.086829521000002,41.725
total_ms,2_7_old_plugin_bag,213,1779952591864050060,21.209061561000002,41.959
total_ms,2_7_old_plugin_bag,214,1779952591966090737,21.311102238,55.18
total_ms,2_7_old_plugin_bag,215,1779952592064216201,21.409227702000003,40.274
total_ms,2_7_old_plugin_bag,216,1779952592166303953,21.511315454000002,47.264
total_ms,2_7_old_plugin_bag,217,1779952592236800302,21.581811803,38.892
total_ms,2_7_old_plugin_bag,218,1779952592357005692,21.702017193,43.306
total_ms,2_7_old_plugin_bag,219,1779952592445959875,21.790971376,40.08
total_ms,2_7_old_plugin_bag,220,1779952592549898934,21.894910435,37.497
total_ms,2_7_old_plugin_bag,221,1779952592660294921,22.005306422,41.399
total_ms,2_7_old_plugin_bag,222,1779952592770198052,22.115209553,48.633
total_ms,2_7_old_plugin_bag,223,1779952592840241171,22.185252672,38.827
total_ms,2_7_old_plugin_bag,224,1779952592943043542,22.288055043,37.175
total_ms,2_7_old_plugin_bag,225,1779952593084691738,22.429703239000002,50.215
total_ms,2_7_old_plugin_bag,226,1779952593169494870,22.514506371000003,46.445
total_ms,2_7_old_plugin_bag,227,1779952593268595936,22.613607437000002,44.724
total_ms,2_7_old_plugin_bag,228,1779952593405656674,22.750668175,65.141
total_ms,2_7_old_plugin_bag,229,1779952593448514675,22.793526176,41.308
total_ms,2_7_old_plugin_bag,230,1779952593561804331,22.906815832000003,46.521
total_ms,2_7_old_plugin_bag,231,1779952593638887753,22.983899254,38.934
total_ms,2_7_old_plugin_bag,232,1779952593756991267,23.102002768000002,40.345
total_ms,2_7_old_plugin_bag,233,1779952593845268667,23.190280168,40.972
total_ms,2_7_old_plugin_bag,234,1779952593956025048,23.301036549000003,39.356
total_ms,2_7_old_plugin_bag,235,1779952594085857156,23.430868657,52.385
total_ms,2_7_old_plugin_bag,236,1779952594150844579,23.495856080000003,42.866
total_ms,2_7_old_plugin_bag,237,1779952594274314384,23.619325885000002,51.627
total_ms,2_7_old_plugin_bag,238,1779952594364700497,23.709711998000003,46.154
total_ms,2_7_old_plugin_bag,239,1779952594453951658,23.798963159000003,45.208
total_ms,2_7_old_plugin_bag,240,1779952594537510836,23.882522337,35.611
total_ms,2_7_old_plugin_bag,241,1779952594708282148,24.053293649,72.827
total_ms,2_7_old_plugin_bag,242,1779952594790855299,24.135866800000002,52.783
total_ms,2_7_old_plugin_bag,243,1779952594871918491,24.216929992,46.953
total_ms,2_7_old_plugin_bag,244,1779952594985830102,24.330841603000003,50.722
total_ms,2_7_old_plugin_bag,245,1779952595057672690,24.402684191000002,48.42
total_ms,2_7_old_plugin_bag,246,1779952595166489980,24.511501481,45.035
total_ms,2_7_old_plugin_bag,247,1779952595257648911,24.602660412000002,36.291
total_ms,2_7_old_plugin_bag,248,1779952595390278509,24.73529001,56.181
total_ms,2_7_old_plugin_bag,249,1779952595439163888,24.784175389,38.48
total_ms,2_7_old_plugin_bag,250,1779952595563879243,24.908890744,51.046
total_ms,2_7_old_plugin_bag,251,1779952595652043971,24.997055472000003,43.847
total_ms,2_7_old_plugin_bag,252,1779952595744668019,25.08967952,44.028
total_ms,2_7_old_plugin_bag,253,1779952595842872833,25.187884334000003,36.375
total_ms,2_7_old_plugin_bag,254,1779952595956371214,25.301382715000003,41.071
total_ms,2_7_old_plugin_bag,255,1779952596071741808,25.416753309,48.985
total_ms,2_7_old_plugin_bag,256,1779952596161343405,25.506354906000002,43.347
total_ms,2_7_old_plugin_bag,257,1779952596258018884,25.603030385,36.094
total_ms,2_7_old_plugin_bag,258,1779952596368522083,25.713533584,48.31
total_ms,2_7_old_plugin_bag,259,1779952596466752976,25.811764477,42.566
total_ms,2_7_old_plugin_bag,260,1779952596574710210,25.919721711,50.176
total_ms,2_7_old_plugin_bag,261,1779952596644671574,25.989683075000002,40.499
total_ms,2_7_old_plugin_bag,262,1779952596785684404,26.130695905000003,45.523
total_ms,2_7_old_plugin_bag,263,1779952596861225842,26.206237343,44.145
total_ms,2_7_old_plugin_bag,264,1779952596945543709,26.29055521,43.167
total_ms,2_7_old_plugin_bag,265,1779952597059314529,26.40432603,40.67
total_ms,2_7_old_plugin_bag,266,1779952597156269696,26.501281197,37.515
total_ms,2_7_old_plugin_bag,267,1779952597256441876,26.601453377000002,40.485
total_ms,2_7_old_plugin_bag,268,1779952597344734492,26.689745993000002,38.138
total_ms,2_7_old_plugin_bag,269,1779952597483574688,26.828586189000003,57.099
total_ms,2_7_old_plugin_bag,270,1779952597556521453,26.901532954,39.12
total_ms,2_7_old_plugin_bag,271,1779952597663431129,27.00844263,44.065
total_ms,2_7_old_plugin_bag,272,1779952597741439199,27.0864507,37.336
total_ms,2_7_old_plugin_bag,273,1779952597857513185,27.202524686,41.004
total_ms,2_7_old_plugin_bag,274,1779952597988732665,27.333744166000002,47.829
total_ms,2_7_old_plugin_bag,275,1779952598064899315,27.409910816,44.085
total_ms,2_7_old_plugin_bag,276,1779952598165630984,27.510642485,45.681
total_ms,2_7_old_plugin_bag,277,1779952598249570309,27.59458181,39.213
total_ms,2_7_old_plugin_bag,278,1779952598344870857,27.689882358000002,34.953
total_ms,2_7_old_plugin_bag,279,1779952598490185779,27.835197280000003,48.845
total_ms,2_7_old_plugin_bag,280,1779952598575717943,27.920729444000003,48.426
total_ms,2_7_old_plugin_bag,281,1779952598677082750,28.022094251000002,51.429
total_ms,2_7_old_plugin_bag,282,1779952598774053498,28.119064999000003,50.949
total_ms,2_7_old_plugin_bag,283,1779952598846440718,28.191452219000002,41.371
total_ms,2_7_old_plugin_bag,284,1779952598935772247,28.280783748,37.519
total_ms,2_7_old_plugin_bag,285,1779952599053599771,28.398611272,41.025
total_ms,2_7_old_plugin_bag,286,1779952599169055076,28.514066577,46.852
total_ms,2_7_old_plugin_bag,287,1779952599283177750,28.628189251000002,48.879
total_ms,2_7_old_plugin_bag,288,1779952599342751582,28.687763083,44.323
total_ms,2_7_old_plugin_bag,289,1779952599471010379,28.81602188,47.491
total_ms,2_7_old_plugin_bag,290,1779952599547920630,28.892932131000002,36.02
total_ms,2_7_old_plugin_bag,291,1779952599642311322,28.987322823000003,35.497
total_ms,2_7_old_plugin_bag,292,1779952599746019965,29.091031466,43.362
total_ms,2_7_old_plugin_bag,293,1779952599875532950,29.220544451000002,43.079
total_ms,2_7_old_plugin_bag,294,1779952599947106355,29.292117856,36.958
total_ms,2_7_old_plugin_bag,295,1779952600079648711,29.424660212000003,53.631
total_ms,2_7_old_plugin_bag,296,1779952600154919501,29.499931002,39.171
total_ms,2_7_old_plugin_bag,297,1779952600257118052,29.602129553,42.558
total_ms,2_7_old_plugin_bag,298,1779952600381224525,29.726236026000002,52.774
total_ms,2_7_old_plugin_bag,299,1779952600448815138,29.793826639000002,36.145
total_ms,2_7_old_plugin_bag,300,1779952600541951237,29.886962738,38.793
total_ms,2_7_old_plugin_bag,301,1779952600669388248,30.014399749000003,49.292
total_ms,2_7_old_plugin_bag,302,1779952600747014036,30.092025537,41.509
total_ms,2_7_old_plugin_bag,303,1779952600866294909,30.211306410000002,46.291
total_ms,2_7_old_plugin_bag,304,1779952600943614150,30.288625651,42.906
total_ms,2_7_old_plugin_bag,305,1779952601095390159,30.440401660000003,56.311
total_ms,2_7_old_plugin_bag,306,1779952601198670797,30.543682298,50.815
total_ms,2_7_old_plugin_bag,307,1779952601295962725,30.640974226,58.165
total_ms,2_7_old_plugin_bag,308,1779952601382824407,30.727835908000003,51.809
total_ms,2_7_old_plugin_bag,309,1779952601511209473,30.856220974000003,59.762
total_ms,2_7_old_plugin_bag,310,1779952601550207612,30.895219113000003,38.324
total_ms,2_7_old_plugin_bag,311,1779952601649278327,30.994289828000003,39.425
total_ms,2_7_old_plugin_bag,312,1779952601750567929,31.09557943,46.872
total_ms,2_7_old_plugin_bag,313,1779952601850580749,31.19559225,42.377
total_ms,2_7_old_plugin_bag,314,1779952601983422805,31.328434306000002,45.733
total_ms,2_7_old_plugin_bag,315,1779952602047419445,31.392430946,35.026
total_ms,2_7_old_plugin_bag,316,1779952602150449805,31.495461306000003,36.531
total_ms,2_7_old_plugin_bag,317,1779952602291244182,31.636255683,53.414
total_ms,2_7_old_plugin_bag,318,1779952602366803887,31.711815388,54.292
total_ms,2_7_old_plugin_bag,319,1779952602461156861,31.806168362,45.427
total_ms,2_7_old_plugin_bag,320,1779952602574202929,31.91921443,44.657
total_ms,2_7_old_plugin_bag,321,1779952602667342323,32.012353824,44.637
total_ms,2_7_old_plugin_bag,322,1779952602748206529,32.09321803,43.583
total_ms,2_7_old_plugin_bag,323,1779952602874870775,32.219882276,51.585
total_ms,2_7_old_plugin_bag,324,1779952602994965405,32.339976906000004,57.78
total_ms,2_7_old_plugin_bag,325,1779952603050955282,32.395966783,40.773
total_ms,2_7_old_plugin_bag,326,1779952603145246058,32.490257559,33.766
total_ms,2_7_old_plugin_bag,327,1779952603247969426,32.592980927,43.769
total_ms,2_7_old_plugin_bag,328,1779952603343938517,32.688950018,32.923
total_ms,2_7_old_plugin_bag,329,1779952603501134147,32.846145648000004,67.814
total_ms,2_7_old_plugin_bag,330,1779952603544768159,32.88977966,37.899
total_ms,2_7_old_plugin_bag,331,1779952603646834418,32.991845919,38.628
total_ms,2_7_old_plugin_bag,332,1779952603738855073,33.083866574000005,41.964
total_ms,2_7_old_plugin_bag,333,1779952603861409291,33.206420792,41.364
total_ms,2_7_old_plugin_bag,334,1779952603980237246,33.325248747,49.969
total_ms,2_7_old_plugin_bag,335,1779952604058275647,33.403287148000004,39.175
total_ms,2_7_old_plugin_bag,336,1779952604161361131,33.506372632,41.714
total_ms,2_7_old_plugin_bag,337,1779952604261920335,33.606931836,43.287
total_ms,2_7_old_plugin_bag,338,1779952604372042413,33.717053914000005,40.482
total_ms,2_7_old_plugin_bag,339,1779952604450520690,33.795532191,35.84
total_ms,2_7_old_plugin_bag,340,1779952604588743501,33.933755002000005,47.985
total_ms,2_7_old_plugin_bag,341,1779952604659163350,34.004174851,37.412
total_ms,2_7_old_plugin_bag,342,1779952604790596726,34.135608227,53.124
total_ms,2_7_old_plugin_bag,343,1779952604861844680,34.206856181,38.68
total_ms,2_7_old_plugin_bag,344,1779952604958652063,34.303663564000004,38.936
total_ms,2_7_old_plugin_bag,345,1779952605063141203,34.408152704,40.734
total_ms,2_7_old_plugin_bag,346,1779952605158419954,34.503431455000005,40.3
total_ms,2_7_old_plugin_bag,347,1779952605256446154,34.601457655000004,36.437
total_ms,2_7_old_plugin_bag,348,1779952605382929330,34.727940831000005,42.481
total_ms,2_7_old_plugin_bag,349,1779952605453229570,34.798241071,40.299
total_ms,2_7_old_plugin_bag,350,1779952605563479397,34.908490898000004,43.089
total_ms,2_7_old_plugin_bag,351,1779952605643750978,34.988762479,39.619
total_ms,2_7_old_plugin_bag,352,1779952605743545042,35.088556543,42.383
total_ms,2_7_old_plugin_bag,353,1779952605892472106,35.237483607,51.433
total_ms,2_7_old_plugin_bag,354,1779952605999358008,35.344369509,50.103
total_ms,2_7_old_plugin_bag,355,1779952606060866077,35.405877578,41.32
total_ms,2_7_old_plugin_bag,356,1779952606179569270,35.524580771000004,41.469
total_ms,2_7_old_plugin_bag,357,1779952606260655068,35.605666569,43.851
total_ms,2_7_old_plugin_bag,358,1779952606346634730,35.691646231,39.271
total_ms,2_7_old_plugin_bag,359,1779952606462004506,35.807016007,42.834
total_ms,2_7_old_plugin_bag,360,1779952606570357244,35.915368745,45.517
total_ms,2_7_old_plugin_bag,361,1779952606653002100,35.998013601000004,43.442
total_ms,2_7_old_plugin_bag,362,1779952606760148847,36.105160348000005,39.982
total_ms,2_7_old_plugin_bag,363,1779952606857376467,36.202387968000004,39.351
total_ms,2_7_old_plugin_bag,364,1779952606957649639,36.302661140000005,39.978
total_ms,2_7_old_plugin_bag,365,1779952607048162012,36.393173513,44.231
total_ms,2_7_old_plugin_bag,366,1779952607149283786,36.494295287,40.001
total_ms,2_7_old_plugin_bag,367,1779952607263482860,36.608494361000005,45.796
total_ms,2_7_old_plugin_bag,368,1779952607355524056,36.700535557,39.216
total_ms,2_7_old_plugin_bag,369,1779952607551605277,36.896616778,85.125
total_ms,2_7_old_plugin_bag,370,1779952607599303941,36.944315442000004,46.547
total_ms,2_7_old_plugin_bag,371,1779952607698715930,37.043727431,57.295
total_ms,2_7_old_plugin_bag,372,1779952607757847985,37.102859486,46.667
total_ms,2_7_old_plugin_bag,373,1779952607891389572,37.236401073,48.329
total_ms,2_7_old_plugin_bag,374,1779952607957403375,37.302414876,42.875
total_ms,2_7_old_plugin_bag,375,1779952608053178606,37.398190107000005,38.417
total_ms,2_7_old_plugin_bag,376,1779952608156236756,37.501248257,42.011
total_ms,2_7_old_plugin_bag,377,1779952608240049013,37.585060514000006,35.472
total_ms,2_7_old_plugin_bag,378,1779952608389833678,37.734845179000004,63.165
total_ms,2_7_old_plugin_bag,379,1779952608449913564,37.794925065,41.327
total_ms,2_7_old_plugin_bag,380,1779952608546462930,37.891474431,39.103
total_ms,2_7_old_plugin_bag,381,1779952608689845035,38.034856536,47.068
total_ms,2_7_old_plugin_bag,382,1779952608749253799,38.0942653,39.944
total_ms,2_7_old_plugin_bag,383,1779952608878981480,38.223992981,42.539
total_ms,2_7_old_plugin_bag,384,1779952608988725108,38.333736609,51.995
total_ms,2_7_old_plugin_bag,385,1779952609099958590,38.444970091,56.575
total_ms,2_7_old_plugin_bag,386,1779952609150831370,38.495842871,37.854
total_ms,2_7_old_plugin_bag,387,1779952609267980719,38.61299222,44.378
total_ms,2_7_old_plugin_bag,388,1779952609365390516,38.710402017,43.992
total_ms,2_7_old_plugin_bag,389,1779952609461369510,38.806381011,43.94
total_ms,2_7_old_plugin_bag,390,1779952609557858451,38.902869952,49.457
total_ms,2_7_old_plugin_bag,391,1779952609656896047,39.001907548000005,42.309
total_ms,2_7_old_plugin_bag,392,1779952609756538245,39.101549746,39.127
total_ms,2_7_old_plugin_bag,393,1779952609884679832,39.229691333000005,49.167
total_ms,2_7_old_plugin_bag,394,1779952609968720049,39.31373155,45.14
total_ms,2_7_old_plugin_bag,395,1779952610045323644,39.390335145,38.53
total_ms,2_7_old_plugin_bag,396,1779952610153995351,39.499006852,40.689
total_ms,2_7_old_plugin_bag,397,1779952610258810137,39.603821638,40.739
total_ms,2_7_old_plugin_bag,398,1779952610356710419,39.701721920000004,38.256
total_ms,2_7_old_plugin_bag,399,1779952610475917245,39.820928746,53.525
total_ms,2_7_old_plugin_bag,400,1779952610557760294,39.902771795,44.418
total_ms,2_7_old_plugin_bag,401,1779952610660216408,40.005227909000006,37.32
total_ms,2_7_old_plugin_bag,402,1779952610758732965,40.103744466,38.936
total_ms,2_7_old_plugin_bag,403,1779952610884724626,40.229736127,48.378
total_ms,2_7_old_plugin_bag,404,1779952610971503655,40.316515156,48.91
total_ms,2_7_old_plugin_bag,405,1779952611084245659,40.429257160000006,50.256
total_ms,2_7_old_plugin_bag,406,1779952611164808839,40.509820340000005,45.993
total_ms,2_7_old_plugin_bag,407,1779952611250442362,40.595453863,42.882
total_ms,2_7_old_plugin_bag,408,1779952611362487441,40.707498942,50.421
total_ms,2_7_old_plugin_bag,409,1779952611447186379,40.79219788,46.932
total_ms,2_7_old_plugin_bag,410,1779952611553023942,40.898035443000005,39.851
total_ms,2_7_old_plugin_bag,411,1779952611647866175,40.992877676,42.552
total_ms,2_7_old_plugin_bag,412,1779952611749221167,41.094232668000004,41.911
total_ms,2_7_old_plugin_bag,413,1779952611845519640,41.190531141,38.065
total_ms,2_7_old_plugin_bag,414,1779952611956416302,41.301427803,41.357
total_ms,2_7_old_plugin_bag,415,1779952612069454441,41.414465942,47.207
total_ms,2_7_old_plugin_bag,416,1779952612191354549,41.536366050000005,56.111
total_ms,2_7_old_plugin_bag,417,1779952612268647842,41.613659343,47.467
total_ms,2_7_old_plugin_bag,418,1779952612341574878,41.686586379000005,39.391
total_ms,2_7_old_plugin_bag,419,1779952612485959924,41.830971425,54.343
total_ms,2_7_old_plugin_bag,420,1779952612555770612,41.900782113000005,47.972
total_ms,2_7_old_plugin_bag,421,1779952612657980614,42.002992115000005,44.068
total_ms,2_7_old_plugin_bag,422,1779952612780021063,42.125032564,56.623
total_ms,2_7_old_plugin_bag,423,1779952612889179923,42.234191424,65.478
total_ms,2_7_old_plugin_bag,424,1779952612955244997,42.300256498,42.68
total_ms,2_7_old_plugin_bag,425,1779952613050873995,42.395885496000005,46.066
total_ms,2_7_old_plugin_bag,426,1779952613159614904,42.504626405,46.991
total_ms,2_7_old_plugin_bag,427,1779952613253294540,42.598306041,42.817
total_ms,2_7_old_plugin_bag,428,1779952613387406486,42.732417987000005,53.572
total_ms,2_7_old_plugin_bag,429,1779952613456241341,42.801252842000004,43.993
total_ms,2_7_old_plugin_bag,430,1779952613566857772,42.911869273,47.861
total_ms,2_7_old_plugin_bag,431,1779952613673021124,43.018032625000004,50.993
total_ms,2_7_old_plugin_bag,432,1779952613750959542,43.095971043000006,44.951
total_ms,2_7_old_plugin_bag,433,1779952613914619128,43.259630629,70.13
total_ms,2_7_old_plugin_bag,434,1779952614004693400,43.349704901,63.05
total_ms,2_7_old_plugin_bag,435,1779952614046468210,43.391479711,36.377
total_ms,2_7_old_plugin_bag,436,1779952614203605612,43.548617113000006,55.638
total_ms,2_7_old_plugin_bag,437,1779952614245790686,43.590802187,38.373
total_ms,2_7_old_plugin_bag,438,1779952614401086049,43.74609755,54.267
total_ms,2_7_old_plugin_bag,439,1779952614476131935,43.821143436,48.577
total_ms,2_7_old_plugin_bag,440,1779952614556379489,43.90139099,42.093
total_ms,2_7_old_plugin_bag,441,1779952614654416679,43.99942818,41.407
total_ms,2_7_old_plugin_bag,442,1779952614748877863,44.093889364000006,42.386
total_ms,2_7_old_plugin_bag,443,1779952614844666431,44.189677932,38.53
total_ms,2_7_old_plugin_bag,444,1779952614956035668,44.301047169,40.44
total_ms,2_7_old_plugin_bag,445,1779952615080277826,44.425289327,55.675
total_ms,2_7_old_plugin_bag,446,1779952615150655954,44.495667455,47.27
total_ms,2_7_old_plugin_bag,447,1779952615261117461,44.606128962,36.643
total_ms,2_7_old_plugin_bag,448,1779952615358618277,44.703629778,41.273
total_ms,2_7_old_plugin_bag,449,1779952615463585486,44.808596987,46.453
total_ms,2_7_old_plugin_bag,450,1779952615547634844,44.892646345,38.3
total_ms,2_7_old_plugin_bag,451,1779952615649155099,44.9941666,39.835
total_ms,2_7_old_plugin_bag,452,1779952615756758703,45.101770204000005,41.617
total_ms,2_7_old_plugin_bag,453,1779952615858539978,45.203551479000005,44.437
total_ms,2_7_old_plugin_bag,454,1779952615942777217,45.287788718,42.732
total_ms,2_7_old_plugin_bag,455,1779952616045809274,45.390820775,39.31
total_ms,2_7_old_plugin_bag,456,1779952616183376766,45.528388267000004,56.577
total_ms,2_7_old_plugin_bag,457,1779952616248679941,45.593691442,45.001
total_ms,2_7_old_plugin_bag,458,1779952616347533444,45.692544945,41.25
total_ms,2_7_old_plugin_bag,459,1779952616445535287,45.790546788,39.926
total_ms,2_7_old_plugin_bag,460,1779952616546887964,45.891899465,34.961
total_ms,2_7_old_plugin_bag,461,1779952616663259454,46.008270955,42.915
total_ms,2_7_old_plugin_bag,462,1779952616752328067,46.097339568,42.789
total_ms,2_7_old_plugin_bag,463,1779952616863536164,46.208547665000005,53.654
total_ms,2_7_old_plugin_bag,464,1779952616955366386,46.300377887,40.051
total_ms,2_7_old_plugin_bag,465,1779952617083894536,46.428906037000004,48.027
total_ms,2_7_old_plugin_bag,466,1779952617157626824,46.502638325,39.845
total_ms,2_7_old_plugin_bag,467,1779952617311499182,46.656510683,65.258
total_ms,2_7_old_plugin_bag,468,1779952617348107930,46.693119431,35.465
total_ms,2_7_old_plugin_bag,469,1779952617470609539,46.81562104,41.895
total_ms,2_7_old_plugin_bag,470,1779952617558801483,46.903812984000005,39.932
total_ms,2_7_old_plugin_bag,471,1779952617645192331,46.990203832000006,43.683
total_ms,2_7_old_plugin_bag,472,1779952617762344126,47.107355627000004,48.398
total_ms,2_7_old_plugin_bag,473,1779952617846601652,47.191613153000006,40.852
total_ms,2_7_old_plugin_bag,474,1779952617984537470,47.329548971,57.25
total_ms,2_7_old_plugin_bag,475,1779952618080496375,47.425507876000005,52.277
total_ms,2_7_old_plugin_bag,476,1779952618151049719,47.49606122,43.97
total_ms,2_7_old_plugin_bag,477,1779952618243711897,47.588723398000006,43.884
total_ms,2_7_old_plugin_bag,478,1779952618360628111,47.705639612000006,41.67
total_ms,2_7_old_plugin_bag,479,1779952618485772140,47.830783641000004,52.277
total_ms,2_7_old_plugin_bag,480,1779952618549136633,47.894148134000005,41.033
total_ms,2_7_old_plugin_bag,481,1779952618675570440,48.020581941,40.86
total_ms,2_7_old_plugin_bag,482,1779952618789344126,48.134355627000005,47.93
total_ms,2_7_old_plugin_bag,483,1779952618862947161,48.207958662,42.429
total_ms,2_7_old_plugin_bag,484,1779952618971384156,48.316395657,52.528
total_ms,2_7_old_plugin_bag,485,1779952619093191457,48.438202958000005,58.752
total_ms,2_7_old_plugin_bag,486,1779952619149222491,48.494233992000005,40.211
total_ms,2_7_old_plugin_bag,487,1779952619263206281,48.608217782000004,44.718
total_ms,2_7_old_plugin_bag,488,1779952619348959265,48.693970766,41.042
total_ms,2_7_old_plugin_bag,489,1779952619464517771,48.809529272000006,47.562
total_ms,2_7_old_plugin_bag,490,1779952619545235258,48.890246759,37.786
total_ms,2_7_old_plugin_bag,491,1779952619668560088,49.013571589,47.617
total_ms,2_7_old_plugin_bag,492,1779952619744723996,49.08973549700001,39.895
total_ms,2_7_old_plugin_bag,493,1779952619836159023,49.181170524,37.887
total_ms,2_7_old_plugin_bag,494,1779952619969403115,49.314414616,49.598
total_ms,2_7_old_plugin_bag,495,1779952620063207279,49.408218780000006,50.315
total_ms,2_7_old_plugin_bag,496,1779952620146567615,49.491579116000004,40.16
total_ms,2_7_old_plugin_bag,497,1779952620273517720,49.618529221,58.08
total_ms,2_7_old_plugin_bag,498,1779952620379642525,49.724654026,53.605
total_ms,2_7_old_plugin_bag,499,1779952620448756314,49.793767815,42.618
total_ms,2_7_old_plugin_bag,500,1779952620559825732,49.904837233,53.599
total_ms,2_7_old_plugin_bag,501,1779952620668631009,50.013642510000004,49.118
total_ms,2_7_old_plugin_bag,502,1779952620763988214,50.108999715,48.414
total_ms,2_7_old_plugin_bag,503,1779952620868090034,50.213101535,42.663
total_ms,2_7_old_plugin_bag,504,1779952620965609236,50.310620737,43.014
total_ms,2_7_old_plugin_bag,505,1779952621088389711,50.433401212,47.819
total_ms,2_7_old_plugin_bag,506,1779952621147193026,50.492204527000005,38.252
total_ms,2_7_old_plugin_bag,507,1779952621281199023,50.626210524,56.6
total_ms,2_7_old_plugin_bag,508,1779952621348691141,50.693702642000005,42.713
total_ms,2_7_old_plugin_bag,509,1779952621454988002,50.799999503,40.864
total_ms,2_7_old_plugin_bag,510,1779952621551550949,50.896562450000005,32.453
total_ms,2_7_old_plugin_bag,511,1779952621653668065,50.998679566,39.108
total_ms,2_7_old_plugin_bag,512,1779952621761614859,51.10662636,44.792
total_ms,2_7_old_plugin_bag,513,1779952621840676954,51.185688455000005,38.496
total_ms,2_7_old_plugin_bag,514,1779952621951107849,51.296119350000005,38.53
total_ms,2_7_old_plugin_bag,515,1779952622047147812,51.392159313,40.567
total_ms,2_7_old_plugin_bag,516,1779952622172915765,51.517927266,47.768
total_ms,2_7_old_plugin_bag,517,1779952622249834015,51.59484551600001,42.813
total_ms,2_7_old_plugin_bag,518,1779952622355746700,51.700758201000006,39.11
total_ms,2_7_old_plugin_bag,519,1779952622458712220,51.803723721000004,40.49
total_ms,2_7_old_plugin_bag,520,1779952622555632701,51.900644202,36.593
total_ms,2_7_old_plugin_bag,521,1779952622691833948,52.036845449000005,50.997
total_ms,2_7_old_plugin_bag,522,1779952622755384635,52.100396136,52.589
total_ms,2_7_old_plugin_bag,523,1779952622852612920,52.197624421,30.196
total_ms,2_7_old_plugin_bag,524,1779952622969123646,52.314135147,42.206
total_ms,2_7_old_plugin_bag,525,1779952623068222605,52.413234106000004,41.671
total_ms,2_7_old_plugin_bag,526,1779952623168009879,52.513021380000005,44.131
total_ms,2_7_old_plugin_bag,527,1779952623241014435,52.586025936000006,40.641
total_ms,2_7_old_plugin_bag,528,1779952623358690940,52.703702441000004,38.148
total_ms,2_7_old_plugin_bag,529,1779952623460161193,52.80517269400001,39.977
total_ms,2_7_old_plugin_bag,530,1779952623589230959,52.93424246,47.724
total_ms,2_7_old_plugin_bag,531,1779952623638529317,52.983540818,36.627
total_ms,2_7_old_plugin_bag,532,1779952623789759282,53.134770783,54.421
total_ms,2_7_old_plugin_bag,533,1779952623894117159,53.239128660000006,52.792
total_ms,2_7_old_plugin_bag,534,1779952623964234876,53.309246377,44.878
total_ms,2_7_old_plugin_bag,535,1779952624055624768,53.400636269,37.138
total_ms,2_7_old_plugin_bag,536,1779952624150600579,53.49561208,35.453
total_ms,2_7_old_plugin_bag,537,1779952624284052679,53.62906418,52.638
total_ms,2_7_old_plugin_bag,538,1779952624360864816,53.705876317000005,39.185
total_ms,2_7_old_plugin_bag,539,1779952624476738810,53.821750311,43.155
total_ms,2_7_old_plugin_bag,540,1779952624554187972,53.899199473,41.844
total_ms,2_7_old_plugin_bag,541,1779952624640669598,53.985681099000004,35.786
total_ms,2_7_old_plugin_bag,542,1779952624771964155,54.116975656,44.774
total_ms,2_7_old_plugin_bag,543,1779952624854514386,54.199525887,41.358
total_ms,2_7_old_plugin_bag,544,1779952624973251583,54.318263084,43.669
total_ms,2_7_old_plugin_bag,545,1779952625055031782,54.400043283,37.069
total_ms,2_7_old_plugin_bag,546,1779952625193848068,54.538859569,45.86
total_ms,2_7_old_plugin_bag,547,1779952625274212860,54.619224361,52.755
total_ms,2_7_old_plugin_bag,548,1779952625347429261,54.692440762000004,49.602
total_ms,2_7_old_plugin_bag,549,1779952625446506483,54.791517984,36.716
total_ms,2_7_old_plugin_bag,550,1779952625590383779,54.93539528,65.458
total_ms,2_7_old_plugin_bag,551,1779952625654802745,54.99981424600001,47.744
total_ms,2_7_old_plugin_bag,552,1779952625736601771,55.081613272000006,39.06
total_ms,2_7_old_plugin_bag,553,1779952625848318516,55.193330017,40.308
total_ms,2_7_old_plugin_bag,554,1779952625935804633,55.280816134000005,35.17
total_ms,2_7_old_plugin_bag,555,1779952626046645703,55.391657204000005,38.994
total_ms,2_7_old_plugin_bag,556,1779952626134875103,55.479886604,35.283
total_ms,2_7_old_plugin_bag,557,1779952626267309405,55.612320906,42.836
total_ms,2_7_old_plugin_bag,558,1779952626359774176,55.704785677000004,37.081
total_ms,2_7_old_plugin_bag,559,1779952626470789999,55.815801500000006,42.747
total_ms,2_7_old_plugin_bag,560,1779952626605779070,55.950790571000006,67.945
total_ms,2_7_old_plugin_bag,561,1779952626719780510,56.064792011,76.759
total_ms,2_7_old_plugin_bag,562,1779952626774380733,56.119392234,45.792
total_ms,2_7_old_plugin_bag,563,1779952626859224538,56.204236039,38.77
total_ms,2_7_old_plugin_bag,564,1779952626958188126,56.303199627000005,46.945
total_ms,2_7_old_plugin_bag,565,1779952627086038827,56.431050328000005,50.789
total_ms,2_7_old_plugin_bag,566,1779952627195998887,56.541010388000004,51.835
total_ms,2_7_old_plugin_bag,567,1779952627252739827,56.597751328,42.861
total_ms,2_7_old_plugin_bag,568,1779952627344289012,56.689300513000006,43.333
total_ms,2_7_old_plugin_bag,569,1779952627441111219,56.78612272,37.041
total_ms,2_7_old_plugin_bag,570,1779952627603279923,56.948291424000004,59.462
total_ms,2_7_old_plugin_bag,571,1779952627660163555,57.005175056000006,39.731
total_ms,2_7_old_plugin_bag,572,1779952627792519526,57.137531027,63.373
total_ms,2_7_old_plugin_bag,573,1779952627870634709,57.21564621,45.843
total_ms,2_7_old_plugin_bag,574,1779952627963123181,57.308134682,47.023
total_ms,2_7_old_plugin_bag,575,1779952628039326167,57.384337668,38.319
total_ms,2_7_old_plugin_bag,576,1779952628218695915,57.56370741600001,53.644
total_ms,2_7_old_plugin_bag,577,1779952628262541140,57.607552641000005,40.096
total_ms,2_7_old_plugin_bag,578,1779952628373549476,57.718560977,44.566
total_ms,2_7_old_plugin_bag,579,1779952628442010142,57.787021643,41.389
total_ms,2_7_old_plugin_bag,580,1779952628561821384,57.90683288500001,45.375
total_ms,2_7_old_plugin_bag,581,1779952628632744786,57.977756287000005,37.537
total_ms,2_7_old_plugin_bag,582,1779952628739228477,58.08423997800001,39.596
total_ms,2_7_old_plugin_bag,583,1779952628835562420,58.180573921000004,36.523
total_ms,2_7_old_plugin_bag,584,1779952628940763460,58.285774961,35.486
total_ms,2_7_old_plugin_bag,585,1779952629042221925,58.387233426,37.062
total_ms,2_7_old_plugin_bag,586,1779952629151418520,58.496430021,40.862
total_ms,2_7_old_plugin_bag,587,1779952629245555517,58.590567018,39.458
total_ms,2_7_old_plugin_bag,588,1779952629350992127,58.69600362800001,38.943
total_ms,2_7_old_plugin_bag,589,1779952629436061175,58.781072676,35.554
total_ms,2_7_old_plugin_bag,590,1779952629586982578,58.931994079000006,50.089
total_ms,2_7_old_plugin_bag,591,1779952629686462861,59.031474362000004,50.351
total_ms,2_7_old_plugin_bag,592,1779952629761757251,59.106768752,39.502
total_ms,2_7_old_plugin_bag,593,1779952629838907896,59.183919397000004,38.207
total_ms,2_7_old_plugin_bag,594,1779952629944587539,59.289599040000006,35.097
total_ms,2_7_old_plugin_bag,595,1779952630054657059,59.39966856,41.312
total_ms,2_7_old_plugin_bag,596,1779952630188681215,59.533692716000004,52.351
total_ms,2_7_old_plugin_bag,597,1779952630232755106,59.577766607,32.046
total_ms,2_7_opt_bag,0,1779955192492986562,0.0,25.455
total_ms,2_7_opt_bag,1,1779955192581687448,0.088700886,24.896
total_ms,2_7_opt_bag,2,1779955192663835481,0.17084891900000002,22.068
total_ms,2_7_opt_bag,3,1779955192862978396,0.369991834,63.505
total_ms,2_7_opt_bag,4,1779955193071559174,0.578572612,77.259
total_ms,2_7_opt_bag,5,1779955193163053451,0.670066889,64.873
total_ms,2_7_opt_bag,6,1779955193611740306,1.1187537440000002,114.91
total_ms,2_7_opt_bag,7,1779955193671338187,1.1783516250000001,58.24
total_ms,2_7_opt_bag,8,1779955193757766224,1.264779662,62.746
total_ms,2_7_opt_bag,9,1779955193871568867,1.3785823050000001,58.314
total_ms,2_7_opt_bag,10,1779955193970646715,1.4776601530000002,50.354
total_ms,2_7_opt_bag,11,1779955194027697775,1.534711213,28.72
total_ms,2_7_opt_bag,12,1779955194136647642,1.64366108,42.134
total_ms,2_7_opt_bag,13,1779955194291216932,1.7982303700000002,57.118
total_ms,2_7_opt_bag,14,1779955194395245790,1.9022592280000001,43.609
total_ms,2_7_opt_bag,15,1779955194466325404,1.9733388420000002,49.338
total_ms,2_7_opt_bag,16,1779955194602732505,2.109745943,95.968
total_ms,2_7_opt_bag,17,1779955194630657428,2.137670866,26.582
total_ms,2_7_opt_bag,18,1779955194748092605,2.255106043,46.795
total_ms,2_7_opt_bag,19,1779955194839044917,2.3460583550000003,55.937
total_ms,2_7_opt_bag,20,1779955194884298274,2.3913117120000003,38.156
total_ms,2_7_opt_bag,21,1779955194982215561,2.4892289990000003,39.919
total_ms,2_7_opt_bag,22,1779955195069550323,2.576563761,57.952
total_ms,2_7_opt_bag,23,1779955195126378923,2.6333923610000003,45.948
total_ms,2_7_opt_bag,24,1779955195174636368,2.6816498060000002,24.782
total_ms,2_7_opt_bag,25,1779955195305974721,2.812988159,57.076
total_ms,2_7_opt_bag,26,1779955195396693902,2.90370734,62.979
total_ms,2_7_opt_bag,27,1779955195521561080,3.028574518,63.856
total_ms,2_7_opt_bag,28,1779955195568549976,3.0755634140000003,41.908
total_ms,2_7_opt_bag,29,1779955195684713390,3.191726828,46.135
total_ms,2_7_opt_bag,30,1779955195763576691,3.2705901290000003,68.564
total_ms,2_7_opt_bag,31,1779955195811933254,3.3189466920000004,43.02
total_ms,2_7_opt_bag,32,1779955195884462544,3.3914759820000002,64.463
total_ms,2_7_opt_bag,33,1779955195943904317,3.4509177550000003,43.121
total_ms,2_7_opt_bag,34,1779955195991925222,3.4989386600000003,26.222
total_ms,2_7_opt_bag,35,1779955196089792393,3.596805831,33.934
total_ms,2_7_opt_bag,36,1779955196196006188,3.703019626,31.26
total_ms,2_7_opt_bag,37,1779955196305824020,3.812837458,33.159
total_ms,2_7_opt_bag,38,1779955196395810982,3.9028244200000004,43.003
total_ms,2_7_opt_bag,39,1779955196462373716,3.969387154,32.767
total_ms,2_7_opt_bag,40,1779955196580801476,4.087814914,50.722
total_ms,2_7_opt_bag,41,1779955196643928926,4.1509423640000005,58.925
total_ms,2_7_opt_bag,42,1779955196719462038,4.226475476,43.529
total_ms,2_7_opt_bag,43,1779955196806416424,4.3134298620000004,34.162
total_ms,2_7_opt_bag,44,1779955196913359113,4.420372551000001,38.443
total_ms,2_7_opt_bag,45,1779955196974211617,4.481225055,24.509
total_ms,2_7_opt_bag,46,1779955197080455179,4.587468617,24.204
total_ms,2_7_opt_bag,47,1779955197194007490,4.701020928,32.299
total_ms,2_7_opt_bag,48,1779955197291926621,4.798940059,32.379
total_ms,2_7_opt_bag,49,1779955197357593197,4.864606635,23.253
total_ms,2_7_opt_bag,50,1779955197497531343,5.004544781,28.307
total_ms,2_7_opt_bag,51,1779955197581602602,5.088616040000001,29.267
total_ms,2_7_opt_bag,52,1779955197685284288,5.1922977260000005,26.915
total_ms,2_7_opt_bag,53,1779955197859094305,5.366107743000001,83.605
total_ms,2_7_opt_bag,54,1779955197907408888,5.414422326,44.85
total_ms,2_7_opt_bag,55,1779955197979625239,5.486638677,24.839
total_ms,2_7_opt_bag,56,1779955198086623890,5.593637328000001,23.769
total_ms,2_7_opt_bag,57,1779955198218976034,5.725989472,40.469
total_ms,2_7_opt_bag,58,1779955198293226469,5.800239907000001,33.521
total_ms,2_7_opt_bag,59,1779955198382178218,5.889191656,22.376
total_ms,2_7_opt_bag,60,1779955198483353263,5.990366701,27.461
total_ms,2_7_opt_bag,61,1779955198587594736,6.094608174,28.086
total_ms,2_7_opt_bag,62,1779955198681445950,6.188459388,28.628
total_ms,2_7_opt_bag,63,1779955198778186991,6.2852004290000005,27.441
total_ms,2_7_opt_bag,64,1779955198870197637,6.377211075000001,23.605
total_ms,2_7_opt_bag,65,1779955198961230370,6.468243808,21.187
total_ms,2_7_opt_bag,66,1779955199102875482,6.60988892,30.402
total_ms,2_7_opt_bag,67,1779955199165240064,6.672253502,21.905
total_ms,2_7_opt_bag,68,1779955199260093328,6.767106766,25.927
total_ms,2_7_opt_bag,69,1779955199432089089,6.939102527,66.511
total_ms,2_7_opt_bag,70,1779955199545732897,7.052746335,44.317
total_ms,2_7_opt_bag,71,1779955199587395549,7.094408987,29.913
total_ms,2_7_opt_bag,72,1779955199680350064,7.187363502,25.463
total_ms,2_7_opt_bag,73,1779955199794207126,7.301220564,27.41
total_ms,2_7_opt_bag,74,1779955199880575826,7.387589264000001,35.139
total_ms,2_7_opt_bag,75,1779955199965936523,7.472949961,25.964
total_ms,2_7_opt_bag,76,1779955200079330232,7.586343670000001,28.371
total_ms,2_7_opt_bag,77,1779955200181936599,7.688950037000001,31.45
total_ms,2_7_opt_bag,78,1779955200275977754,7.782991192000001,23.981
total_ms,2_7_opt_bag,79,1779955200379450549,7.886463987000001,31.325
total_ms,2_7_opt_bag,80,1779955200459613126,7.966626564,24.167
total_ms,2_7_opt_bag,81,1779955200568211639,8.075225077,26.52
total_ms,2_7_opt_bag,82,1779955200704453720,8.211467158000001,29.307
total_ms,2_7_opt_bag,83,1779955200776335235,8.283348673,26.443
total_ms,2_7_opt_bag,84,1779955200904929211,8.411942649,33.275
total_ms,2_7_opt_bag,85,1779955200986631574,8.493645012,24.123
total_ms,2_7_opt_bag,86,1779955201094774095,8.601787533000001,31.099
total_ms,2_7_opt_bag,87,1779955201174654078,8.681667516000001,26.452
total_ms,2_7_opt_bag,88,1779955201265463019,8.772476457,30.829
total_ms,2_7_opt_bag,89,1779955201369509484,8.876522922000001,29.044
total_ms,2_7_opt_bag,90,1779955201476796055,8.983809493,26.54
total_ms,2_7_opt_bag,91,1779955201561731733,9.068745171,23.968
total_ms,2_7_opt_bag,92,1779955201669126842,9.17614028,22.161
total_ms,2_7_opt_bag,93,1779955201783951898,9.290965336000001,26.225
total_ms,2_7_opt_bag,94,1779955201862896184,9.369909622,25.389
total_ms,2_7_opt_bag,95,1779955201975832041,9.482845479,26.954
total_ms,2_7_opt_bag,96,1779955202076712469,9.583725907,23.255
total_ms,2_7_opt_bag,97,1779955202152857079,9.659870517,20.603
total_ms,2_7_opt_bag,98,1779955202268274891,9.775288329,25.108
total_ms,2_7_opt_bag,99,1779955202389941547,9.896954985,25.98
total_ms,2_7_opt_bag,100,1779955202521831838,10.028845276,54.036
total_ms,2_7_opt_bag,101,1779955202574576751,10.081590189,35.36
total_ms,2_7_opt_bag,102,1779955202680230924,10.187244362000001,26.816
total_ms,2_7_opt_bag,103,1779955202781207539,10.288220977,27.525
total_ms,2_7_opt_bag,104,1779955202866872478,10.373885916,26.491
total_ms,2_7_opt_bag,105,1779955202967863781,10.474877219000001,30.116
total_ms,2_7_opt_bag,106,1779955203085286277,10.592299715000001,29.708
total_ms,2_7_opt_bag,107,1779955203187128382,10.69414182,27.903
total_ms,2_7_opt_bag,108,1779955203268262496,10.775275934000001,26.814
total_ms,2_7_opt_bag,109,1779955203384130958,10.891144396000001,26.617
total_ms,2_7_opt_bag,110,1779955203455836357,10.962849795,22.163
total_ms,2_7_opt_bag,111,1779955203579647901,11.086661339,26.657
total_ms,2_7_opt_bag,112,1779955203672462228,11.179475666,36.411
total_ms,2_7_opt_bag,113,1779955203774959891,11.281973329000001,26.276
total_ms,2_7_opt_bag,114,1779955203862619570,11.369633008000001,26.258
total_ms,2_7_opt_bag,115,1779955203964914722,11.471928160000001,23.372
total_ms,2_7_opt_bag,116,1779955204052137007,11.559150445,18.552
total_ms,2_7_opt_bag,117,1779955204153676957,11.660690395000001,21.758
total_ms,2_7_opt_bag,118,1779955204258942044,11.765955482,23.777
total_ms,2_7_opt_bag,119,1779955204372629764,11.879643202,21.689
total_ms,2_7_opt_bag,120,1779955204453046697,11.960060135,22.597
total_ms,2_7_opt_bag,121,1779955204564096000,12.071109438,26.735
total_ms,2_7_opt_bag,122,1779955204705726658,12.212740096000001,28.082
total_ms,2_7_opt_bag,123,1779955204776593839,12.283607277000002,22.85
total_ms,2_7_opt_bag,124,1779955204858783624,12.365797062,25.232
total_ms,2_7_opt_bag,125,1779955204953470897,12.460484335,20.447
total_ms,2_7_opt_bag,126,1779955205055147905,12.562161343000001,20.804
total_ms,2_7_opt_bag,127,1779955205172913124,12.679926562,22.732
total_ms,2_7_opt_bag,128,1779955205274403669,12.781417107000001,23.239
total_ms,2_7_opt_bag,129,1779955205363751165,12.870764603000001,21.897
total_ms,2_7_opt_bag,130,1779955205465813875,12.972827313000002,28.468
total_ms,2_7_opt_bag,131,1779955205550969968,13.057983406,25.48
total_ms,2_7_opt_bag,132,1779955205686315755,13.193329193,28.665
total_ms,2_7_opt_bag,133,1779955205773812467,13.280825905,40.429
total_ms,2_7_opt_bag,134,1779955205892618831,13.399632269000001,34.826
total_ms,2_7_opt_bag,135,1779955205965591372,13.47260481,23.274
total_ms,2_7_opt_bag,136,1779955206061336842,13.56835028,20.372
total_ms,2_7_opt_bag,137,1779955206168673108,13.675686546000001,23.254
total_ms,2_7_opt_bag,138,1779955206262075174,13.769088612000001,28.807
total_ms,2_7_opt_bag,139,1779955206357941001,13.864954439000002,24.926
total_ms,2_7_opt_bag,140,1779955206457258271,13.964271709,22.205
total_ms,2_7_opt_bag,141,1779955206558396503,14.065409941,20.981
total_ms,2_7_opt_bag,142,1779955206659859622,14.16687306,22.306
total_ms,2_7_opt_bag,143,1779955206757791187,14.264804625,24.411
total_ms,2_7_opt_bag,144,1779955206855849872,14.362863310000002,21.064
total_ms,2_7_opt_bag,145,1779955206951160420,14.458173858,22.287
total_ms,2_7_opt_bag,146,1779955207097640482,14.60465392,31.038
total_ms,2_7_opt_bag,147,1779955207190672316,14.697685754,25.553
total_ms,2_7_opt_bag,148,1779955207271936924,14.778950362000002,25.977
total_ms,2_7_opt_bag,149,1779955207359228721,14.866242159,25.104
total_ms,2_7_opt_bag,150,1779955207474266947,14.981280385000002,20.58
total_ms,2_7_opt_bag,151,1779955207571375731,15.078389169000001,25.651
total_ms,2_7_opt_bag,152,1779955207679093886,15.186107324000002,30.825
total_ms,2_7_opt_bag,153,1779955207767396422,15.27440986,25.62
total_ms,2_7_opt_bag,154,1779955207882385223,15.389398661000001,28.743
total_ms,2_7_opt_bag,155,1779955208017899109,15.524912547000001,48.916
total_ms,2_7_opt_bag,156,1779955208061201578,15.568215016000002,20.035
total_ms,2_7_opt_bag,157,1779955208154816402,15.661829840000001,17.547
total_ms,2_7_opt_bag,158,1779955208272043869,15.779057307,25.271
total_ms,2_7_opt_bag,159,1779955208384977095,15.891990533000001,29.735
total_ms,2_7_opt_bag,160,1779955208467033196,15.974046634,26.256
total_ms,2_7_opt_bag,161,1779955208557389462,16.0644029,23.328
total_ms,2_7_opt_bag,162,1779955208650822885,16.157836323,19.866
total_ms,2_7_opt_bag,163,1779955208764982488,16.271995926000002,29.585
total_ms,2_7_opt_bag,164,1779955208865851577,16.372865015000002,25.454
total_ms,2_7_opt_bag,165,1779955208980287804,16.487301242,26.671
total_ms,2_7_opt_bag,166,1779955209052537874,16.559551312,19.142
total_ms,2_7_opt_bag,167,1779955209157939026,16.664952464000002,22.083
total_ms,2_7_opt_bag,168,1779955209279594542,16.78660798,24.232
total_ms,2_7_opt_bag,169,1779955209364710716,16.871724154000002,23.831
total_ms,2_7_opt_bag,170,1779955209465373477,16.972386915,24.207
total_ms,2_7_opt_bag,171,1779955209564169533,17.071182971000002,26.906
total_ms,2_7_opt_bag,172,1779955209657897735,17.164911173,23.209
total_ms,2_7_opt_bag,173,1779955209786885451,17.293898889,26.315
total_ms,2_7_opt_bag,174,1779955209866694425,17.373707863,28.861
total_ms,2_7_opt_bag,175,1779955209975304983,17.482318421000002,25.077
total_ms,2_7_opt_bag,176,1779955210084147607,17.591161045,27.004
total_ms,2_7_opt_bag,177,1779955210185005794,17.692019232,22.598
total_ms,2_7_opt_bag,178,1779955210291455815,17.798469253,22.475
total_ms,2_7_opt_bag,179,1779955210370137272,17.877150710000002,18.351
total_ms,2_7_opt_bag,180,1779955210464617574,17.971631012,21.63
total_ms,2_7_opt_bag,181,1779955210583749142,18.09076258,24.684
total_ms,2_7_opt_bag,182,1779955210652014175,18.159027613000003,22.4
total_ms,2_7_opt_bag,183,1779955210759811113,18.266824551000003,21.436
total_ms,2_7_opt_bag,184,1779955210850807001,18.357820439,23.1
total_ms,2_7_opt_bag,185,1779955210960679653,18.467693091,27.088
total_ms,2_7_opt_bag,186,1779955211072099983,18.579113421000002,24.171
total_ms,2_7_opt_bag,187,1779955211199273958,18.706287396,42.0
total_ms,2_7_opt_bag,188,1779955211262961870,18.769975308000003,19.972
total_ms,2_7_opt_bag,189,1779955211376413468,18.883426906,25.041
total_ms,2_7_opt_bag,190,1779955211473238281,18.980251719,24.592
total_ms,2_7_opt_bag,191,1779955211564800633,19.071814071000002,27.531
total_ms,2_7_opt_bag,192,1779955211657378075,19.164391513,21.958
total_ms,2_7_opt_bag,193,1779955211774721933,19.281735371,25.743
total_ms,2_7_opt_bag,194,1779955211856280133,19.363293571,24.103
total_ms,2_7_opt_bag,195,1779955211999767824,19.506781262,30.118
total_ms,2_7_opt_bag,196,1779955212076200651,19.583214089000002,26.916
total_ms,2_7_opt_bag,197,1779955212193415693,19.700429131,30.746
total_ms,2_7_opt_bag,198,1779955212330580033,19.837593471,42.228
total_ms,2_7_opt_bag,199,1779955212383150380,19.890163818,29.591
total_ms,2_7_opt_bag,200,1779955212482041159,19.989054597000003,23.665
total_ms,2_7_opt_bag,201,1779955212575320763,20.082334201000002,25.732
total_ms,2_7_opt_bag,202,1779955212711194987,20.218208425,36.564
total_ms,2_7_opt_bag,203,1779955212766068159,20.273081597,23.149
total_ms,2_7_opt_bag,204,1779955212892977126,20.399990564000003,27.309
total_ms,2_7_opt_bag,205,1779955212973544971,20.480558409,30.228
total_ms,2_7_opt_bag,206,1779955213105751107,20.612764545,29.949
total_ms,2_7_opt_bag,207,1779955213164112840,20.671126278000003,26.148
total_ms,2_7_opt_bag,208,1779955213287375751,20.794389189,27.032
total_ms,2_7_opt_bag,209,1779955213383142588,20.890156026,23.036
total_ms,2_7_opt_bag,210,1779955213476730372,20.98374381,27.551
total_ms,2_7_opt_bag,211,1779955213579158526,21.086171964000002,29.025
total_ms,2_7_opt_bag,212,1779955213693863119,21.200876557,35.217
total_ms,2_7_opt_bag,213,1779955213785718494,21.292731932000002,27.701
total_ms,2_7_opt_bag,214,1779955213858127701,21.365141139000002,23.127
total_ms,2_7_opt_bag,215,1779955213976200264,21.483213702,28.513
total_ms,2_7_opt_bag,216,1779955214069328462,21.576341900000003,26.58
total_ms,2_7_opt_bag,217,1779955214168085211,21.675098649000002,28.833
total_ms,2_7_opt_bag,218,1779955214261083196,21.768096634000003,21.293
total_ms,2_7_opt_bag,219,1779955214401189766,21.908203204000003,33.867
total_ms,2_7_opt_bag,220,1779955214493753404,22.000766842,29.64
total_ms,2_7_opt_bag,221,1779955214557787743,22.064801181,24.3
total_ms,2_7_opt_bag,222,1779955214655163529,22.162176967,20.919
total_ms,2_7_opt_bag,223,1779955214761265912,22.26827935,25.35
total_ms,2_7_opt_bag,224,1779955214878233911,22.385247349,24.896
total_ms,2_7_opt_bag,225,1779955214974109303,22.481122741,24.211
total_ms,2_7_opt_bag,226,1779955215065366791,22.572380229,24.41
total_ms,2_7_opt_bag,227,1779955215172939577,22.679953015000002,24.215
total_ms,2_7_opt_bag,228,1779955215260414082,22.767427520000002,23.979
total_ms,2_7_opt_bag,229,1779955215368582315,22.875595753000002,24.725
total_ms,2_7_opt_bag,230,1779955215477809291,22.984822729,29.291
total_ms,2_7_opt_bag,231,1779955215617622824,23.124636262000003,38.842
total_ms,2_7_opt_bag,232,1779955215683257673,23.190271111,24.264
total_ms,2_7_opt_bag,233,1779955215773263472,23.28027691,23.779
total_ms,2_7_opt_bag,234,1779955215883343877,23.390357315000003,24.932
total_ms,2_7_opt_bag,235,1779955215976591990,23.483605428,26.587
total_ms,2_7_opt_bag,236,1779955216081363513,23.588376951,22.918
total_ms,2_7_opt_bag,237,1779955216201767432,23.708780870000002,28.714
total_ms,2_7_opt_bag,238,1779955216268276641,23.775290079,25.937
total_ms,2_7_opt_bag,239,1779955216360164937,23.867178375,19.311
total_ms,2_7_opt_bag,240,1779955216458882371,23.965895809000003,20.271
total_ms,2_7_opt_bag,241,1779955216594899911,24.101913349,25.62
total_ms,2_7_opt_bag,242,1779955216672082077,24.179095515,21.431
total_ms,2_7_opt_bag,243,1779955216775968486,24.282981924,22.706
total_ms,2_7_opt_bag,244,1779955216910304630,24.417318068,34.442
total_ms,2_7_opt_bag,245,1779955216990629798,24.497643236000002,29.942
total_ms,2_7_opt_bag,246,1779955217068530711,24.575544149000002,23.986
total_ms,2_7_opt_bag,247,1779955217157896504,24.664909942,25.873
total_ms,2_7_opt_bag,248,1779955217259973080,24.766986518000003,25.23
total_ms,2_7_opt_bag,249,1779955217382026790,24.889040228000002,27.397
total_ms,2_7_opt_bag,250,1779955217478515218,24.985528656000003,25.354
total_ms,2_7_opt_bag,251,1779955217562878952,25.069892390000003,20.907
total_ms,2_7_opt_bag,252,1779955217666077315,25.173090753,24.931
total_ms,2_7_opt_bag,253,1779955217770176040,25.277189478,23.578
total_ms,2_7_opt_bag,254,1779955217856155583,25.363169021,22.599
total_ms,2_7_opt_bag,255,1779955217961528752,25.46854219,27.866
total_ms,2_7_opt_bag,256,1779955218053588375,25.560601813,20.08
total_ms,2_7_opt_bag,257,1779955218160723125,25.667736563000002,21.132
total_ms,2_7_opt_bag,258,1779955218280994008,25.788007446,22.566
total_ms,2_7_opt_bag,259,1779955218395153097,25.902166535000003,25.176
total_ms,2_7_opt_bag,260,1779955218492882367,25.999895805,26.326
total_ms,2_7_opt_bag,261,1779955218585120381,26.092133819,40.9
total_ms,2_7_opt_bag,262,1779955218706529138,26.213542576000002,33.385
total_ms,2_7_opt_bag,263,1779955218760637406,26.267650844000002,19.083
total_ms,2_7_opt_bag,264,1779955218857881483,26.364894921,19.807
total_ms,2_7_opt_bag,265,1779955218981391344,26.488404782,29.388
total_ms,2_7_opt_bag,266,1779955219073770758,26.580784196000003,29.206
total_ms,2_7_opt_bag,267,1779955219154163671,26.661177109,21.112
total_ms,2_7_opt_bag,268,1779955219267570259,26.774583697,28.601
total_ms,2_7_opt_bag,269,1779955219392314197,26.899327635000002,38.468
total_ms,2_7_opt_bag,270,1779955219455746164,26.962759602000002,20.901
total_ms,2_7_opt_bag,271,1779955219584206776,27.091220214000003,28.35
total_ms,2_7_opt_bag,272,1779955219658715920,27.165729358,19.96
total_ms,2_7_opt_bag,273,1779955219755498584,27.262512022000003,24.431
total_ms,2_7_opt_bag,274,1779955219872440571,27.379454009000003,20.924
total_ms,2_7_opt_bag,275,1779955219978469210,27.485482648,25.342
total_ms,2_7_opt_bag,276,1779955220057787792,27.56480123,20.659
total_ms,2_7_opt_bag,277,1779955220183614251,27.690627689000003,23.705
total_ms,2_7_opt_bag,278,1779955220271086188,27.778099626000003,21.414
total_ms,2_7_opt_bag,279,1779955220372133307,27.879146745000003,25.118
total_ms,2_7_opt_bag,280,1779955220502951227,28.009964665000002,46.137
total_ms,2_7_opt_bag,281,1779955220567357138,28.074370576000003,26.254
total_ms,2_7_opt_bag,282,1779955220661607690,28.168621128,26.866
total_ms,2_7_opt_bag,283,1779955220771668002,28.278681440000003,24.772
total_ms,2_7_opt_bag,284,1779955220860392826,28.367406264000003,22.493
total_ms,2_7_opt_bag,285,1779955220948475104,28.455488542,19.916
total_ms,2_7_opt_bag,286,1779955221053151867,28.560165305,27.603
total_ms,2_7_opt_bag,287,1779955221154648931,28.661662369000002,22.687
total_ms,2_7_opt_bag,288,1779955221280311044,28.787324482000002,22.951
total_ms,2_7_opt_bag,289,1779955221363845434,28.870858872000003,27.329
total_ms,2_7_opt_bag,290,1779955221467543526,28.974556964,23.905
total_ms,2_7_opt_bag,291,1779955221568495851,29.075509289000003,24.765
total_ms,2_7_opt_bag,292,1779955221679085860,29.186099298000002,26.36
total_ms,2_7_opt_bag,293,1779955221768750304,29.275763742000002,27.1
total_ms,2_7_opt_bag,294,1779955221870725302,29.37773874,26.849
total_ms,2_7_opt_bag,295,1779955221973765166,29.480778604,26.687
total_ms,2_7_opt_bag,296,1779955222060429176,29.567442614,19.635
total_ms,2_7_opt_bag,297,1779955222174584020,29.681597458000002,22.079
total_ms,2_7_opt_bag,298,1779955222266368931,29.773382369,27.556
total_ms,2_7_opt_bag,299,1779955222349247959,29.856261397,19.552
total_ms,2_7_opt_bag,300,1779955222455434472,29.96244791,21.914
total_ms,2_7_opt_bag,301,1779955222559932727,30.066946165,22.765
total_ms,2_7_opt_bag,302,1779955222658517855,30.165531293,22.397
total_ms,2_7_opt_bag,303,1779955222782316725,30.289330163000002,28.861
total_ms,2_7_opt_bag,304,1779955222860700156,30.367713594,23.356
total_ms,2_7_opt_bag,305,1779955222969110144,30.476123582000003,27.699
total_ms,2_7_opt_bag,306,1779955223058539759,30.565553197000003,21.625
total_ms,2_7_opt_bag,307,1779955223166242215,30.673255653000002,25.029
total_ms,2_7_opt_bag,308,1779955223256394173,30.763407611,24.357
total_ms,2_7_opt_bag,309,1779955223350521782,30.857535220000003,19.279
total_ms,2_7_opt_bag,310,1779955223510011582,31.017025020000002,37.658
total_ms,2_7_opt_bag,311,1779955223586893824,31.093907262000002,20.734
total_ms,2_7_opt_bag,312,1779955223671942818,31.178956256000003,24.882
total_ms,2_7_opt_bag,313,1779955223775618465,31.282631903000002,26.773
total_ms,2_7_opt_bag,314,1779955223855183397,31.362196835000002,21.549
total_ms,2_7_opt_bag,315,1779955223995300349,31.502313787000002,33.275
total_ms,2_7_opt_bag,316,1779955224094955901,31.601969339000004,27.663
total_ms,2_7_opt_bag,317,1779955224166696904,31.673710342000003,23.075
total_ms,2_7_opt_bag,318,1779955224293968486,31.800981924000002,43.65
total_ms,2_7_opt_bag,319,1779955224390929469,31.897942907,44.74
total_ms,2_7_opt_bag,320,1779955224459768484,31.966781922000003,24.279
total_ms,2_7_opt_bag,321,1779955224603397581,32.110411019000004,37.323
total_ms,2_7_opt_bag,322,1779955224681666910,32.188680348000005,28.495
total_ms,2_7_opt_bag,323,1779955224784843029,32.291856467,31.402
total_ms,2_7_opt_bag,324,1779955224873575465,32.380588903,21.7
total_ms,2_7_opt_bag,325,1779955225047316841,32.554330279000006,63.693
total_ms,2_7_opt_bag,326,1779955225097275167,32.604288605,30.596
total_ms,2_7_opt_bag,327,1779955225194706253,32.701719691,34.007
total_ms,2_7_opt_bag,328,1779955225261522174,32.768535612,21.159
total_ms,2_7_opt_bag,329,1779955225387291423,32.894304861,31.94
total_ms,2_7_opt_bag,330,1779955225477495741,32.984509179,37.064
total_ms,2_7_opt_bag,331,1779955225562287058,33.069300496000004,20.885
total_ms,2_7_opt_bag,332,1779955225675187074,33.182200512,30.413
total_ms,2_7_opt_bag,333,1779955225763178299,33.270191737000005,25.089
total_ms,2_7_opt_bag,334,1779955225869598760,33.376612198000004,27.736
total_ms,2_7_opt_bag,335,1779955225959017472,33.46603091,22.513
total_ms,2_7_opt_bag,336,1779955226061900863,33.568914301,20.101
total_ms,2_7_opt_bag,337,1779955226160709937,33.667723375,23.423
total_ms,2_7_opt_bag,338,1779955226258415162,33.7654286,20.41
total_ms,2_7_opt_bag,339,1779955226374004787,33.881018225000005,25.844
total_ms,2_7_opt_bag,340,1779955226491494768,33.998508206000004,30.998
total_ms,2_7_opt_bag,341,1779955226586573438,34.093586876,25.399
total_ms,2_7_opt_bag,342,1779955226664678130,34.171691568,26.24
total_ms,2_7_opt_bag,343,1779955226758987747,34.266001185,26.321
total_ms,2_7_opt_bag,344,1779955226868515349,34.375528787,23.459
total_ms,2_7_opt_bag,345,1779955226962297401,34.469310839,26.897
total_ms,2_7_opt_bag,346,1779955227082809653,34.589823091,44.508
total_ms,2_7_opt_bag,347,1779955227199088697,34.706102135,24.582
total_ms,2_7_opt_bag,348,1779955227272396150,34.779409588,25.103
total_ms,2_7_opt_bag,349,1779955227358027894,34.865041332000004,24.091
total_ms,2_7_opt_bag,350,1779955227475291861,34.982305299000004,29.397
total_ms,2_7_opt_bag,351,1779955227560269667,35.067283105,21.639
total_ms,2_7_opt_bag,352,1779955227668127335,35.175140773,24.262
total_ms,2_7_opt_bag,353,1779955227781148828,35.288162266,21.192
total_ms,2_7_opt_bag,354,1779955227875400489,35.382413927,25.571
total_ms,2_7_opt_bag,355,1779955227974224689,35.481238127000005,28.559
total_ms,2_7_opt_bag,356,1779955228068434131,35.575447569000005,24.216
total_ms,2_7_opt_bag,357,1779955228195209265,35.702222703000004,23.969
total_ms,2_7_opt_bag,358,1779955228275800615,35.782814053,22.519
total_ms,2_7_opt_bag,359,1779955228385157143,35.892170581,32.399
total_ms,2_7_opt_bag,360,1779955228467979732,35.974993170000005,27.415
total_ms,2_7_opt_bag,361,1779955228578198400,36.085211838,29.051
total_ms,2_7_opt_bag,362,1779955228665156402,36.17216984,26.485
total_ms,2_7_opt_bag,363,1779955228813303769,36.320317207,34.061
total_ms,2_7_opt_bag,364,1779955228881679101,36.388692539000004,27.287
total_ms,2_7_opt_bag,365,1779955228967087659,36.474101097,26.182
total_ms,2_7_opt_bag,366,1779955229066110717,36.573124155,22.827
total_ms,2_7_opt_bag,367,1779955229170154905,36.677168343000005,28.73
total_ms,2_7_opt_bag,368,1779955229256322588,36.763336026000005,26.35
total_ms,2_7_opt_bag,369,1779955229367447913,36.874461351,22.094
total_ms,2_7_opt_bag,370,1779955229497503418,37.004516856,26.957
total_ms,2_7_opt_bag,371,1779955229594459480,37.101472918,37.992
total_ms,2_7_opt_bag,372,1779955229653586979,37.160600417000005,22.26
total_ms,2_7_opt_bag,373,1779955229760810118,37.267823556,24.185
total_ms,2_7_opt_bag,374,1779955229899103638,37.406117076,29.063
total_ms,2_7_opt_bag,375,1779955229970363247,37.477376685,22.76
total_ms,2_7_opt_bag,376,1779955230094317176,37.601330614000005,25.113
total_ms,2_7_opt_bag,377,1779955230171833749,37.678847187,27.476
total_ms,2_7_opt_bag,378,1779955230258132473,37.765145911000005,26.625
total_ms,2_7_opt_bag,379,1779955230390576137,37.897589575000005,23.691
total_ms,2_7_opt_bag,380,1779955230470354335,37.977367773000005,23.25
total_ms,2_7_opt_bag,381,1779955230569318335,38.076331773,22.194
total_ms,2_7_opt_bag,382,1779955230653118994,38.160132432000005,22.67
total_ms,2_7_opt_bag,383,1779955230791829608,38.298843046,30.599
total_ms,2_7_opt_bag,384,1779955230855866706,38.362880144,22.593
total_ms,2_7_opt_bag,385,1779955230955774749,38.462788187,21.792
total_ms,2_7_opt_bag,386,1779955231086788755,38.593802193,26.166
total_ms,2_7_opt_bag,387,1779955231172198963,38.679212401,23.899
total_ms,2_7_opt_bag,388,1779955231259233739,38.766247177000004,26.39
total_ms,2_7_opt_bag,389,1779955231450111322,38.95712476,53.146
total_ms,2_7_opt_bag,390,1779955231498237520,39.005250958000005,35.927
total_ms,2_7_opt_bag,391,1779955231570771822,39.077785260000006,21.529
total_ms,2_7_opt_bag,392,1779955231673718910,39.180732348,28.219
total_ms,2_7_opt_bag,393,1779955231780667257,39.287680695000006,25.743
total_ms,2_7_opt_bag,394,1779955231903276499,39.410289937,52.205
total_ms,2_7_opt_bag,395,1779955231958102540,39.465115978,21.032
total_ms,2_7_opt_bag,396,1779955232114443995,39.621457433,33.64
total_ms,2_7_opt_bag,397,1779955232159779701,39.666793139,21.829
total_ms,2_7_opt_bag,398,1779955232280306393,39.787319831000005,35.354
total_ms,2_7_opt_bag,399,1779955232358831979,39.865845417,27.047
total_ms,2_7_opt_bag,400,1779955232521188753,40.028202191000005,44.183
total_ms,2_7_opt_bag,401,1779955232587089327,40.094102765,33.507
total_ms,2_7_opt_bag,402,1779955232662999959,40.170013397000005,23.208
total_ms,2_7_opt_bag,403,1779955232755065056,40.262078494,24.808
total_ms,2_7_opt_bag,404,1779955232883088785,40.390102223,26.276
total_ms,2_7_opt_bag,405,1779955232966140480,40.473153918,24.359
total_ms,2_7_opt_bag,406,1779955233077774971,40.584788409000005,24.222
total_ms,2_7_opt_bag,407,1779955233181658976,40.688672414,26.844
total_ms,2_7_opt_bag,408,1779955233258726497,40.765739935,24.194
total_ms,2_7_opt_bag,409,1779955233390696740,40.897710178000004,32.035
total_ms,2_7_opt_bag,410,1779955233466212635,40.973226073,24.379
total_ms,2_7_opt_bag,411,1779955233599382122,41.10639556,38.524
total_ms,2_7_opt_bag,412,1779955233668789996,41.175803434,24.206
total_ms,2_7_opt_bag,413,1779955233770379315,41.277392753,24.123
total_ms,2_7_opt_bag,414,1779955233866187081,41.373200519,25.023
total_ms,2_7_opt_bag,415,1779955233961337748,41.468351186,21.969
total_ms,2_7_opt_bag,416,1779955234094698787,41.601712225,29.421
total_ms,2_7_opt_bag,417,1779955234162797996,41.669811434,22.589
total_ms,2_7_opt_bag,418,1779955234259086974,41.766100412,24.735
total_ms,2_7_opt_bag,419,1779955234357842345,41.864855783,21.017
total_ms,2_7_opt_bag,420,1779955234477426853,41.984440291000006,30.851
total_ms,2_7_opt_bag,421,1779955234554062878,42.061076316000005,19.504
total_ms,2_7_opt_bag,422,1779955234655885093,42.162898531,22.306
total_ms,2_7_opt_bag,423,1779955234763034438,42.270047876,28.654
total_ms,2_7_opt_bag,424,1779955234866865690,42.373879128000006,25.468
total_ms,2_7_opt_bag,425,1779955234976140727,42.483154165,29.029
total_ms,2_7_opt_bag,426,1779955235059701316,42.566714754,22.218
total_ms,2_7_opt_bag,427,1779955235160408430,42.667421868000005,26.68
total_ms,2_7_opt_bag,428,1779955235267046460,42.774059898000004,25.768
total_ms,2_7_opt_bag,429,1779955235387515971,42.894529409,24.682
total_ms,2_7_opt_bag,430,1779955235484428413,42.991441851000005,31.1
total_ms,2_7_opt_bag,431,1779955235579029431,43.086042869,23.743
total_ms,2_7_opt_bag,432,1779955235669345448,43.176358886,23.805
total_ms,2_7_opt_bag,433,1779955235767909878,43.274923316000006,25.508
total_ms,2_7_opt_bag,434,1779955235902342931,43.409356369,37.578
total_ms,2_7_opt_bag,435,1779955235972453527,43.479466965,24.252
total_ms,2_7_opt_bag,436,1779955236070275982,43.57728942,38.229
total_ms,2_7_opt_bag,437,1779955236176877459,43.683890897000005,23.996
total_ms,2_7_opt_bag,438,1779955236267680245,43.774693683,23.361
total_ms,2_7_opt_bag,439,1779955236354718405,43.861731843,21.03
total_ms,2_7_opt_bag,440,1779955236461222828,43.968236266000005,22.89
total_ms,2_7_opt_bag,441,1779955236582270383,44.089283821,25.889
total_ms,2_7_opt_bag,442,1779955236665807282,44.172820720000004,20.964
total_ms,2_7_opt_bag,443,1779955236780493787,44.287507225000006,35.914
total_ms,2_7_opt_bag,444,1779955236901153591,44.408167029000005,32.183
total_ms,2_7_opt_bag,445,1779955237017559512,44.52457295,44.481
total_ms,2_7_opt_bag,446,1779955237084634359,44.591647797,25.39
total_ms,2_7_opt_bag,447,1779955237183337762,44.6903512,27.218
total_ms,2_7_opt_bag,448,1779955237293562771,44.800576209000006,29.341
total_ms,2_7_opt_bag,449,1779955237387365222,44.89437866,25.232
total_ms,2_7_opt_bag,450,1779955237494828604,45.001842042,33.195
total_ms,2_7_opt_bag,451,1779955237558464773,45.065478211000006,23.22
total_ms,2_7_opt_bag,452,1779955237677596034,45.184609472000005,23.239
total_ms,2_7_opt_bag,453,1779955237801145346,45.308158784,46.428
total_ms,2_7_opt_bag,454,1779955237909182847,45.416196285000005,39.508
total_ms,2_7_opt_bag,455,1779955237967190296,45.474203734,25.857
total_ms,2_7_opt_bag,456,1779955238079168143,45.586181581000005,27.813
total_ms,2_7_opt_bag,457,1779955238173674388,45.680687826,27.379
total_ms,2_7_opt_bag,458,1779955238267261218,45.774274656,33.971
total_ms,2_7_opt_bag,459,1779955238362818755,45.869832193,27.372
total_ms,2_7_opt_bag,460,1779955238480843631,45.987857069,23.85
total_ms,2_7_opt_bag,461,1779955238569725634,46.076739072,26.184
total_ms,2_7_opt_bag,462,1779955238669988792,46.17700223,26.265
total_ms,2_7_opt_bag,463,1779955238795752008,46.302765446,25.872
total_ms,2_7_opt_bag,464,1779955238893411366,46.400424804000004,26.735
total_ms,2_7_opt_bag,465,1779955238974940203,46.481953641000004,25.028
total_ms,2_7_opt_bag,466,1779955239078155809,46.585169247,25.044
total_ms,2_7_opt_bag,467,1779955239163772986,46.670786424000006,22.5
total_ms,2_7_opt_bag,468,1779955239258570577,46.765584015,23.481
total_ms,2_7_opt_bag,469,1779955239368292910,46.875306348,25.942
total_ms,2_7_opt_bag,470,1779955239471391363,46.978404801,29.561
total_ms,2_7_opt_bag,471,1779955239601151053,47.108164491000004,33.308
total_ms,2_7_opt_bag,472,1779955239676199629,47.183213067000004,23.337
total_ms,2_7_opt_bag,473,1779955239818356753,47.325370191000005,40.399
total_ms,2_7_opt_bag,474,1779955239885286973,47.392300411,37.327
total_ms,2_7_opt_bag,475,1779955239958147861,47.465161299,23.287
total_ms,2_7_opt_bag,476,1779955240079568677,47.586582115000006,26.146
total_ms,2_7_opt_bag,477,1779955240165797332,47.672810770000005,28.27
total_ms,2_7_opt_bag,478,1779955240303094070,47.810107508,33.408
total_ms,2_7_opt_bag,479,1779955240383093481,47.890106919000004,25.227
total_ms,2_7_opt_bag,480,1779955240519433244,48.026446682,42.905
total_ms,2_7_opt_bag,481,1779955240576909848,48.083923286,24.364
total_ms,2_7_opt_bag,482,1779955240696913699,48.203927137,29.249
total_ms,2_7_opt_bag,483,1779955240754334898,48.261348336000005,21.883
total_ms,2_7_opt_bag,484,1779955240898454636,48.405468074000005,27.462
total_ms,2_7_opt_bag,485,1779955241002073339,48.509086777,27.743
total_ms,2_7_opt_bag,486,1779955241084324487,48.591337925000005,30.745
total_ms,2_7_opt_bag,487,1779955241170032633,48.67704607100001,25.646
total_ms,2_7_opt_bag,488,1779955241267830508,48.774843946000004,22.973
total_ms,2_7_opt_bag,489,1779955241380091590,48.887105028,27.81
total_ms,2_7_opt_bag,490,1779955241503667676,49.010681114,31.025
total_ms,2_7_opt_bag,491,1779955241584663695,49.091677133000005,28.553
total_ms,2_7_opt_bag,492,1779955241675580349,49.182593787,27.85
total_ms,2_7_opt_bag,493,1779955241769064884,49.276078322000004,25.175
total_ms,2_7_opt_bag,494,1779955241883477548,49.390490986,30.463
total_ms,2_7_opt_bag,495,1779955241968320997,49.475334435,24.971
total_ms,2_7_opt_bag,496,1779955242066516690,49.573530128,22.497
total_ms,2_7_opt_bag,497,1779955242168217900,49.675231338,23.024
total_ms,2_7_opt_bag,498,1779955242266979848,49.773993286,20.653
total_ms,2_7_opt_bag,499,1779955242353385299,49.860398737000004,19.536
total_ms,2_7_opt_bag,500,1779955242495346649,50.002360087,28.566
total_ms,2_7_opt_bag,501,1779955242563119038,50.070132476000005,25.378
total_ms,2_7_opt_bag,502,1779955242680967847,50.187981285000006,28.055
total_ms,2_7_opt_bag,503,1779955242767190717,50.274204155,22.25
total_ms,2_7_opt_bag,504,1779955242863858542,50.370871980000004,22.819
total_ms,2_7_opt_bag,505,1779955242985368393,50.492381831,30.308
total_ms,2_7_opt_bag,506,1779955243056627057,50.563640495,22.563
total_ms,2_7_opt_bag,507,1779955243166934269,50.673947707,25.777
total_ms,2_7_opt_bag,508,1779955243262215794,50.769229232,22.472
total_ms,2_7_opt_bag,509,1779955243383504123,50.890517561,24.705
total_ms,2_7_opt_bag,510,1779955243479175950,50.986189388,22.979
total_ms,2_7_opt_bag,511,1779955243576621868,51.083635306000005,26.9
total_ms,2_7_opt_bag,512,1779955243654958784,51.161972222,23.693
total_ms,2_7_opt_bag,513,1779955243766444301,51.273457739,22.571
total_ms,2_7_opt_bag,514,1779955243871188796,51.378202234,25.619
total_ms,2_7_opt_bag,515,1779955244004648158,51.511661596,33.784
total_ms,2_7_opt_bag,516,1779955244078215066,51.585228504,23.592
total_ms,2_7_opt_bag,517,1779955244187135679,51.694149117,51.063
total_ms,2_7_opt_bag,518,1779955244292533858,51.799547296,41.524
total_ms,2_7_opt_bag,519,1779955244397335955,51.904349393000004,33.929
total_ms,2_7_opt_bag,520,1779955244469862369,51.976875807000006,28.76
total_ms,2_7_opt_bag,521,1779955244570852840,52.077866278,22.661
total_ms,2_7_opt_bag,522,1779955244688359797,52.195373235000005,31.798
total_ms,2_7_opt_bag,523,1779955244767603531,52.274616969,31.89
total_ms,2_7_opt_bag,524,1779955244868879156,52.375892594,25.417
total_ms,2_7_opt_bag,525,1779955244953463417,52.460476855,25.003
total_ms,2_7_opt_bag,526,1779955245069950924,52.576964362000005,23.054
total_ms,2_7_opt_bag,527,1779955245156677591,52.663691029000006,21.504
total_ms,2_7_opt_bag,528,1779955245253881475,52.760894913,22.185
total_ms,2_7_opt_bag,529,1779955245382643152,52.88965659,22.922
total_ms,2_7_opt_bag,530,1779955245488255515,52.995268953,29.146
total_ms,2_7_opt_bag,531,1779955245588018759,53.095032197,25.197
total_ms,2_7_opt_bag,532,1779955245666943448,53.173956886000006,24.577
total_ms,2_7_opt_bag,533,1779955245787242085,53.294255523000004,26.904
total_ms,2_7_opt_bag,534,1779955245863147303,53.37016074100001,27.241
total_ms,2_7_opt_bag,535,1779955246015144025,53.522157463000006,39.242
total_ms,2_7_opt_bag,536,1779955246060659861,53.567673299000006,22.703
total_ms,2_7_opt_bag,537,1779955246188851830,53.695865268000006,24.124
total_ms,2_7_opt_bag,538,1779955246277637081,53.784650519,29.105
total_ms,2_7_opt_bag,539,1779955246390756340,53.897769778000004,26.717
total_ms,2_7_opt_bag,540,1779955246459455609,53.966469047000004,26.551
total_ms,2_7_opt_bag,541,1779955246595351151,54.102364589000004,32.73
total_ms,2_7_opt_bag,542,1779955246663937574,54.170951012,28.005
total_ms,2_7_opt_bag,543,1779955246783406370,54.290419808,24.118
total_ms,2_7_opt_bag,544,1779955246897152697,54.404166135000004,36.514
total_ms,2_7_opt_bag,545,1779955246955096868,54.46211030600001,21.212
total_ms,2_7_opt_bag,546,1779955247070173280,54.577186718,27.059
total_ms,2_7_opt_bag,547,1779955247182401729,54.689415167,25.873
total_ms,2_7_opt_bag,548,1779955247293913647,54.800927085000005,27.286
total_ms,2_7_opt_bag,549,1779955247381302724,54.888316162,27.375
total_ms,2_7_opt_bag,550,1779955247475380248,54.982393686,30.518
total_ms,2_7_opt_bag,551,1779955247577408984,55.084422422,24.722
total_ms,2_7_opt_bag,552,1779955247669307519,55.176320957,24.93
total_ms,2_7_opt_bag,553,1779955247757329134,55.264342572000004,22.425
total_ms,2_7_opt_bag,554,1779955247885606274,55.392619712000005,25.258
total_ms,2_7_opt_bag,555,1779955247986660911,55.493674349,27.428
total_ms,2_7_opt_bag,556,1779955248057231302,55.56424474000001,23.451
total_ms,2_7_opt_bag,557,1779955248185207937,55.692221375,24.806
total_ms,2_7_opt_bag,558,1779955248281870162,55.788883600000005,26.234
total_ms,2_7_opt_bag,559,1779955248365352261,55.87236569900001,23.129
total_ms,2_7_opt_bag,560,1779955248457140231,55.964153669000005,25.063
total_ms,2_7_opt_bag,561,1779955248580243289,56.087256727,23.144
total_ms,2_7_opt_bag,562,1779955248669299414,56.176312852,25.6
total_ms,2_7_opt_bag,563,1779955248777279803,56.284293241,23.553
total_ms,2_7_opt_bag,564,1779955248883706194,56.39071963200001,28.945
total_ms,2_7_opt_bag,565,1779955248990598097,56.497611535000004,27.6
total_ms,2_7_opt_bag,566,1779955249060607616,56.56762105400001,18.427
total_ms,2_7_opt_bag,567,1779955249165769977,56.672783415000005,19.363
total_ms,2_7_opt_bag,568,1779955249268501063,56.775514501,23.204
total_ms,2_7_opt_bag,569,1779955249368471640,56.875485078000004,24.272
total_ms,2_7_opt_bag,570,1779955249455717434,56.962730872,23.436
total_ms,2_7_opt_bag,571,1779955249581591836,57.088605274,27.311
total_ms,2_7_opt_bag,572,1779955249661898858,57.168912296,24.033
total_ms,2_7_opt_bag,573,1779955249768696064,57.275709502000005,26.578
total_ms,2_7_opt_bag,574,1779955249913864960,57.420878398000006,26.936
total_ms,2_7_opt_bag,575,1779955249960955811,57.46796924900001,25.33
total_ms,2_7_opt_bag,576,1779955250057538124,57.564551562000005,22.972
total_ms,2_7_opt_bag,577,1779955250169565367,57.676578805000005,26.254
total_ms,2_7_opt_bag,578,1779955250258278094,57.765291532000006,19.872
total_ms,2_7_opt_bag,579,1779955250374728555,57.881741993000006,30.008
total_ms,2_7_opt_bag,580,1779955250460919343,57.967932781,23.114
total_ms,2_7_opt_bag,581,1779955250606097417,58.113110855,54.839
total_ms,2_7_opt_bag,582,1779955250671922141,58.178935579000004,19.085
total_ms,2_7_opt_bag_2,0,1779961323548248953,0.0,31.425
total_ms,2_7_opt_bag_2,1,1779961323575505494,0.027256541000000002,26.301
total_ms,2_7_opt_bag_2,2,1779961323627283110,0.07903415700000001,22.514
total_ms,2_7_opt_bag_2,3,1779961323752389794,0.20414084100000002,22.089
total_ms,2_7_opt_bag_2,4,1779961323835190115,0.286941162,20.797
total_ms,2_7_opt_bag_2,5,1779961323927754091,0.379505138,19.577
total_ms,2_7_opt_bag_2,6,1779961324023122525,0.474873572,23.24
total_ms,2_7_opt_bag_2,7,1779961324136372823,0.58812387,24.103
total_ms,2_7_opt_bag_2,8,1779961324231297886,0.683048933,20.975
total_ms,2_7_opt_bag_2,9,1779961324362081790,0.8138328370000001,31.594
total_ms,2_7_opt_bag_2,10,1779961324440756050,0.8925070970000001,20.249
total_ms,2_7_opt_bag_2,11,1779961324527617914,0.979368961,25.57
total_ms,2_7_opt_bag_2,12,1779961324647890227,1.0996412740000001,22.389
total_ms,2_7_opt_bag_2,13,1779961324741397783,1.1931488300000002,23.298
total_ms,2_7_opt_bag_2,14,1779961324858953701,1.310704748,23.379
total_ms,2_7_opt_bag_2,15,1779961324944415140,1.3961661870000002,21.009
total_ms,2_7_opt_bag_2,16,1779961325049276775,1.5010278220000002,38.138
total_ms,2_7_opt_bag_2,17,1779961325128329561,1.580080608,21.658
total_ms,2_7_opt_bag_2,18,1779961325235143743,1.6868947900000002,24.85
total_ms,2_7_opt_bag_2,19,1779961325325601704,1.777352751,20.304
total_ms,2_7_opt_bag_2,20,1779961325419920220,1.8716712670000002,23.976
total_ms,2_7_opt_bag_2,21,1779961325535994080,1.9877451270000002,19.723
total_ms,2_7_opt_bag_2,22,1779961325629596473,2.08134752,19.364
total_ms,2_7_opt_bag_2,23,1779961325729928181,2.181679228,16.988
total_ms,2_7_opt_bag_2,24,1779961325829098110,2.280849157,18.307
total_ms,2_7_opt_bag_2,25,1779961325937266050,2.389017097,23.895
total_ms,2_7_opt_bag_2,26,1779961326031861453,2.4836125,20.198
total_ms,2_7_opt_bag_2,27,1779961326143440844,2.5951918910000003,27.813
total_ms,2_7_opt_bag_2,28,1779961326232653967,2.684405014,25.114
total_ms,2_7_opt_bag_2,29,1779961326351657259,2.803408306,26.165
total_ms,2_7_opt_bag_2,30,1779961326427275553,2.8790266,21.97
total_ms,2_7_opt_bag_2,31,1779961326559556947,3.011307994,27.16
total_ms,2_7_opt_bag_2,32,1779961326644152882,3.0959039290000003,27.006
total_ms,2_7_opt_bag_2,33,1779961326754469395,3.2062204420000002,25.656
total_ms,2_7_opt_bag_2,34,1779961326827398250,3.279149297,25.671
total_ms,2_7_opt_bag_2,35,1779961326921973457,3.373724504,23.787
total_ms,2_7_opt_bag_2,36,1779961327047720378,3.4994714250000003,24.426
total_ms,2_7_opt_bag_2,37,1779961327137169089,3.588920136,24.206
total_ms,2_7_opt_bag_2,38,1779961327253963147,3.705714194,21.351
total_ms,2_7_opt_bag_2,39,1779961327346803276,3.7985543230000003,24.335
total_ms,2_7_opt_bag_2,40,1779961327471883902,3.923634949,28.688
total_ms,2_7_opt_bag_2,41,1779961327555205384,4.006956431,28.184
total_ms,2_7_opt_bag_2,42,1779961327647532683,4.099283730000001,28.226
total_ms,2_7_opt_bag_2,43,1779961327745563837,4.197314884,26.305
total_ms,2_7_opt_bag_2,44,1779961327858663652,4.310414699,32.998
total_ms,2_7_opt_bag_2,45,1779961327937329804,4.389080851,22.109
total_ms,2_7_opt_bag_2,46,1779961328036384996,4.488136043,28.723
total_ms,2_7_opt_bag_2,47,1779961328126715409,4.578466456,23.127
total_ms,2_7_opt_bag_2,48,1779961328229604854,4.681355901,24.386
total_ms,2_7_opt_bag_2,49,1779961328333472126,4.785223173,24.619
total_ms,2_7_opt_bag_2,50,1779961328438975211,4.890726258,29.23
total_ms,2_7_opt_bag_2,51,1779961328549354743,5.00110579,26.306
total_ms,2_7_opt_bag_2,52,1779961328625406659,5.077157706,25.798
total_ms,2_7_opt_bag_2,53,1779961328751049120,5.202800167,24.423
total_ms,2_7_opt_bag_2,54,1779961328831393728,5.283144775,28.162
total_ms,2_7_opt_bag_2,55,1779961328947935148,5.399686195,22.728
total_ms,2_7_opt_bag_2,56,1779961329028204169,5.4799552160000005,21.705
total_ms,2_7_opt_bag_2,57,1779961329127539835,5.5792908820000005,26.079
total_ms,2_7_opt_bag_2,58,1779961329232133494,5.683884541,29.36
total_ms,2_7_opt_bag_2,59,1779961329354464153,5.8062152000000005,26.824
total_ms,2_7_opt_bag_2,60,1779961329425436640,5.877187687,23.548
total_ms,2_7_opt_bag_2,61,1779961329541682969,5.993434016,25.175
total_ms,2_7_opt_bag_2,62,1779961329625164839,6.076915886,21.861
total_ms,2_7_opt_bag_2,63,1779961329750223383,6.201974430000001,24.157
total_ms,2_7_opt_bag_2,64,1779961329842991747,6.294742794,24.288
total_ms,2_7_opt_bag_2,65,1779961329939616251,6.3913672980000005,27.253
total_ms,2_7_opt_bag_2,66,1779961330054153871,6.505904918000001,24.506
total_ms,2_7_opt_bag_2,67,1779961330124625077,6.576376124,20.494
total_ms,2_7_opt_bag_2,68,1779961330245777090,6.697528137000001,25.068
total_ms,2_7_opt_bag_2,69,1779961330330557038,6.782308085,24.632
total_ms,2_7_opt_bag_2,70,1779961330421073292,6.872824339,18.959
total_ms,2_7_opt_bag_2,71,1779961330526072752,6.977823799,27.562
total_ms,2_7_opt_bag_2,72,1779961330617795766,7.0695468130000005,20.742
total_ms,2_7_opt_bag_2,73,1779961330739141770,7.190892817000001,31.392
total_ms,2_7_opt_bag_2,74,1779961330842059184,7.293810231,21.062
total_ms,2_7_opt_bag_2,75,1779961330956277644,7.408028691,22.607
total_ms,2_7_opt_bag_2,76,1779961331035072838,7.486823885000001,27.072
total_ms,2_7_opt_bag_2,77,1779961331140470949,7.592221996,21.701
total_ms,2_7_opt_bag_2,78,1779961331222855784,7.674606831,23.869
total_ms,2_7_opt_bag_2,79,1779961331330990475,7.782741522,26.27
total_ms,2_7_opt_bag_2,80,1779961331435395936,7.887146983,25.048
total_ms,2_7_opt_bag_2,81,1779961331529672919,7.981423966,24.143
total_ms,2_7_opt_bag_2,82,1779961331638143209,8.089894256000001,25.105
total_ms,2_7_opt_bag_2,83,1779961331748654111,8.200405158,24.927
total_ms,2_7_opt_bag_2,84,1779961331838607895,8.290358942000001,23.037
total_ms,2_7_opt_bag_2,85,1779961331929530129,8.381281176,27.963
total_ms,2_7_opt_bag_2,86,1779961332024090282,8.475841329,24.615
total_ms,2_7_opt_bag_2,87,1779961332134909660,8.586660707,20.431
total_ms,2_7_opt_bag_2,88,1779961332263968024,8.715719071,24.982
total_ms,2_7_opt_bag_2,89,1779961332340145431,8.791896478,23.93
total_ms,2_7_opt_bag_2,90,1779961332440783871,8.892534918,24.985
total_ms,2_7_opt_bag_2,91,1779961332523691609,8.975442656,21.281
total_ms,2_7_opt_bag_2,92,1779961332622514400,9.074265447,25.532
total_ms,2_7_opt_bag_2,93,1779961332732026791,9.183777838000001,25.019
total_ms,2_7_opt_bag_2,94,1779961332824128105,9.275879152,17.806
total_ms,2_7_opt_bag_2,95,1779961332939518653,9.3912697,27.057
total_ms,2_7_opt_bag_2,96,1779961333044298360,9.496049407000001,27.062
total_ms,2_7_opt_bag_2,97,1779961333151718345,9.603469392000001,21.596
total_ms,2_7_opt_bag_2,98,1779961333235945655,9.687696702,23.259
total_ms,2_7_opt_bag_2,99,1779961333335632555,9.787383602,25.472
total_ms,2_7_opt_bag_2,100,1779961333436637425,9.888388472,27.2
total_ms,2_7_opt_bag_2,101,1779961333527941184,9.979692231000001,23.629
total_ms,2_7_opt_bag_2,102,1779961333639852405,10.091603452000001,26.66
total_ms,2_7_opt_bag_2,103,1779961333730027411,10.181778458,24.374
total_ms,2_7_opt_bag_2,104,1779961333842351260,10.294102307000001,23.751
total_ms,2_7_opt_bag_2,105,1779961333964353956,10.416105003,24.148
total_ms,2_7_opt_bag_2,106,1779961334089976721,10.541727768000001,42.468
total_ms,2_7_opt_bag_2,107,1779961334150564018,10.602315065,30.534
total_ms,2_7_opt_bag_2,108,1779961334229667724,10.681418771,20.011
total_ms,2_7_opt_bag_2,109,1779961334331225299,10.782976346,24.366
total_ms,2_7_opt_bag_2,110,1779961334450343400,10.902094447000001,22.863
total_ms,2_7_opt_bag_2,111,1779961334538733251,10.990484298,23.3
total_ms,2_7_opt_bag_2,112,1779961334639985878,11.091736925000001,26.661
total_ms,2_7_opt_bag_2,113,1779961334728191277,11.179942324,21.873
total_ms,2_7_opt_bag_2,114,1779961334823960101,11.275711148000001,23.775
total_ms,2_7_opt_bag_2,115,1779961334939127271,11.390878318,22.338
total_ms,2_7_opt_bag_2,116,1779961335036628704,11.488379751,21.477
total_ms,2_7_opt_bag_2,117,1779961335146527693,11.598278740000001,23.337
total_ms,2_7_opt_bag_2,118,1779961335224314803,11.67606585,22.208
total_ms,2_7_opt_bag_2,119,1779961335350182270,11.801933317000001,19.832
total_ms,2_7_opt_bag_2,120,1779961335449754257,11.901505304,26.347
total_ms,2_7_opt_bag_2,121,1779961335545125768,11.996876815,24.208
total_ms,2_7_opt_bag_2,122,1779961335635338187,12.087089234,23.435
total_ms,2_7_opt_bag_2,123,1779961335738579112,12.190330159,25.416
total_ms,2_7_opt_bag_2,124,1779961335828487514,12.280238561,26.134
total_ms,2_7_opt_bag_2,125,1779961335931097417,12.382848464,23.287
total_ms,2_7_opt_bag_2,126,1779961336022863807,12.474614854,23.006
total_ms,2_7_opt_bag_2,127,1779961336135606905,12.587357952000001,23.795
total_ms,2_7_opt_bag_2,128,1779961336230214832,12.681965879000002,23.636
total_ms,2_7_opt_bag_2,129,1779961336340224066,12.791975113000001,24.603
total_ms,2_7_opt_bag_2,130,1779961336443926798,12.895677845000002,21.145
total_ms,2_7_opt_bag_2,131,1779961336555310251,13.007061298,25.36
total_ms,2_7_opt_bag_2,132,1779961336635558443,13.08730949,24.822
total_ms,2_7_opt_bag_2,133,1779961336729935553,13.1816866,20.016
total_ms,2_7_opt_bag_2,134,1779961336818455402,13.270206449000002,19.82
total_ms,2_7_opt_bag_2,135,1779961336958864393,13.41061544,22.324
total_ms,2_7_opt_bag_2,136,1779961337053316180,13.505067227000001,25.115
total_ms,2_7_opt_bag_2,137,1779961337127244340,13.578995387,25.168
total_ms,2_7_opt_bag_2,138,1779961337245726391,13.697477438000002,27.165
total_ms,2_7_opt_bag_2,139,1779961337335044724,13.786795771000001,22.112
total_ms,2_7_opt_bag_2,140,1779961337442278469,13.894029516000002,25.739
total_ms,2_7_opt_bag_2,141,1779961337546379052,13.998130099,26.587
total_ms,2_7_opt_bag_2,142,1779961337637895655,14.089646702000001,21.564
total_ms,2_7_opt_bag_2,143,1779961337738191386,14.189942433,26.576
total_ms,2_7_opt_bag_2,144,1779961337848146772,14.299897819000002,24.331
total_ms,2_7_opt_bag_2,145,1779961337928240335,14.379991382,22.704
total_ms,2_7_opt_bag_2,146,1779961338032943130,14.484694177000002,22.837
total_ms,2_7_opt_bag_2,147,1779961338128806276,14.580557323,21.102
total_ms,2_7_opt_bag_2,148,1779961338261234085,14.712985132000002,30.775
total_ms,2_7_opt_bag_2,149,1779961338325631393,14.77738244,21.499
total_ms,2_7_opt_bag_2,150,1779961338439141476,14.890892523000002,23.294
total_ms,2_7_opt_bag_2,151,1779961338531580477,14.983331524,19.642
total_ms,2_7_opt_bag_2,152,1779961338647362943,15.099113990000001,24.581
total_ms,2_7_opt_bag_2,153,1779961338746673942,15.198424989000001,25.903
total_ms,2_7_opt_bag_2,154,1779961338830185295,15.281936342000002,27.618
total_ms,2_7_opt_bag_2,155,1779961338938508774,15.390259821,22.374
total_ms,2_7_opt_bag_2,156,1779961339026637665,15.478388712000001,27.857
total_ms,2_7_opt_bag_2,157,1779961339139854826,15.591605873,23.946
total_ms,2_7_opt_bag_2,158,1779961339223953114,15.675704161,17.563
total_ms,2_7_opt_bag_2,159,1779961339324089279,15.775840326,25.339
total_ms,2_7_opt_bag_2,160,1779961339419334435,15.871085482000002,22.784
total_ms,2_7_opt_bag_2,161,1779961339548472592,16.000223639,36.646
total_ms,2_7_opt_bag_2,162,1779961339643733448,16.095484495,22.681
total_ms,2_7_opt_bag_2,163,1779961339732161650,16.183912697,20.747
total_ms,2_7_opt_bag_2,164,1779961339856463981,16.308215028,22.934
total_ms,2_7_opt_bag_2,165,1779961339966093730,16.417844777000003,25.106
total_ms,2_7_opt_bag_2,166,1779961340036593804,16.488344851,31.139
total_ms,2_7_opt_bag_2,167,1779961340155841855,16.607592902,28.267
total_ms,2_7_opt_bag_2,168,1779961340225983550,16.677734597,17.223
total_ms,2_7_opt_bag_2,169,1779961340319594936,16.771345983,20.756
total_ms,2_7_opt_bag_2,170,1779961340431790876,16.883541923000003,29.119
total_ms,2_7_opt_bag_2,171,1779961340527737702,16.979488749,19.465
total_ms,2_7_opt_bag_2,172,1779961340626908813,17.078659860000002,22.323
total_ms,2_7_opt_bag_2,173,1779961340735146844,17.186897891,19.552
total_ms,2_7_opt_bag_2,174,1779961340856993566,17.308744613000002,23.784
total_ms,2_7_opt_bag_2,175,1779961340972652407,17.424403454,29.885
total_ms,2_7_opt_bag_2,176,1779961341027923776,17.479674823,22.655
total_ms,2_7_opt_bag_2,177,1779961341124967631,17.576718678000002,20.416
total_ms,2_7_opt_bag_2,178,1779961341266141108,17.717892155,28.743
total_ms,2_7_opt_bag_2,179,1779961341344246466,17.795997513,25.21
total_ms,2_7_opt_bag_2,180,1779961341437135642,17.888886689,28.682
total_ms,2_7_opt_bag_2,181,1779961341537678850,17.989429897,24.192
total_ms,2_7_opt_bag_2,182,1779961341629861217,18.081612264,21.081
total_ms,2_7_opt_bag_2,183,1779961341750659411,18.202410458000003,27.816
total_ms,2_7_opt_bag_2,184,1779961341831236209,18.282987256000002,28.864
total_ms,2_7_opt_bag_2,185,1779961341957263885,18.409014932,26.219
total_ms,2_7_opt_bag_2,186,1779961342045843150,18.497594197,25.506
total_ms,2_7_opt_bag_2,187,1779961342153298158,18.605049205,23.757
total_ms,2_7_opt_bag_2,188,1779961342272098155,18.723849202,29.513
total_ms,2_7_opt_bag_2,189,1779961342331107873,18.782858920000002,19.831
total_ms,2_7_opt_bag_2,190,1779961342424880278,18.876631325,20.569
total_ms,2_7_opt_bag_2,191,1779961342526653159,18.978404206,21.865
total_ms,2_7_opt_bag_2,192,1779961342632881648,19.084632695,17.361
total_ms,2_7_opt_bag_2,193,1779961342771051524,19.222802571000003,30.28
total_ms,2_7_opt_bag_2,194,1779961342825333927,19.277084974,20.48
total_ms,2_7_opt_bag_2,195,1779961342918502123,19.37025317,15.978
total_ms,2_7_opt_bag_2,196,1779961343030451393,19.482202440000002,17.71
total_ms,2_7_opt_bag_2,197,1779961343136114058,19.587865105000002,25.05
total_ms,2_7_opt_bag_2,198,1779961343232034713,19.683785760000003,16.489
total_ms,2_7_opt_bag_2,199,1779961343322123417,19.773874464000002,21.605
total_ms,2_7_opt_bag_2,200,1779961343453503109,19.905254156,20.658
total_ms,2_7_opt_bag_2,201,1779961343567444968,20.019196015000002,24.154
total_ms,2_7_opt_bag_2,202,1779961343650635035,20.102386082000002,28.989
total_ms,2_7_opt_bag_2,203,1779961343732172855,20.183923902,25.499
total_ms,2_7_opt_bag_2,204,1779961343837501651,20.289252698000002,26.732
total_ms,2_7_opt_bag_2,205,1779961343925821252,20.377572299,27.397
total_ms,2_7_opt_bag_2,206,1779961344036534504,20.488285551,22.846
total_ms,2_7_opt_bag_2,207,1779961344126399579,20.578150626000003,24.887
total_ms,2_7_opt_bag_2,208,1779961344236248185,20.687999232000003,23.455
total_ms,2_7_opt_bag_2,209,1779961344338535067,20.790286114,23.973
total_ms,2_7_opt_bag_2,210,1779961344431002814,20.882753861,27.256
total_ms,2_7_opt_bag_2,211,1779961344524379056,20.976130103000003,22.172
total_ms,2_7_opt_bag_2,212,1779961344636386863,21.08813791,24.814
total_ms,2_7_opt_bag_2,213,1779961344759443659,21.211194706,27.375
total_ms,2_7_opt_bag_2,214,1779961344856352682,21.308103729000003,25.048
total_ms,2_7_opt_bag_2,215,1779961344932517943,21.384268990000002,24.511
total_ms,2_7_opt_bag_2,216,1779961345043625656,21.495376703,25.066
total_ms,2_7_opt_bag_2,217,1779961345139670175,21.591421222,27.402
total_ms,2_7_opt_bag_2,218,1779961345247321772,21.699072819,25.869
total_ms,2_7_opt_bag_2,219,1779961345341296539,21.793047586,25.213
total_ms,2_7_opt_bag_2,220,1779961345428958604,21.880709651,23.044
total_ms,2_7_opt_bag_2,221,1779961345529830294,21.981581341000002,25.369
total_ms,2_7_opt_bag_2,222,1779961345646123763,22.09787481,26.452
total_ms,2_7_opt_bag_2,223,1779961345753489282,22.205240329000002,27.841
total_ms,2_7_opt_bag_2,224,1779961345825419406,22.277170453,24.001
total_ms,2_7_opt_bag_2,225,1779961345965095075,22.416846122000003,33.034
total_ms,2_7_opt_bag_2,226,1779961346058394723,22.51014577,28.062
total_ms,2_7_opt_bag_2,227,1779961346139790852,22.591541899000003,31.311
total_ms,2_7_opt_bag_2,228,1779961346258794398,22.710545445,34.903
total_ms,2_7_opt_bag_2,229,1779961346330632813,22.782383860000003,26.286
total_ms,2_7_opt_bag_2,230,1779961346461243100,22.912994147000003,36.654
total_ms,2_7_opt_bag_2,231,1779961346538125887,22.989876934,25.09
total_ms,2_7_opt_bag_2,232,1779961346651563132,23.103314179,26.382
total_ms,2_7_opt_bag_2,233,1779961346735004882,23.186755929,28.804
total_ms,2_7_opt_bag_2,234,1779961346832235549,23.283986596000002,25.298
total_ms,2_7_opt_bag_2,235,1779961346951097521,23.402848568000003,26.916
total_ms,2_7_opt_bag_2,236,1779961347044956687,23.496707734,23.584
total_ms,2_7_opt_bag_2,237,1779961347136815316,23.588566363,24.761
total_ms,2_7_opt_bag_2,238,1779961347248376830,23.700127877,28.823
total_ms,2_7_opt_bag_2,239,1779961347353482913,23.805233960000002,29.522
total_ms,2_7_opt_bag_2,240,1779961347425073012,23.876824059,21.493
total_ms,2_7_opt_bag_2,241,1779961347524871165,23.976622212000002,23.713
total_ms,2_7_opt_bag_2,242,1779961347641193730,24.092944777000003,23.64
total_ms,2_7_opt_bag_2,243,1779961347747880673,24.199631720000003,33.18
total_ms,2_7_opt_bag_2,244,1779961347832306236,24.284057283000003,26.054
total_ms,2_7_opt_bag_2,245,1779961347928543581,24.380294628,25.671
total_ms,2_7_opt_bag_2,246,1779961348034047414,24.485798461,24.792
total_ms,2_7_opt_bag_2,247,1779961348166087475,24.617838522000003,26.225
total_ms,2_7_opt_bag_2,248,1779961348258939582,24.710690629000002,27.847
total_ms,2_7_opt_bag_2,249,1779961348352179339,24.803930386,26.137
total_ms,2_7_opt_bag_2,250,1779961348452034594,24.903785641000002,22.036
total_ms,2_7_opt_bag_2,251,1779961348544327752,24.996078799000003,25.832
total_ms,2_7_opt_bag_2,252,1779961348625477731,25.077228778000002,20.885
total_ms,2_7_opt_bag_2,253,1779961348760030420,25.211781467,27.049
total_ms,2_7_opt_bag_2,254,1779961348826972795,25.278723842,21.56
total_ms,2_7_opt_bag_2,255,1779961348920911453,25.3726625,21.475
total_ms,2_7_opt_bag_2,256,1779961349060491823,25.51224287,28.034
total_ms,2_7_opt_bag_2,257,1779961349130793080,25.582544127000002,22.954
total_ms,2_7_opt_bag_2,258,1779961349230362990,25.682114037,26.103
total_ms,2_7_opt_bag_2,259,1779961349325741912,25.777492959,21.32
total_ms,2_7_opt_bag_2,260,1779961349461107805,25.912858852000003,25.769
total_ms,2_7_opt_bag_2,261,1779961349557651943,26.00940299,24.211
total_ms,2_7_opt_bag_2,262,1779961349631126308,26.082877355,20.772
total_ms,2_7_opt_bag_2,263,1779961349738953184,26.190704231,23.364
total_ms,2_7_opt_bag_2,264,1779961349836594066,26.288345113000002,28.644
total_ms,2_7_opt_bag_2,265,1779961349924601052,26.376352099,22.49
total_ms,2_7_opt_bag_2,266,1779961350047115938,26.498866985000003,24.102
total_ms,2_7_opt_bag_2,267,1779961350127681627,26.579432674000003,25.98
total_ms,2_7_opt_bag_2,268,1779961350239135272,26.690886319,26.801
total_ms,2_7_opt_bag_2,269,1779961350326010876,26.777761923,23.43
total_ms,2_7_opt_bag_2,270,1779961350433038590,26.884789637,26.577
total_ms,2_7_opt_bag_2,271,1779961350543029412,26.994780459,26.989
total_ms,2_7_opt_bag_2,272,1779961350626763315,27.078514362,23.402
total_ms,2_7_opt_bag_2,273,1779961350741549750,27.193300797000003,22.167
total_ms,2_7_opt_bag_2,274,1779961350819537332,27.271288379,22.773
total_ms,2_7_opt_bag_2,275,1779961350942847579,27.394598626,27.866
total_ms,2_7_opt_bag_2,276,1779961351026904910,27.478655957,24.916
total_ms,2_7_opt_bag_2,277,1779961351134837495,27.586588542,23.078
total_ms,2_7_opt_bag_2,278,1779961351240106290,27.691857337000002,20.972
total_ms,2_7_opt_bag_2,279,1779961351347731127,27.799482174,25.157
total_ms,2_7_opt_bag_2,280,1779961351436685780,27.888436827000003,24.216
total_ms,2_7_opt_bag_2,281,1779961351529905992,27.981657039,27.742
total_ms,2_7_opt_bag_2,282,1779961351632612767,28.084363814000003,19.49
total_ms,2_7_opt_bag_2,283,1779961351739815111,28.191566158,27.151
total_ms,2_7_opt_bag_2,284,1779961351822953373,28.274704420000003,22.159
total_ms,2_7_opt_bag_2,285,1779961351936178317,28.387929364,28.586
total_ms,2_7_opt_bag_2,286,1779961352046407793,28.498158840000002,24.739
total_ms,2_7_opt_bag_2,287,1779961352160432219,28.612183266000002,31.261
total_ms,2_7_opt_bag_2,288,1779961352237176649,28.688927696,23.6
total_ms,2_7_opt_bag_2,289,1779961352360949361,28.812700408,34.016
total_ms,2_7_opt_bag_2,290,1779961352450802692,28.902553739000002,23.718
total_ms,2_7_opt_bag_2,291,1779961352562830536,29.014581583000002,35.428
total_ms,2_7_opt_bag_2,292,1779961352666278104,29.118029151,28.603
total_ms,2_7_opt_bag_2,293,1779961352752889760,29.204640807,25.406
total_ms,2_7_opt_bag_2,294,1779961352832391766,29.284142813000003,25.05
total_ms,2_7_opt_bag_2,295,1779961352973951285,29.425702332,27.744
total_ms,2_7_opt_bag_2,296,1779961353070894223,29.52264527,27.678
total_ms,2_7_opt_bag_2,297,1779961353151508781,29.603259828000002,24.697
total_ms,2_7_opt_bag_2,298,1779961353246311323,29.698062370000002,28.641
total_ms,2_7_opt_bag_2,299,1779961353331866673,29.783617720000002,27.899
total_ms,2_7_opt_bag_2,300,1779961353450575327,29.902326374,24.899
total_ms,2_7_opt_bag_2,301,1779961353565977704,30.017728751000003,24.826
total_ms,2_7_opt_bag_2,302,1779961353638968112,30.090719159000002,24.636
total_ms,2_7_opt_bag_2,303,1779961353763989526,30.215740573,30.418
total_ms,2_7_opt_bag_2,304,1779961353825838352,30.277589399000004,23.645
total_ms,2_7_opt_bag_2,305,1779961353938370716,30.390121763000003,31.862
total_ms,2_7_opt_bag_2,306,1779961354036063928,30.487814975000003,22.549
total_ms,2_7_opt_bag_2,307,1779961354150164484,30.601915531000003,28.467
total_ms,2_7_opt_bag_2,308,1779961354247964794,30.699715841000003,24.542
total_ms,2_7_opt_bag_2,309,1779961354324646432,30.776397479000003,24.662
total_ms,2_7_opt_bag_2,310,1779961354445509584,30.897260631,27.572
total_ms,2_7_opt_bag_2,311,1779961354557293327,31.009044374000002,23.343
total_ms,2_7_opt_bag_2,312,1779961354647240906,31.098991953000002,22.85
total_ms,2_7_opt_bag_2,313,1779961354736572420,31.188323467000004,35.561
total_ms,2_7_opt_bag_2,314,1779961354831591873,31.283342920000003,20.125
total_ms,2_7_opt_bag_2,315,1779961354939061490,31.390812537000002,25.226
total_ms,2_7_opt_bag_2,316,1779961355023320790,31.475071837,23.081
total_ms,2_7_opt_bag_2,317,1779961355149529991,31.601281038000003,32.256
total_ms,2_7_opt_bag_2,318,1779961355225916243,31.677667290000002,22.037
total_ms,2_7_opt_bag_2,319,1779961355331154858,31.782905905000003,19.287
total_ms,2_7_opt_bag_2,320,1779961355433886163,31.885637210000002,21.808
total_ms,2_7_opt_bag_2,321,1779961355546934878,31.998685925000004,25.858
total_ms,2_7_opt_bag_2,322,1779961355624149602,32.075900649000005,25.407
total_ms,2_7_opt_bag_2,323,1779961355725834274,32.177585321,24.853
total_ms,2_7_opt_bag_2,324,1779961355835116459,32.286867506,22.801
total_ms,2_7_opt_bag_2,325,1779961355927550361,32.379301408,21.16
total_ms,2_7_opt_bag_2,326,1779961356078479791,32.530230838,28.683
total_ms,2_7_opt_bag_2,327,1779961356126919737,32.578670784,27.008
total_ms,2_7_opt_bag_2,328,1779961356256667537,32.708418584,27.525
total_ms,2_7_opt_bag_2,329,1779961356332459665,32.784210712000004,26.312
total_ms,2_7_opt_bag_2,330,1779961356426434332,32.878185379,22.976
total_ms,2_7_opt_bag_2,331,1779961356528448097,32.980199144000004,30.023
total_ms,2_7_opt_bag_2,332,1779961356632412092,33.084163139000005,20.628
total_ms,2_7_opt_bag_2,333,1779961356745173117,33.196924164,22.163
total_ms,2_7_opt_bag_2,334,1779961356845124687,33.296875734000004,27.555
total_ms,2_7_opt_bag_2,335,1779961356922511890,33.374262937000005,22.261
total_ms,2_7_opt_bag_2,336,1779961357036820543,33.48857159,21.076
total_ms,2_7_opt_bag_2,337,1779961357145408349,33.597159396,21.118
total_ms,2_7_opt_bag_2,338,1779961357232310010,33.684061057,18.32
total_ms,2_7_opt_bag_2,339,1779961357342211739,33.793962786,23.95
total_ms,2_7_opt_bag_2,340,1779961357419618456,33.871369503000004,17.933
total_ms,2_7_opt_bag_2,341,1779961357553320627,34.005071674,27.796
total_ms,2_7_opt_bag_2,342,1779961357655666266,34.107417313,28.364
total_ms,2_7_opt_bag_2,343,1779961357746131708,34.197882755,24.664
total_ms,2_7_opt_bag_2,344,1779961357865353849,34.317104896000004,25.359
total_ms,2_7_opt_bag_2,345,1779961357960605168,34.412356215,24.996
total_ms,2_7_opt_bag_2,346,1779961358039379673,34.49113072,25.789
total_ms,2_7_opt_bag_2,347,1779961358149689618,34.601440665000005,24.454
total_ms,2_7_opt_bag_2,348,1779961358227064172,34.678815219,24.694
total_ms,2_7_opt_bag_2,349,1779961358334897992,34.786649039000004,21.734
total_ms,2_7_opt_bag_2,350,1779961358424508911,34.876259958000006,22.145
total_ms,2_7_opt_bag_2,351,1779961358527685902,34.979436949000004,21.71
total_ms,2_7_opt_bag_2,352,1779961358640169274,35.091920321,22.595
total_ms,2_7_opt_bag_2,353,1779961358754509899,35.206260946,27.371
total_ms,2_7_opt_bag_2,354,1779961358837598348,35.289349395,23.997
total_ms,2_7_opt_bag_2,355,1779961358934832607,35.386583654,28.795
total_ms,2_7_opt_bag_2,356,1779961359023955698,35.475706745000004,21.318
total_ms,2_7_opt_bag_2,357,1779961359126423862,35.578174909000005,24.474
total_ms,2_7_opt_bag_2,358,1779961359229096282,35.680847329,25.106
total_ms,2_7_opt_bag_2,359,1779961359327587691,35.779338738,23.182
total_ms,2_7_opt_bag_2,360,1779961359430077621,35.881828668000004,26.492
total_ms,2_7_opt_bag_2,361,1779961359523603979,35.975355026,22.235
total_ms,2_7_opt_bag_2,362,1779961359655187533,36.106938580000005,25.376
total_ms,2_7_opt_bag_2,363,1779961359724169232,36.175920279,21.757
total_ms,2_7_opt_bag_2,364,1779961359823261798,36.275012845,22.487
total_ms,2_7_opt_bag_2,365,1779961359950843409,36.402594456,26.924
total_ms,2_7_opt_bag_2,366,1779961360057819359,36.509570406,21.261
total_ms,2_7_opt_bag_2,367,1779961360144733924,36.596484971,28.041
total_ms,2_7_opt_bag_2,368,1779961360273380323,36.72513137,29.451
total_ms,2_7_opt_bag_2,369,1779961360337266215,36.789017262,25.266
total_ms,2_7_opt_bag_2,370,1779961360429908256,36.881659303,21.611
total_ms,2_7_opt_bag_2,371,1779961360555851517,37.007602564,26.121
total_ms,2_7_opt_bag_2,372,1779961360638600676,37.090351723000005,23.627
total_ms,2_7_opt_bag_2,373,1779961360755695426,37.207446473000005,25.617
total_ms,2_7_opt_bag_2,374,1779961360849523829,37.301274876,25.562
total_ms,2_7_opt_bag_2,375,1779961360928607851,37.380358898000004,26.689
total_ms,2_7_opt_bag_2,376,1779961361039057415,37.490808462000004,21.847
total_ms,2_7_opt_bag_2,377,1779961361143255503,37.59500655,29.645
total_ms,2_7_opt_bag_2,378,1779961361245649227,37.697400274,24.045
total_ms,2_7_opt_bag_2,379,1779961361344365728,37.796116775,24.546
total_ms,2_7_opt_bag_2,380,1779961361432325769,37.884076816000004,22.948
total_ms,2_7_opt_bag_2,381,1779961361531357308,37.983108355,25.295
total_ms,2_7_opt_bag_2,382,1779961361634601582,38.086352629000004,23.215
total_ms,2_7_opt_bag_2,383,1779961361755788725,38.207539772000004,23.179
total_ms,2_7_opt_bag_2,384,1779961361840261173,38.292012220000004,23.6
total_ms,2_7_opt_bag_2,385,1779961361964985842,38.416736889,28.486
total_ms,2_7_opt_bag_2,386,1779961362045005755,38.496756802,24.149
total_ms,2_7_opt_bag_2,387,1779961362148722339,38.600473386000004,23.48
total_ms,2_7_opt_bag_2,388,1779961362256827556,38.708578603,26.414
total_ms,2_7_opt_bag_2,389,1779961362330239284,38.781990331,29.183
total_ms,2_7_opt_bag_2,390,1779961362422320124,38.874071171000004,23.682
total_ms,2_7_opt_bag_2,391,1779961362530436330,38.982187377,29.291
total_ms,2_7_opt_bag_2,392,1779961362625832386,39.077583433,20.972
total_ms,2_7_opt_bag_2,393,1779961362769578717,39.221329764000004,28.734
total_ms,2_7_opt_bag_2,394,1779961362836984413,39.288735460000005,24.957
total_ms,2_7_opt_bag_2,395,1779961362920377275,39.372128322,22.437
total_ms,2_7_opt_bag_2,396,1779961363031740764,39.483491811,25.072
total_ms,2_7_opt_bag_2,397,1779961363152659015,39.604410062,24.384
total_ms,2_7_opt_bag_2,398,1779961363227359287,39.679110334,20.085
total_ms,2_7_opt_bag_2,399,1779961363352792855,39.804543902000006,21.599
total_ms,2_7_opt_bag_2,400,1779961363431090139,39.882841186,21.673
total_ms,2_7_opt_bag_2,401,1779961363514590922,39.966341969000005,18.842
total_ms,2_7_opt_bag_2,402,1779961363621310662,40.073061709,21.645
total_ms,2_7_opt_bag_2,403,1779961363729887451,40.181638498000005,18.374
total_ms,2_7_opt_bag_2,404,1779961363857269007,40.309020054,26.078
total_ms,2_7_opt_bag_2,405,1779961363923843365,40.375594412000005,23.206
total_ms,2_7_opt_bag_2,406,1779961364026417999,40.478169046000005,22.95
total_ms,2_7_opt_bag_2,407,1779961364133963157,40.585714204000006,23.826
total_ms,2_7_opt_bag_2,408,1779961364232213861,40.683964908,27.83
total_ms,2_7_opt_bag_2,409,1779961364321737153,40.7734882,22.493
total_ms,2_7_opt_bag_2,410,1779961364448654964,40.900406011,25.702
total_ms,2_7_opt_bag_2,411,1779961364556012209,41.007763256000004,30.252
total_ms,2_7_opt_bag_2,412,1779961364662158993,41.11391004,31.933
total_ms,2_7_opt_bag_2,413,1779961364763943964,41.215695011,33.36
total_ms,2_7_opt_bag_2,414,1779961364844223410,41.295974457,25.685
total_ms,2_7_opt_bag_2,415,1779961364965415278,41.417166325000004,31.696
total_ms,2_7_opt_bag_2,416,1779961365062593646,41.514344693000005,35.561
total_ms,2_7_opt_bag_2,417,1779961365143995549,41.595746596000005,32.442
total_ms,2_7_opt_bag_2,418,1779961365231750053,41.6835011,30.318
total_ms,2_7_opt_bag_2,419,1779961365333053210,41.784804257000005,24.655
total_ms,2_7_opt_bag_2,420,1779961365446839566,41.898590613,26.598
total_ms,2_7_opt_bag_2,421,1779961365531896334,41.983647381000004,24.752
total_ms,2_7_opt_bag_2,422,1779961365624411713,42.07616276,22.057
total_ms,2_7_opt_bag_2,423,1779961365719701314,42.171452361,22.642
total_ms,2_7_opt_bag_2,424,1779961365875583452,42.327334499,32.937
total_ms,2_7_opt_bag_2,425,1779961365958000821,42.409751868,28.175
total_ms,2_7_opt_bag_2,426,1779961366039492639,42.491243686000004,22.75
total_ms,2_7_opt_bag_2,427,1779961366146785777,42.598536824,28.827
total_ms,2_7_opt_bag_2,428,1779961366227205966,42.678957013,23.711
total_ms,2_7_opt_bag_2,429,1779961366345712734,42.797463781000005,24.666
total_ms,2_7_opt_bag_2,430,1779961366462010439,42.913761486000006,34.641
total_ms,2_7_opt_bag_2,431,1779961366522663173,42.97441422,19.658
total_ms,2_7_opt_bag_2,432,1779961366637969506,43.089720553,22.584
total_ms,2_7_opt_bag_2,433,1779961366738426391,43.190177438,25.43
total_ms,2_7_opt_bag_2,434,1779961366850981335,43.302732382,27.018
total_ms,2_7_opt_bag_2,435,1779961366924003905,43.375754952,22.01
total_ms,2_7_opt_bag_2,436,1779961367026410957,43.478162004000005,24.248
total_ms,2_7_opt_bag_2,437,1779961367127961948,43.579712995,21.008
total_ms,2_7_opt_bag_2,438,1779961367245438154,43.697189201,25.159
total_ms,2_7_opt_bag_2,439,1779961367375536684,43.827287731000006,42.208
total_ms,2_7_opt_bag_2,440,1779961367448382537,43.900133584,27.233
total_ms,2_7_opt_bag_2,441,1779961367531873008,43.983624055,26.259
total_ms,2_7_opt_bag_2,442,1779961367637598810,44.089349857,26.369
total_ms,2_7_opt_bag_2,443,1779961367728580703,44.18033175,24.629
total_ms,2_7_opt_bag_2,444,1779961367844694998,44.296446045,24.51
total_ms,2_7_opt_bag_2,445,1779961367946199638,44.397950685000005,24.621
total_ms,2_7_opt_bag_2,446,1779961368040691227,44.492442274000005,31.427
total_ms,2_7_opt_bag_2,447,1779961368146438578,44.598189625,27.133
total_ms,2_7_opt_bag_2,448,1779961368228495630,44.680246677,25.078
total_ms,2_7_opt_bag_2,449,1779961368325736722,44.777487769000004,23.967
total_ms,2_7_opt_bag_2,450,1779961368423604883,44.875355930000005,21.276
total_ms,2_7_opt_bag_2,451,1779961368563501759,45.015252806,32.287
total_ms,2_7_opt_bag_2,452,1779961368630891960,45.082643007,27.724
total_ms,2_7_opt_bag_2,453,1779961368758304777,45.210055824,28.234
total_ms,2_7_opt_bag_2,454,1779961368824521593,45.27627264,22.556
total_ms,2_7_opt_bag_2,455,1779961368934877230,45.386628277,22.244
total_ms,2_7_opt_bag_2,456,1779961369040473655,45.492224702,26.396
total_ms,2_7_opt_bag_2,457,1779961369129580176,45.581331223,24.641
total_ms,2_7_opt_bag_2,458,1779961369224663406,45.676414453,21.547
total_ms,2_7_opt_bag_2,459,1779961369322213229,45.773964276,22.241
total_ms,2_7_opt_bag_2,460,1779961369455296211,45.907047258000006,27.542
total_ms,2_7_opt_bag_2,461,1779961369554116928,46.005867975,26.094
total_ms,2_7_opt_bag_2,462,1779961369645276910,46.097027957,20.47
total_ms,2_7_opt_bag_2,463,1779961369747142232,46.198893279,26.943
total_ms,2_7_opt_bag_2,464,1779961369835436354,46.287187401000004,28.484
total_ms,2_7_opt_bag_2,465,1779961369926404583,46.37815563,27.321
total_ms,2_7_opt_bag_2,466,1779961370040190642,46.491941689,21.524
total_ms,2_7_opt_bag_2,467,1779961370135288762,46.587039809000004,23.639
total_ms,2_7_opt_bag_2,468,1779961370246771374,46.698522421,21.629
total_ms,2_7_opt_bag_2,469,1779961370328463367,46.780214414,26.637
total_ms,2_7_opt_bag_2,470,1779961370420733337,46.872484384,21.974
total_ms,2_7_opt_bag_2,471,1779961370523297682,46.975048729,25.784
total_ms,2_7_opt_bag_2,472,1779961370647027878,47.098778925000005,40.336
total_ms,2_7_opt_bag_2,473,1779961370750575100,47.202326147,26.653
total_ms,2_7_opt_bag_2,474,1779961370873195583,47.32494663,33.599
total_ms,2_7_opt_bag_2,475,1779961370945789234,47.397540281000005,27.232
total_ms,2_7_opt_bag_2,476,1779961371036510282,47.488261329000004,25.015
total_ms,2_7_opt_bag_2,477,1779961371137335624,47.589086671000004,28.827
total_ms,2_7_opt_bag_2,478,1779961371226423737,47.678174784,19.543
total_ms,2_7_opt_bag_2,479,1779961371350231086,47.801982133,29.263
total_ms,2_7_opt_bag_2,480,1779961371428860645,47.880611692,22.003
total_ms,2_7_opt_bag_2,481,1779961371562401461,48.014152508,29.333
total_ms,2_7_opt_bag_2,482,1779961371642382494,48.094133541000005,28.647
total_ms,2_7_opt_bag_2,483,1779961371755598160,48.207349207,30.021
total_ms,2_7_opt_bag_2,484,1779961371822580427,48.274331474,20.186
total_ms,2_7_opt_bag_2,485,1779961371927238619,48.378989666,22.81
total_ms,2_7_opt_bag_2,486,1779961372053531217,48.505282264,24.073
total_ms,2_7_opt_bag_2,487,1779961372134190192,48.585941239,21.109
total_ms,2_7_opt_bag_2,488,1779961372238291309,48.690042356000006,24.931
total_ms,2_7_opt_bag_2,489,1779961372326983370,48.778734417,22.46
total_ms,2_7_opt_bag_2,490,1779961372423448149,48.875199196000004,21.482
total_ms,2_7_opt_bag_2,491,1779961372551171656,49.002922703,29.024
total_ms,2_7_opt_bag_2,492,1779961372624880430,49.07663147700001,23.518
total_ms,2_7_opt_bag_2,493,1779961372737826494,49.189577541000006,21.726
total_ms,2_7_opt_bag_2,494,1779961372854349613,49.306100660000006,24.064
total_ms,2_7_opt_bag_2,495,1779961372946657995,49.398409042000004,26.36
total_ms,2_7_opt_bag_2,496,1779961373035247219,49.486998266,19.553
total_ms,2_7_opt_bag_2,497,1779961373120897696,49.572648743,23.584
total_ms,2_7_opt_bag_2,498,1779961373223625677,49.675376724,25.995
total_ms,2_7_opt_bag_2,499,1779961373345397922,49.797148969000006,27.804
total_ms,2_7_opt_bag_2,500,1779961373452185829,49.903936876,28.226
total_ms,2_7_opt_bag_2,501,1779961373538924908,49.990675955,26.245
total_ms,2_7_opt_bag_2,502,1779961373627362611,50.079113658000004,28.56
total_ms,2_7_opt_bag_2,503,1779961373730504085,50.182255132,27.713
total_ms,2_7_opt_bag_2,504,1779961373826210563,50.277961610000006,22.249
total_ms,2_7_opt_bag_2,505,1779961373944456445,50.396207492,28.013
total_ms,2_7_opt_bag_2,506,1779961374039069754,50.490820801000005,23.319
total_ms,2_7_opt_bag_2,507,1779961374147573420,50.599324467,22.839
total_ms,2_7_opt_bag_2,508,1779961374222060986,50.673812033000004,20.678
total_ms,2_7_opt_bag_2,509,1779961374330796139,50.782547186,26.247
total_ms,2_7_opt_bag_2,510,1779961374438671272,50.890422319,21.681
total_ms,2_7_opt_bag_2,511,1779961374525271809,50.977022856000005,26.774
total_ms,2_7_opt_bag_2,512,1779961374645715593,51.09746664,26.448
total_ms,2_7_opt_bag_2,513,1779961374738213155,51.189964202000006,22.699
total_ms,2_7_opt_bag_2,514,1779961374853063980,51.304815027000004,22.893
total_ms,2_7_opt_bag_2,515,1779961374926987491,51.378738538,23.163
total_ms,2_7_opt_bag_2,516,1779961375030760892,51.482511939000005,21.076
total_ms,2_7_opt_bag_2,517,1779961375140861750,51.592612797,25.193
total_ms,2_7_opt_bag_2,518,1779961375253291274,51.705042321,26.99
total_ms,2_7_opt_bag_2,519,1779961375344946662,51.796697709,26.325
total_ms,2_7_opt_bag_2,520,1779961375436119742,51.887870789000004,24.036
total_ms,2_7_opt_bag_2,521,1779961375523655621,51.975406668000005,21.29
total_ms,2_7_opt_bag_2,522,1779961375615805775,52.067556822,21.212
total_ms,2_7_opt_bag_2,523,1779961375735734540,52.187485587000005,20.781
total_ms,2_7_opt_bag_2,524,1779961375821766186,52.273517233,26.382
total_ms,2_7_opt_bag_2,525,1779961375929800218,52.381551265000006,24.867
total_ms,2_7_opt_bag_2,526,1779961376015573255,52.467324302,19.925
total_ms,2_7_opt_bag_2,527,1779961376122750687,52.574501734,22.859
total_ms,2_7_opt_bag_2,528,1779961376259346926,52.711097973,25.074
total_ms,2_7_opt_bag_2,529,1779961376351111154,52.802862201,29.439
total_ms,2_7_opt_bag_2,530,1779961376446887801,52.898638848000004,22.074
total_ms,2_7_opt_bag_2,531,1779961376534762779,52.98651382600001,24.774
total_ms,2_7_opt_bag_2,532,1779961376626830344,53.078581391,20.481
total_ms,2_7_opt_bag_2,533,1779961376731304499,53.183055546000006,19.36
total_ms,2_7_opt_bag_2,534,1779961376827421406,53.279172453,28.029
total_ms,2_7_opt_bag_2,535,1779961376947261815,53.399012862000006,22.372
total_ms,2_7_opt_bag_2,536,1779961377029348027,53.48109907400001,23.745
total_ms,2_7_opt_bag_2,537,1779961377131103599,53.582854646,21.422
total_ms,2_7_opt_bag_2,538,1779961377230899234,53.682650281,19.006
total_ms,2_7_opt_bag_2,539,1779961377335382219,53.787133266000005,19.889
total_ms,2_7_opt_bag_2,540,1779961377438705126,53.890456173000004,20.873
total_ms,2_7_opt_bag_2,541,1779961377595080910,54.046831957,50.485
total_ms,2_7_opt_bag_2,542,1779961377631241264,54.082992311000005,24.709
total_ms,2_7_opt_bag_2,543,1779961377747775763,54.19952681,19.719
total_ms,2_7_opt_bag_2,544,1779961377835209487,54.286960534,24.155
total_ms,2_7_opt_bag_2,545,1779961377923024660,54.374775707000005,23.784
total_ms,2_7_opt_bag_2,546,1779961378023028597,54.474779644,21.747
total_ms,2_7_opt_bag_2,547,1779961378127017646,54.578768693,19.588
total_ms,2_7_opt_bag_2,548,1779961378225397417,54.677148464000005,25.635
total_ms,2_7_opt_bag_2,549,1779961378316438245,54.768189292,19.409
total_ms,2_7_opt_bag_2,550,1779961378458172484,54.909923531000004,28.368
total_ms,2_7_opt_bag_2,551,1779961378548824194,55.000575241,39.721
total_ms,2_7_opt_bag_2,552,1779961378642550797,55.094301844,23.798
total_ms,2_7_opt_bag_2,553,1779961378722601274,55.174352321,24.857
total_ms,2_7_opt_bag_2,554,1779961378852105297,55.303856344,21.554
total_ms,2_7_opt_bag_2,555,1779961378974980711,55.426731758,28.645
total_ms,2_7_opt_bag_2,556,1779961379054739221,55.506490268,22.752
total_ms,2_7_opt_bag_2,557,1779961379158543012,55.610294059000005,23.625
total_ms,2_7_opt_bag_2,558,1779961379222675068,55.674426115,22.657
total_ms,2_7_opt_bag_2,559,1779961379332051933,55.783802980000004,19.414
total_ms,2_7_opt_bag_2,560,1779961379445814683,55.897565730000004,25.587
total_ms,2_7_opt_bag_2,561,1779961379528348392,55.980099439,22.869
total_ms,2_7_opt_bag_2,562,1779961379645084130,56.096835177,23.673
total_ms,2_7_opt_bag_2,563,1779961379739408272,56.191159319,28.006
total_ms,2_7_opt_bag_2,564,1779961379856378011,56.308129058000006,25.743
total_ms,2_7_opt_bag_2,565,1779961379938295437,56.390046484,25.29
total_ms,2_7_opt_bag_2,566,1779961380030487573,56.482238620000004,19.567
total_ms,2_7_opt_bag_2,567,1779961380154850821,56.606601868000006,25.309
total_ms,2_7_opt_bag_2,568,1779961380225366577,56.677117624000005,25.072
total_ms,2_7_opt_bag_2,569,1779961380342285301,56.794036348000006,23.254
total_ms,2_7_opt_bag_2,570,1779961380426233583,56.87798463,20.594
total_ms,2_7_opt_bag_2,571,1779961380567032005,57.018783052,23.791
total_ms,2_7_opt_bag_2,572,1779961380682301484,57.134052531,48.181
total_ms,2_7_opt_bag_2,573,1779961380741472986,57.19322403300001,24.258
total_ms,2_7_opt_bag_2,574,1779961380838167631,57.28991867800001,21.35
total_ms,2_7_opt_bag_2,575,1779961380927472838,57.379223885,19.526
total_ms,2_7_opt_bag_2,576,1779961381041041217,57.492792264,25.036
total_ms,2_7_opt_bag_2,577,1779961381120910729,57.572661776000004,23.738
total_ms,2_7_opt_bag_2,578,1779961381233313531,57.685064578,22.405
total_ms,2_7_opt_bag_2,579,1779961381360526514,57.812277561,25.74
total_ms,2_7_opt_bag_2,580,1779961381433556219,57.885307266000005,24.904
total_ms,2_7_opt_bag_2,581,1779961381548950771,58.000701818,25.428
total_ms,2_7_opt_bag_2,582,1779961381625306233,58.077057280000005,20.662
total_ms,2_7_opt_bag_2,583,1779961381726449482,58.178200529,23.675
total_ms,2_7_opt_bag_2,584,1779961381834110120,58.285861167,22.381
total_ms,2_7_opt_bag_2,585,1779961381935573650,58.387324697000004,24.423
total_ms,2_7_opt_bag_2,586,1779961382026195927,58.477946974000005,19.822
total_ms,2_7_opt_bag_2,587,1779961382129646437,58.58139748400001,25.886
total_ms,2_7_opt_bag_2,588,1779961382240296715,58.692047762,29.329
total_ms,2_7_opt_bag_2,589,1779961382329665942,58.781416989,22.137
total_ms,2_7_opt_bag_2,590,1779961382422664088,58.87441513500001,24.781
total_ms,2_7_opt_bag_2,591,1779961382531927948,58.983678995000005,18.942
total_ms,2_7_opt_bag_2,592,1779961382633241697,59.084992744000004,19.853
total_ms,2_7_opt_bag_2,593,1779961382739085122,59.190836169,30.613
total_ms,2_7_opt_bag_2,594,1779961382816597985,59.268349032,18.439
total_ms,2_7_opt_bag_3,0,1779961417111612956,0.0,20.432
total_ms,2_7_opt_bag_3,1,1779961417157059240,0.045446284,22.827
total_ms,2_7_opt_bag_3,2,1779961417253888452,0.142275496,26.527
total_ms,2_7_opt_bag_3,3,1779961417375152107,0.263539151,21.93
total_ms,2_7_opt_bag_3,4,1779961417489399382,0.377786426,32.652
total_ms,2_7_opt_bag_3,5,1779961417557740683,0.44612772700000003,25.667
total_ms,2_7_opt_bag_3,6,1779961417659106976,0.54749402,31.066
total_ms,2_7_opt_bag_3,7,1779961417770362736,0.6587497800000001,28.463
total_ms,2_7_opt_bag_3,8,1779961417870131910,0.758518954,22.166
total_ms,2_7_opt_bag_3,9,1779961417964540767,0.852927811,21.973
total_ms,2_7_opt_bag_3,10,1779961418086673024,0.9750600680000001,21.076
total_ms,2_7_opt_bag_3,11,1779961418181510566,1.0698976100000002,26.049
total_ms,2_7_opt_bag_3,12,1779961418282592352,1.1709793960000001,21.817
total_ms,2_7_opt_bag_3,13,1779961418362582173,1.2509692170000002,20.244
total_ms,2_7_opt_bag_3,14,1779961418484841085,1.3732281290000001,26.801
total_ms,2_7_opt_bag_3,15,1779961418550455638,1.438842682,24.301
total_ms,2_7_opt_bag_3,16,1779961418663273734,1.551660778,34.429
total_ms,2_7_opt_bag_3,17,1779961418770283920,1.6586709640000001,22.479
total_ms,2_7_opt_bag_3,18,1779961418860725768,1.7491128120000001,26.732
total_ms,2_7_opt_bag_3,19,1779961418979833944,1.868220988,29.699
total_ms,2_7_opt_bag_3,20,1779961419068269352,1.956656396,21.559
total_ms,2_7_opt_bag_3,21,1779961419172746733,2.0611337770000002,25.48
total_ms,2_7_opt_bag_3,22,1779961419257173236,2.14556028,23.791
total_ms,2_7_opt_bag_3,23,1779961419356441922,2.244828966,15.966
total_ms,2_7_opt_bag_3,24,1779961419455980059,2.344367103,24.625
total_ms,2_7_opt_bag_3,25,1779961419559341054,2.4477280980000002,27.337
total_ms,2_7_opt_bag_3,26,1779961419654334846,2.54272189,23.579
total_ms,2_7_opt_bag_3,27,1779961419769307529,2.657694573,24.676
total_ms,2_7_opt_bag_3,28,1779961419853402148,2.741789192,24.466
total_ms,2_7_opt_bag_3,29,1779961419990840598,2.879227642,26.723
total_ms,2_7_opt_bag_3,30,1779961420076320426,2.96470747,34.009
total_ms,2_7_opt_bag_3,31,1779961420181304837,3.0696918810000002,28.607
total_ms,2_7_opt_bag_3,32,1779961420268562415,3.1569494590000002,27.328
total_ms,2_7_opt_bag_3,33,1779961420362030110,3.2504171540000004,21.107
total_ms,2_7_opt_bag_3,34,1779961420470586226,3.3589732700000003,27.625
total_ms,2_7_opt_bag_3,35,1779961420572136955,3.4605239990000003,29.962
total_ms,2_7_opt_bag_3,36,1779961420679560617,3.5679476610000003,30.71
total_ms,2_7_opt_bag_3,37,1779961420753367395,3.641754439,20.112
total_ms,2_7_opt_bag_3,38,1779961420893181998,3.781569042,27.219
total_ms,2_7_opt_bag_3,39,1779961420962814044,3.8512010880000003,25.248
total_ms,2_7_opt_bag_3,40,1779961421089978387,3.9783654310000003,33.252
total_ms,2_7_opt_bag_3,41,1779961421173302967,4.0616900110000005,24.951
total_ms,2_7_opt_bag_3,42,1779961421251137416,4.1395244600000005,20.556
total_ms,2_7_opt_bag_3,43,1779961421357838837,4.246225881,22.367
total_ms,2_7_opt_bag_3,44,1779961421476716833,4.365103877,29.058
total_ms,2_7_opt_bag_3,45,1779961421588605907,4.476992951000001,27.252
total_ms,2_7_opt_bag_3,46,1779961421671103302,4.5594903460000005,25.378
total_ms,2_7_opt_bag_3,47,1779961421764823768,4.653210812,20.853
total_ms,2_7_opt_bag_3,48,1779961421900978725,4.789365769000001,38.142
total_ms,2_7_opt_bag_3,49,1779961421953460865,4.841847909,19.712
total_ms,2_7_opt_bag_3,50,1779961422051538018,4.939925062,24.76
total_ms,2_7_opt_bag_3,51,1779961422171548432,5.059935476000001,22.614
total_ms,2_7_opt_bag_3,52,1779961422273933178,5.162320222,23.441
total_ms,2_7_opt_bag_3,53,1779961422381687979,5.270075023,22.038
total_ms,2_7_opt_bag_3,54,1779961422466924499,5.355311543,21.931
total_ms,2_7_opt_bag_3,55,1779961422563848075,5.452235119,22.259
total_ms,2_7_opt_bag_3,56,1779961422664159645,5.552546689000001,24.884
total_ms,2_7_opt_bag_3,57,1779961422757296406,5.64568345,19.986
total_ms,2_7_opt_bag_3,58,1779961422857682302,5.7460693460000005,26.562
total_ms,2_7_opt_bag_3,59,1779961422964111666,5.852498710000001,27.023
total_ms,2_7_opt_bag_3,60,1779961423098979614,5.987366658,28.772
total_ms,2_7_opt_bag_3,61,1779961423161846739,6.050233783,23.764
total_ms,2_7_opt_bag_3,62,1779961423292192801,6.1805798450000005,26.34
total_ms,2_7_opt_bag_3,63,1779961423353252467,6.241639511000001,24.368
total_ms,2_7_opt_bag_3,64,1779961423500004702,6.388391746000001,38.874
total_ms,2_7_opt_bag_3,65,1779961423565206025,6.453593069,23.464
total_ms,2_7_opt_bag_3,66,1779961423663396621,6.551783665,22.898
total_ms,2_7_opt_bag_3,67,1779961423759148853,6.647535897,31.715
total_ms,2_7_opt_bag_3,68,1779961423869066697,6.757453741000001,29.063
total_ms,2_7_opt_bag_3,69,1779961423976357014,6.864744058,31.391
total_ms,2_7_opt_bag_3,70,1779961424053761090,6.942148134000001,25.67
total_ms,2_7_opt_bag_3,71,1779961424174555075,7.062942119000001,22.748
total_ms,2_7_opt_bag_3,72,1779961424271482159,7.159869203,23.792
total_ms,2_7_opt_bag_3,73,1779961424361043460,7.249430504,23.444
total_ms,2_7_opt_bag_3,74,1779961424464593524,7.352980568,26.772
total_ms,2_7_opt_bag_3,75,1779961424568782441,7.4571694850000005,27.552
total_ms,2_7_opt_bag_3,76,1779961424685213071,7.5736001150000005,30.637
total_ms,2_7_opt_bag_3,77,1779961424761646101,7.650033145,24.235
total_ms,2_7_opt_bag_3,78,1779961424879934238,7.7683212820000005,27.696
total_ms,2_7_opt_bag_3,79,1779961424954034716,7.842421760000001,29.479
total_ms,2_7_opt_bag_3,80,1779961425094702996,7.98309004,33.565
total_ms,2_7_opt_bag_3,81,1779961425197042490,8.085429534000001,28.894
total_ms,2_7_opt_bag_3,82,1779961425255293283,8.143680327,23.124
total_ms,2_7_opt_bag_3,83,1779961425367372679,8.255759723,27.813
total_ms,2_7_opt_bag_3,84,1779961425471689070,8.360076114,24.723
total_ms,2_7_opt_bag_3,85,1779961425580871648,8.469258692,24.77
total_ms,2_7_opt_bag_3,86,1779961425663805107,8.552192151,26.526
total_ms,2_7_opt_bag_3,87,1779961425752409856,8.6407969,23.282
total_ms,2_7_opt_bag_3,88,1779961425884601987,8.772989031,39.621
total_ms,2_7_opt_bag_3,89,1779961425989360373,8.877747417,21.355
total_ms,2_7_opt_bag_3,90,1779961426082858385,8.971245429000001,25.184
total_ms,2_7_opt_bag_3,91,1779961426175501685,9.063888729,23.989
total_ms,2_7_opt_bag_3,92,1779961426301103172,9.189490216000001,39.533
total_ms,2_7_opt_bag_3,93,1779961426370403398,9.258790442,22.477
total_ms,2_7_opt_bag_3,94,1779961426468672930,9.357059974,37.735
total_ms,2_7_opt_bag_3,95,1779961426561621523,9.450008567000001,30.446
total_ms,2_7_opt_bag_3,96,1779961426678776526,9.56716357,40.741
total_ms,2_7_opt_bag_3,97,1779961426763806896,9.65219394,26.081
total_ms,2_7_opt_bag_3,98,1779961426865935448,9.754322492,35.576
total_ms,2_7_opt_bag_3,99,1779961426955457890,9.843844934,20.385
total_ms,2_7_opt_bag_3,100,1779961427072697860,9.961084904,35.23
total_ms,2_7_opt_bag_3,101,1779961427164903248,10.053290292,22.129
total_ms,2_7_opt_bag_3,102,1779961427271940421,10.160327465,41.357
total_ms,2_7_opt_bag_3,103,1779961427354247435,10.242634479000001,25.271
total_ms,2_7_opt_bag_3,104,1779961427468874153,10.357261197000001,27.226
total_ms,2_7_opt_bag_3,105,1779961427568405484,10.456792528000001,23.803
total_ms,2_7_opt_bag_3,106,1779961427664165461,10.552552505000001,31.779
total_ms,2_7_opt_bag_3,107,1779961427751432316,10.63981936,26.403
total_ms,2_7_opt_bag_3,108,1779961427858248169,10.746635213000001,20.138
total_ms,2_7_opt_bag_3,109,1779961427996118958,10.884506002,32.573
total_ms,2_7_opt_bag_3,110,1779961428095099620,10.983486664,31.471
total_ms,2_7_opt_bag_3,111,1779961428190061401,11.078448445000001,26.468
total_ms,2_7_opt_bag_3,112,1779961428280569719,11.168956763,20.615
total_ms,2_7_opt_bag_3,113,1779961428353647128,11.242034172,22.134
total_ms,2_7_opt_bag_3,114,1779961428464757355,11.353144399000001,22.578
total_ms,2_7_opt_bag_3,115,1779961428575804255,11.464191299000001,26.989
total_ms,2_7_opt_bag_3,116,1779961428658438444,11.546825488000001,23.083
total_ms,2_7_opt_bag_3,117,1779961428751429458,11.639816502,25.602
total_ms,2_7_opt_bag_3,118,1779961428857303391,11.745690435,24.606
total_ms,2_7_opt_bag_3,119,1779961428984319917,11.872706961,43.747
total_ms,2_7_opt_bag_3,120,1779961429059341454,11.947728498,24.32
total_ms,2_7_opt_bag_3,121,1779961429218595854,12.106982898,49.595
total_ms,2_7_opt_bag_3,122,1779961429262851260,12.151238304000001,22.587
total_ms,2_7_opt_bag_3,123,1779961429359013374,12.247400418000002,20.964
total_ms,2_7_opt_bag_3,124,1779961429470862456,12.3592495,29.654
total_ms,2_7_opt_bag_3,125,1779961429551851396,12.44023844,23.105
total_ms,2_7_opt_bag_3,126,1779961429681251463,12.569638507,22.791
total_ms,2_7_opt_bag_3,127,1779961429781074966,12.66946201,20.508
total_ms,2_7_opt_bag_3,128,1779961429902536901,12.790923945000001,35.383
total_ms,2_7_opt_bag_3,129,1779961429985267873,12.873654917000001,21.252
total_ms,2_7_opt_bag_3,130,1779961430071521716,12.959908760000001,26.607
total_ms,2_7_opt_bag_3,131,1779961430161881301,13.050268345000001,22.729
total_ms,2_7_opt_bag_3,132,1779961430299619291,13.188006335,29.328
total_ms,2_7_opt_bag_3,133,1779961430350732349,13.239119393000001,19.168
total_ms,2_7_opt_bag_3,134,1779961430452128133,13.340515177,24.142
total_ms,2_7_opt_bag_3,135,1779961430566739007,13.455126051,24.564
total_ms,2_7_opt_bag_3,136,1779961430666382505,13.554769549000001,21.698
total_ms,2_7_opt_bag_3,137,1779961430758875507,13.647262551,30.606
total_ms,2_7_opt_bag_3,138,1779961430870754523,13.759141567,40.224
total_ms,2_7_opt_bag_3,139,1779961430953225063,13.841612107000001,25.468
total_ms,2_7_opt_bag_3,140,1779961431081629797,13.970016841000001,21.976
total_ms,2_7_opt_bag_3,141,1779961431160922584,14.049309628000001,19.696
total_ms,2_7_opt_bag_3,142,1779961431286578497,14.174965541,40.182
total_ms,2_7_opt_bag_3,143,1779961431356494110,14.244881154000002,20.82
total_ms,2_7_opt_bag_3,144,1779961431487455204,14.375842248000001,26.357
total_ms,2_7_opt_bag_3,145,1779961431563779572,14.452166616000001,19.057
total_ms,2_7_opt_bag_3,146,1779961431663986817,14.552373861000001,22.135
total_ms,2_7_opt_bag_3,147,1779961431764464821,14.652851865,23.501
total_ms,2_7_opt_bag_3,148,1779961431856641731,14.745028775000002,20.389
total_ms,2_7_opt_bag_3,149,1779961431959666138,14.848053182000001,22.833
total_ms,2_7_opt_bag_3,150,1779961432058408678,14.946795722000001,27.371
total_ms,2_7_opt_bag_3,151,1779961432159925881,15.048312925000001,25.846
total_ms,2_7_opt_bag_3,152,1779961432252176689,15.140563733,21.286
total_ms,2_7_opt_bag_3,153,1779961432374770632,15.263157676,27.788
total_ms,2_7_opt_bag_3,154,1779961432461034119,15.349421163,19.554
total_ms,2_7_opt_bag_3,155,1779961432562455216,15.450842260000002,28.928
total_ms,2_7_opt_bag_3,156,1779961432658214742,15.546601786,22.809
total_ms,2_7_opt_bag_3,157,1779961432798732586,15.687119630000002,28.045
total_ms,2_7_opt_bag_3,158,1779961432877287023,15.765674067,35.756
total_ms,2_7_opt_bag_3,159,1779961432982380555,15.870767599,22.28
total_ms,2_7_opt_bag_3,160,1779961433063542464,15.951929508000001,22.178
total_ms,2_7_opt_bag_3,161,1779961433179134557,16.067521601,23.43
total_ms,2_7_opt_bag_3,162,1779961433264918603,16.153305647,22.029
total_ms,2_7_opt_bag_3,163,1779961433352590433,16.240977477,21.093
total_ms,2_7_opt_bag_3,164,1779961433473727767,16.362114811,26.758
total_ms,2_7_opt_bag_3,165,1779961433575509642,16.463896686000002,25.495
total_ms,2_7_opt_bag_3,166,1779961433663074380,16.551461424,19.807
total_ms,2_7_opt_bag_3,167,1779961433770830795,16.659217839,23.631
total_ms,2_7_opt_bag_3,168,1779961433851806590,16.740193634,20.354
total_ms,2_7_opt_bag_3,169,1779961433958065991,16.846453035,29.971
total_ms,2_7_opt_bag_3,170,1779961434051345297,16.939732341000003,18.767
total_ms,2_7_opt_bag_3,171,1779961434186810450,17.075197494,29.178
total_ms,2_7_opt_bag_3,172,1779961434257520023,17.145907067,25.176
total_ms,2_7_opt_bag_3,173,1779961434374440076,17.26282712,23.535
total_ms,2_7_opt_bag_3,174,1779961434461266641,17.349653685,28.639
total_ms,2_7_opt_bag_3,175,1779961434566826198,17.455213242000003,24.745
total_ms,2_7_opt_bag_3,176,1779961434675392886,17.563779930000003,22.934
total_ms,2_7_opt_bag_3,177,1779961434750951422,17.639338466,23.622
total_ms,2_7_opt_bag_3,178,1779961434889434123,17.777821167000003,24.748
total_ms,2_7_opt_bag_3,179,1779961434988480780,17.876867824,27.124
total_ms,2_7_opt_bag_3,180,1779961435053672128,17.942059172,26.341
total_ms,2_7_opt_bag_3,181,1779961435158424358,18.046811402,19.854
total_ms,2_7_opt_bag_3,182,1779961435260401390,18.148788434,21.731
total_ms,2_7_opt_bag_3,183,1779961435366274180,18.254661224,28.453
total_ms,2_7_opt_bag_3,184,1779961435466254675,18.354641719,25.778
total_ms,2_7_opt_bag_3,185,1779961435611877138,18.500264182000002,35.098
total_ms,2_7_opt_bag_3,186,1779961435654030318,18.542417362000002,23.633
total_ms,2_7_opt_bag_3,187,1779961435752725934,18.641112978000002,23.625
total_ms,2_7_opt_bag_3,188,1779961435911799294,18.800186338,36.215
total_ms,2_7_opt_bag_3,189,1779961435975358587,18.863745631,23.48
total_ms,2_7_opt_bag_3,190,1779961436070378803,18.958765847000002,34.968
total_ms,2_7_opt_bag_3,191,1779961436154722167,19.043109211,23.77
total_ms,2_7_opt_bag_3,192,1779961436263743168,19.152130212,28.463
total_ms,2_7_opt_bag_3,193,1779961436359075241,19.247462285,27.722
total_ms,2_7_opt_bag_3,194,1779961436455201854,19.343588898,22.908
total_ms,2_7_opt_bag_3,195,1779961436551782731,19.440169775,19.606
total_ms,2_7_opt_bag_3,196,1779961436680860564,19.569247608,26.202
total_ms,2_7_opt_bag_3,197,1779961436770615343,19.659002387,24.919
total_ms,2_7_opt_bag_3,198,1779961436884405894,19.772792938000002,23.258
total_ms,2_7_opt_bag_3,199,1779961436979059751,19.867446795000003,23.485
total_ms,2_7_opt_bag_3,200,1779961437119935612,20.008322656,22.573
total_ms,2_7_opt_bag_3,201,1779961437171137409,20.059524453,28.918
total_ms,2_7_opt_bag_3,202,1779961437280385767,20.168772811,24.697
total_ms,2_7_opt_bag_3,203,1779961437380195066,20.26858211,22.512
total_ms,2_7_opt_bag_3,204,1779961437489265609,20.377652653000002,26.946
total_ms,2_7_opt_bag_3,205,1779961437560911615,20.449298659,22.317
total_ms,2_7_opt_bag_3,206,1779961437704283156,20.5926702,49.256
total_ms,2_7_opt_bag_3,207,1779961437760572089,20.648959133,25.034
total_ms,2_7_opt_bag_3,208,1779961437877486309,20.765873353,42.877
total_ms,2_7_opt_bag_3,209,1779961437959584065,20.847971109000003,21.647
total_ms,2_7_opt_bag_3,210,1779961438075925110,20.964312154,25.106
total_ms,2_7_opt_bag_3,211,1779961438161109062,21.049496106000003,23.379
total_ms,2_7_opt_bag_3,212,1779961438273771723,21.162158767,20.162
total_ms,2_7_opt_bag_3,213,1779961438368564539,21.256951583000003,25.682
total_ms,2_7_opt_bag_3,214,1779961438483868426,21.372255470000002,25.444
total_ms,2_7_opt_bag_3,215,1779961438579936007,21.468323051000002,31.553
total_ms,2_7_opt_bag_3,216,1779961438669942845,21.558329889000003,26.161
total_ms,2_7_opt_bag_3,217,1779961438781536700,21.669923744000002,26.235
total_ms,2_7_opt_bag_3,218,1779961438900560593,21.788947637,39.733
total_ms,2_7_opt_bag_3,219,1779961438963252824,21.851639868000003,24.345
total_ms,2_7_opt_bag_3,220,1779961439088634400,21.977021444000002,33.116
total_ms,2_7_opt_bag_3,221,1779961439220316275,22.108703319,45.488
total_ms,2_7_opt_bag_3,222,1779961439262169469,22.150556513,21.486
total_ms,2_7_opt_bag_3,223,1779961439378036860,22.266423904,32.989
total_ms,2_7_opt_bag_3,224,1779961439496306603,22.384693647000002,28.944
total_ms,2_7_opt_bag_3,225,1779961439580169539,22.468556583,29.115
total_ms,2_7_opt_bag_3,226,1779961439682588497,22.570975541000003,22.403
total_ms,2_7_opt_bag_3,227,1779961439773110566,22.66149761,25.49
total_ms,2_7_opt_bag_3,228,1779961439859359212,22.747746256000003,21.469
total_ms,2_7_opt_bag_3,229,1779961439986663980,22.875051024,25.363
total_ms,2_7_opt_bag_3,230,1779961440075933249,22.964320293,24.99
total_ms,2_7_opt_bag_3,231,1779961440177460313,23.065847357000003,25.261
total_ms,2_7_opt_bag_3,232,1779961440284867326,23.173254370000002,24.789
total_ms,2_7_opt_bag_3,233,1779961440374530449,23.262917493,29.846
total_ms,2_7_opt_bag_3,234,1779961440479948103,23.368335147,24.564
total_ms,2_7_opt_bag_3,235,1779961440584243170,23.472630214000002,25.233
total_ms,2_7_opt_bag_3,236,1779961440699178147,23.587565191000003,31.864
total_ms,2_7_opt_bag_3,237,1779961440760455257,23.648842301000002,27.757
total_ms,2_7_opt_bag_3,238,1779961440855310483,23.743697527000002,28.664
total_ms,2_7_opt_bag_3,239,1779961440984628642,23.873015686000002,23.347
total_ms,2_7_opt_bag_3,240,1779961441062242997,23.950630041,24.017
total_ms,2_7_opt_bag_3,241,1779961441177652927,24.066039971000002,28.397
total_ms,2_7_opt_bag_3,242,1779961441270202916,24.15858996,28.315
total_ms,2_7_opt_bag_3,243,1779961441385252130,24.273639174000003,22.825
total_ms,2_7_opt_bag_3,244,1779961441472707883,24.361094927,24.969
total_ms,2_7_opt_bag_3,245,1779961441562689887,24.451076931000003,22.085
total_ms,2_7_opt_bag_3,246,1779961441660006207,24.548393251,22.019
total_ms,2_7_opt_bag_3,247,1779961441752554074,24.640941118,21.861
total_ms,2_7_opt_bag_3,248,1779961441861377917,24.749764961,26.124
total_ms,2_7_opt_bag_3,249,1779961441977790211,24.866177255,22.492
total_ms,2_7_opt_bag_3,250,1779961442075680889,24.964067933000003,27.179
total_ms,2_7_opt_bag_3,251,1779961442167996097,25.056383141,24.031
total_ms,2_7_opt_bag_3,252,1779961442257771852,25.146158896000003,21.748
total_ms,2_7_opt_bag_3,253,1779961442348421159,25.236808203000002,23.471
total_ms,2_7_opt_bag_3,254,1779961442459329249,25.347716293,21.189
total_ms,2_7_opt_bag_3,255,1779961442555683075,25.444070119000003,24.853
total_ms,2_7_opt_bag_3,256,1779961442675382692,25.563769736,24.442
total_ms,2_7_opt_bag_3,257,1779961442761389804,25.649776848000002,19.111
total_ms,2_7_opt_bag_3,258,1779961442875449034,25.763836078,21.956
total_ms,2_7_opt_bag_3,259,1779961442961571012,25.849958056000002,21.153
total_ms,2_7_opt_bag_3,260,1779961443087186963,25.975574007000002,26.027
total_ms,2_7_opt_bag_3,261,1779961443152678572,26.041065616,21.767
total_ms,2_7_opt_bag_3,262,1779961443254440238,26.142827282000002,22.22
total_ms,2_7_opt_bag_3,263,1779961443359555336,26.24794238,31.29
total_ms,2_7_opt_bag_3,264,1779961443489155612,26.377542656000003,27.419
total_ms,2_7_opt_bag_3,265,1779961443608396682,26.496783726,38.758
total_ms,2_7_opt_bag_3,266,1779961443711785193,26.600172237000002,34.989
total_ms,2_7_opt_bag_3,267,1779961443774016239,26.662403283000003,23.757
total_ms,2_7_opt_bag_3,268,1779961443871822540,26.760209584000002,30.202
total_ms,2_7_opt_bag_3,269,1779961443954745434,26.843132478,24.137
total_ms,2_7_opt_bag_3,270,1779961444050695117,26.939082161,24.732
total_ms,2_7_opt_bag_3,271,1779961444188430925,27.076817969,21.749
total_ms,2_7_opt_bag_3,272,1779961444263505901,27.151892945,21.186
total_ms,2_7_opt_bag_3,273,1779961444350644555,27.239031599,25.045
total_ms,2_7_opt_bag_3,274,1779961444479028996,27.367416040000002,22.927
total_ms,2_7_opt_bag_3,275,1779961444573822157,27.462209201,26.365
total_ms,2_7_opt_bag_3,276,1779961444668559183,27.556946227,24.527
total_ms,2_7_opt_bag_3,277,1779961444762842023,27.651229067000003,22.936
total_ms,2_7_opt_bag_3,278,1779961444896180311,27.784567355,33.899
total_ms,2_7_opt_bag_3,279,1779961445010860618,27.899247662,26.864
total_ms,2_7_opt_bag_3,280,1779961445110643990,27.999031034,33.707
total_ms,2_7_opt_bag_3,281,1779961445175559286,28.06394633,23.648
total_ms,2_7_opt_bag_3,282,1779961445301931553,28.190318597,34.421
total_ms,2_7_opt_bag_3,283,1779961445396023873,28.284410917000002,41.687
total_ms,2_7_opt_bag_3,284,1779961445465309953,28.353696997,22.754
total_ms,2_7_opt_bag_3,285,1779961445554973974,28.443361018,26.419
total_ms,2_7_opt_bag_3,286,1779961445685393542,28.573780586,22.653
total_ms,2_7_opt_bag_3,287,1779961445772313197,28.660700241,28.47
total_ms,2_7_opt_bag_3,288,1779961445870937563,28.759324607000003,28.452
total_ms,2_7_opt_bag_3,289,1779961445956736250,28.845123294,19.222
total_ms,2_7_opt_bag_3,290,1779961446079322138,28.967709182,24.62
total_ms,2_7_opt_bag_3,291,1779961446193573657,29.081960701000003,32.236
total_ms,2_7_opt_bag_3,292,1779961446259172787,29.147559831000002,23.069
total_ms,2_7_opt_bag_3,293,1779961446353166968,29.241554012,21.331
total_ms,2_7_opt_bag_3,294,1779961446480388741,29.368775785,23.697
total_ms,2_7_opt_bag_3,295,1779961446587360942,29.475747986000002,43.094
total_ms,2_7_opt_bag_3,296,1779961446658789248,29.547176292000003,19.705
total_ms,2_7_opt_bag_3,297,1779961446776296708,29.664683752000002,25.273
total_ms,2_7_opt_bag_3,298,1779961446878335734,29.766722778000002,21.314
total_ms,2_7_opt_bag_3,299,1779961446964732984,29.853120028000003,18.141
total_ms,2_7_opt_bag_3,300,1779961447109843131,29.998230175000003,36.6
total_ms,2_7_opt_bag_3,301,1779961447170118083,30.058505127,25.597
total_ms,2_7_opt_bag_3,302,1779961447251689047,30.140076091,20.35
total_ms,2_7_opt_bag_3,303,1779961447417461000,30.305848044,55.26
total_ms,2_7_opt_bag_3,304,1779961447483195085,30.371582129000004,26.106
total_ms,2_7_opt_bag_3,305,1779961447584374808,30.472761852,23.957
total_ms,2_7_opt_bag_3,306,1779961447658827721,30.547214765000003,21.474
total_ms,2_7_opt_bag_3,307,1779961447771122695,30.659509739,25.615
total_ms,2_7_opt_bag_3,308,1779961447864142568,30.752529612000004,18.271
total_ms,2_7_opt_bag_3,309,1779961447960569622,30.848956666000003,28.848
total_ms,2_7_opt_bag_3,310,1779961448099949889,30.988336933000003,25.759
total_ms,2_7_opt_bag_3,311,1779961448167739867,31.056126911000003,23.584
total_ms,2_7_opt_bag_3,312,1779961448271204762,31.159591806,27.093
total_ms,2_7_opt_bag_3,313,1779961448367502137,31.255889181,25.341
total_ms,2_7_opt_bag_3,314,1779961448471709506,31.36009655,23.4
total_ms,2_7_opt_bag_3,315,1779961448557245304,31.445632348000004,25.245
total_ms,2_7_opt_bag_3,316,1779961448664311181,31.552698225,23.436
total_ms,2_7_opt_bag_3,317,1779961448773129939,31.661516983000002,24.93
total_ms,2_7_opt_bag_3,318,1779961448862575141,31.750962185000002,21.594
total_ms,2_7_opt_bag_3,319,1779961448952386235,31.840773279,21.773
total_ms,2_7_opt_bag_3,320,1779961449087367003,31.975754047000002,26.918
total_ms,2_7_opt_bag_3,321,1779961449176626593,32.065013637,25.581
total_ms,2_7_opt_bag_3,322,1779961449271362344,32.159749388,20.845
total_ms,2_7_opt_bag_3,323,1779961449385472729,32.273859773000005,24.048
total_ms,2_7_opt_bag_3,324,1779961449455687263,32.344074307,17.877
total_ms,2_7_opt_bag_3,325,1779961449556866576,32.44525362,25.618
total_ms,2_7_opt_bag_3,326,1779961449659680253,32.548067297,25.223
total_ms,2_7_opt_bag_3,327,1779961449769773435,32.658160479,26.127
total_ms,2_7_opt_bag_3,328,1779961449890637024,32.779024068000005,25.922
total_ms,2_7_opt_bag_3,329,1779961449991698026,32.88008507,25.772
total_ms,2_7_opt_bag_3,330,1779961450092365306,32.98075235,31.358
total_ms,2_7_opt_bag_3,331,1779961450197597933,33.085984977,28.478
total_ms,2_7_opt_bag_3,332,1779961450266518972,33.154906016000005,21.227
total_ms,2_7_opt_bag_3,333,1779961450351335576,33.23972262,19.213
total_ms,2_7_opt_bag_3,334,1779961450505111721,33.393498765000004,25.674
total_ms,2_7_opt_bag_3,335,1779961450577933963,33.466321007000005,23.358
total_ms,2_7_opt_bag_3,336,1779961450656835944,33.545222988,24.36
total_ms,2_7_opt_bag_3,337,1779961450767130474,33.655517518,29.504
total_ms,2_7_opt_bag_3,338,1779961450854738461,33.743125505,21.735
total_ms,2_7_opt_bag_3,339,1779961450964299863,33.852686907,19.379
total_ms,2_7_opt_bag_3,340,1779961451070008789,33.958395833000004,28.716
total_ms,2_7_opt_bag_3,341,1779961451153484320,34.041871364,24.411
total_ms,2_7_opt_bag_3,342,1779961451281393367,34.169780411000005,26.559
total_ms,2_7_opt_bag_3,343,1779961451357817466,34.246204510000005,26.763
total_ms,2_7_opt_bag_3,344,1779961451489861220,34.378248264,28.476
total_ms,2_7_opt_bag_3,345,1779961451570596377,34.458983421,29.017
total_ms,2_7_opt_bag_3,346,1779961451681365371,34.569752415,22.694
total_ms,2_7_opt_bag_3,347,1779961451800008454,34.688395498000006,29.043
total_ms,2_7_opt_bag_3,348,1779961451884859429,34.773246473,27.105
total_ms,2_7_opt_bag_3,349,1779961451986781403,34.875168447,24.469
total_ms,2_7_opt_bag_3,350,1779961452066755967,34.955143011000004,24.534
total_ms,2_7_opt_bag_3,351,1779961452160769144,35.049156188000005,29.617
total_ms,2_7_opt_bag_3,352,1779961452277918353,35.166305397,26.548
total_ms,2_7_opt_bag_3,353,1779961452362592590,35.250979634000004,24.06
total_ms,2_7_opt_bag_3,354,1779961452486038141,35.374425185,30.602
total_ms,2_7_opt_bag_3,355,1779961452559616145,35.448003189000005,27.193
total_ms,2_7_opt_bag_3,356,1779961452678929592,35.567316636,28.05
total_ms,2_7_opt_bag_3,357,1779961452757759921,35.646146965,26.116
total_ms,2_7_opt_bag_3,358,1779961452886940434,35.775327478,22.554
total_ms,2_7_opt_bag_3,359,1779961452986741377,35.875128421,26.595
total_ms,2_7_opt_bag_3,360,1779961453055309931,35.943696975,23.46
total_ms,2_7_opt_bag_3,361,1779961453172070064,36.060457108,23.59
total_ms,2_7_opt_bag_3,362,1779961453280491900,36.168878944,24.2
total_ms,2_7_opt_bag_3,363,1779961453364084740,36.252471784,22.54
total_ms,2_7_opt_bag_3,364,1779961453467967739,36.356354783,25.772
total_ms,2_7_opt_bag_3,365,1779961453561774517,36.450161561,20.508
total_ms,2_7_opt_bag_3,366,1779961453654305511,36.542692555,22.393
total_ms,2_7_opt_bag_3,367,1779961453773555221,36.661942265,28.02
total_ms,2_7_opt_bag_3,368,1779961453884362789,36.772749833,28.319
total_ms,2_7_opt_bag_3,369,1779961453964847745,36.853234789000005,24.127
total_ms,2_7_opt_bag_3,370,1779961454057135071,36.945522115,22.393
total_ms,2_7_opt_bag_3,371,1779961454154615534,37.043002578,26.997
total_ms,2_7_opt_bag_3,372,1779961454291280745,37.179667789,25.283
total_ms,2_7_opt_bag_3,373,1779961454370016593,37.258403637,26.261
total_ms,2_7_opt_bag_3,374,1779961454475663101,37.364050145,28.587
total_ms,2_7_opt_bag_3,375,1779961454551980928,37.440367972000004,23.242
total_ms,2_7_opt_bag_3,376,1779961454658567074,37.546954118,22.724
total_ms,2_7_opt_bag_3,377,1779961454763836579,37.652223623000005,20.347
total_ms,2_7_opt_bag_3,378,1779961454882034229,37.770421273000004,30.466
total_ms,2_7_opt_bag_3,379,1779961454962558987,37.850946031,29.284
total_ms,2_7_opt_bag_3,380,1779961455054231162,37.942618206000006,27.011
total_ms,2_7_opt_bag_3,381,1779961455166422878,38.054809922000004,24.655
total_ms,2_7_opt_bag_3,382,1779961455263542410,38.151929454000005,22.825
total_ms,2_7_opt_bag_3,383,1779961455367784965,38.256172009000004,21.097
total_ms,2_7_opt_bag_3,384,1779961455501412933,38.389799977,28.923
total_ms,2_7_opt_bag_3,385,1779961455611101666,38.49948871,38.522
total_ms,2_7_opt_bag_3,386,1779961455706346715,38.594733759,35.321
total_ms,2_7_opt_bag_3,387,1779961455762712749,38.651099793,20.277
total_ms,2_7_opt_bag_3,388,1779961455886723513,38.775110557000005,24.361
total_ms,2_7_opt_bag_3,389,1779961455976024245,38.864411289,25.083
total_ms,2_7_opt_bag_3,390,1779961456076436403,38.964823447,27.331
total_ms,2_7_opt_bag_3,391,1779961456176189358,39.064576402,27.755
total_ms,2_7_opt_bag_3,392,1779961456260100776,39.14848782,22.876
total_ms,2_7_opt_bag_3,393,1779961456357540080,39.245927124000005,27.196
total_ms,2_7_opt_bag_3,394,1779961456464166785,39.352553829,22.922
total_ms,2_7_opt_bag_3,395,1779961456564018122,39.452405166000005,24.729
total_ms,2_7_opt_bag_3,396,1779961456676712672,39.565099716000006,22.063
total_ms,2_7_opt_bag_3,397,1779961456769271113,39.657658157,26.759
total_ms,2_7_opt_bag_3,398,1779961456872283419,39.760670463000004,21.918
total_ms,2_7_opt_bag_3,399,1779961456975730751,39.864117795000006,27.849
total_ms,2_7_opt_bag_3,400,1779961457060941327,39.949328371,25.782
total_ms,2_7_opt_bag_3,401,1779961457177537275,40.065924319000004,29.394
total_ms,2_7_opt_bag_3,402,1779961457292415805,40.180802849,47.316
total_ms,2_7_opt_bag_3,403,1779961457395558022,40.283945066,35.738
total_ms,2_7_opt_bag_3,404,1779961457467929196,40.356316240000005,28.841
total_ms,2_7_opt_bag_3,405,1779961457593145588,40.481532632000004,38.566
total_ms,2_7_opt_bag_3,406,1779961457663586904,40.551973948000004,25.263
total_ms,2_7_opt_bag_3,407,1779961457765005302,40.653392346000004,33.293
total_ms,2_7_opt_bag_3,408,1779961457871257083,40.759644127,27.054
total_ms,2_7_opt_bag_3,409,1779961457979082338,40.867469382,31.104
total_ms,2_7_opt_bag_3,410,1779961458060454793,40.948841837,27.936
total_ms,2_7_opt_bag_3,411,1779961458186660135,41.075047179,28.232
total_ms,2_7_opt_bag_3,412,1779961458259160005,41.147547049,21.297
total_ms,2_7_opt_bag_3,413,1779961458374234248,41.262621292000006,25.052
total_ms,2_7_opt_bag_3,414,1779961458500086943,41.388473987000005,32.64
total_ms,2_7_opt_bag_3,415,1779961458575334540,41.463721584000005,24.482
total_ms,2_7_opt_bag_3,416,1779961458681802224,41.570189268,25.944
total_ms,2_7_opt_bag_3,417,1779961458780383415,41.668770459,23.915
total_ms,2_7_opt_bag_3,418,1779961458862932197,41.751319241000004,21.289
total_ms,2_7_opt_bag_3,419,1779961458990375354,41.878762398,30.01
total_ms,2_7_opt_bag_3,420,1779961459063959747,41.952346791000004,29.288
total_ms,2_7_opt_bag_3,421,1779961459177025485,42.065412529,21.367
total_ms,2_7_opt_bag_3,422,1779961459266722205,42.155109249000006,25.321
total_ms,2_7_opt_bag_3,423,1779961459352551492,42.240938536,24.669
total_ms,2_7_opt_bag_3,424,1779961459476130587,42.364517631000005,31.317
total_ms,2_7_opt_bag_3,425,1779961459555235114,42.443622158000004,26.689
total_ms,2_7_opt_bag_3,426,1779961459661442897,42.549829941000006,22.978
total_ms,2_7_opt_bag_3,427,1779961459765196775,42.653583819000005,27.904
total_ms,2_7_opt_bag_3,428,1779961459852302056,42.740689100000004,21.445
total_ms,2_7_opt_bag_3,429,1779961459955230660,42.843617704,22.125
total_ms,2_7_opt_bag_3,430,1779961460050945714,42.939332758000006,24.254
total_ms,2_7_opt_bag_3,431,1779961460168664304,43.057051348,21.267
total_ms,2_7_opt_bag_3,432,1779961460277626168,43.166013212,25.608
total_ms,2_7_opt_bag_3,433,1779961460371451263,43.259838307,22.073
total_ms,2_7_opt_bag_3,434,1779961460455013813,43.343400857000006,23.422
total_ms,2_7_opt_bag_3,435,1779961460598973215,43.487360259000006,32.763
total_ms,2_7_opt_bag_3,436,1779961460661359294,43.549746338000006,23.458
total_ms,2_7_opt_bag_3,437,1779961460772705216,43.661092260000004,21.837
total_ms,2_7_opt_bag_3,438,1779961460863910752,43.752297796,21.601
total_ms,2_7_opt_bag_3,439,1779961461002811213,43.891198257,30.508
total_ms,2_7_opt_bag_3,440,1779961461077670885,43.966057929,22.123
total_ms,2_7_opt_bag_3,441,1779961461171927509,44.060314553000005,24.523
total_ms,2_7_opt_bag_3,442,1779961461257236985,44.145624029000004,21.285
total_ms,2_7_opt_bag_3,443,1779961461351414775,44.239801819,24.09
total_ms,2_7_opt_bag_3,444,1779961461473912219,44.362299263000004,23.64
total_ms,2_7_opt_bag_3,445,1779961461604570468,44.492957512000004,30.134
total_ms,2_7_opt_bag_3,446,1779961461666778020,44.555165064,24.18
total_ms,2_7_opt_bag_3,447,1779961461758054847,44.646441891,26.107
total_ms,2_7_opt_bag_3,448,1779961461867756833,44.756143877,24.252
total_ms,2_7_opt_bag_3,449,1779961461970164475,44.858551519,25.086
total_ms,2_7_opt_bag_3,450,1779961462065111441,44.953498485000004,20.975
total_ms,2_7_opt_bag_3,451,1779961462161641571,45.050028615,26.663
total_ms,2_7_opt_bag_3,452,1779961462261221009,45.149608053,20.527
total_ms,2_7_opt_bag_3,453,1779961462367619471,45.256006515,23.349
total_ms,2_7_opt_bag_3,454,1779961462500463172,45.388850216,29.106
total_ms,2_7_opt_bag_3,455,1779961462601490473,45.489877517000004,29.381
total_ms,2_7_opt_bag_3,456,1779961462654018666,45.542405710000004,22.715
total_ms,2_7_opt_bag_3,457,1779961462806661728,45.695048772,31.517
total_ms,2_7_opt_bag_3,458,1779961462859103355,45.747490399,26.964
total_ms,2_7_opt_bag_3,459,1779961462964818964,45.853206008,27.505
total_ms,2_7_opt_bag_3,460,1779961463059529754,45.947916798,23.528
total_ms,2_7_opt_bag_3,461,1779961463162153562,46.050540606000006,21.6
total_ms,2_7_opt_bag_3,462,1779961463298470931,46.186857975,27.718
total_ms,2_7_opt_bag_3,463,1779961463371472838,46.259859882,29.971
total_ms,2_7_opt_bag_3,464,1779961463476756190,46.365143234,22.784
total_ms,2_7_opt_bag_3,465,1779961463585184473,46.473571517,27.737
total_ms,2_7_opt_bag_3,466,1779961463667719088,46.556106132000004,21.065
total_ms,2_7_opt_bag_3,467,1779961463810827255,46.699214299000005,34.741
total_ms,2_7_opt_bag_3,468,1779961463890359860,46.778746904,29.618
total_ms,2_7_opt_bag_3,469,1779961463974321055,46.862708099,27.04
total_ms,2_7_opt_bag_3,470,1779961464059582537,46.947969581,28.166
total_ms,2_7_opt_bag_3,471,1779961464157808956,47.046196,25.111
total_ms,2_7_opt_bag_3,472,1779961464263670830,47.152057874,27.604
total_ms,2_7_opt_bag_3,473,1779961464381490126,47.26987717,24.005
total_ms,2_7_opt_bag_3,474,1779961464482274955,47.370661999000006,20.923
total_ms,2_7_opt_bag_3,475,1779961464570892336,47.459279380000005,23.104
total_ms,2_7_opt_bag_3,476,1779961464687902319,47.576289363,30.778
total_ms,2_7_opt_bag_3,477,1779961464782879924,47.671266968000005,23.479
total_ms,2_7_opt_bag_3,478,1779961464887235149,47.775622193000004,25.937
total_ms,2_7_opt_bag_3,479,1779961464969929266,47.858316310000006,25.856
total_ms,2_7_opt_bag_3,480,1779961465064308473,47.952695517,28.642
total_ms,2_7_opt_bag_3,481,1779961465206457216,48.09484426,36.833
total_ms,2_7_opt_bag_3,482,1779961465260402394,48.148789438,26.877
total_ms,2_7_opt_bag_3,483,1779961465360613762,48.249000806000005,27.783
total_ms,2_7_opt_bag_3,484,1779961465452877496,48.341264540000005,24.012
total_ms,2_7_opt_bag_3,485,1779961465548135112,48.436522156,21.678
total_ms,2_7_opt_bag_3,486,1779961465649490400,48.537877444,24.3
total_ms,2_7_opt_bag_3,487,1779961465758262516,48.64664956,20.176
total_ms,2_7_opt_bag_3,488,1779961465871301615,48.759688659000005,26.272
total_ms,2_7_opt_bag_3,489,1779961465978144325,48.866531369,25.189
total_ms,2_7_opt_bag_3,490,1779961466066807177,48.955194221000006,28.109
total_ms,2_7_opt_bag_3,491,1779961466169882131,49.058269175,26.133
total_ms,2_7_opt_bag_3,492,1779961466255988366,49.14437541,21.263
total_ms,2_7_opt_bag_3,493,1779961466385799349,49.274186393,24.848
total_ms,2_7_opt_bag_3,494,1779961466451222888,49.339609932,23.86
total_ms,2_7_opt_bag_3,495,1779961466578190962,49.466578006000006,26.484
total_ms,2_7_opt_bag_3,496,1779961466653159161,49.541546205,21.449
total_ms,2_7_opt_bag_3,497,1779961466777561523,49.665948567,21.5
total_ms,2_7_opt_bag_3,498,1779961466887941168,49.776328212,25.513
total_ms,2_7_opt_bag_3,499,1779961466961109242,49.849496286000004,25.978
total_ms,2_7_opt_bag_3,500,1779961467074138219,49.962525263,26.195
total_ms,2_7_opt_bag_3,501,1779961467159629551,50.048016595,20.18
total_ms,2_7_opt_bag_3,502,1779961467279793518,50.168180562,24.328
total_ms,2_7_opt_bag_3,503,1779961467384311324,50.272698368,28.79
total_ms,2_7_opt_bag_3,504,1779961467472172808,50.360559852,25.892
total_ms,2_7_opt_bag_3,505,1779961467581290215,50.469677259,23.525
total_ms,2_7_opt_bag_3,506,1779961467662776794,50.551163838,24.547
total_ms,2_7_opt_bag_3,507,1779961467772609473,50.660996517,29.233
total_ms,2_7_opt_bag_3,508,1779961467854198610,50.742585654,25.875
total_ms,2_7_opt_bag_3,509,1779961467984228152,50.872615196000005,24.108
total_ms,2_7_opt_bag_3,510,1779961468074269362,50.962656406,28.142
total_ms,2_7_opt_bag_3,511,1779961468162075304,51.050462348,22.5
total_ms,2_7_opt_bag_3,512,1779961468253310059,51.141697103000006,23.333
total_ms,2_7_opt_bag_3,513,1779961468370869202,51.25925624600001,35.29
total_ms,2_7_opt_bag_3,514,1779961468463608786,51.35199583,25.303
total_ms,2_7_opt_bag_3,515,1779961468543724512,51.432111556,20.846
total_ms,2_7_opt_bag_3,516,1779961468670051205,51.558438249000005,29.15
total_ms,2_7_opt_bag_3,517,1779961468766776335,51.655163379,22.691
total_ms,2_7_opt_bag_3,518,1779961468880595862,51.768982906000005,24.402
total_ms,2_7_opt_bag_3,519,1779961468951900422,51.84028746600001,19.587
total_ms,2_7_opt_bag_3,520,1779961469057170506,51.945557550000004,28.079
total_ms,2_7_opt_bag_3,521,1779961469167863787,52.056250831,24.42
total_ms,2_7_opt_bag_3,522,1779961469257007333,52.145394377,21.287
total_ms,2_7_opt_bag_3,523,1779961469387130419,52.275517463,27.049
total_ms,2_7_opt_bag_3,524,1779961469471350923,52.359737967,22.886
total_ms,2_7_opt_bag_3,525,1779961469549895574,52.438282618,22.342
total_ms,2_7_opt_bag_3,526,1779961469651209388,52.539596432,23.112
total_ms,2_7_opt_bag_3,527,1779961469777850979,52.666238023000005,21.144
total_ms,2_7_opt_bag_3,528,1779961469861891719,52.750278763000004,20.93
total_ms,2_7_opt_bag_3,529,1779961469970328429,52.858715473000004,38.885
total_ms,2_7_opt_bag_3,530,1779961470051256794,52.939643838,22.15
total_ms,2_7_opt_bag_3,531,1779961470169584738,53.057971782,25.151
total_ms,2_7_opt_bag_3,532,1779961470270947220,53.159334264,24.224
total_ms,2_7_opt_bag_3,533,1779961470357179853,53.245566897,27.464
total_ms,2_7_opt_bag_3,534,1779961470479478571,53.36786561500001,23.781
total_ms,2_7_opt_bag_3,535,1779961470554250586,53.44263763,25.571
total_ms,2_7_opt_bag_3,536,1779961470642700969,53.531088013,19.48
total_ms,2_7_opt_bag_3,537,1779961470756919564,53.645306608000006,18.502
total_ms,2_7_opt_bag_3,538,1779961470854352540,53.742739584000006,19.352
total_ms,2_7_opt_bag_3,539,1779961470969523376,53.85791042,24.183
total_ms,2_7_opt_bag_3,540,1779961471074363898,53.96275094200001,20.335
total_ms,2_7_opt_bag_3,541,1779961471177518708,54.065905752000006,23.28
total_ms,2_7_opt_bag_3,542,1779961471263568463,54.151955507000004,19.741
total_ms,2_7_opt_bag_3,543,1779961471382196633,54.270583677000005,25.672
total_ms,2_7_opt_bag_3,544,1779961471468599047,54.356986091,28.743
total_ms,2_7_opt_bag_3,545,1779961471588357822,54.476744866000004,25.372
total_ms,2_7_opt_bag_3,546,1779961471667614906,54.55600195,25.377
total_ms,2_7_opt_bag_3,547,1779961471760179224,54.648566268,20.703
total_ms,2_7_opt_bag_3,548,1779961471852932904,54.741319948000005,23.575
total_ms,2_7_opt_bag_3,549,1779961471960404972,54.848792016000004,24.966
total_ms,2_7_opt_bag_3,550,1779961472060026023,54.948413067000004,27.552
total_ms,2_7_opt_bag_3,551,1779961472150633489,55.039020533000006,24.563
total_ms,2_7_opt_bag_3,552,1779961472289997200,55.178384244,25.498
total_ms,2_7_opt_bag_3,553,1779961472357009601,55.24539664500001,18.257
total_ms,2_7_opt_bag_3,554,1779961472451287339,55.339674383,25.812
total_ms,2_7_opt_bag_3,555,1779961472574380475,55.462767519,23.284
total_ms,2_7_opt_bag_3,556,1779961472654923318,55.54331036200001,23.566
total_ms,2_7_opt_bag_3,557,1779961472759753440,55.648140484,28.52
total_ms,2_7_opt_bag_3,558,1779961472854725961,55.743113005000005,23.459
total_ms,2_7_opt_bag_3,559,1779961472955477054,55.843864098000005,19.411
total_ms,2_7_opt_bag_3,560,1779961473060367547,55.948754591000004,21.783
total_ms,2_7_opt_bag_3,561,1779961473170269511,56.058656555000006,28.916
total_ms,2_7_opt_bag_3,562,1779961473300187669,56.188574713,29.129
total_ms,2_7_opt_bag_3,563,1779961473382640171,56.271027215000004,22.262
total_ms,2_7_opt_bag_3,564,1779961473472683043,56.361070087,22.592
total_ms,2_7_opt_bag_3,565,1779961473592404658,56.480791702000005,24.616
total_ms,2_7_opt_bag_3,566,1779961473670236758,56.55862380200001,21.908
total_ms,2_7_opt_bag_3,567,1779961473762225598,56.650612642000006,23.911
total_ms,2_7_opt_bag_3,568,1779961473879356013,56.767743057000004,27.206
total_ms,2_7_opt_bag_3,569,1779961473959162750,56.847549794,28.021
total_ms,2_7_opt_bag_3,570,1779961474054298554,56.942685598000004,22.613
total_ms,2_7_opt_bag_3,571,1779961474152981528,57.041368572,22.232
total_ms,2_7_opt_bag_3,572,1779961474278622264,57.167009308000004,23.269
total_ms,2_7_opt_bag_3,573,1779961474387784156,57.2761712,27.193
total_ms,2_7_opt_bag_3,574,1779961474477481399,57.365868443000004,24.219
total_ms,2_7_opt_bag_3,575,1779961474574841015,57.463228059,26.651
total_ms,2_7_opt_bag_3,576,1779961474666414523,57.554801567000005,24.076
total_ms,2_7_opt_bag_3,577,1779961474752727060,57.641114104,20.389
total_ms,2_7_opt_bag_3,578,1779961474859844668,57.748231712000006,22.421
total_ms,2_7_opt_bag_3,579,1779961474981951501,57.870338545,22.428
total_ms,2_7_opt_bag_3,580,1779961475061645354,57.950032398000005,18.977
total_ms,2_7_opt_bag_3,581,1779961475155780721,58.044167765000005,25.471
total_ms,2_7_opt_bag_3,582,1779961475264519440,58.152906484000006,26.703
total_ms,2_7_opt_bag_3,583,1779961475369927984,58.258315028000005,23.027
total_ms,2_7_opt_bag_3,584,1779961475454662320,58.343049364,18.762
total_ms,2_7_opt_bag_3,585,1779961475607066588,58.495453632,26.455
total_ms,2_7_opt_bag_3,586,1779961475680217377,58.568604421,27.248
total_ms,2_7_opt_bag_3,587,1779961475808838506,58.697225550000006,29.42
total_ms,2_7_opt_bag_3,588,1779961475881181169,58.76956821300001,29.597
total_ms,2_7_opt_bag_3,589,1779961475964594515,58.85298155900001,24.664
total_ms,2_7_opt_bag_3,590,1779961476075392898,58.963779942,26.292
total_ms,2_7_opt_bag_3,591,1779961476179842568,59.068229612,29.221
total_ms,2_7_opt_bag_3,592,1779961476268167363,59.156554407,25.257
total_ms,2_7_opt_bag_3,593,1779961476353474757,59.241861801000006,22.295
total_ms,2_7_opt_bag_slow,0,1779955327399240566,0.0,19.377
total_ms,2_7_opt_bag_slow,1,1779955328370415036,0.97117447,24.695
total_ms,2_7_opt_bag_slow,2,1779955329340834332,1.9415937660000002,19.512
total_ms,2_7_opt_bag_slow,3,1779955330341731293,2.942490727,18.391
total_ms,2_7_opt_bag_slow,4,1779955331358971735,3.9597311690000003,24.992
total_ms,2_7_opt_bag_slow,5,1779955332364295067,4.965054501,20.489
total_ms,2_7_opt_bag_slow,6,1779955333358273040,5.959032474000001,18.492
total_ms,2_7_opt_bag_slow,7,1779955334333516111,6.934275545,22.281
total_ms,2_7_opt_bag_slow,8,1779955335339076424,7.939835858,20.822
total_ms,2_7_opt_bag_slow,9,1779955336344028269,8.944787703000001,22.467
total_ms,2_7_opt_bag_slow,10,1779955337381278029,9.982037463000001,28.85
total_ms,2_7_opt_bag_slow,11,1779955338326486478,10.927245912,19.481
total_ms,2_7_opt_bag_slow,12,1779955339359743113,11.960502547,24.202
total_ms,2_7_opt_bag_slow,13,1779955340361444265,12.962203699000002,19.311
total_ms,2_7_opt_bag_slow,14,1779955341362696345,13.963455779,25.735
total_ms,2_7_opt_bag_slow,15,1779955342377359420,14.978118854000002,23.659
total_ms,2_7_opt_bag_slow,16,1779955343340402544,15.941161978,23.381
total_ms,2_7_opt_bag_slow,17,1779955344359821203,16.960580637,22.935
total_ms,2_7_opt_bag_slow,18,1779955345347265448,17.948024882000002,18.517
total_ms,2_7_opt_bag_slow,19,1779955346328903042,18.929662476,18.829
total_ms,2_7_opt_bag_slow,20,1779955347337053531,19.937812965000003,21.157
total_ms,2_7_opt_bag_slow,21,1779955348339199688,20.939959122,16.388
total_ms,2_7_opt_bag_slow,22,1779955349330887935,21.931647369,17.305
total_ms,2_7_opt_bag_slow,23,1779955350347903415,22.948662849,18.915
total_ms,2_7_opt_bag_slow,24,1779955351372884667,23.973644101,19.105
total_ms,2_7_opt_bag_slow,25,1779955352354834547,24.955593981,19.368
total_ms,2_7_opt_bag_slow,26,1779955353362226089,25.962985523,24.105
total_ms,2_7_opt_bag_slow,27,1779955354380580038,26.981339472000002,23.299
total_ms,2_7_opt_bag_slow,28,1779955355352503875,27.953263309,23.596
total_ms,2_7_opt_bag_slow,29,1779955356386122111,28.986881545000003,24.337
total_ms,2_7_opt_bag_slow,30,1779955357369436481,29.970195915,23.08
total_ms,2_7_opt_bag_slow,31,1779955358350564278,30.951323712,22.91
total_ms,2_7_opt_bag_slow,32,1779955359381668937,31.982428371,23.556
total_ms,2_7_opt_bag_slow,33,1779955360360625327,32.961384761000005,19.812
total_ms,2_7_opt_bag_slow,34,1779955361354070105,33.954829539,24.603
total_ms,2_7_opt_bag_slow,35,1779955362343911944,34.944671378,24.204
total_ms,2_7_opt_bag_slow,36,1779955363400220615,36.000980049,37.871
total_ms,2_7_opt_bag_slow,37,1779955364340337351,36.941096785,18.967
total_ms,2_7_opt_bag_slow,38,1779955365359682954,37.960442388000004,22.742
total_ms,2_7_opt_bag_slow,39,1779955366341107585,38.941867019,19.018
total_ms,2_7_opt_bag_slow,40,1779955367340712835,39.941472269,23.273
total_ms,2_7_opt_bag_slow,41,1779955368342949678,40.943709112,24.49
total_ms,2_7_opt_bag_slow,42,1779955369365061172,41.965820606,18.288
total_ms,2_7_opt_bag_slow,43,1779955370424237462,43.024996896000005,19.769
total_ms,2_7_opt_bag_slow,44,1779955371352032893,43.952792327000004,21.397
total_ms,2_7_opt_bag_slow,45,1779955372350360425,44.951119859,19.573
total_ms,2_7_opt_bag_slow,46,1779955373342458963,45.943218397,24.35
total_ms,2_7_opt_bag_slow,47,1779955374340525602,46.941285036000004,21.199
total_ms,2_7_opt_bag_slow,48,1779955375335398278,47.936157712,19.514
total_ms,2_7_opt_bag_slow,49,1779955376344919468,48.945678902000004,22.574
total_ms,2_7_opt_bag_slow,50,1779955377328655305,49.929414739,18.655
total_ms,2_7_opt_bag_slow,51,1779955378344562820,50.945322254000004,21.831
total_ms,2_7_opt_bag_slow,52,1779955379368613772,51.969373206,18.403
total_ms,2_7_opt_bag_slow,53,1779955380329395401,52.930154835,19.473
total_ms,2_7_opt_bag_slow,54,1779955381331970200,53.932729634000005,19.667
total_ms,2_7_opt_bag_slow,55,1779955382342680686,54.943440120000005,18.778
total_ms,2_7_opt_bag_slow,56,1779955383356851642,55.957611076000006,18.884
total_ms,2_7_opt_bag_slow,57,1779955384368992402,56.969751836,24.976
total_ms,2_7_opt_bag_slow,58,1779955385348334905,57.949094339000006,22.535
total_ms,2_7_opt_bag_slow,59,1779955386345369567,58.946129001,23.397
total_ms,2_7_opt_bag_slow,60,1779955387330410201,59.931169635,18.176
total_ms,2_7_opt_bag_slow,61,1779955388352892082,60.953651516,23.049
total_ms,2_7_opt_bag_slow,62,1779955389371576829,61.972336263,23.76
total_ms,2_7_opt_bag_slow,63,1779955390364771233,62.965530667,18.093
total_ms,2_7_opt_bag_slow,64,1779955391349780857,63.950540291,17.615
total_ms,2_7_opt_bag_slow,65,1779955392339021476,64.93978091000001,24.313
total_ms,2_7_opt_bag_slow,66,1779955393340524791,65.941284225,19.434
total_ms,2_7_opt_bag_slow,67,1779955394328080711,66.92884014500001,17.663
total_ms,2_7_opt_bag_slow,68,1779955395349142897,67.949902331,17.842
total_ms,2_7_opt_bag_slow,69,1779955396365654201,68.96641363500001,19.673
total_ms,2_7_opt_bag_slow,70,1779955397328947716,69.92970715,16.604
total_ms,2_7_opt_bag_slow,71,1779955398332253522,70.933012956,22.658
total_ms,2_7_opt_bag_slow,72,1779955399337437683,71.938197117,21.593
total_ms,2_7_opt_bag_slow,73,1779955400331300093,72.932059527,15.664
total_ms,2_7_opt_bag_slow,74,1779955401335195427,73.935954861,17.81
total_ms,2_7_opt_bag_slow,75,1779955402368845267,74.96960470100001,21.636
total_ms,2_7_opt_bag_slow,76,1779955403353376353,75.954135787,20.609
total_ms,2_7_opt_bag_slow,77,1779955404355304610,76.956064044,19.001
total_ms,2_7_opt_bag_slow,78,1779955405356169308,77.956928742,21.87
total_ms,2_7_opt_bag_slow,79,1779955406362642568,78.96340200200001,23.45
total_ms,2_7_opt_bag_slow,80,1779955407333694681,79.93445411500001,22.414
total_ms,2_7_opt_bag_slow,81,1779955408342206806,80.94296624,19.798
total_ms,2_7_opt_bag_slow,82,1779955409356068383,81.956827817,23.773
total_ms,2_7_opt_bag_slow,83,1779955410334035012,82.93479444600001,21.017
total_ms,2_7_opt_bag_slow,84,1779955411331203681,83.931963115,22.06
total_ms,2_7_opt_bag_slow,85,1779955412328441713,84.929201147,19.035
total_ms,2_7_opt_bag_slow,86,1779955413349904652,85.950664086,18.07
total_ms,2_7_opt_bag_slow,87,1779955414370977015,86.971736449,23.832
total_ms,2_7_opt_bag_slow,88,1779955415331759394,87.932518828,23.509
total_ms,2_7_opt_bag_slow,89,1779955416341966597,88.942726031,24.394
total_ms,2_7_opt_bag_slow,90,1779955417340865559,89.941624993,19.345
total_ms,2_7_opt_bag_slow,91,1779955418331213728,90.931973162,17.882
total_ms,2_7_opt_bag_slow,92,1779955419334527886,91.93528732,20.054
total_ms,2_7_opt_bag_slow,93,1779955420332166435,92.932925869,18.637
total_ms,2_7_opt_bag_slow,94,1779955421341943128,93.94270256200001,17.002
total_ms,2_7_opt_bag_slow,95,1779955422345031171,94.945790605,18.895
total_ms,2_7_opt_bag_slow,96,1779955423341188176,95.94194761,18.431
total_ms,2_7_opt_bag_slow,97,1779955424365715815,96.96647524900001,23.469
total_ms,2_7_opt_bag_slow,98,1779955425363034650,97.963794084,18.315
total_ms,2_7_opt_bag_slow,99,1779955426358271963,98.959031397,21.674
total_ms,2_7_opt_bag_slow,100,1779955427339912586,99.94067202000001,17.327
total_ms,2_7_opt_bag_slow,101,1779955428355868705,100.956628139,18.299
total_ms,2_7_opt_bag_slow,102,1779955429339366025,101.940125459,19.142
total_ms,2_7_opt_bag_slow,103,1779955430336249742,102.937009176,20.058
total_ms,2_7_opt_bag_slow,104,1779955431341697670,103.94245710400001,20.929
total_ms,2_7_opt_bag_slow,105,1779955432328152807,104.928912241,22.141
total_ms,2_7_opt_bag_slow,106,1779955433365083758,105.96584319200001,21.734
total_ms,2_7_opt_bag_slow,107,1779955434368094678,106.968854112,22.974
total_ms,2_7_opt_bag_slow,108,1779955435349472892,107.950232326,22.744
total_ms,2_7_opt_bag_slow,109,1779955436362798281,108.96355771500001,24.073
total_ms,2_7_opt_bag_slow,110,1779955437336491229,109.937250663,23.481
total_ms,2_7_opt_bag_slow,111,1779955438366509120,110.967268554,23.146
total_ms,2_7_opt_bag_slow,112,1779955439364029965,111.96478939900001,20.195
total_ms,2_7_opt_bag_slow,113,1779955440339500314,112.940259748,22.754
total_ms,2_7_opt_bag_slow,114,1779955441340830001,113.94158943500001,19.163
total_ms,2_7_opt_bag_slow,115,1779955442355624467,114.95638390100001,25.491
total_ms,2_7_opt_bag_slow,116,1779955443340362518,115.941121952,18.282
total_ms,2_7_opt_bag_slow,117,1779955444330755936,116.93151537000001,21.373
total_ms,2_7_opt_bag_slow,118,1779955445349431105,117.950190539,20.034
total_ms,2_7_opt_bag_slow,119,1779955446350057935,118.950817369,21.09
total_ms,2_7_opt_bag_slow,120,1779955447358827686,119.95958712000001,22.298
total_ms,2_7_opt_bag_slow,121,1779955448361893875,120.962653309,22.965
total_ms,2_7_opt_bag_slow,122,1779955449344459978,121.94521941200001,18.09
total_ms,2_7_opt_bag_slow,123,1779955450344989871,122.945749305,19.1
total_ms,2_7_opt_bag_slow,124,1779955451349775963,123.95053539700001,18.11
total_ms,2_7_opt_bag_slow,125,1779955452373259445,124.97401887900001,21.02
total_ms,2_7_opt_bag_slow,126,1779955453347085517,125.94784495100001,20.837
total_ms,2_7_opt_bag_slow,127,1779955454338766646,126.93952608000001,17.541
total_ms,2_7_opt_bag_slow,128,1779955455360202941,127.96096237500001,20.666
total_ms,2_7_opt_bag_slow,129,1779955456329618820,128.930378254,16.563
total_ms,2_7_opt_bag_slow,130,1779955457347551810,129.948311244,20.727
total_ms,2_7_opt_bag_slow,131,1779955458324786025,130.925545459,18.903
total_ms,2_7_opt_bag_slow,132,1779955459344169525,131.944928959,19.518
total_ms,2_7_opt_bag_slow,133,1779955460358607170,132.959366604,21.623
total_ms,2_7_opt_bag_slow,134,1779955461348207380,133.94896681400002,15.803
total_ms,2_7_opt_bag_slow,135,1779955462366452610,134.967212044,20.007
total_ms,2_7_opt_bag_slow,136,1779955463339654370,135.940413804,19.371
total_ms,2_7_opt_bag_slow,137,1779955464355398373,136.956157807,23.136
total_ms,2_7_opt_bag_slow,138,1779955465345946784,137.946706218,21.577
total_ms,2_7_opt_bag_slow,139,1779955466362344699,138.963104133,20.699
total_ms,2_7_opt_bag_slow,140,1779955467335174791,139.935934225,17.825
total_ms,2_7_opt_bag_slow,141,1779955468341629431,140.942388865,22.723
total_ms,2_7_opt_bag_slow,142,1779955469325586312,141.926345746,18.29
total_ms,2_7_opt_bag_slow,143,1779955470345098046,142.94585748,25.546
total_ms,2_7_opt_bag_slow,144,1779955471330557223,143.931316657,19.14
total_ms,2_7_opt_bag_slow,145,1779955472348787520,144.949546954,22.112
total_ms,2_7_opt_bag_slow,146,1779955473375330331,145.976089765,19.868
total_ms,2_7_opt_bag_slow,147,1779955474359391292,146.96015072600002,21.707
total_ms,2_7_opt_bag_slow,148,1779955475382613908,147.98337334200002,24.76
total_ms,2_7_opt_bag_slow,149,1779955476346876941,148.947636375,23.675
total_ms,2_7_opt_bag_slow,150,1779955477331499391,149.93225882500002,19.538
total_ms,2_7_opt_bag_slow,151,1779955478342773507,150.943532941,19.807
total_ms,2_7_opt_bag_slow,152,1779955479361609107,151.96236854100002,19.531
total_ms,2_7_opt_bag_slow,153,1779955480346731323,152.947490757,23.292
total_ms,2_7_opt_bag_slow,154,1779955481348249958,153.94900939200002,22.699
total_ms,2_7_opt_bag_slow,155,1779955482373456626,154.97421606,21.009
total_ms,2_7_opt_bag_slow,156,1779955483343453182,155.94421261600002,23.329
total_ms,2_7_opt_bag_slow,157,1779955484368641834,156.969401268,24.501
total_ms,2_7_opt_bag_slow,158,1779955485358970547,157.959729981,17.731
total_ms,2_7_opt_bag_slow,159,1779955486368913609,158.969673043,20.558
total_ms,2_7_opt_bag_slow,160,1779955487334655947,159.935415381,23.85
total_ms,2_7_opt_bag_slow,161,1779955488344806771,160.945566205,18.707
total_ms,2_7_opt_bag_slow,162,1779955489360747739,161.961507173,19.753
total_ms,2_7_opt_bag_slow,163,1779955490351709892,162.952469326,17.42
total_ms,2_7_opt_bag_slow,164,1779955491354803708,163.95556314200002,19.175
total_ms,2_7_opt_bag_slow,165,1779955492333358622,164.93411805600002,17.839
total_ms,2_7_opt_bag_slow,166,1779955493341272812,165.942032246,24.774
total_ms,2_7_opt_bag_slow,167,1779955494368561207,166.96932064100002,22.864
total_ms,2_7_opt_bag_slow,168,1779955495344487424,167.94524685800002,17.153
total_ms,2_7_opt_bag_slow,169,1779955496366141681,168.966901115,18.987
total_ms,2_7_opt_bag_slow,170,1779955497330877085,169.93163651900002,22.351
total_ms,2_7_opt_bag_slow,171,1779955498355044658,170.95580409200002,21.116
total_ms,2_7_opt_bag_slow,172,1779955499356662693,171.957422127,19.614
total_ms,2_7_opt_bag_slow,173,1779955500352754513,172.953513947,24.112
total_ms,2_7_opt_bag_slow,174,1779955501351828767,173.952588201,20.728
total_ms,2_7_opt_bag_slow,175,1779955502353039341,174.95379877500002,20.861
total_ms,2_7_opt_bag_slow,176,1779955503344675126,175.94543456000002,19.515
total_ms,2_7_opt_bag_slow,177,1779955504346752596,176.94751203,22.928
total_ms,2_7_opt_bag_slow,178,1779955505379586064,177.98034549800002,22.839
total_ms,2_7_opt_bag_slow,179,1779955506333797422,178.934556856,22.533
total_ms,2_7_opt_bag_slow,180,1779955507334071011,179.93483044500002,17.963
total_ms,2_7_opt_bag_slow,181,1779955508328496536,180.92925597,22.685
total_ms,2_7_opt_bag_slow,182,1779955509336293745,181.937053179,18.759
total_ms,2_7_opt_bag_slow,183,1779955510369091115,182.969850549,22.706
total_ms,2_7_opt_bag_slow,184,1779955511354334495,183.95509392900001,19.227
total_ms,2_7_opt_bag_slow,185,1779955512341144111,184.941903545,19.18
total_ms,2_7_opt_bag_slow,186,1779955513324840816,185.92560025,16.539
total_ms,2_7_opt_bag_slow,187,1779955514325460289,186.926219723,19.244
total_ms,2_7_opt_bag_slow,188,1779955515342706523,187.943465957,20.509
total_ms,2_7_opt_bag_slow,189,1779955516354872491,188.955631925,17.543
total_ms,2_7_opt_bag_slow,190,1779955517349035792,189.94979522600002,23.919
total_ms,2_7_opt_bag_slow,191,1779955518377041726,190.97780116,20.6
total_ms,2_7_opt_bag_slow,192,1779955519345887646,191.94664708000002,15.394
total_ms,2_7_opt_bag_slow,193,1779955520338685842,192.93944527600001,16.774
total_ms,2_7_opt_bag_slow,194,1779955521327708783,193.92846821700002,15.938
total_ms,2_7_opt_bag_slow,195,1779955522348832854,194.94959228800002,21.2
total_ms,2_7_opt_bag_slow,196,1779955523331596434,195.932355868,16.028
total_ms,2_7_opt_bag_slow,197,1779955524347982065,196.94874149900002,23.242
total_ms,2_7_opt_bag_slow,198,1779955525343943521,197.94470295500003,16.427
total_ms,2_7_opt_bag_slow,199,1779955526343992706,198.94475214000002,18.624
total_ms,2_7_opt_bag_slow,200,1779955527340531011,199.94129044500002,18.464
total_ms,2_7_opt_bag_slow,201,1779955528350253068,200.95101250200003,17.449
total_ms,2_7_opt_bag_slow,202,1779955529332292848,201.933052282,21.721
total_ms,2_7_opt_bag_slow,203,1779955530359944818,202.960704252,24.104
total_ms,2_7_opt_bag_slow,204,1779955531337642551,203.938401985,19.218
total_ms,2_7_opt_bag_slow,205,1779955532355202411,204.95596184500002,18.006
total_ms,2_7_opt_bag_slow,206,1779955533348631544,205.94939097800003,19.238
total_ms,2_7_opt_bag_slow,207,1779955534351869032,206.95262846600002,18.523
total_ms,2_7_opt_bag_slow,208,1779955535336249434,207.93700886800002,19.77
total_ms,2_7_opt_bag_slow,209,1779955536331683301,208.93244273500002,22.102
total_ms,2_7_opt_bag_slow,210,1779955537345357704,209.946117138,18.537
total_ms,2_7_opt_bag_slow,211,1779955538343757197,210.944516631,19.992
total_ms,2_7_opt_bag_slow,212,1779955539368936747,211.96969618100002,22.375
total_ms,2_7_opt_bag_slow,213,1779955540347774376,212.94853381000001,17.244
total_ms,2_7_opt_bag_slow,214,1779955541336627442,213.937386876,22.716
total_ms,2_7_opt_bag_slow,215,1779955542369960356,214.97071979,20.14
total_ms,2_7_opt_bag_slow,216,1779955543344349257,215.945108691,16.844
total_ms,2_7_opt_bag_slow,217,1779955544341006639,216.94176607300003,22.753
total_ms,2_7_opt_bag_slow,218,1779955545346468155,217.94722758900002,20.077
total_ms,2_7_opt_bag_slow,219,1779955546366360687,218.96712012100002,20.214
total_ms,2_7_opt_bag_slow,220,1779955547348325341,219.94908477500002,18.781
total_ms,2_7_opt_bag_slow,221,1779955548332600932,220.93336036600002,19.436
total_ms,2_7_opt_bag_slow,222,1779955549329749179,221.930508613,23.444
total_ms,2_7_opt_bag_slow,223,1779955550329091775,222.92985120900002,18.857
total_ms,2_7_opt_bag_slow,224,1779955551383169514,223.98392894800003,22.113
total_ms,2_7_opt_bag_slow,225,1779955552355258898,224.956018332,22.901
total_ms,2_7_opt_bag_slow,226,1779955553341500267,225.942259701,20.098
total_ms,2_7_opt_bag_slow,227,1779955554358548618,226.959308052,20.57
total_ms,2_7_opt_bag_slow,228,1779955555366173176,227.96693261000001,20.128
total_ms,2_7_opt_bag_slow,229,1779955556341274628,228.942034062,24.352
total_ms,2_7_opt_bag_slow,230,1779955557348963349,229.94972278300003,18.07
total_ms,2_7_opt_bag_slow,231,1779955558333419734,230.93417916800001,21.258
total_ms,2_7_opt_bag_slow,232,1779955559330653010,231.93141244400002,18.928
total_ms,2_7_opt_bag_slow,233,1779955560337497778,232.93825721200002,19.349
total_ms,2_7_opt_bag_slow,234,1779955561364398537,233.96515797100002,21.177
total_ms,2_7_opt_bag_slow,235,1779955562359244634,234.96000406800002,22.206
total_ms,2_7_opt_bag_slow,236,1779955563370285845,235.971045279,19.365
total_ms,2_7_opt_bag_slow,237,1779955564357390693,236.958150127,22.415
total_ms,2_7_opt_bag_slow,238,1779955565351545519,237.952304953,18.873
total_ms,2_7_opt_bag_slow,239,1779955566342879847,238.943639281,19.734
total_ms,2_7_opt_bag_slow,240,1779955567380361280,239.981120714,22.976
total_ms,2_7_opt_bag_slow,241,1779955568345289701,240.946049135,22.855
total_ms,2_7_opt_bag_slow,242,1779955569373518898,241.974278332,20.139
total_ms,2_7_opt_bag_slow,243,1779955570338139074,242.93889850800002,20.088
total_ms,2_7_opt_bag_slow,244,1779955571359623636,243.96038307,24.488
total_ms,2_7_opt_bag_slow,245,1779955572343082347,244.943841781,20.862
total_ms,2_7_opt_bag_slow,246,1779955573346568629,245.94732806300001,21.637
total_ms,2_7_opt_bag_slow,247,1779955574370543903,246.97130333700002,20.489
total_ms,2_7_opt_bag_slow,248,1779955575349552061,247.95031149500002,22.03
total_ms,2_7_opt_bag_slow,249,1779955576339058471,248.939817905,19.874
total_ms,2_7_opt_bag_slow,250,1779955577331478580,249.932238014,19.154
total_ms,2_7_opt_bag_slow,251,1779955578372079272,250.972838706,21.639
total_ms,2_7_opt_bag_slow,252,1779955579344463907,251.945223341,18.632
total_ms,2_7_opt_bag_slow,253,1779955580362281594,252.96304102800002,18.396
total_ms,2_7_opt_bag_slow,254,1779955581327879306,253.92863874000003,21.576
total_ms,2_7_opt_bag_slow,255,1779955582339197960,254.939957394,20.472
total_ms,2_7_opt_bag_slow,256,1779955583361284610,255.962044044,18.307
total_ms,2_7_opt_bag_slow,257,1779955584325746648,256.926506082,18.234
total_ms,2_7_opt_bag_slow,258,1779955585331536085,257.93229551900004,17.734
total_ms,2_7_opt_bag_slow,259,1779955586352313719,258.953073153,20.563
total_ms,2_7_opt_bag_slow,260,1779955587341921143,259.94268057700003,24.101
total_ms,2_7_opt_bag_slow,261,1779955588356168546,260.95692798,22.426
total_ms,2_7_opt_bag_slow,262,1779955589333365880,261.934125314,18.088
total_ms,2_7_opt_bag_slow,263,1779955590343325219,262.944084653,20.754
total_ms,2_7_opt_bag_slow,264,1779955591346656438,263.947415872,18.301
total_ms,2_7_opt_bag_slow,265,1779955592356562576,264.95732201000004,21.991
total_ms,2_7_opt_bag_slow,266,1779955593346555341,265.947314775,25.047
total_ms,2_7_opt_bag_slow,267,1779955594355036077,266.955795511,20.483
total_ms,2_7_opt_bag_slow,268,1779955595334301480,267.935060914,19.145
total_ms,2_7_opt_bag_slow,269,1779955596335492175,268.936251609,19.302
total_ms,2_7_opt_bag_slow,270,1779955597364918708,269.965678142,19.118
total_ms,2_7_opt_bag_slow,271,1779955598367974260,270.96873369400004,19.81
total_ms,2_7_opt_bag_slow,272,1779955599342088534,271.942847968,18.938
total_ms,2_7_opt_bag_slow,273,1779955600354439317,272.955198751,22.125
total_ms,2_7_opt_bag_slow,274,1779955601328839262,273.929598696,19.045
total_ms,2_7_opt_bag_slow,275,1779955602342882641,274.943642075,19.565
total_ms,2_7_opt_bag_slow,276,1779955603352417987,275.953177421,18.117
total_ms,2_7_opt_bag_slow,277,1779955604359002214,276.95976164800004,22.567
total_ms,2_7_opt_bag_slow,278,1779955605357272038,277.958031472,18.221
total_ms,2_7_opt_bag_slow,279,1779955606349254946,278.95001438,22.72
total_ms,2_7_opt_bag_slow,280,1779955607346428673,279.94718810700004,23.826
total_ms,2_7_opt_bag_slow,281,1779955608357391463,280.958150897,23.323
total_ms,2_7_opt_bag_slow,282,1779955609358520821,281.959280255,21.165
total_ms,2_7_opt_bag_slow,283,1779955610357918996,282.95867843,17.802
total_ms,2_7_opt_bag_slow,284,1779955611339632330,283.940391764,22.212
total_ms,2_7_opt_bag_slow,285,1779955612331656009,284.932415443,18.138
total_ms,2_7_opt_bag_slow,286,1779955613333028879,285.93378831300004,19.212
total_ms,2_7_opt_bag_slow,287,1779955614343966878,286.944726312,22.644
total_ms,2_7_opt_bag_slow,288,1779955615376085738,287.976845172,22.196
total_ms,2_7_opt_bag_slow,289,1779955616337537645,288.938297079,19.32
total_ms,2_7_opt_bag_slow,290,1779955617349236600,289.94999603400004,20.353
total_ms,2_7_opt_bag_slow,291,1779955618354123598,290.954883032,18.186
total_ms,2_7_opt_bag_slow,292,1779955619353374604,291.954134038,22.074
total_ms,2_7_opt_bag_slow,293,1779955620351724745,292.952484179,24.267
total_ms,2_7_opt_bag_slow,294,1779955621338046401,293.93880583500004,23.927
total_ms,2_7_opt_bag_slow,295,1779955622386955261,294.987714695,23.627
total_ms,2_7_opt_bag_slow,296,1779955623327736153,295.92849558700004,17.655
total_ms,2_7_opt_bag_slow,297,1779955624360241314,296.961000748,16.625
total_ms,2_7_opt_bag_slow,298,1779955625334620955,297.93538038900004,22.801
total_ms,2_7_opt_bag_slow,299,1779955626345939995,298.94669942900003,24.825
total_ms,2_7_opt_bag_slow,300,1779955627371755189,299.972514623,20.33
total_ms,2_7_opt_bag_slow,301,1779955628374405279,300.975164713,22.673
total_ms,2_7_opt_bag_slow,302,1779955629353820934,301.954580368,18.571
total_ms,2_7_opt_bag_slow,303,1779955630329106404,302.929865838,21.486
total_ms,2_7_opt_bag_slow,304,1779955631356192627,303.95695206100004,22.879
total_ms,2_7_opt_bag_slow,305,1779955632364820823,304.965580257,23.571
total_ms,2_7_opt_bag_slow,306,1779955633354160581,305.954920015,22.465
total_ms,2_7_opt_bag_slow,307,1779955634354820695,306.955580129,22.228
total_ms,2_7_opt_bag_slow,308,1779955635350648577,307.951408011,23.802
total_ms,2_7_opt_bag_slow,309,1779955636331059140,308.93181857400003,18.941
total_ms,2_7_opt_bag_slow,310,1779955637362786851,309.963546285,22.957
total_ms,2_7_opt_bag_slow,311,1779955638347453446,310.94821288,23.478
total_ms,2_7_opt_bag_slow,312,1779955639332246841,311.933006275,21.688
total_ms,2_7_opt_bag_slow,313,1779955640339901042,312.940660476,23.621
total_ms,2_7_opt_bag_slow,314,1779955641341675350,313.942434784,22.075
total_ms,2_7_opt_bag_slow,315,1779955642344267058,314.945026492,21.758
total_ms,2_7_opt_bag_slow,316,1779955643348598254,315.949357688,23.401
total_ms,2_7_opt_bag_slow,317,1779955644343831814,316.944591248,23.944
total_ms,2_7_opt_bag_slow,318,1779955645376495305,317.97725473900005,21.36
total_ms,2_7_opt_bag_slow,319,1779955646350944080,318.95170351400003,23.433
total_ms,2_7_opt_bag_slow,320,1779955647341761268,319.942520702,18.69
total_ms,2_7_opt_bag_slow,321,1779955648354566815,320.955326249,20.443
total_ms,2_7_opt_bag_slow,322,1779955649331677771,321.93243720500004,23.096
total_ms,2_7_opt_bag_slow,323,1779955650338721372,322.939480806,17.807
total_ms,2_7_opt_bag_slow,324,1779955651346378860,323.947138294,19.204
total_ms,2_7_opt_bag_slow,325,1779955652338113413,324.938872847,21.302
total_ms,2_7_opt_bag_slow,326,1779955653362811361,325.963570795,23.007
total_ms,2_7_opt_bag_slow,327,1779955654340254442,326.941013876,18.701
total_ms,2_7_opt_bag_slow,328,1779955655342331062,327.943090496,22.959
total_ms,2_7_opt_bag_slow,329,1779955656378170824,328.97893025800005,35.705
total_ms,2_7_opt_bag_slow,330,1779955657344070884,329.944830318,19.928
total_ms,2_7_opt_bag_slow,331,1779955658344238734,330.94499816800004,22.681
total_ms,2_7_opt_bag_slow,332,1779955659340920973,331.94168040700004,24.243
total_ms,2_7_opt_bag_slow,333,1779955660378941570,332.97970100400005,19.885
total_ms,2_7_opt_bag_slow,334,1779955661351923702,333.952683136,17.085
total_ms,2_7_opt_bag_slow,335,1779955662346186621,334.946946055,23.52
total_ms,2_7_opt_bag_slow,336,1779955663369507545,335.97026697900003,16.664
total_ms,2_7_opt_bag_slow,337,1779955664359336628,336.96009606200005,21.928
total_ms,2_7_opt_bag_slow,338,1779955665367072549,337.967831983,23.712
total_ms,2_7_opt_bag_slow,339,1779955666341853857,338.94261329100004,18.65
total_ms,2_7_opt_bag_slow,340,1779955667406841960,340.007601394,20.168
total_ms,2_7_opt_bag_slow,341,1779955668333132823,340.933892257,22.799
total_ms,2_7_opt_bag_slow,342,1779955669351384126,341.95214356,21.109
total_ms,2_7_opt_bag_slow,343,1779955670374931801,342.975691235,22.543
total_ms,2_7_opt_bag_slow,344,1779955671353673148,343.95443258200004,18.404
total_ms,2_7_opt_bag_slow,345,1779955672339462706,344.94022214,20.689
total_ms,2_7_opt_bag_slow,346,1779955673365851775,345.966611209,18.656
total_ms,2_7_opt_bag_slow,347,1779955674348433525,346.949192959,23.606
total_ms,2_7_opt_bag_slow,348,1779955675341533573,347.94229300700005,19.957
total_ms,2_7_opt_bag_slow,349,1779955676327444689,348.928204123,19.295
total_ms,2_7_opt_bag_slow,350,1779955677377781813,349.978541247,29.411
total_ms,2_7_opt_bag_slow,351,1779955678345490504,350.946249938,20.281
total_ms,2_7_opt_bag_slow,352,1779955679351461219,351.95222065300004,18.9
total_ms,2_7_opt_bag_slow,353,1779955680380769916,352.98152935,29.186
total_ms,2_7_opt_bag_slow,354,1779955681343574614,353.94433404800003,18.457
total_ms,2_7_opt_bag_slow,355,1779955682353549263,354.95430869700004,23.709
total_ms,2_7_opt_bag_slow,356,1779955683348522258,355.949281692,24.813
total_ms,2_7_opt_bag_slow,357,1779955684391432249,356.99219168300004,29.948
total_ms,2_7_opt_bag_slow,358,1779955685353457453,357.95421688700003,22.289
total_ms,2_7_opt_bag_slow,359,1779955686347962909,358.94872234300004,18.91
total_ms,2_7_opt_bag_slow,360,1779955687346530195,359.947289629,25.587
total_ms,2_7_opt_bag_slow,361,1779955688359605811,360.96036524500005,20.793
total_ms,2_7_opt_bag_slow,362,1779955689364691663,361.965451097,22.922
total_ms,2_7_opt_bag_slow,363,1779955690332320874,362.933080308,22.813
total_ms,2_7_opt_bag_slow,364,1779955691338190175,363.938949609,20.448
total_ms,2_7_opt_bag_slow,365,1779955692343629791,364.944389225,24.123
total_ms,2_7_opt_bag_slow,366,1779955693331605784,365.93236521800003,23.075
total_ms,2_7_opt_bag_slow,367,1779955694343583707,366.94434314100005,24.051
total_ms,2_7_opt_bag_slow,368,1779955695342197558,367.942956992,22.89
total_ms,2_7_opt_bag_slow,369,1779955696341341885,368.942101319,23.515
total_ms,2_7_opt_bag_slow,370,1779955697359894270,369.96065370400004,18.58
total_ms,2_7_opt_bag_slow,371,1779955698333396349,370.93415578300005,19.643
total_ms,2_7_opt_bag_slow,372,1779955699339502043,371.94026147700004,19.819
total_ms,2_7_opt_bag_slow,373,1779955700337036353,372.937795787,22.188
total_ms,2_7_opt_bag_slow,374,1779955701336216926,373.93697636,19.763
total_ms,2_7_opt_bag_slow,375,1779955702342928515,374.94368794900004,21.919
total_ms,2_7_opt_bag_slow,376,1779955703347928329,375.948687763,24.707
total_ms,2_7_opt_bag_slow,377,1779955704354662288,376.95542172200004,22.382
total_ms,2_7_opt_bag_slow,378,1779955705332222770,377.93298220400004,22.652
total_ms,2_7_opt_bag_slow,379,1779955706339606687,378.940366121,22.949
total_ms,2_7_opt_bag_slow,380,1779955707361932700,379.962692134,18.058
total_ms,2_7_opt_bag_slow,381,1779955708332650850,380.93341028400005,18.17
total_ms,2_7_opt_bag_slow,382,1779955709363661276,381.96442071,19.622
total_ms,2_7_opt_bag_slow,383,1779955710346267330,382.94702676400004,21.781
total_ms,2_7_opt_bag_slow,384,1779955711328514759,383.929274193,18.848
total_ms,2_7_opt_bag_slow,385,1779955712370496527,384.971255961,18.965
total_ms,2_7_opt_bag_slow,386,1779955713377512758,385.978272192,23.397
total_ms,2_7_opt_bag_slow,387,1779955714353863643,386.954623077,17.462
total_ms,2_7_opt_bag_slow,388,1779955715348847590,387.94960702400004,21.296
total_ms,2_7_opt_bag_slow,389,1779955716346130074,388.946889508,23.516
total_ms,2_7_opt_bag_slow,390,1779955717351332033,389.952091467,23.258
total_ms,2_7_opt_bag_slow,391,1779955718346074535,390.946833969,24.175
total_ms,2_7_opt_bag_slow,392,1779955719359250369,391.96000980300005,18.359
total_ms,2_7_opt_bag_slow,393,1779955720355604577,392.956364011,20.084
total_ms,2_7_opt_bag_slow,394,1779955721346904936,393.94766437000004,25.124
total_ms,2_7_opt_bag_slow,395,1779955722370332196,394.97109163000005,22.462
total_ms,2_7_opt_bag_slow,396,1779955723348123475,395.948882909,22.2
total_ms,2_7_opt_bag_slow,397,1779955724333113570,396.933873004,20.133
total_ms,2_7_opt_bag_slow,398,1779955725342359463,397.94311889700003,23.216
total_ms,2_7_opt_bag_slow,399,1779955726347267309,398.948026743,19.175
total_ms,2_7_opt_bag_slow,400,1779955727358739246,399.95949868,25.225
total_ms,2_7_opt_bag_slow,401,1779955728333469709,400.93422914300004,22.831
total_ms,2_7_opt_bag_slow,402,1779955729385147380,401.98590681400003,18.161
total_ms,2_7_opt_bag_slow,403,1779955730354307661,402.955067095,24.158
total_ms,2_7_opt_bag_slow,404,1779955731365148246,403.96590768000004,20.402
total_ms,2_7_opt_bag_slow,405,1779955732341611504,404.942370938,22.188
total_ms,2_7_opt_bag_slow,406,1779955733339969892,405.94072932600005,22.99
total_ms,2_7_opt_bag_slow,407,1779955734343205212,406.94396464600004,20.698
total_ms,2_7_opt_bag_slow,408,1779955735369469598,407.970229032,21.993
total_ms,2_7_opt_bag_slow,409,1779955736333195573,408.933955007,21.342
total_ms,2_7_opt_bag_slow,410,1779955737347403860,409.94816329400004,22.853
total_ms,2_7_opt_bag_slow,411,1779955738355302619,410.95606205300004,19.712
total_ms,2_7_opt_bag_slow,412,1779955739341984220,411.942743654,23.426
total_ms,2_7_opt_bag_slow,413,1779955740341127644,412.94188707800004,21.389
total_ms,2_7_opt_bag_slow,414,1779955741354520062,413.955279496,21.229
total_ms,2_7_opt_bag_slow,415,1779955742367025687,414.967785121,19.708
total_ms,2_7_opt_bag_slow,416,1779955743376194218,415.976953652,20.936
total_ms,2_7_opt_bag_slow,417,1779955744358638609,416.959398043,20.157
total_ms,2_7_opt_bag_slow,418,1779955745346459164,417.947218598,20.867
total_ms,2_7_opt_bag_slow,419,1779955746360224212,418.96098364600005,23.087
total_ms,2_7_opt_bag_slow,420,1779955747362906578,419.96366601200003,19.329
total_ms,2_7_opt_bag_slow,421,1779955748370652047,420.971411481,23.22
total_ms,2_7_opt_bag_slow,422,1779955749351951823,421.95271125700003,22.47
total_ms,2_7_opt_bag_slow,423,1779955750328147987,422.928907421,18.831
total_ms,2_7_opt_bag_slow,424,1779955751346030810,423.946790244,20.493
total_ms,2_7_opt_bag_slow,425,1779955752345339955,424.94609938900004,23.044
total_ms,2_7_opt_bag_slow,426,1779955753340346316,425.94110575,20.918
total_ms,2_7_opt_bag_slow,427,1779955754335930568,426.93669000200003,18.528
total_ms,2_7_opt_bag_slow,428,1779955755370847179,427.971606613,19.446
total_ms,2_7_opt_bag_slow,429,1779955756352666091,428.953425525,24.079
total_ms,2_7_opt_bag_slow,430,1779955757328775912,429.929535346,18.623
total_ms,2_7_opt_bag_slow,431,1779955758342593767,430.94335320100004,20.367
total_ms,2_7_opt_bag_slow,432,1779955759341619115,431.942378549,18.786
total_ms,2_7_opt_bag_slow,433,1779955760361379265,432.96213869900004,23.081
total_ms,2_7_opt_bag_slow,434,1779955761353421524,433.95418095800005,23.172
total_ms,2_7_opt_bag_slow,435,1779955762365518728,434.96627816200004,19.85
total_ms,2_7_opt_bag_slow,436,1779955763344612211,435.945371645,20.3
total_ms,2_7_opt_bag_slow,437,1779955764357862627,436.958622061,23.03
total_ms,2_7_opt_bag_slow,438,1779955765399594574,438.00035400800004,23.954
total_ms,2_7_opt_bag_slow,439,1779955766345672320,438.946431754,20.068
total_ms,2_7_opt_bag_slow,440,1779955767344180274,439.94493970800005,24.577
total_ms,2_7_opt_bag_slow,441,1779955768382545682,440.98330511600005,20.538
total_ms,2_7_opt_bag_slow,442,1779955769375809978,441.976569412,22.55
total_ms,2_7_opt_bag_slow,443,1779955770375245740,442.976005174,21.445
total_ms,2_7_opt_bag_slow,444,1779955771326523755,443.92728318900004,17.94
total_ms,2_7_opt_bag_slow,445,1779955772344636122,444.94539555600005,19.22
total_ms,2_7_opt_bag_slow,446,1779955773349294641,445.950054075,23.582
total_ms,2_7_opt_bag_slow,447,1779955774344612796,446.94537223000003,22.285
total_ms,2_7_opt_bag_slow,448,1779955775329832863,447.93059229700003,18.883
total_ms,2_7_opt_bag_slow,449,1779955776329974763,448.93073419700005,18.321
total_ms,2_7_opt_bag_slow,450,1779955777333813596,449.93457303,22.321
total_ms,2_7_opt_bag_slow,451,1779955778343202534,450.94396196800005,18.887
total_ms,2_7_opt_bag_slow,452,1779955779350156962,451.950916396,23.624
total_ms,2_7_opt_bag_slow,453,1779955780337321446,452.93808088000003,21.528
total_ms,2_7_opt_bag_slow,454,1779955781334310951,453.935070385,24.513
total_ms,2_7_opt_bag_slow,455,1779955782348988872,454.949748306,21.151
total_ms,2_7_opt_bag_slow,456,1779955783338385071,455.939144505,17.804
total_ms,2_7_opt_bag_slow,457,1779955784347913271,456.94867270500004,21.675
total_ms,2_7_opt_bag_slow,458,1779955785342587461,457.94334689500005,22.958
total_ms,2_7_opt_bag_slow,459,1779955786333498258,458.934257692,20.22
total_ms,2_7_opt_bag_slow,460,1779955787349584241,459.95034367500006,20.872
total_ms,2_7_opt_bag_slow,461,1779955788347068841,460.947828275,19.897
total_ms,2_7_opt_bag_slow,462,1779955789360447684,461.961207118,19.0
total_ms,2_7_opt_bag_slow,463,1779955790329106065,462.929865499,17.967
total_ms,2_7_opt_bag_slow,464,1779955791364174523,463.964933957,22.97
total_ms,2_7_opt_bag_slow,465,1779955792330804488,464.931563922,18.437
total_ms,2_7_opt_bag_slow,466,1779955793368228586,465.96898802000004,22.657
total_ms,2_7_opt_bag_slow,467,1779955794333036125,466.93379555900003,19.429
total_ms,2_7_opt_bag_slow,468,1779955795354411279,467.95517071300003,18.729
total_ms,2_7_opt_bag_slow,469,1779955796345247369,468.94600680300005,24.077
total_ms,2_7_opt_bag_slow,470,1779955797335805924,469.93656535800005,19.143
total_ms,2_7_opt_bag_slow,471,1779955798346089164,470.94684859800003,19.408
total_ms,2_7_opt_bag_slow,472,1779955799374396739,471.975156173,23.169
total_ms,2_7_opt_bag_slow,473,1779955800344460010,472.94521944400003,19.2
total_ms,2_7_opt_bag_slow,474,1779955801355060241,473.95581967500004,19.569
total_ms,2_7_opt_bag_slow,475,1779955802357080130,474.95783956400004,20.028
total_ms,2_7_opt_bag_slow,476,1779955803334205652,475.93496508600003,19.555
total_ms,2_7_opt_bag_slow,477,1779955804337276249,476.938035683,20.33
total_ms,2_7_opt_bag_slow,478,1779955805338512588,477.939272022,21.241
total_ms,2_7_opt_bag_slow,479,1779955806347096092,478.947855526,19.034
total_ms,2_7_opt_bag_slow,480,1779955807337370456,479.93812989,17.745
total_ms,2_7_opt_bag_slow,481,1779955808350518030,480.95127746400004,24.154
total_ms,2_7_opt_bag_slow,482,1779955809337546491,481.938305925,21.309
total_ms,2_7_opt_bag_slow,483,1779955810350390763,482.951150197,22.509
total_ms,2_7_opt_bag_slow,484,1779955811336213318,483.93697275200003,20.463
total_ms,2_7_opt_bag_slow,485,1779955812372653087,484.97341252100006,22.427
total_ms,2_7_opt_bag_slow,486,1779955813345723035,485.94648246900005,23.049
total_ms,2_7_opt_bag_slow,487,1779955814344766709,486.94552614300005,20.014
total_ms,2_7_opt_bag_slow,488,1779955815373973607,487.97473304100004,23.477
total_ms,2_7_opt_bag_slow,489,1779955816345810684,488.946570118,19.872
total_ms,2_7_opt_bag_slow,490,1779955817353853876,489.95461331,21.671
total_ms,2_7_opt_bag_slow,491,1779955818362320176,490.96307961,22.705
total_ms,2_7_opt_bag_slow,492,1779955819336353671,491.93711310500004,18.612
total_ms,2_7_opt_bag_slow,493,1779955820356310455,492.957069889,23.413
total_ms,2_7_opt_bag_slow,494,1779955821350298541,493.951057975,22.523
total_ms,2_7_opt_bag_slow,495,1779955822328450201,494.929209635,17.455
total_ms,2_7_opt_bag_slow,496,1779955823368792331,495.969551765,18.75
total_ms,2_7_opt_bag_slow,497,1779955824375163707,496.975923141,19.745
total_ms,2_7_opt_bag_slow,498,1779955825373896331,497.974655765,18.649
total_ms,2_7_opt_bag_slow,499,1779955826347660651,498.948420085,22.854
total_ms,2_7_opt_bag_slow,500,1779955827359856430,499.96061586400003,24.052
total_ms,2_7_opt_bag_slow,501,1779955828367548427,500.968307861,21.065
total_ms,2_7_opt_bag_slow,502,1779955829365754700,501.966514134,24.161
total_ms,2_7_opt_bag_slow,503,1779955830328722017,502.929481451,18.802
total_ms,2_7_opt_bag_slow,504,1779955831354084132,503.954843566,23.595
total_ms,2_7_opt_bag_slow,505,1779955832335902124,504.936661558,22.051
total_ms,2_7_opt_bag_slow,506,1779955833364882462,505.965641896,21.142
total_ms,2_7_opt_bag_slow,507,1779955834361456449,506.96221588300006,17.467
total_ms,2_7_opt_bag_slow,508,1779955835358949783,507.959709217,23.642
total_ms,2_7_opt_bag_slow,509,1779955836339856812,508.94061624600005,19.456
total_ms,2_7_opt_bag_slow,510,1779955837335907336,509.93666677000004,22.594
total_ms,2_7_opt_bag_slow,511,1779955838334291410,510.93505084400005,23.115
total_ms,2_7_opt_bag_slow,512,1779955839332736067,511.93349550100004,18.468
total_ms,2_7_opt_bag_slow,513,1779955840334433698,512.935193132,22.062
total_ms,2_7_opt_bag_slow,514,1779955841379169754,513.979929188,18.392
total_ms,2_7_opt_bag_slow,515,1779955842331751070,514.932510504,19.17
total_ms,2_7_opt_bag_slow,516,1779955843350521468,515.951280902,17.021
total_ms,2_7_opt_bag_slow,517,1779955844338526491,516.939285925,21.767
total_ms,2_7_opt_bag_slow,518,1779955845341270387,517.942029821,22.417
total_ms,2_7_opt_bag_slow,519,1779955846335216056,518.93597549,22.523
total_ms,2_7_opt_bag_slow,520,1779955847362646686,519.9634061200001,22.872
total_ms,2_7_opt_bag_slow,521,1779955848380429120,520.981188554,24.586
total_ms,2_7_opt_bag_slow,522,1779955849328790936,521.92955037,17.708
total_ms,2_7_opt_bag_slow,523,1779955850370193023,522.9709524570001,19.086
total_ms,2_7_opt_bag_slow,524,1779955851334894463,523.9356538970001,22.096
total_ms,2_7_opt_bag_slow,525,1779955852343666757,524.944426191,20.826
total_ms,2_7_opt_bag_slow,526,1779955853346572651,525.9473320850001,20.441
total_ms,2_7_opt_bag_slow,527,1779955854351107978,526.9518674120001,22.971
total_ms,2_7_opt_bag_slow,528,1779955855367559735,527.968319169,18.456
total_ms,2_7_opt_bag_slow,529,1779955856359650816,528.96041025,23.859
total_ms,2_7_opt_bag_slow,530,1779955857345196677,529.945956111,18.812
total_ms,2_7_opt_bag_slow,531,1779955858368553436,530.9693128700001,19.921
total_ms,2_7_opt_bag_slow,532,1779955859349382772,531.950142206,20.509
total_ms,2_7_opt_bag_slow,533,1779955860364235690,532.964995124,19.37
total_ms,2_7_opt_bag_slow,534,1779955861352865127,533.9536245610001,21.791
total_ms,2_7_opt_bag_slow,535,1779955862343627604,534.9443870380001,18.822
total_ms,2_7_opt_bag_slow,536,1779955863349296528,535.9500559620001,22.411
total_ms,2_7_opt_bag_slow,537,1779955864340102753,536.940862187,18.928
total_ms,2_7_opt_bag_slow,538,1779955865335837792,537.936597226,19.953
total_ms,2_7_opt_bag_slow,539,1779955866371026200,538.9717856340001,21.844
total_ms,2_7_opt_bag_slow,540,1779955867343435547,539.944194981,18.306
total_ms,2_7_opt_bag_slow,541,1779955868349436206,540.9501956400001,21.528
total_ms,2_7_opt_bag_slow,542,1779955869357702603,541.958462037,23.787
total_ms,2_7_opt_bag_slow,543,1779955870387578280,542.9883377140001,22.58
total_ms,2_7_opt_bag_slow,544,1779955871345765110,543.946524544,19.513
total_ms,2_7_opt_bag_slow,545,1779955872344081377,544.9448408110001,22.782
total_ms,2_7_opt_bag_slow,546,1779955873343376967,545.944136401,19.148
total_ms,2_7_opt_bag_slow,547,1779955874337503907,546.938263341,17.234
total_ms,2_7_opt_bag_slow,548,1779955875333062897,547.933822331,18.831
total_ms,2_7_opt_bag_slow,549,1779955876392287358,548.9930467920001,18.994
total_ms,2_7_opt_bag_slow,550,1779955877385024237,549.985783671,22.743
total_ms,2_7_opt_bag_slow,551,1779955878354257867,550.955017301,21.34
total_ms,2_7_opt_bag_slow,552,1779955879343456413,551.944215847,18.697
total_ms,2_7_opt_bag_slow,553,1779955880347216770,552.947976204,19.133
total_ms,2_7_opt_bag_slow,554,1779955881349807697,553.9505671310001,23.188
total_ms,2_7_opt_bag_slow,555,1779955882348453721,554.949213155,22.359
total_ms,2_7_opt_bag_slow,556,1779955883358459656,555.95921909,22.559
total_ms,2_7_opt_bag_slow,557,1779955884343562122,556.9443215560001,18.69
total_ms,2_7_opt_bag_slow,558,1779955885339986563,557.940745997,18.411
total_ms,2_7_opt_bag_slow,559,1779955886344573781,558.945333215,20.541
total_ms,2_7_opt_bag_slow,560,1779955887337229750,559.937989184,18.459
total_ms,2_7_opt_bag_slow,561,1779955888355505816,560.95626525,21.29
total_ms,2_7_opt_bag_slow,562,1779955889342957553,561.943716987,21.106
total_ms,2_7_opt_bag_slow,563,1779955890348616649,562.9493760830001,19.633
total_ms,2_7_opt_bag_slow,564,1779955891352921947,563.953681381,17.475
total_ms,2_7_opt_bag_slow,565,1779955892330603078,564.9313625120001,18.453
total_ms,2_7_opt_bag_slow,566,1779955893345016824,565.945776258,20.164
total_ms,2_7_opt_bag_slow,567,1779955894348151493,566.948910927,21.455
total_ms,2_7_opt_bag_slow,568,1779955895374122080,567.974881514,21.297
total_ms,2_7_opt_bag_slow,569,1779955896362163515,568.962922949,19.302
total_ms,2_7_opt_bag_slow,570,1779955897382549102,569.983308536,19.775
total_ms,2_7_opt_bag_slow,571,1779955898343479634,570.944239068,19.429
total_ms,2_7_opt_bag_slow,572,1779955899362514480,571.9632739140001,23.433
total_ms,2_7_opt_bag_slow,573,1779955900336975368,572.937734802,18.554
total_ms,2_7_opt_bag_slow,574,1779955901376483307,573.977242741,20.417
total_ms,2_7_opt_bag_slow,575,1779955902435892543,575.036651977,21.057
total_ms,2_7_opt_bag_slow,576,1779955903330637801,575.9313972350001,18.517
total_ms,2_7_opt_bag_slow,577,1779955904344374324,576.945133758,23.892
total_ms,2_7_opt_bag_slow,578,1779955905341425356,577.94218479,18.988
total_ms,2_7_opt_bag_slow,579,1779955906371334917,578.972094351,18.278
total_ms,2_7_opt_bag_slow,580,1779955907343748404,579.944507838,24.252
total_ms,2_7_opt_bag_slow,581,1779955908360537501,580.9612969350001,20.215
total_ms,2_7_opt_bag_slow,582,1779955909367901590,581.9686610240001,20.634
total_ms,2_7_opt_bag_slow,583,1779955910371838731,582.972598165,20.36
total_ms,2_7_opt_bag_slow,584,1779955911347354183,583.948113617,21.099
total_ms,2_7_opt_bag_slow,585,1779955912324877601,584.925637035,17.746
total_ms,2_7_opt_bag_slow,586,1779955913330881676,585.93164111,19.472
total_ms,2_7_opt_bag_slow,587,1779955914336330437,586.937089871,21.75
total_ms,2_7_opt_bag_slow,588,1779955915340809940,587.941569374,17.956
total_ms,2_7_opt_bag_slow,589,1779955916354914360,588.9556737940001,18.487
total_ms,2_7_opt_bag_slow,590,1779955917342379921,589.9431393550001,22.107
total_ms,2_7_opt_bag_slow,591,1779955918343098580,590.943858014,21.229
total_ms,2_7_opt_bag_slow,592,1779955919365001573,591.9657610070001,19.754
total_ms,2_7_opt_bag_slow,593,1779955920345670240,592.946429674,25.685
total_ms,2_7_opt_bag_slow,594,1779955921345835369,593.946594803,22.658
