metric,bag,sample_index,timestamp_ns,time_from_start_s,latency_ms
postprocess_ms,2_7_bag_slow,0,1779956296019761209,0.0,8.184
postprocess_ms,2_7_bag_slow,1,1779956296965634728,0.945873519,1.822
postprocess_ms,2_7_bag_slow,2,1779956297954079702,1.9343184930000001,0.785
postprocess_ms,2_7_bag_slow,3,1779956298938415495,2.918654286,2.167
postprocess_ms,2_7_bag_slow,4,1779956299931855545,3.9120943360000004,1.448
postprocess_ms,2_7_bag_slow,5,1779956300935200573,4.915439364,0.85
postprocess_ms,2_7_bag_slow,6,1779956301931077944,5.911316735000001,0.928
postprocess_ms,2_7_bag_slow,7,1779956302943780187,6.924018978,0.978
postprocess_ms,2_7_bag_slow,8,1779956303973436505,7.953675296,1.024
postprocess_ms,2_7_bag_slow,9,1779956304929711950,8.909950741000001,1.358
postprocess_ms,2_7_bag_slow,10,1779956305959820947,9.940059738,1.58
postprocess_ms,2_7_bag_slow,11,1779956306962160427,10.942399218,1.847
postprocess_ms,2_7_bag_slow,12,1779956307939652593,11.919891384000001,1.278
postprocess_ms,2_7_bag_slow,13,1779956308944304871,12.924543662000001,0.728
postprocess_ms,2_7_bag_slow,14,1779956309933691948,13.913930739000001,1.342
postprocess_ms,2_7_bag_slow,15,1779956310933908981,14.914147772000002,1.249
postprocess_ms,2_7_bag_slow,16,1779956311947044646,15.927283437000002,0.889
postprocess_ms,2_7_bag_slow,17,1779956312933950100,16.914188891000002,0.602
postprocess_ms,2_7_bag_slow,18,1779956313961531276,17.941770067,1.57
postprocess_ms,2_7_bag_slow,19,1779956314977364314,18.957603105,0.866
postprocess_ms,2_7_bag_slow,20,1779956315971332703,19.951571494,1.438
postprocess_ms,2_7_bag_slow,21,1779956316951809351,20.932048142000003,0.616
postprocess_ms,2_7_bag_slow,22,1779956317975167057,21.955405848,1.061
postprocess_ms,2_7_bag_slow,23,1779956318976742430,22.956981221000003,1.767
postprocess_ms,2_7_bag_slow,24,1779956319940103345,23.920342136000002,1.044
postprocess_ms,2_7_bag_slow,25,1779956320951305078,24.931543869000002,0.968
postprocess_ms,2_7_bag_slow,26,1779956321977083751,25.957322542,1.075
postprocess_ms,2_7_bag_slow,27,1779956322971889737,26.952128528000003,1.728
postprocess_ms,2_7_bag_slow,28,1779956323943648465,27.923887256,0.66
postprocess_ms,2_7_bag_slow,29,1779956324949177716,28.929416507000003,1.124
postprocess_ms,2_7_bag_slow,30,1779956325947864126,29.928102917,0.638
postprocess_ms,2_7_bag_slow,31,1779956326940757567,30.920996358000004,0.91
postprocess_ms,2_7_bag_slow,32,1779956327933206187,31.913444978,2.116
postprocess_ms,2_7_bag_slow,33,1779956328944725748,32.924964539,1.402
postprocess_ms,2_7_bag_slow,34,1779956329933358377,33.913597168,1.738
postprocess_ms,2_7_bag_slow,35,1779956330938878258,34.919117049,1.062
postprocess_ms,2_7_bag_slow,36,1779956331976700841,35.956939632,1.097
postprocess_ms,2_7_bag_slow,37,1779956332939305099,36.91954389,0.964
postprocess_ms,2_7_bag_slow,38,1779956333973309951,37.953548742,1.094
postprocess_ms,2_7_bag_slow,39,1779956334971848424,38.952087215000006,1.26
postprocess_ms,2_7_bag_slow,40,1779956335940577397,39.920816188,2.22
postprocess_ms,2_7_bag_slow,41,1779956336938320490,40.918559281,0.665
postprocess_ms,2_7_bag_slow,42,1779956337957108401,41.937347192000004,1.489
postprocess_ms,2_7_bag_slow,43,1779956338957217399,42.937456190000006,1.79
postprocess_ms,2_7_bag_slow,44,1779956339934044727,43.914283518000005,0.779
postprocess_ms,2_7_bag_slow,45,1779956340948408909,44.928647700000006,0.884
postprocess_ms,2_7_bag_slow,46,1779956341971167325,45.951406116,1.191
postprocess_ms,2_7_bag_slow,47,1779956342956388752,46.936627543,1.741
postprocess_ms,2_7_bag_slow,48,1779956343933817595,47.914056386000006,0.579
postprocess_ms,2_7_bag_slow,49,1779956344948220860,48.928459651000004,1.83
postprocess_ms,2_7_bag_slow,50,1779956345945631478,49.925870269,0.553
postprocess_ms,2_7_bag_slow,51,1779956346960888546,50.941127337000005,4.352
postprocess_ms,2_7_bag_slow,52,1779956347938245459,51.918484250000006,1.527
postprocess_ms,2_7_bag_slow,53,1779956348930830029,52.911068820000004,0.637
postprocess_ms,2_7_bag_slow,54,1779956349941914021,53.922152812,3.789
postprocess_ms,2_7_bag_slow,55,1779956350943006164,54.923244955,1.466
postprocess_ms,2_7_bag_slow,56,1779956351973530722,55.953769513000005,1.176
postprocess_ms,2_7_bag_slow,57,1779956352963488185,56.943726976,1.315
postprocess_ms,2_7_bag_slow,58,1779956353942074566,57.922313357,0.746
postprocess_ms,2_7_bag_slow,59,1779956354984737733,58.964976524,0.579
postprocess_ms,2_7_bag_slow,60,1779956355940187142,59.920425933000004,0.945
postprocess_ms,2_7_bag_slow,61,1779956356940342022,60.920580813,0.657
postprocess_ms,2_7_bag_slow,62,1779956357966504630,61.946743421,0.627
postprocess_ms,2_7_bag_slow,63,1779956358930538215,62.910777006000004,0.769
postprocess_ms,2_7_bag_slow,64,1779956359947796541,63.92803533200001,1.473
postprocess_ms,2_7_bag_slow,65,1779956360960435431,64.940674222,0.874
postprocess_ms,2_7_bag_slow,66,1779956361935934997,65.91617378800001,1.133
postprocess_ms,2_7_bag_slow,67,1779956362938042907,66.918281698,1.27
postprocess_ms,2_7_bag_slow,68,1779956363943850366,67.924089157,0.958
postprocess_ms,2_7_bag_slow,69,1779956364955193021,68.935431812,1.046
postprocess_ms,2_7_bag_slow,70,1779956365954215107,69.934453898,0.922
postprocess_ms,2_7_bag_slow,71,1779956366976678335,70.95691712600001,1.183
postprocess_ms,2_7_bag_slow,72,1779956367941301326,71.921540117,1.526
postprocess_ms,2_7_bag_slow,73,1779956368941281811,72.921520602,0.851
postprocess_ms,2_7_bag_slow,74,1779956369990316026,73.97055481700001,0.738
postprocess_ms,2_7_bag_slow,75,1779956370938853357,74.919092148,1.381
postprocess_ms,2_7_bag_slow,76,1779956371940118887,75.920357678,0.725
postprocess_ms,2_7_bag_slow,77,1779956372969371842,76.949610633,1.33
postprocess_ms,2_7_bag_slow,78,1779956373951869241,77.932108032,0.569
postprocess_ms,2_7_bag_slow,79,1779956374940296196,78.92053498700001,0.738
postprocess_ms,2_7_bag_slow,80,1779956375932724925,79.91296371600001,0.553
postprocess_ms,2_7_bag_slow,81,1779956376939897123,80.920135914,1.165
postprocess_ms,2_7_bag_slow,82,1779956377966526185,81.94676497600001,0.806
postprocess_ms,2_7_bag_slow,83,1779956378933229338,82.91346812900001,1.037
postprocess_ms,2_7_bag_slow,84,1779956379922674742,83.902913533,0.658
postprocess_ms,2_7_bag_slow,85,1779956380954001872,84.93424066300001,0.855
postprocess_ms,2_7_bag_slow,86,1779956381953431260,85.93367005100001,0.984
postprocess_ms,2_7_bag_slow,87,1779956382936871088,86.91710987900001,0.605
postprocess_ms,2_7_bag_slow,88,1779956383950999324,87.931238115,1.067
postprocess_ms,2_7_bag_slow,89,1779956384933172119,88.91341091000001,1.081
postprocess_ms,2_7_bag_slow,90,1779956385972063913,89.952302704,1.79
postprocess_ms,2_7_bag_slow,91,1779956386938036443,90.918275234,1.427
postprocess_ms,2_7_bag_slow,92,1779956387946812323,91.92705111400001,1.024
postprocess_ms,2_7_bag_slow,93,1779956388969605821,92.949844612,0.888
postprocess_ms,2_7_bag_slow,94,1779956389969038148,93.949276939,1.122
postprocess_ms,2_7_bag_slow,95,1779956390960985004,94.941223795,1.325
postprocess_ms,2_7_bag_slow,96,1779956391938710548,95.91894933900001,1.779
postprocess_ms,2_7_bag_slow,97,1779956392928858048,96.909096839,1.287
postprocess_ms,2_7_bag_slow,98,1779956393974461499,97.95470029,0.714
postprocess_ms,2_7_bag_slow,99,1779956394961475198,98.94171398900001,0.75
postprocess_ms,2_7_bag_slow,100,1779956395941702706,99.921941497,0.904
postprocess_ms,2_7_bag_slow,101,1779956396936488385,100.91672717600001,1.055
postprocess_ms,2_7_bag_slow,102,1779956397934425597,101.914664388,0.862
postprocess_ms,2_7_bag_slow,103,1779956398935667658,102.915906449,3.96
postprocess_ms,2_7_bag_slow,104,1779956399949496242,103.929735033,0.724
postprocess_ms,2_7_bag_slow,105,1779956400957346686,104.93758547700001,0.993
postprocess_ms,2_7_bag_slow,106,1779956401956613128,105.936851919,0.576
postprocess_ms,2_7_bag_slow,107,1779956402939034307,106.919273098,0.724
postprocess_ms,2_7_bag_slow,108,1779956403932440049,107.91267884000001,1.025
postprocess_ms,2_7_bag_slow,109,1779956404979946942,108.960185733,0.879
postprocess_ms,2_7_bag_slow,110,1779956405968209920,109.94844871100001,1.51
postprocess_ms,2_7_bag_slow,111,1779956406933580820,110.91381961100001,0.625
postprocess_ms,2_7_bag_slow,112,1779956407935767113,111.916005904,0.97
postprocess_ms,2_7_bag_slow,113,1779956408944058737,112.92429752800001,2.214
postprocess_ms,2_7_bag_slow,114,1779956409944805880,113.92504467100001,0.567
postprocess_ms,2_7_bag_slow,115,1779956410951899461,114.932138252,1.593
postprocess_ms,2_7_bag_slow,116,1779956411927787739,115.90802653,0.968
postprocess_ms,2_7_bag_slow,117,1779956412929407693,116.909646484,0.886
postprocess_ms,2_7_bag_slow,118,1779956413955009157,117.93524794800001,0.845
postprocess_ms,2_7_bag_slow,119,1779956414933046108,118.913284899,0.542
postprocess_ms,2_7_bag_slow,120,1779956415923157114,119.90339590500001,0.819
postprocess_ms,2_7_bag_slow,121,1779956416947880306,120.928119097,0.947
postprocess_ms,2_7_bag_slow,122,1779956417939115650,121.91935444100001,1.005
postprocess_ms,2_7_bag_slow,123,1779956418952610370,122.93284916100001,1.133
postprocess_ms,2_7_bag_slow,124,1779956419950992430,123.931231221,0.57
postprocess_ms,2_7_bag_slow,125,1779956420935798260,124.916037051,0.79
postprocess_ms,2_7_bag_slow,126,1779956421945972454,125.926211245,1.296
postprocess_ms,2_7_bag_slow,127,1779956422935070633,126.91530942400001,0.632
postprocess_ms,2_7_bag_slow,128,1779956423941174866,127.921413657,0.628
postprocess_ms,2_7_bag_slow,129,1779956424924704244,128.904943035,1.458
postprocess_ms,2_7_bag_slow,130,1779956425940966170,129.921204961,0.81
postprocess_ms,2_7_bag_slow,131,1779956426959573655,130.93981244600002,1.009
postprocess_ms,2_7_bag_slow,132,1779956427954157980,131.934396771,0.818
postprocess_ms,2_7_bag_slow,133,1779956428938480023,132.91871881400002,1.908
postprocess_ms,2_7_bag_slow,134,1779956429933037263,133.91327605400002,3.615
postprocess_ms,2_7_bag_slow,135,1779956430980807752,134.961046543,2.259
postprocess_ms,2_7_bag_slow,136,1779956431942230062,135.922468853,0.817
postprocess_ms,2_7_bag_slow,137,1779956432963644978,136.943883769,0.852
postprocess_ms,2_7_bag_slow,138,1779956433936185166,137.916423957,0.816
postprocess_ms,2_7_bag_slow,139,1779956434974379067,138.954617858,1.528
postprocess_ms,2_7_bag_slow,140,1779956435954727945,139.934966736,1.016
postprocess_ms,2_7_bag_slow,141,1779956436969214442,140.949453233,0.687
postprocess_ms,2_7_bag_slow,142,1779956437928234423,141.908473214,0.608
postprocess_ms,2_7_bag_slow,143,1779956438977017100,142.95725589100002,0.884
postprocess_ms,2_7_bag_slow,144,1779956439953396812,143.933635603,0.571
postprocess_ms,2_7_bag_slow,145,1779956440939813686,144.920052477,1.346
postprocess_ms,2_7_bag_slow,146,1779956441952557598,145.932796389,0.833
postprocess_ms,2_7_bag_slow,147,1779956442940880948,146.921119739,0.68
postprocess_ms,2_7_bag_slow,148,1779956443930683037,147.910921828,0.581
postprocess_ms,2_7_bag_slow,149,1779956444939142007,148.91938079800002,3.47
postprocess_ms,2_7_bag_slow,150,1779956445941283441,149.921522232,0.879
postprocess_ms,2_7_bag_slow,151,1779956446934917790,150.91515658100002,0.953
postprocess_ms,2_7_bag_slow,152,1779956447941315561,151.92155435200002,2.83
postprocess_ms,2_7_bag_slow,153,1779956448945131230,152.92537002100002,1.348
postprocess_ms,2_7_bag_slow,154,1779956449964333201,153.94457199200002,1.541
postprocess_ms,2_7_bag_slow,155,1779956450935939019,154.91617781000002,0.699
postprocess_ms,2_7_bag_slow,156,1779956451951634967,155.93187375800002,0.605
postprocess_ms,2_7_bag_slow,157,1779956452936865995,156.917104786,2.366
postprocess_ms,2_7_bag_slow,158,1779956453930298044,157.91053683500002,0.578
postprocess_ms,2_7_bag_slow,159,1779956454938088237,158.91832702800002,0.85
postprocess_ms,2_7_bag_slow,160,1779956455959668548,159.939907339,1.145
postprocess_ms,2_7_bag_slow,161,1779956456963914229,160.94415302000002,0.966
postprocess_ms,2_7_bag_slow,162,1779956457957742060,161.93798085100002,0.866
postprocess_ms,2_7_bag_slow,163,1779956458936429284,162.91666807500002,0.847
postprocess_ms,2_7_bag_slow,164,1779956459940539598,163.92077838900002,1.014
postprocess_ms,2_7_bag_slow,165,1779956460964233276,164.94447206700002,1.625
postprocess_ms,2_7_bag_slow,166,1779956461938014321,165.918253112,0.612
postprocess_ms,2_7_bag_slow,167,1779956462972134413,166.952373204,0.974
postprocess_ms,2_7_bag_slow,168,1779956463953498960,167.93373775100002,0.813
postprocess_ms,2_7_bag_slow,169,1779956464976329763,168.956568554,0.533
postprocess_ms,2_7_bag_slow,170,1779956465938302788,169.91854157900002,0.636
postprocess_ms,2_7_bag_slow,171,1779956466949178419,170.92941721,0.54
postprocess_ms,2_7_bag_slow,172,1779956467953541699,171.93378049,0.493
postprocess_ms,2_7_bag_slow,173,1779956468976642700,172.95688149100002,1.37
postprocess_ms,2_7_bag_slow,174,1779956469941273620,173.921512411,0.851
postprocess_ms,2_7_bag_slow,175,1779956470951548785,174.931787576,1.264
postprocess_ms,2_7_bag_slow,176,1779956471949576724,175.929815515,0.618
postprocess_ms,2_7_bag_slow,177,1779956472928681573,176.908920364,0.902
postprocess_ms,2_7_bag_slow,178,1779956473940522060,177.920760851,1.433
postprocess_ms,2_7_bag_slow,179,1779956474972300957,178.95253974800002,0.653
postprocess_ms,2_7_bag_slow,180,1779956475941900951,179.922139742,0.643
postprocess_ms,2_7_bag_slow,181,1779956476954760680,180.934999471,0.899
postprocess_ms,2_7_bag_slow,182,1779956477931944424,181.912183215,0.599
postprocess_ms,2_7_bag_slow,183,1779956478942057421,182.92229621200002,1.224
postprocess_ms,2_7_bag_slow,184,1779956479953083974,183.933322765,0.962
postprocess_ms,2_7_bag_slow,185,1779956480925536566,184.905775357,0.606
postprocess_ms,2_7_bag_slow,186,1779956481968275279,185.94851407000002,1.107
postprocess_ms,2_7_bag_slow,187,1779956482942401882,186.92264067300002,0.932
postprocess_ms,2_7_bag_slow,188,1779956483942973968,187.92321275900002,0.975
postprocess_ms,2_7_bag_slow,189,1779956484946927797,188.927166588,0.59
postprocess_ms,2_7_bag_slow,190,1779956485950407576,189.930646367,0.585
postprocess_ms,2_7_bag_slow,191,1779956486945100546,190.92533933700003,1.033
postprocess_ms,2_7_bag_slow,192,1779956487932014378,191.91225316900002,0.653
postprocess_ms,2_7_bag_slow,193,1779956488944591063,192.92482985400002,0.87
postprocess_ms,2_7_bag_slow,194,1779956489939888629,193.92012742,1.299
postprocess_ms,2_7_bag_slow,195,1779956490944474538,194.924713329,1.034
postprocess_ms,2_7_bag_slow,196,1779956491954238328,195.934477119,0.929
postprocess_ms,2_7_bag_slow,197,1779956492943946872,196.924185663,2.239
postprocess_ms,2_7_bag_slow,198,1779956493935670208,197.915908999,0.928
postprocess_ms,2_7_bag_slow,199,1779956494937272537,198.91751132800002,1.693
postprocess_ms,2_7_bag_slow,200,1779956495935563077,199.91580186800002,1.133
postprocess_ms,2_7_bag_slow,201,1779956496950836455,200.931075246,0.605
postprocess_ms,2_7_bag_slow,202,1779956497939994339,201.92023313,1.784
postprocess_ms,2_7_bag_slow,203,1779956498936253437,202.916492228,1.033
postprocess_ms,2_7_bag_slow,204,1779956499967857625,203.948096416,0.914
postprocess_ms,2_7_bag_slow,205,1779956500957508436,204.93774722700002,0.634
postprocess_ms,2_7_bag_slow,206,1779956501933726338,205.91396512900002,0.532
postprocess_ms,2_7_bag_slow,207,1779956502929931613,206.910170404,1.228
postprocess_ms,2_7_bag_slow,208,1779956503972106571,207.95234536200002,0.649
postprocess_ms,2_7_bag_slow,209,1779956504942840804,208.92307959500002,0.593
postprocess_ms,2_7_bag_slow,210,1779956505965228656,209.94546744700003,1.39
postprocess_ms,2_7_bag_slow,211,1779956506946477247,210.92671603800002,0.681
postprocess_ms,2_7_bag_slow,212,1779956507947709751,211.92794854200002,1.537
postprocess_ms,2_7_bag_slow,213,1779956508985108679,212.96534747,0.569
postprocess_ms,2_7_bag_slow,214,1779956509930759597,213.91099838800002,1.022
postprocess_ms,2_7_bag_slow,215,1779956510966134622,214.946373413,0.85
postprocess_ms,2_7_bag_slow,216,1779956511975107497,215.95534628800002,0.85
postprocess_ms,2_7_bag_slow,217,1779956512949127676,216.92936646700002,0.596
postprocess_ms,2_7_bag_slow,218,1779956513967941279,217.94818007,0.903
postprocess_ms,2_7_bag_slow,219,1779956514965607770,218.94584656100002,1.27
postprocess_ms,2_7_bag_slow,220,1779956515960874767,219.941113558,1.206
postprocess_ms,2_7_bag_slow,221,1779956516937327542,220.91756633300002,1.445
postprocess_ms,2_7_bag_slow,222,1779956517974940544,221.95517933500003,1.607
postprocess_ms,2_7_bag_slow,223,1779956518977255152,222.957493943,0.911
postprocess_ms,2_7_bag_slow,224,1779956519969218690,223.94945748100002,1.347
postprocess_ms,2_7_bag_slow,225,1779956520957407904,224.937646695,1.14
postprocess_ms,2_7_bag_slow,226,1779956521939297337,225.919536128,0.856
postprocess_ms,2_7_bag_slow,227,1779956522962353503,226.942592294,1.097
postprocess_ms,2_7_bag_slow,228,1779956523952033612,227.932272403,0.906
postprocess_ms,2_7_bag_slow,229,1779956524933002923,228.913241714,1.115
postprocess_ms,2_7_bag_slow,230,1779956525930869132,229.911107923,0.81
postprocess_ms,2_7_bag_slow,231,1779956526977702182,230.957940973,0.901
postprocess_ms,2_7_bag_slow,232,1779956527942524871,231.92276366200002,1.009
postprocess_ms,2_7_bag_slow,233,1779956528971182478,232.951421269,0.83
postprocess_ms,2_7_bag_slow,234,1779956529948335461,233.928574252,1.588
postprocess_ms,2_7_bag_slow,235,1779956530988711661,234.968950452,0.645
postprocess_ms,2_7_bag_slow,236,1779956531932122434,235.912361225,0.566
postprocess_ms,2_7_bag_slow,237,1779956532968360480,236.948599271,1.488
postprocess_ms,2_7_bag_slow,238,1779956533950986735,237.93122552600002,0.858
postprocess_ms,2_7_bag_slow,239,1779956534953765324,238.93400411500002,1.354
postprocess_ms,2_7_bag_slow,240,1779956535959924124,239.940162915,1.754
postprocess_ms,2_7_bag_slow,241,1779956536932109672,240.91234846300003,1.093
postprocess_ms,2_7_bag_slow,242,1779956537940922959,241.92116175,1.85
postprocess_ms,2_7_bag_slow,243,1779956538943406248,242.923645039,0.63
postprocess_ms,2_7_bag_slow,244,1779956539940819910,243.92105870100002,0.692
postprocess_ms,2_7_bag_slow,245,1779956540947849511,244.92808830200002,1.272
postprocess_ms,2_7_bag_slow,246,1779956541968307800,245.94854659100002,0.699
postprocess_ms,2_7_bag_slow,247,1779956542939449268,246.919688059,1.462
postprocess_ms,2_7_bag_slow,248,1779956543938593855,247.91883264600003,1.012
postprocess_ms,2_7_bag_slow,249,1779956544950373355,248.93061214600002,0.593
postprocess_ms,2_7_bag_slow,250,1779956545976156761,249.956395552,0.919
postprocess_ms,2_7_bag_slow,251,1779956546941842738,250.92208152900002,0.668
postprocess_ms,2_7_bag_slow,252,1779956547929762109,251.91000090000003,0.55
postprocess_ms,2_7_bag_slow,253,1779956548938039540,252.918278331,0.887
postprocess_ms,2_7_bag_slow,254,1779956549967434346,253.947673137,0.967
postprocess_ms,2_7_bag_slow,255,1779956550933891392,254.91413018300003,1.047
postprocess_ms,2_7_bag_slow,256,1779956551937543983,255.91778277400002,0.955
postprocess_ms,2_7_bag_slow,257,1779956552946005468,256.92624425900004,0.651
postprocess_ms,2_7_bag_slow,258,1779956553959262713,257.939501504,1.142
postprocess_ms,2_7_bag_slow,259,1779956554933765102,258.91400389300003,0.599
postprocess_ms,2_7_bag_slow,260,1779956555935350296,259.915589087,0.587
postprocess_ms,2_7_bag_slow,261,1779956556942936324,260.923175115,1.086
postprocess_ms,2_7_bag_slow,262,1779956557972804027,261.95304281800003,0.748
postprocess_ms,2_7_bag_slow,263,1779956558941877574,262.922116365,0.88
postprocess_ms,2_7_bag_slow,264,1779956559939965139,263.92020393,1.085
postprocess_ms,2_7_bag_slow,265,1779956560935312456,264.915551247,3.443
postprocess_ms,2_7_bag_slow,266,1779956561937635792,265.917874583,1.362
postprocess_ms,2_7_bag_slow,267,1779956562956342041,266.936580832,1.548
postprocess_ms,2_7_bag_slow,268,1779956563969102928,267.949341719,1.082
postprocess_ms,2_7_bag_slow,269,1779956564960238948,268.940477739,1.366
postprocess_ms,2_7_bag_slow,270,1779956565941619847,269.921858638,2.779
postprocess_ms,2_7_bag_slow,271,1779956566955189134,270.935427925,0.916
postprocess_ms,2_7_bag_slow,272,1779956567933747732,271.913986523,0.657
postprocess_ms,2_7_bag_slow,273,1779956568950704331,272.93094312200003,0.968
postprocess_ms,2_7_bag_slow,274,1779956569959368762,273.93960755300003,1.05
postprocess_ms,2_7_bag_slow,275,1779956570931735970,274.911974761,0.554
postprocess_ms,2_7_bag_slow,276,1779956571966537906,275.946776697,1.536
postprocess_ms,2_7_bag_slow,277,1779956572953216587,276.933455378,0.782
postprocess_ms,2_7_bag_slow,278,1779956573950640738,277.93087952900004,0.985
postprocess_ms,2_7_bag_slow,279,1779956574952469338,278.932708129,1.655
postprocess_ms,2_7_bag_slow,280,1779956575944172714,279.924411505,0.91
postprocess_ms,2_7_bag_slow,281,1779956576988427022,280.96866581300003,1.57
postprocess_ms,2_7_bag_slow,282,1779956577974081035,281.954319826,1.397
postprocess_ms,2_7_bag_slow,283,1779956578964786793,282.945025584,1.33
postprocess_ms,2_7_bag_slow,284,1779956579973670412,283.953909203,0.649
postprocess_ms,2_7_bag_slow,285,1779956580948218722,284.928457513,1.346
postprocess_ms,2_7_bag_slow,286,1779956581966770957,285.947009748,1.667
postprocess_ms,2_7_bag_slow,287,1779956582940788386,286.92102717700004,1.837
postprocess_ms,2_7_bag_slow,288,1779956583966663712,287.946902503,0.735
postprocess_ms,2_7_bag_slow,289,1779956584943432876,288.923671667,0.889
postprocess_ms,2_7_bag_slow,290,1779956585955949669,289.93618846000004,1.349
postprocess_ms,2_7_bag_slow,291,1779956586944065139,290.92430393,0.879
postprocess_ms,2_7_bag_slow,292,1779956587934152690,291.914391481,0.765
postprocess_ms,2_7_bag_slow,293,1779956588974004677,292.954243468,0.696
postprocess_ms,2_7_bag_slow,294,1779956589934749017,293.91498780800003,1.09
postprocess_ms,2_7_bag_slow,295,1779956590974843127,294.955081918,0.899
postprocess_ms,2_7_bag_slow,296,1779956591929864468,295.91010325900004,0.533
postprocess_ms,2_7_bag_slow,297,1779956592937967213,296.918206004,1.646
postprocess_ms,2_7_bag_slow,298,1779956593937191256,297.91743004700004,0.642
postprocess_ms,2_7_bag_slow,299,1779956594956429334,298.93666812500004,0.906
postprocess_ms,2_7_bag_slow,300,1779956595937142153,299.917380944,0.698
postprocess_ms,2_7_bag_slow,301,1779956596935240699,300.91547949,1.046
postprocess_ms,2_7_bag_slow,302,1779956597957463191,301.937701982,0.855
postprocess_ms,2_7_bag_slow,303,1779956598962385586,302.942624377,0.883
postprocess_ms,2_7_bag_slow,304,1779956599952612807,303.932851598,0.719
postprocess_ms,2_7_bag_slow,305,1779956600949344947,304.929583738,0.639
postprocess_ms,2_7_bag_slow,306,1779956601943619794,305.923858585,0.656
postprocess_ms,2_7_bag_slow,307,1779956602938199998,306.918438789,1.08
postprocess_ms,2_7_bag_slow,308,1779956603959599139,307.93983793,1.584
postprocess_ms,2_7_bag_slow,309,1779956604951637337,308.931876128,0.802
postprocess_ms,2_7_bag_slow,310,1779956605958959730,309.93919852100004,0.73
postprocess_ms,2_7_bag_slow,311,1779956606934571587,310.914810378,0.62
postprocess_ms,2_7_bag_slow,312,1779956607941093098,311.92133188900004,1.61
postprocess_ms,2_7_bag_slow,313,1779956608946101295,312.92634008600004,1.038
postprocess_ms,2_7_bag_slow,314,1779956609941861220,313.922100011,0.685
postprocess_ms,2_7_bag_slow,315,1779956610942731012,314.922969803,1.211
postprocess_ms,2_7_bag_slow,316,1779956611950079773,315.930318564,0.608
postprocess_ms,2_7_bag_slow,317,1779956612958568015,316.938806806,0.891
postprocess_ms,2_7_bag_slow,318,1779956613938865558,317.919104349,0.839
postprocess_ms,2_7_bag_slow,319,1779956614972736532,318.95297532300003,0.747
postprocess_ms,2_7_bag_slow,320,1779956615932886386,319.91312517700004,0.869
postprocess_ms,2_7_bag_slow,321,1779956616963908853,320.944147644,1.002
postprocess_ms,2_7_bag_slow,322,1779956617979023674,321.959262465,1.163
postprocess_ms,2_7_bag_slow,323,1779956618956576520,322.93681531100003,1.052
postprocess_ms,2_7_bag_slow,324,1779956619942529736,323.922768527,1.631
postprocess_ms,2_7_bag_slow,325,1779956620942087667,324.92232645800004,1.794
postprocess_ms,2_7_bag_slow,326,1779956621942688350,325.922927141,0.878
postprocess_ms,2_7_bag_slow,327,1779956622968953447,326.949192238,0.902
postprocess_ms,2_7_bag_slow,328,1779956623970238842,327.95047763300005,0.898
postprocess_ms,2_7_bag_slow,329,1779956624945042845,328.925281636,2.124
postprocess_ms,2_7_bag_slow,330,1779956625937755891,329.917994682,1.077
postprocess_ms,2_7_bag_slow,331,1779956626944270895,330.924509686,1.108
postprocess_ms,2_7_bag_slow,332,1779956627957146214,331.937385005,0.951
postprocess_ms,2_7_bag_slow,333,1779956628948928421,332.92916721200004,0.729
postprocess_ms,2_7_bag_slow,334,1779956629946009800,333.92624859100005,1.134
postprocess_ms,2_7_bag_slow,335,1779956630961244628,334.941483419,0.862
postprocess_ms,2_7_bag_slow,336,1779956631967626919,335.94786571000003,1.363
postprocess_ms,2_7_bag_slow,337,1779956632959561784,336.93980057500005,0.893
postprocess_ms,2_7_bag_slow,338,1779956633948865432,337.929104223,1.1
postprocess_ms,2_7_bag_slow,339,1779956634954069868,338.934308659,1.515
postprocess_ms,2_7_bag_slow,340,1779956635935645215,339.915884006,0.621
postprocess_ms,2_7_bag_slow,341,1779956636971182403,340.95142119400003,0.651
postprocess_ms,2_7_bag_slow,342,1779956637934095618,341.91433440900005,0.714
postprocess_ms,2_7_bag_slow,343,1779956638966125651,342.946364442,0.921
postprocess_ms,2_7_bag_slow,344,1779956639952224254,343.932463045,0.836
postprocess_ms,2_7_bag_slow,345,1779956640954521821,344.93476061200005,0.949
postprocess_ms,2_7_bag_slow,346,1779956641979709452,345.95994824300004,0.993
postprocess_ms,2_7_bag_slow,347,1779956642929672144,346.909910935,2.443
postprocess_ms,2_7_bag_slow,348,1779956643953856442,347.934095233,0.585
postprocess_ms,2_7_bag_slow,349,1779956644950148977,348.930387768,0.919
postprocess_ms,2_7_bag_slow,350,1779956645951549188,349.93178797900003,0.76
postprocess_ms,2_7_bag_slow,351,1779956646955147506,350.93538629700004,0.583
postprocess_ms,2_7_bag_slow,352,1779956647944342506,351.92458129700003,0.953
postprocess_ms,2_7_bag_slow,353,1779956648972215879,352.95245467,0.662
postprocess_ms,2_7_bag_slow,354,1779956649975221872,353.955460663,1.224
postprocess_ms,2_7_bag_slow,355,1779956650932332528,354.912571319,1.226
postprocess_ms,2_7_bag_slow,356,1779956651953818714,355.934057505,1.19
postprocess_ms,2_7_bag_slow,357,1779956652950094215,356.930333006,0.807
postprocess_ms,2_7_bag_slow,358,1779956653969386218,357.94962500900004,0.65
postprocess_ms,2_7_bag_slow,359,1779956654967256567,358.947495358,1.521
postprocess_ms,2_7_bag_slow,360,1779956655945634360,359.925873151,0.609
postprocess_ms,2_7_bag_slow,361,1779956656932643291,360.912882082,1.226
postprocess_ms,2_7_bag_slow,362,1779956657936574617,361.916813408,0.536
postprocess_ms,2_7_bag_slow,363,1779956658978198573,362.958437364,0.631
postprocess_ms,2_7_bag_slow,364,1779956659954657666,363.93489645700004,0.634
postprocess_ms,2_7_bag_slow,365,1779956660942692351,364.92293114200004,1.292
postprocess_ms,2_7_bag_slow,366,1779956661970206075,365.950444866,0.918
postprocess_ms,2_7_bag_slow,367,1779956662944838308,366.925077099,1.072
postprocess_ms,2_7_bag_slow,368,1779956663960880705,367.941119496,0.85
postprocess_ms,2_7_bag_slow,369,1779956664936045476,368.91628426700004,0.834
postprocess_ms,2_7_bag_slow,370,1779956665948714687,369.92895347800004,1.048
postprocess_ms,2_7_bag_slow,371,1779956666962002199,370.94224099,1.32
postprocess_ms,2_7_bag_slow,372,1779956667949578430,371.929817221,0.955
postprocess_ms,2_7_bag_slow,373,1779956668948043854,372.928282645,1.025
postprocess_ms,2_7_bag_slow,374,1779956669970169628,373.95040841900004,0.894
postprocess_ms,2_7_bag_slow,375,1779956670981534640,374.96177343100004,1.067
postprocess_ms,2_7_bag_slow,376,1779956671926050156,375.906288947,0.804
postprocess_ms,2_7_bag_slow,377,1779956672939207736,376.91944652700005,1.163
postprocess_ms,2_7_bag_slow,378,1779956673973852148,377.954090939,2.517
postprocess_ms,2_7_bag_slow,379,1779956674932970603,378.91320939400003,0.924
postprocess_ms,2_7_bag_slow,380,1779956675937638377,379.917877168,0.839
postprocess_ms,2_7_bag_slow,381,1779956676948570247,380.928809038,1.431
postprocess_ms,2_7_bag_slow,382,1779956677933751031,381.913989822,1.364
postprocess_ms,2_7_bag_slow,383,1779956678989347952,382.96958674300004,1.272
postprocess_ms,2_7_bag_slow,384,1779956679944567887,383.92480667800004,1.118
postprocess_ms,2_7_bag_slow,385,1779956680958950572,384.939189363,1.171
postprocess_ms,2_7_bag_slow,386,1779956681950450430,385.930689221,0.96
postprocess_ms,2_7_bag_slow,387,1779956682943645620,386.923884411,1.043
postprocess_ms,2_7_bag_slow,388,1779956683933123611,387.913362402,1.236
postprocess_ms,2_7_bag_slow,389,1779956684968422074,388.948660865,0.746
postprocess_ms,2_7_bag_slow,390,1779956685941774497,389.922013288,1.037
postprocess_ms,2_7_bag_slow,391,1779956686981020634,390.96125942500004,0.97
postprocess_ms,2_7_bag_slow,392,1779956687945321328,391.925560119,1.089
postprocess_ms,2_7_bag_slow,393,1779956688951028370,392.93126716100005,1.619
postprocess_ms,2_7_bag_slow,394,1779956689948251750,393.92849054100003,0.983
postprocess_ms,2_7_bag_slow,395,1779956690934914132,394.91515292300005,1.164
postprocess_ms,2_7_bag_slow,396,1779956691935797377,395.916036168,0.618
postprocess_ms,2_7_bag_slow,397,1779956692951295195,396.93153398600003,1.054
postprocess_ms,2_7_bag_slow,398,1779956693933510069,397.91374886,0.594
postprocess_ms,2_7_bag_slow,399,1779956694936954280,398.91719307100004,1.038
postprocess_ms,2_7_bag_slow,400,1779956695955523299,399.93576209,1.1
postprocess_ms,2_7_bag_slow,401,1779956696949825261,400.93006405200003,0.653
postprocess_ms,2_7_bag_slow,402,1779956697969781514,401.950020305,0.594
postprocess_ms,2_7_bag_slow,403,1779956698973381423,402.953620214,1.151
postprocess_ms,2_7_bag_slow,404,1779956699936265628,403.91650441900003,1.322
postprocess_ms,2_7_bag_slow,405,1779956700961974020,404.94221281100005,0.797
postprocess_ms,2_7_bag_slow,406,1779956701964334127,405.944572918,0.796
postprocess_ms,2_7_bag_slow,407,1779956702934948377,406.91518716800005,0.613
postprocess_ms,2_7_bag_slow,408,1779956703944821005,407.925059796,0.63
postprocess_ms,2_7_bag_slow,409,1779956704953627399,408.93386619,0.657
postprocess_ms,2_7_bag_slow,410,1779956705971193680,409.95143247100003,0.612
postprocess_ms,2_7_bag_slow,411,1779956706943749594,410.92398838500003,1.371
postprocess_ms,2_7_bag_slow,412,1779956707953209246,411.933448037,2.337
postprocess_ms,2_7_bag_slow,413,1779956708939749989,412.91998878000004,0.982
postprocess_ms,2_7_bag_slow,414,1779956709955722079,413.93596087000003,0.694
postprocess_ms,2_7_bag_slow,415,1779956710964969264,414.945208055,0.915
postprocess_ms,2_7_bag_slow,416,1779956711955262161,415.93550095200004,0.97
postprocess_ms,2_7_bag_slow,417,1779956712966307246,416.946546037,0.913
postprocess_ms,2_7_bag_slow,418,1779956713944184504,417.92442329500005,0.74
postprocess_ms,2_7_bag_slow,419,1779956714961815370,418.94205416100004,1.441
postprocess_ms,2_7_bag_slow,420,1779956715942700725,419.92293951600004,0.847
postprocess_ms,2_7_bag_slow,421,1779956716950511589,420.93075038,0.885
postprocess_ms,2_7_bag_slow,422,1779956717939302048,421.91954083900004,0.725
postprocess_ms,2_7_bag_slow,423,1779956718971570955,422.95180974600004,0.965
postprocess_ms,2_7_bag_slow,424,1779956719971096702,423.95133549300004,0.627
postprocess_ms,2_7_bag_slow,425,1779956720932694544,424.91293333500005,0.521
postprocess_ms,2_7_bag_slow,426,1779956721943804445,425.92404323600005,0.821
postprocess_ms,2_7_bag_slow,427,1779956722951535942,426.93177473300005,0.894
postprocess_ms,2_7_bag_slow,428,1779956723937964100,427.918202891,0.776
postprocess_ms,2_7_bag_slow,429,1779956724970059854,428.95029864500003,1.265
postprocess_ms,2_7_bag_slow,430,1779956725944067409,429.92430620000005,0.785
postprocess_ms,2_7_bag_slow,431,1779956726968944411,430.94918320200003,1.36
postprocess_ms,2_7_bag_slow,432,1779956727956178605,431.936417396,0.839
postprocess_ms,2_7_bag_slow,433,1779956728951220952,432.931459743,1.018
postprocess_ms,2_7_bag_slow,434,1779956729944287196,433.92452598700004,1.015
postprocess_ms,2_7_bag_slow,435,1779956730958582240,434.93882103100003,0.715
postprocess_ms,2_7_bag_slow,436,1779956731994598471,435.97483726200005,0.825
postprocess_ms,2_7_bag_slow,437,1779956732948271667,436.928510458,1.025
postprocess_ms,2_7_bag_slow,438,1779956733962020671,437.94225946200004,1.129
postprocess_ms,2_7_bag_slow,439,1779956734956355237,438.936594028,0.591
postprocess_ms,2_7_bag_slow,440,1779956735947372822,439.927611613,0.845
postprocess_ms,2_7_bag_slow,441,1779956736947726670,440.92796546100004,0.642
postprocess_ms,2_7_bag_slow,442,1779956737928435786,441.908674577,0.649
postprocess_ms,2_7_bag_slow,443,1779956738955062173,442.935300964,1.481
postprocess_ms,2_7_bag_slow,444,1779956739946582746,443.926821537,0.731
postprocess_ms,2_7_bag_slow,445,1779956740962885452,444.943124243,0.884
postprocess_ms,2_7_bag_slow,446,1779956741933755078,445.913993869,0.87
postprocess_ms,2_7_bag_slow,447,1779956742934530863,446.91476965400005,0.591
postprocess_ms,2_7_bag_slow,448,1779956743936735717,447.916974508,0.749
postprocess_ms,2_7_bag_slow,449,1779956744945713090,448.925951881,0.592
postprocess_ms,2_7_bag_slow,450,1779956745980252338,449.96049112900005,0.962
postprocess_ms,2_7_bag_slow,451,1779956746931970042,450.912208833,0.761
postprocess_ms,2_7_bag_slow,452,1779956747932458973,451.91269776400003,0.853
postprocess_ms,2_7_bag_slow,453,1779956748953616619,452.93385541000004,0.601
postprocess_ms,2_7_bag_slow,454,1779956749969316979,453.94955577,1.215
postprocess_ms,2_7_bag_slow,455,1779956750985087959,454.96532675000003,1.94
postprocess_ms,2_7_bag_slow,456,1779956751942416975,455.92265576600005,0.692
postprocess_ms,2_7_bag_slow,457,1779956752971463525,456.951702316,1.029
postprocess_ms,2_7_bag_slow,458,1779956753947894150,457.928132941,0.819
postprocess_ms,2_7_bag_slow,459,1779956754951409953,458.93164874400003,0.968
postprocess_ms,2_7_bag_slow,460,1779956755937432889,459.91767168,0.957
postprocess_ms,2_7_bag_slow,461,1779956756943058931,460.92329772200003,0.953
postprocess_ms,2_7_bag_slow,462,1779956757951564267,461.931803058,0.755
postprocess_ms,2_7_bag_slow,463,1779956758939302088,462.919540879,1.678
postprocess_ms,2_7_bag_slow,464,1779956759951877910,463.93211670100004,0.929
postprocess_ms,2_7_bag_slow,465,1779956760944434323,464.92467311400003,1.037
postprocess_ms,2_7_bag_slow,466,1779956761958516186,465.93875497700003,0.545
postprocess_ms,2_7_bag_slow,467,1779956762947662751,466.92790154200003,0.652
postprocess_ms,2_7_bag_slow,468,1779956763943043358,467.92328214900004,0.754
postprocess_ms,2_7_bag_slow,469,1779956764959966600,468.940205391,1.065
postprocess_ms,2_7_bag_slow,470,1779956765996315082,469.97655387300006,0.621
postprocess_ms,2_7_bag_slow,471,1779956766945395370,470.925634161,3.175
postprocess_ms,2_7_bag_slow,472,1779956767941196530,471.92143532100005,0.652
postprocess_ms,2_7_bag_slow,473,1779956768944187430,472.92442622100003,1.284
postprocess_ms,2_7_bag_slow,474,1779956769948668509,473.92890730000005,1.131
postprocess_ms,2_7_bag_slow,475,1779956770940684854,474.920923645,0.657
postprocess_ms,2_7_bag_slow,476,1779956771962277022,475.94251581300006,1.212
postprocess_ms,2_7_bag_slow,477,1779956772952240712,476.932479503,1.014
postprocess_ms,2_7_bag_slow,478,1779956773964979479,477.94521827000005,0.964
postprocess_ms,2_7_bag_slow,479,1779956774950543871,478.930782662,1.033
postprocess_ms,2_7_bag_slow,480,1779956775946415451,479.92665424200004,1.068
postprocess_ms,2_7_bag_slow,481,1779956776945534643,480.925773434,0.654
postprocess_ms,2_7_bag_slow,482,1779956777936468729,481.91670752000005,0.961
postprocess_ms,2_7_bag_slow,483,1779956778947274960,482.92751375100005,0.584
postprocess_ms,2_7_bag_slow,484,1779956779962580470,483.942819261,1.0
postprocess_ms,2_7_bag_slow,485,1779956780946047603,484.92628639400004,0.802
postprocess_ms,2_7_bag_slow,486,1779956781942651179,485.92288997,1.134
postprocess_ms,2_7_bag_slow,487,1779956782957471882,486.937710673,1.968
postprocess_ms,2_7_bag_slow,488,1779956783952239290,487.93247808100006,0.668
postprocess_ms,2_7_bag_slow,489,1779956784962740491,488.942979282,0.848
postprocess_ms,2_7_bag_slow,490,1779956785937697969,489.91793676000003,1.419
postprocess_ms,2_7_bag_slow,491,1779956786959103724,490.939342515,0.688
postprocess_ms,2_7_bag_slow,492,1779956787948789307,491.929028098,1.083
postprocess_ms,2_7_bag_slow,493,1779956788974487305,492.95472609600006,1.009
postprocess_ms,2_7_bag_slow,494,1779956789952742501,493.932981292,0.852
postprocess_ms,2_7_bag_slow,495,1779956790949207959,494.92944675,0.997
postprocess_ms,2_7_bag_slow,496,1779956791953676251,495.933915042,0.944
postprocess_ms,2_7_bag_slow,497,1779956792985541969,496.96578076000003,0.895
postprocess_ms,2_7_bag_slow,498,1779956793968157623,497.94839641400006,1.349
postprocess_ms,2_7_bag_slow,499,1779956794960445264,498.940684055,0.643
postprocess_ms,2_7_bag_slow,500,1779956795938809125,499.919047916,0.982
postprocess_ms,2_7_bag_slow,501,1779956796929758701,500.90999749200006,1.046
postprocess_ms,2_7_bag_slow,502,1779956797945581026,501.92581981700005,1.955
postprocess_ms,2_7_bag_slow,503,1779956798947862951,502.928101742,0.963
postprocess_ms,2_7_bag_slow,504,1779956799982082802,503.962321593,0.876
postprocess_ms,2_7_bag_slow,505,1779956800938175176,504.91841396700005,1.133
postprocess_ms,2_7_bag_slow,506,1779956801970371297,505.950610088,1.223
postprocess_ms,2_7_bag_slow,507,1779956802960445633,506.94068442400004,0.947
postprocess_ms,2_7_bag_slow,508,1779956803936663393,507.91690218400004,0.557
postprocess_ms,2_7_bag_slow,509,1779956804938773659,508.91901245,1.728
postprocess_ms,2_7_bag_slow,510,1779956805937807571,509.91804636200004,0.639
postprocess_ms,2_7_bag_slow,511,1779956806970121648,510.950360439,1.704
postprocess_ms,2_7_bag_slow,512,1779956807953558937,511.93379772800006,0.96
postprocess_ms,2_7_bag_slow,513,1779956808955029471,512.935268262,0.842
postprocess_ms,2_7_bag_slow,514,1779956809963136522,513.943375313,1.144
postprocess_ms,2_7_bag_slow,515,1779956810933426265,514.913665056,0.764
postprocess_ms,2_7_bag_slow,516,1779956811944682930,515.924921721,0.853
postprocess_ms,2_7_bag_slow,517,1779956812933056523,516.913295314,0.728
postprocess_ms,2_7_bag_slow,518,1779956813932136728,517.9123755190001,0.753
postprocess_ms,2_7_bag_slow,519,1779956814963905582,518.9441443730001,0.844
postprocess_ms,2_7_bag_slow,520,1779956815930085904,519.910324695,0.614
postprocess_ms,2_7_bag_slow,521,1779956816939922866,520.920161657,1.424
postprocess_ms,2_7_bag_slow,522,1779956817938760663,521.9189994540001,0.7
postprocess_ms,2_7_bag_slow,523,1779956818944611714,522.924850505,1.401
postprocess_ms,2_7_bag_slow,524,1779956819946487998,523.926726789,1.368
postprocess_ms,2_7_bag_slow,525,1779956820976273313,524.956512104,0.734
postprocess_ms,2_7_bag_slow,526,1779956821970331019,525.95056981,1.455
postprocess_ms,2_7_bag_slow,527,1779956822962983681,526.943222472,1.18
postprocess_ms,2_7_bag_slow,528,1779956823955199858,527.935438649,0.584
postprocess_ms,2_7_bag_slow,529,1779956824954607902,528.934846693,1.03
postprocess_ms,2_7_bag_slow,530,1779956825953149708,529.933388499,1.019
postprocess_ms,2_7_bag_slow,531,1779956826998293357,530.978532148,0.941
postprocess_ms,2_7_bag_slow,532,1779956827957226380,531.937465171,1.56
postprocess_ms,2_7_bag_slow,533,1779956828952470040,532.932708831,1.094
postprocess_ms,2_7_bag_slow,534,1779956829933920138,533.914158929,0.605
postprocess_ms,2_7_bag_slow,535,1779956830937043907,534.917282698,1.627
postprocess_ms,2_7_bag_slow,536,1779956831936572840,535.9168116310001,0.908
postprocess_ms,2_7_bag_slow,537,1779956832936719852,536.916958643,2.413
postprocess_ms,2_7_bag_slow,538,1779956833970579416,537.950818207,1.055
postprocess_ms,2_7_bag_slow,539,1779956834952846250,538.933085041,1.425
postprocess_ms,2_7_bag_slow,540,1779956835960552494,539.940791285,1.547
postprocess_ms,2_7_bag_slow,541,1779956837005003239,540.98524203,1.264
postprocess_ms,2_7_bag_slow,542,1779956837972505422,541.9527442130001,0.812
postprocess_ms,2_7_bag_slow,543,1779956838942094156,542.9223329470001,1.13
postprocess_ms,2_7_bag_slow,544,1779956839966016874,543.9462556650001,1.09
postprocess_ms,2_7_bag_slow,545,1779956840937985426,544.918224217,0.606
postprocess_ms,2_7_bag_slow,546,1779956841958048533,545.938287324,0.844
postprocess_ms,2_7_bag_slow,547,1779956842996068854,546.976307645,0.726
postprocess_ms,2_7_bag_slow,548,1779956843959971939,547.94021073,0.689
postprocess_ms,2_7_bag_slow,549,1779956844954210952,548.9344497430001,1.385
postprocess_ms,2_7_bag_slow,550,1779956845944276773,549.924515564,1.468
postprocess_ms,2_7_bag_slow,551,1779956846960942214,550.9411810050001,1.678
postprocess_ms,2_7_bag_slow,552,1779956847945061612,551.925300403,1.572
postprocess_ms,2_7_bag_slow,553,1779956848979885992,552.9601247830001,1.083
postprocess_ms,2_7_bag_slow,554,1779956849942116907,553.922355698,1.084
postprocess_ms,2_7_bag_slow,555,1779956850944057570,554.9242963610001,1.002
postprocess_ms,2_7_bag_slow,556,1779956851947206691,555.927445482,0.653
postprocess_ms,2_7_bag_slow,557,1779956852970580575,556.950819366,1.77
postprocess_ms,2_7_bag_slow,558,1779956853934706691,557.914945482,0.567
postprocess_ms,2_7_bag_slow,559,1779956854982572620,558.9628114110001,0.621
postprocess_ms,2_7_bag_slow,560,1779956855941253663,559.921492454,0.939
postprocess_ms,2_7_bag_slow,561,1779956856953850746,560.9340895370001,0.748
postprocess_ms,2_7_bag_slow,562,1779956857960632464,561.940871255,1.707
postprocess_ms,2_7_bag_slow,563,1779956858956720863,562.936959654,0.698
postprocess_ms,2_7_bag_slow,564,1779956859975949363,563.9561881540001,1.279
postprocess_ms,2_7_bag_slow,565,1779956860987568939,564.96780773,0.948
postprocess_ms,2_7_bag_slow,566,1779956861963029819,565.94326861,1.029
postprocess_ms,2_7_bag_slow,567,1779956862962779548,566.943018339,0.675
postprocess_ms,2_7_bag_slow,568,1779956863963664576,567.9439033670001,1.002
postprocess_ms,2_7_bag_slow,569,1779956864950873625,568.931112416,0.934
postprocess_ms,2_7_bag_slow,570,1779956865945537843,569.925776634,1.071
postprocess_ms,2_7_bag_slow,571,1779956866972618217,570.952857008,0.695
postprocess_ms,2_7_bag_slow,572,1779956867945945157,571.926183948,1.211
postprocess_ms,2_7_bag_slow,573,1779956869020859320,573.001098111,1.676
postprocess_ms,2_7_bag_slow,574,1779956869935443524,573.915682315,1.127
postprocess_ms,2_7_bag_slow,575,1779956870939205339,574.91944413,1.152
postprocess_ms,2_7_bag_slow,576,1779956871948616748,575.928855539,0.943
postprocess_ms,2_7_bag_slow,577,1779956872947011082,576.927249873,1.486
postprocess_ms,2_7_bag_slow,578,1779956873950076304,577.9303150950001,1.416
postprocess_ms,2_7_bag_slow,579,1779956874963298384,578.9435371750001,1.107
postprocess_ms,2_7_bag_slow,580,1779956875945997937,579.926236728,1.538
postprocess_ms,2_7_bag_slow,581,1779956876969350203,580.949588994,0.796
postprocess_ms,2_7_bag_slow,582,1779956877948750532,581.928989323,0.622
postprocess_ms,2_7_bag_slow,583,1779956878934789845,582.915028636,1.686
postprocess_ms,2_7_bag_slow,584,1779956879961791589,583.94203038,1.437
postprocess_ms,2_7_bag_slow,585,1779956880935614559,584.91585335,0.822
postprocess_ms,2_7_bag_slow,586,1779956881948056688,585.928295479,0.641
postprocess_ms,2_7_bag_slow,587,1779956882948276771,586.928515562,1.025
postprocess_ms,2_7_bag_slow,588,1779956883939903452,587.920142243,1.302
postprocess_ms,2_7_bag_slow,589,1779956884960138151,588.9403769420001,0.691
postprocess_ms,2_7_bag_slow,590,1779956885943077934,589.9233167250001,1.038
postprocess_ms,2_7_bag_slow,591,1779956886945212309,590.9254511,1.518
postprocess_ms,2_7_bag_slow,592,1779956887946709345,591.9269481360001,1.417
postprocess_ms,2_7_new_plugin_bag,0,1779954819392521753,0.0,1.561
postprocess_ms,2_7_new_plugin_bag,1,1779954819465237768,0.07271601500000001,2.822
postprocess_ms,2_7_new_plugin_bag,2,1779954819558421347,0.165899594,3.349
postprocess_ms,2_7_new_plugin_bag,3,1779954819661267492,0.26874573900000004,1.205
postprocess_ms,2_7_new_plugin_bag,4,1779954819769536477,0.377014724,6.663
postprocess_ms,2_7_new_plugin_bag,5,1779954819876291269,0.483769516,2.201
postprocess_ms,2_7_new_plugin_bag,6,1779954820001506963,0.60898521,2.436
postprocess_ms,2_7_new_plugin_bag,7,1779954820133919319,0.7413975660000001,3.627
postprocess_ms,2_7_new_plugin_bag,8,1779954820179173775,0.7866520220000001,5.199
postprocess_ms,2_7_new_plugin_bag,9,1779954820321737099,0.9292153460000001,4.242
postprocess_ms,2_7_new_plugin_bag,10,1779954820367063604,0.974541851,1.766
postprocess_ms,2_7_new_plugin_bag,11,1779954820495939681,1.103417928,1.762
postprocess_ms,2_7_new_plugin_bag,12,1779954820556641355,1.164119602,3.897
postprocess_ms,2_7_new_plugin_bag,13,1779954820645947554,1.2534258010000001,0.777
postprocess_ms,2_7_new_plugin_bag,14,1779954820776403449,1.383881696,7.439
postprocess_ms,2_7_new_plugin_bag,15,1779954820934907761,1.542386008,1.056
postprocess_ms,2_7_new_plugin_bag,16,1779954821022526994,1.630005241,5.792
postprocess_ms,2_7_new_plugin_bag,17,1779954821088278000,1.695756247,11.624
postprocess_ms,2_7_new_plugin_bag,18,1779954821171275076,1.778753323,3.044
postprocess_ms,2_7_new_plugin_bag,19,1779954821395803073,2.00328132,1.245
postprocess_ms,2_7_new_plugin_bag,20,1779954821556783830,2.164262077,1.232
postprocess_ms,2_7_new_plugin_bag,21,1779954821668206327,2.275684574,3.198
postprocess_ms,2_7_new_plugin_bag,22,1779954821955857823,2.56333607,2.076
postprocess_ms,2_7_new_plugin_bag,23,1779954822053454747,2.6609329940000004,3.321
postprocess_ms,2_7_new_plugin_bag,24,1779954822196350843,2.8038290900000002,8.135
postprocess_ms,2_7_new_plugin_bag,25,1779954822279043716,2.8865219630000003,8.477
postprocess_ms,2_7_new_plugin_bag,26,1779954822433707206,3.041185453,7.115
postprocess_ms,2_7_new_plugin_bag,27,1779954822517178073,3.12465632,1.225
postprocess_ms,2_7_new_plugin_bag,28,1779954822687612382,3.295090629,5.043
postprocess_ms,2_7_new_plugin_bag,29,1779954822836030848,3.443509095,2.224
postprocess_ms,2_7_new_plugin_bag,30,1779954822927330593,3.53480884,1.634
postprocess_ms,2_7_new_plugin_bag,31,1779954823021671006,3.629149253,1.325
postprocess_ms,2_7_new_plugin_bag,32,1779954823114086778,3.7215650250000003,14.856
postprocess_ms,2_7_new_plugin_bag,33,1779954823193025522,3.800503769,2.421
postprocess_ms,2_7_new_plugin_bag,34,1779954823358123309,3.965601556,10.034
postprocess_ms,2_7_new_plugin_bag,35,1779954823440710617,4.048188864,6.154
postprocess_ms,2_7_new_plugin_bag,36,1779954823504422440,4.111900687,7.517
postprocess_ms,2_7_new_plugin_bag,37,1779954823564508545,4.171986792,1.269
postprocess_ms,2_7_new_plugin_bag,38,1779954823647865288,4.255343535000001,4.515
postprocess_ms,2_7_new_plugin_bag,39,1779954823708397432,4.315875679,7.636
postprocess_ms,2_7_new_plugin_bag,40,1779954823816183915,4.423662162,4.928
postprocess_ms,2_7_new_plugin_bag,41,1779954823877729452,4.485207699,3.411
postprocess_ms,2_7_new_plugin_bag,42,1779954824062881661,4.670359908,4.269
postprocess_ms,2_7_new_plugin_bag,43,1779954824145562878,4.753041125,5.725
postprocess_ms,2_7_new_plugin_bag,44,1779954824214264786,4.821743033000001,7.658
postprocess_ms,2_7_new_plugin_bag,45,1779954824348813972,4.956292219000001,9.25
postprocess_ms,2_7_new_plugin_bag,46,1779954824417359063,5.024837310000001,2.999
postprocess_ms,2_7_new_plugin_bag,47,1779954824507938399,5.115416646,2.108
postprocess_ms,2_7_new_plugin_bag,48,1779954824599121654,5.206599901000001,2.303
postprocess_ms,2_7_new_plugin_bag,49,1779954824643852226,5.251330473,0.977
postprocess_ms,2_7_new_plugin_bag,50,1779954824737760532,5.345238779000001,3.086
postprocess_ms,2_7_new_plugin_bag,51,1779954824887371804,5.494850051,14.6
postprocess_ms,2_7_new_plugin_bag,52,1779954824968033641,5.575511888,3.86
postprocess_ms,2_7_new_plugin_bag,53,1779954825037735339,5.645213586000001,0.847
postprocess_ms,2_7_new_plugin_bag,54,1779954825119193484,5.726671731000001,3.59
postprocess_ms,2_7_new_plugin_bag,55,1779954825237118599,5.844596846,17.501
postprocess_ms,2_7_new_plugin_bag,56,1779954825298383202,5.9058614490000005,1.089
postprocess_ms,2_7_new_plugin_bag,57,1779954825354011684,5.961489931,2.014
postprocess_ms,2_7_new_plugin_bag,58,1779954825444543134,6.052021381,1.623
postprocess_ms,2_7_new_plugin_bag,59,1779954825532426527,6.139904774000001,2.855
postprocess_ms,2_7_new_plugin_bag,60,1779954825615927260,6.223405507000001,2.97
postprocess_ms,2_7_new_plugin_bag,61,1779954825664972549,6.272450796,5.458
postprocess_ms,2_7_new_plugin_bag,62,1779954825739432016,6.346910263000001,1.527
postprocess_ms,2_7_new_plugin_bag,63,1779954825850655551,6.458133798,1.794
postprocess_ms,2_7_new_plugin_bag,64,1779954825954874434,6.562352681,4.322
postprocess_ms,2_7_new_plugin_bag,65,1779954826052093142,6.659571389000001,3.011
postprocess_ms,2_7_new_plugin_bag,66,1779954826137180801,6.744659048000001,1.346
postprocess_ms,2_7_new_plugin_bag,67,1779954826230738428,6.838216675000001,1.785
postprocess_ms,2_7_new_plugin_bag,68,1779954826349566547,6.957044794000001,3.477
postprocess_ms,2_7_new_plugin_bag,69,1779954826472982005,7.080460252000001,1.707
postprocess_ms,2_7_new_plugin_bag,70,1779954826548254528,7.155732775000001,5.599
postprocess_ms,2_7_new_plugin_bag,71,1779954826667435932,7.2749141790000005,0.963
postprocess_ms,2_7_new_plugin_bag,72,1779954826749382612,7.356860859,1.485
postprocess_ms,2_7_new_plugin_bag,73,1779954826865831046,7.473309293000001,11.555
postprocess_ms,2_7_new_plugin_bag,74,1779954826971778672,7.5792569190000005,1.16
postprocess_ms,2_7_new_plugin_bag,75,1779954827064935807,7.672414054000001,0.878
postprocess_ms,2_7_new_plugin_bag,76,1779954827169237648,7.776715895000001,1.289
postprocess_ms,2_7_new_plugin_bag,77,1779954827272353352,7.879831599,10.708
postprocess_ms,2_7_new_plugin_bag,78,1779954827372100668,7.979578915,5.328
postprocess_ms,2_7_new_plugin_bag,79,1779954827438040952,8.045519199000001,1.701
postprocess_ms,2_7_new_plugin_bag,80,1779954827563070874,8.170549121,2.85
postprocess_ms,2_7_new_plugin_bag,81,1779954827642554997,8.250033244,2.473
postprocess_ms,2_7_new_plugin_bag,82,1779954827739178662,8.346656909,1.605
postprocess_ms,2_7_new_plugin_bag,83,1779954827839619409,8.447097656,1.381
postprocess_ms,2_7_new_plugin_bag,84,1779954827941447634,8.548925881,1.652
postprocess_ms,2_7_new_plugin_bag,85,1779954828096994879,8.704473126,4.158
postprocess_ms,2_7_new_plugin_bag,86,1779954828156863317,8.764341564,1.633
postprocess_ms,2_7_new_plugin_bag,87,1779954828239527279,8.847005526,1.17
postprocess_ms,2_7_new_plugin_bag,88,1779954828344666076,8.952144323,2.312
postprocess_ms,2_7_new_plugin_bag,89,1779954828451085144,9.058563391,0.955
postprocess_ms,2_7_new_plugin_bag,90,1779954828554469068,9.161947315,1.167
postprocess_ms,2_7_new_plugin_bag,91,1779954828638130178,9.245608425,1.017
postprocess_ms,2_7_new_plugin_bag,92,1779954828728485936,9.335964183,2.577
postprocess_ms,2_7_new_plugin_bag,93,1779954828854185730,9.461663977,1.878
postprocess_ms,2_7_new_plugin_bag,94,1779954828972879158,9.580357405,1.367
postprocess_ms,2_7_new_plugin_bag,95,1779954829060258962,9.667737209,3.845
postprocess_ms,2_7_new_plugin_bag,96,1779954829155812933,9.763291180000001,2.606
postprocess_ms,2_7_new_plugin_bag,97,1779954829255122566,9.862600813,5.997
postprocess_ms,2_7_new_plugin_bag,98,1779954829349796560,9.957274807000001,4.429
postprocess_ms,2_7_new_plugin_bag,99,1779954829428618070,10.036096317,0.617
postprocess_ms,2_7_new_plugin_bag,100,1779954829531310927,10.138789174000001,1.498
postprocess_ms,2_7_new_plugin_bag,101,1779954829692628654,10.300106901000001,0.69
postprocess_ms,2_7_new_plugin_bag,102,1779954829732983297,10.340461544,1.018
postprocess_ms,2_7_new_plugin_bag,103,1779954829828766956,10.436245203,1.791
postprocess_ms,2_7_new_plugin_bag,104,1779954829928410110,10.535888357000001,1.873
postprocess_ms,2_7_new_plugin_bag,105,1779954830060020879,10.667499126000001,6.733
postprocess_ms,2_7_new_plugin_bag,106,1779954830126568651,10.734046898,1.886
postprocess_ms,2_7_new_plugin_bag,107,1779954830225102820,10.832581067000001,1.1
postprocess_ms,2_7_new_plugin_bag,108,1779954830321329898,10.928808145000001,2.162
postprocess_ms,2_7_new_plugin_bag,109,1779954830460731721,11.068209968000001,4.495
postprocess_ms,2_7_new_plugin_bag,110,1779954830536348680,11.143826927000001,0.985
postprocess_ms,2_7_new_plugin_bag,111,1779954830631065055,11.238543302,0.882
postprocess_ms,2_7_new_plugin_bag,112,1779954830749251869,11.356730116000001,3.914
postprocess_ms,2_7_new_plugin_bag,113,1779954830829487077,11.436965324,1.157
postprocess_ms,2_7_new_plugin_bag,114,1779954830946869811,11.554348058,3.343
postprocess_ms,2_7_new_plugin_bag,115,1779954831033474015,11.640952262,3.069
postprocess_ms,2_7_new_plugin_bag,116,1779954831143150336,11.750628583000001,2.33
postprocess_ms,2_7_new_plugin_bag,117,1779954831268583490,11.876061737,3.753
postprocess_ms,2_7_new_plugin_bag,118,1779954831372494292,11.979972539,1.133
postprocess_ms,2_7_new_plugin_bag,119,1779954831445070706,12.052548953,2.64
postprocess_ms,2_7_new_plugin_bag,120,1779954831546693571,12.154171818,1.636
postprocess_ms,2_7_new_plugin_bag,121,1779954831669835584,12.277313831,4.979
postprocess_ms,2_7_new_plugin_bag,122,1779954831774812778,12.382291025,1.239
postprocess_ms,2_7_new_plugin_bag,123,1779954831857653027,12.465131274,2.54
postprocess_ms,2_7_new_plugin_bag,124,1779954831933126697,12.540604944,3.021
postprocess_ms,2_7_new_plugin_bag,125,1779954832067654737,12.675132984000001,3.754
postprocess_ms,2_7_new_plugin_bag,126,1779954832131350491,12.738828738,1.435
postprocess_ms,2_7_new_plugin_bag,127,1779954832234796162,12.842274409000002,0.976
postprocess_ms,2_7_new_plugin_bag,128,1779954832347591437,12.955069684000001,4.503
postprocess_ms,2_7_new_plugin_bag,129,1779954832434402805,13.041881052,0.837
postprocess_ms,2_7_new_plugin_bag,130,1779954832538509807,13.145988054,1.106
postprocess_ms,2_7_new_plugin_bag,131,1779954832631811564,13.239289811,3.547
postprocess_ms,2_7_new_plugin_bag,132,1779954832747791625,13.355269872000001,1.217
postprocess_ms,2_7_new_plugin_bag,133,1779954832853384543,13.46086279,1.45
postprocess_ms,2_7_new_plugin_bag,134,1779954832924930961,13.532409208,0.692
postprocess_ms,2_7_new_plugin_bag,135,1779954833056117307,13.663595554,5.135
postprocess_ms,2_7_new_plugin_bag,136,1779954833139256856,13.746735103,0.844
postprocess_ms,2_7_new_plugin_bag,137,1779954833275171995,13.882650242,1.217
postprocess_ms,2_7_new_plugin_bag,138,1779954833332553863,13.94003211,1.257
postprocess_ms,2_7_new_plugin_bag,139,1779954833455393541,14.062871788,7.562
postprocess_ms,2_7_new_plugin_bag,140,1779954833571052204,14.178530451,4.939
postprocess_ms,2_7_new_plugin_bag,141,1779954833635714773,14.243193020000001,1.719
postprocess_ms,2_7_new_plugin_bag,142,1779954833748838480,14.356316727000001,3.426
postprocess_ms,2_7_new_plugin_bag,143,1779954833897458449,14.504936696000001,2.081
postprocess_ms,2_7_new_plugin_bag,144,1779954833975072362,14.582550609,10.601
postprocess_ms,2_7_new_plugin_bag,145,1779954834055071399,14.662549646,1.477
postprocess_ms,2_7_new_plugin_bag,146,1779954834160512624,14.767990871,10.62
postprocess_ms,2_7_new_plugin_bag,147,1779954834246284256,14.853762503,1.305
postprocess_ms,2_7_new_plugin_bag,148,1779954834361948259,14.969426506000001,2.078
postprocess_ms,2_7_new_plugin_bag,149,1779954834497886804,15.105365051000001,1.466
postprocess_ms,2_7_new_plugin_bag,150,1779954834582456881,15.189935128,18.603
postprocess_ms,2_7_new_plugin_bag,151,1779954834666644604,15.274122851000001,3.761
postprocess_ms,2_7_new_plugin_bag,152,1779954834752089744,15.359567991,2.483
postprocess_ms,2_7_new_plugin_bag,153,1779954834859037853,15.466516100000002,1.445
postprocess_ms,2_7_new_plugin_bag,154,1779954834957853146,15.565331393000001,1.158
postprocess_ms,2_7_new_plugin_bag,155,1779954835087940178,15.695418425000002,1.128
postprocess_ms,2_7_new_plugin_bag,156,1779954835155036805,15.762515052000001,3.009
postprocess_ms,2_7_new_plugin_bag,157,1779954835291438282,15.898916529000001,1.361
postprocess_ms,2_7_new_plugin_bag,158,1779954835364104771,15.971583018,0.97
postprocess_ms,2_7_new_plugin_bag,159,1779954835430979444,16.038457691,0.845
postprocess_ms,2_7_new_plugin_bag,160,1779954835544882553,16.1523608,2.189
postprocess_ms,2_7_new_plugin_bag,161,1779954835643347915,16.250826162000003,3.372
postprocess_ms,2_7_new_plugin_bag,162,1779954835757812759,16.365291006,2.925
postprocess_ms,2_7_new_plugin_bag,163,1779954835826065111,16.433543358,2.597
postprocess_ms,2_7_new_plugin_bag,164,1779954835995792257,16.603270504,4.351
postprocess_ms,2_7_new_plugin_bag,165,1779954836030365809,16.637844056000002,2.552
postprocess_ms,2_7_new_plugin_bag,166,1779954836155524809,16.763003056000002,1.597
postprocess_ms,2_7_new_plugin_bag,167,1779954836231460111,16.838938358,1.16
postprocess_ms,2_7_new_plugin_bag,168,1779954836352406628,16.959884875,1.756
postprocess_ms,2_7_new_plugin_bag,169,1779954836499822595,17.107300842,7.346
postprocess_ms,2_7_new_plugin_bag,170,1779954836539318266,17.146796513,0.813
postprocess_ms,2_7_new_plugin_bag,171,1779954836640982947,17.248461194,1.714
postprocess_ms,2_7_new_plugin_bag,172,1779954836724090034,17.331568281000003,1.521
postprocess_ms,2_7_new_plugin_bag,173,1779954836835423839,17.442902086,2.658
postprocess_ms,2_7_new_plugin_bag,174,1779954836943482341,17.550960588000002,3.006
postprocess_ms,2_7_new_plugin_bag,175,1779954837059279453,17.6667577,3.629
postprocess_ms,2_7_new_plugin_bag,176,1779954837142925170,17.750403417,2.764
postprocess_ms,2_7_new_plugin_bag,177,1779954837231161736,17.838639983,1.339
postprocess_ms,2_7_new_plugin_bag,178,1779954837344890813,17.952369060000002,5.158
postprocess_ms,2_7_new_plugin_bag,179,1779954837428474162,18.035952409,1.621
postprocess_ms,2_7_new_plugin_bag,180,1779954837544997435,18.152475682000002,2.267
postprocess_ms,2_7_new_plugin_bag,181,1779954837626187941,18.233666188,1.956
postprocess_ms,2_7_new_plugin_bag,182,1779954837746734073,18.354212320000002,2.592
postprocess_ms,2_7_new_plugin_bag,183,1779954837825305145,18.432783392,0.806
postprocess_ms,2_7_new_plugin_bag,184,1779954837943328821,18.550807068,1.078
postprocess_ms,2_7_new_plugin_bag,185,1779954838052911000,18.660389247,2.261
postprocess_ms,2_7_new_plugin_bag,186,1779954838136751557,18.744229804,1.155
postprocess_ms,2_7_new_plugin_bag,187,1779954838230386498,18.837864745,0.927
postprocess_ms,2_7_new_plugin_bag,188,1779954838355064899,18.962543146,0.704
postprocess_ms,2_7_new_plugin_bag,189,1779954838457640645,19.065118892,1.449
postprocess_ms,2_7_new_plugin_bag,190,1779954838541809553,19.1492878,0.835
postprocess_ms,2_7_new_plugin_bag,191,1779954838661293856,19.268772103,2.424
postprocess_ms,2_7_new_plugin_bag,192,1779954838754514324,19.361992571000002,2.283
postprocess_ms,2_7_new_plugin_bag,193,1779954838829346795,19.436825042000002,0.957
postprocess_ms,2_7_new_plugin_bag,194,1779954838946169306,19.553647553,3.451
postprocess_ms,2_7_new_plugin_bag,195,1779954839060264458,19.667742705000002,3.98
postprocess_ms,2_7_new_plugin_bag,196,1779954839132722415,19.740200662,0.733
postprocess_ms,2_7_new_plugin_bag,197,1779954839229855080,19.837333327,2.528
postprocess_ms,2_7_new_plugin_bag,198,1779954839342900096,19.950378343,0.819
postprocess_ms,2_7_new_plugin_bag,199,1779954839462024637,20.069502884000002,0.712
postprocess_ms,2_7_new_plugin_bag,200,1779954839536856334,20.144334581000003,0.747
postprocess_ms,2_7_new_plugin_bag,201,1779954839679209553,20.286687800000003,5.708
postprocess_ms,2_7_new_plugin_bag,202,1779954839755970040,20.363448287,1.181
postprocess_ms,2_7_new_plugin_bag,203,1779954839861437711,20.468915958,6.39
postprocess_ms,2_7_new_plugin_bag,204,1779954839991703880,20.599182127000002,2.536
postprocess_ms,2_7_new_plugin_bag,205,1779954840036186980,20.643665227,0.819
postprocess_ms,2_7_new_plugin_bag,206,1779954840144661249,20.752139496,2.848
postprocess_ms,2_7_new_plugin_bag,207,1779954840236464913,20.843943160000002,1.702
postprocess_ms,2_7_new_plugin_bag,208,1779954840334864009,20.942342256,1.837
postprocess_ms,2_7_new_plugin_bag,209,1779954840444315524,21.051793771,1.639
postprocess_ms,2_7_new_plugin_bag,210,1779954840578068474,21.185546721,2.703
postprocess_ms,2_7_new_plugin_bag,211,1779954840639436224,21.246914471,1.168
postprocess_ms,2_7_new_plugin_bag,212,1779954840730934311,21.338412558,1.521
postprocess_ms,2_7_new_plugin_bag,213,1779954840858553982,21.466032229,3.198
postprocess_ms,2_7_new_plugin_bag,214,1779954840948897223,21.556375470000003,3.792
postprocess_ms,2_7_new_plugin_bag,215,1779954841035753334,21.643231581000002,0.873
postprocess_ms,2_7_new_plugin_bag,216,1779954841180164539,21.787642786000003,4.67
postprocess_ms,2_7_new_plugin_bag,217,1779954841280161348,21.887639595000003,3.979
postprocess_ms,2_7_new_plugin_bag,218,1779954841349006665,21.956484912,3.916
postprocess_ms,2_7_new_plugin_bag,219,1779954841448097458,22.055575705000003,1.392
postprocess_ms,2_7_new_plugin_bag,220,1779954841541680123,22.149158370000002,0.855
postprocess_ms,2_7_new_plugin_bag,221,1779954841678872318,22.286350565000003,17.301
postprocess_ms,2_7_new_plugin_bag,222,1779954841764149346,22.371627593000003,2.136
postprocess_ms,2_7_new_plugin_bag,223,1779954841837772156,22.445250403000003,1.397
postprocess_ms,2_7_new_plugin_bag,224,1779954841953222368,22.560700615000002,4.764
postprocess_ms,2_7_new_plugin_bag,225,1779954842032924525,22.640402772,1.145
postprocess_ms,2_7_new_plugin_bag,226,1779954842133639963,22.74111821,1.261
postprocess_ms,2_7_new_plugin_bag,227,1779954842240291797,22.847770044,1.403
postprocess_ms,2_7_new_plugin_bag,228,1779954842328865170,22.936343417,1.372
postprocess_ms,2_7_new_plugin_bag,229,1779954842453956754,23.061435001000003,1.1
postprocess_ms,2_7_new_plugin_bag,230,1779954842590279083,23.19775733,4.388
postprocess_ms,2_7_new_plugin_bag,231,1779954842637802193,23.245280440000002,2.299
postprocess_ms,2_7_new_plugin_bag,232,1779954842734191659,23.341669906,0.736
postprocess_ms,2_7_new_plugin_bag,233,1779954842830228291,23.437706538,1.112
postprocess_ms,2_7_new_plugin_bag,234,1779954842940348273,23.54782652,0.908
postprocess_ms,2_7_new_plugin_bag,235,1779954843043805349,23.651283596000003,1.73
postprocess_ms,2_7_new_plugin_bag,236,1779954843130006100,23.737484347000002,2.714
postprocess_ms,2_7_new_plugin_bag,237,1779954843231470704,23.838948951000003,2.788
postprocess_ms,2_7_new_plugin_bag,238,1779954843355920453,23.963398700000003,0.882
postprocess_ms,2_7_new_plugin_bag,239,1779954843438715977,24.046194224,1.03
postprocess_ms,2_7_new_plugin_bag,240,1779954843533686480,24.141164727000003,2.488
postprocess_ms,2_7_new_plugin_bag,241,1779954843636612928,24.244091175,1.615
postprocess_ms,2_7_new_plugin_bag,242,1779954843736824147,24.344302394000003,2.507
postprocess_ms,2_7_new_plugin_bag,243,1779954843845249150,24.452727397,0.84
postprocess_ms,2_7_new_plugin_bag,244,1779954843943471410,24.550949657,1.211
postprocess_ms,2_7_new_plugin_bag,245,1779954844036903704,24.644381951000003,1.467
postprocess_ms,2_7_new_plugin_bag,246,1779954844154837441,24.762315688,6.08
postprocess_ms,2_7_new_plugin_bag,247,1779954844237988285,24.845466532000003,1.692
postprocess_ms,2_7_new_plugin_bag,248,1779954844343868381,24.951346628000003,1.785
postprocess_ms,2_7_new_plugin_bag,249,1779954844456187859,25.063666106000003,1.651
postprocess_ms,2_7_new_plugin_bag,250,1779954844527488368,25.134966615000003,2.163
postprocess_ms,2_7_new_plugin_bag,251,1779954844674181786,25.281660033,0.92
postprocess_ms,2_7_new_plugin_bag,252,1779954844753829142,25.361307389,2.971
postprocess_ms,2_7_new_plugin_bag,253,1779954844839891181,25.447369428000002,1.315
postprocess_ms,2_7_new_plugin_bag,254,1779954844936331736,25.543809983000003,1.143
postprocess_ms,2_7_new_plugin_bag,255,1779954845073145467,25.680623714000003,5.76
postprocess_ms,2_7_new_plugin_bag,256,1779954845136794706,25.744272953000003,0.762
postprocess_ms,2_7_new_plugin_bag,257,1779954845248302448,25.855780695,1.974
postprocess_ms,2_7_new_plugin_bag,258,1779954845382347061,25.989825308,1.179
postprocess_ms,2_7_new_plugin_bag,259,1779954845451350469,26.058828716,1.75
postprocess_ms,2_7_new_plugin_bag,260,1779954845544958367,26.152436614000003,2.232
postprocess_ms,2_7_new_plugin_bag,261,1779954845675205848,26.282684095,10.703
postprocess_ms,2_7_new_plugin_bag,262,1779954845743762747,26.351240994,1.286
postprocess_ms,2_7_new_plugin_bag,263,1779954845841949493,26.44942774,0.757
postprocess_ms,2_7_new_plugin_bag,264,1779954845942042272,26.549520519,2.421
postprocess_ms,2_7_new_plugin_bag,265,1779954846058447185,26.665925432,1.423
postprocess_ms,2_7_new_plugin_bag,266,1779954846171701550,26.779179797,1.795
postprocess_ms,2_7_new_plugin_bag,267,1779954846250790982,26.858269229,1.231
postprocess_ms,2_7_new_plugin_bag,268,1779954846360149192,26.967627439,2.921
postprocess_ms,2_7_new_plugin_bag,269,1779954846428839007,27.036317254,2.907
postprocess_ms,2_7_new_plugin_bag,270,1779954846534885970,27.142364217,0.724
postprocess_ms,2_7_new_plugin_bag,271,1779954846628273101,27.235751348,2.275
postprocess_ms,2_7_new_plugin_bag,272,1779954846740577255,27.348055502,0.788
postprocess_ms,2_7_new_plugin_bag,273,1779954846828676384,27.436154631,3.123
postprocess_ms,2_7_new_plugin_bag,274,1779954846985766590,27.593244837,2.408
postprocess_ms,2_7_new_plugin_bag,275,1779954847062045635,27.669523882,3.482
postprocess_ms,2_7_new_plugin_bag,276,1779954847162142033,27.76962028,6.77
postprocess_ms,2_7_new_plugin_bag,277,1779954847273104610,27.880582857,2.008
postprocess_ms,2_7_new_plugin_bag,278,1779954847357676409,27.965154656000003,3.423
postprocess_ms,2_7_new_plugin_bag,279,1779954847460923385,28.068401632,2.367
postprocess_ms,2_7_new_plugin_bag,280,1779954847596956118,28.204434365,3.25
postprocess_ms,2_7_new_plugin_bag,281,1779954847645339555,28.252817802000003,0.796
postprocess_ms,2_7_new_plugin_bag,282,1779954847797462822,28.404941069000003,6.368
postprocess_ms,2_7_new_plugin_bag,283,1779954847839752345,28.447230592,1.278
postprocess_ms,2_7_new_plugin_bag,284,1779954847963909192,28.571387439000002,4.105
postprocess_ms,2_7_new_plugin_bag,285,1779954848058626059,28.666104306,4.119
postprocess_ms,2_7_new_plugin_bag,286,1779954848189014475,28.796492722000004,1.204
postprocess_ms,2_7_new_plugin_bag,287,1779954848251989384,28.859467631,2.094
postprocess_ms,2_7_new_plugin_bag,288,1779954848329743244,28.937221491000003,0.798
postprocess_ms,2_7_new_plugin_bag,289,1779954848435230478,29.042708725,0.726
postprocess_ms,2_7_new_plugin_bag,290,1779954848545034637,29.152512884,1.75
postprocess_ms,2_7_new_plugin_bag,291,1779954848645488612,29.252966859,1.373
postprocess_ms,2_7_new_plugin_bag,292,1779954848738673577,29.346151824000003,1.396
postprocess_ms,2_7_new_plugin_bag,293,1779954848857462884,29.464941131000003,2.794
postprocess_ms,2_7_new_plugin_bag,294,1779954848957983275,29.565461522000003,5.786
postprocess_ms,2_7_new_plugin_bag,295,1779954849029171746,29.636649993000002,0.911
postprocess_ms,2_7_new_plugin_bag,296,1779954849147984156,29.755462403000003,2.826
postprocess_ms,2_7_new_plugin_bag,297,1779954849233691821,29.841170068,1.688
postprocess_ms,2_7_new_plugin_bag,298,1779954849334561653,29.9420399,1.116
postprocess_ms,2_7_new_plugin_bag,299,1779954849435281628,30.042759875,1.123
postprocess_ms,2_7_new_plugin_bag,300,1779954849572034684,30.179512931,0.762
postprocess_ms,2_7_new_plugin_bag,301,1779954849657473502,30.264951749,2.75
postprocess_ms,2_7_new_plugin_bag,302,1779954849735456982,30.342935229000002,0.996
postprocess_ms,2_7_new_plugin_bag,303,1779954849870400802,30.477879049000002,4.321
postprocess_ms,2_7_new_plugin_bag,304,1779954849972424762,30.579903009000002,3.114
postprocess_ms,2_7_new_plugin_bag,305,1779954850048658167,30.656136414000002,3.392
postprocess_ms,2_7_new_plugin_bag,306,1779954850146042598,30.753520845,2.125
postprocess_ms,2_7_new_plugin_bag,307,1779954850253985614,30.861463861,5.536
postprocess_ms,2_7_new_plugin_bag,308,1779954850331287998,30.938766245000004,1.13
postprocess_ms,2_7_new_plugin_bag,309,1779954850475762978,31.083241225000002,2.598
postprocess_ms,2_7_new_plugin_bag,310,1779954850536772792,31.144251039,0.78
postprocess_ms,2_7_new_plugin_bag,311,1779954850637881511,31.245359758000003,2.095
postprocess_ms,2_7_new_plugin_bag,312,1779954850735148552,31.342626799,1.862
postprocess_ms,2_7_new_plugin_bag,313,1779954850836251191,31.443729438000002,1.345
postprocess_ms,2_7_new_plugin_bag,314,1779954850940878970,31.548357217000003,0.818
postprocess_ms,2_7_new_plugin_bag,315,1779954851049737818,31.657216065000004,0.938
postprocess_ms,2_7_new_plugin_bag,316,1779954851158691181,31.766169428,8.969
postprocess_ms,2_7_new_plugin_bag,317,1779954851236333800,31.843812047000004,1.653
postprocess_ms,2_7_new_plugin_bag,318,1779954851355897763,31.96337601,5.629
postprocess_ms,2_7_new_plugin_bag,319,1779954851437449215,32.044927462000004,1.505
postprocess_ms,2_7_new_plugin_bag,320,1779954851548423404,32.155901651,1.789
postprocess_ms,2_7_new_plugin_bag,321,1779954851635616510,32.243094757,1.246
postprocess_ms,2_7_new_plugin_bag,322,1779954851756213409,32.363691656,7.446
postprocess_ms,2_7_new_plugin_bag,323,1779954851865189463,32.47266771,0.903
postprocess_ms,2_7_new_plugin_bag,324,1779954851942391976,32.549870223,1.183
postprocess_ms,2_7_new_plugin_bag,325,1779954852080666049,32.688144296000004,4.617
postprocess_ms,2_7_new_plugin_bag,326,1779954852131385036,32.738863283,1.305
postprocess_ms,2_7_new_plugin_bag,327,1779954852240662565,32.848140812000004,0.843
postprocess_ms,2_7_new_plugin_bag,328,1779954852365428305,32.972906552000005,5.104
postprocess_ms,2_7_new_plugin_bag,329,1779954852456771593,33.06424984,5.385
postprocess_ms,2_7_new_plugin_bag,330,1779954852536155317,33.143633564000005,1.392
postprocess_ms,2_7_new_plugin_bag,331,1779954852644388271,33.251866518,0.95
postprocess_ms,2_7_new_plugin_bag,332,1779954852782599991,33.390078238,1.073
postprocess_ms,2_7_new_plugin_bag,333,1779954852829697271,33.437175518000004,2.423
postprocess_ms,2_7_new_plugin_bag,334,1779954852946523268,33.554001515,1.127
postprocess_ms,2_7_new_plugin_bag,335,1779954853057912336,33.665390583000004,1.884
postprocess_ms,2_7_new_plugin_bag,336,1779954853141534525,33.749012772,0.954
postprocess_ms,2_7_new_plugin_bag,337,1779954853231966288,33.839444535000005,0.646
postprocess_ms,2_7_new_plugin_bag,338,1779954853368810144,33.976288391000004,1.55
postprocess_ms,2_7_new_plugin_bag,339,1779954853459127246,34.066605493000004,5.67
postprocess_ms,2_7_new_plugin_bag,340,1779954853554292189,34.161770436000005,0.678
postprocess_ms,2_7_new_plugin_bag,341,1779954853682626309,34.290104556,4.642
postprocess_ms,2_7_new_plugin_bag,342,1779954853769942121,34.377420368,3.802
postprocess_ms,2_7_new_plugin_bag,343,1779954853878562605,34.486040852,5.53
postprocess_ms,2_7_new_plugin_bag,344,1779954853997714381,34.605192628000005,5.026
postprocess_ms,2_7_new_plugin_bag,345,1779954854058502488,34.665980735000005,5.72
postprocess_ms,2_7_new_plugin_bag,346,1779954854149839205,34.757317452,1.449
postprocess_ms,2_7_new_plugin_bag,347,1779954854237134507,34.844612754,1.448
postprocess_ms,2_7_new_plugin_bag,348,1779954854357888865,34.965367112,1.062
postprocess_ms,2_7_new_plugin_bag,349,1779954854432676598,35.040154845,1.358
postprocess_ms,2_7_new_plugin_bag,350,1779954854554112863,35.16159111,3.298
postprocess_ms,2_7_new_plugin_bag,351,1779954854678290874,35.285769121,2.24
postprocess_ms,2_7_new_plugin_bag,352,1779954854727816151,35.335294398,1.557
postprocess_ms,2_7_new_plugin_bag,353,1779954854859136418,35.466614665,4.869
postprocess_ms,2_7_new_plugin_bag,354,1779954854954883039,35.562361286000005,5.097
postprocess_ms,2_7_new_plugin_bag,355,1779954855038038736,35.645516983,1.204
postprocess_ms,2_7_new_plugin_bag,356,1779954855153350797,35.760829044000005,5.428
postprocess_ms,2_7_new_plugin_bag,357,1779954855299196148,35.906674395,1.836
postprocess_ms,2_7_new_plugin_bag,358,1779954855368439645,35.975917892000005,1.696
postprocess_ms,2_7_new_plugin_bag,359,1779954855479001689,36.086479936,1.658
postprocess_ms,2_7_new_plugin_bag,360,1779954855546240164,36.153718411,2.5
postprocess_ms,2_7_new_plugin_bag,361,1779954855668535253,36.276013500000005,1.012
postprocess_ms,2_7_new_plugin_bag,362,1779954855743499650,36.350977897,1.238
postprocess_ms,2_7_new_plugin_bag,363,1779954855840470108,36.447948355,1.306
postprocess_ms,2_7_new_plugin_bag,364,1779954855970523013,36.57800126,1.594
postprocess_ms,2_7_new_plugin_bag,365,1779954856072727926,36.680206173,3.166
postprocess_ms,2_7_new_plugin_bag,366,1779954856139779628,36.747257875,0.799
postprocess_ms,2_7_new_plugin_bag,367,1779954856305484804,36.912963051000006,3.356
postprocess_ms,2_7_new_plugin_bag,368,1779954856344394444,36.951872691000005,1.777
postprocess_ms,2_7_new_plugin_bag,369,1779954856468099259,37.075577506,2.904
postprocess_ms,2_7_new_plugin_bag,370,1779954856556972365,37.164450612,6.122
postprocess_ms,2_7_new_plugin_bag,371,1779954856646671376,37.254149623,0.653
postprocess_ms,2_7_new_plugin_bag,372,1779954856745844613,37.353322860000006,2.724
postprocess_ms,2_7_new_plugin_bag,373,1779954856862156494,37.469634741,3.78
postprocess_ms,2_7_new_plugin_bag,374,1779954856931631891,37.539110138000005,1.458
postprocess_ms,2_7_new_plugin_bag,375,1779954857034150333,37.64162858,0.787
postprocess_ms,2_7_new_plugin_bag,376,1779954857138781803,37.746260050000004,1.011
postprocess_ms,2_7_new_plugin_bag,377,1779954857230192612,37.837670859,3.572
postprocess_ms,2_7_new_plugin_bag,378,1779954857330127716,37.937605963,4.471
postprocess_ms,2_7_new_plugin_bag,379,1779954857432616006,38.040094253,1.317
postprocess_ms,2_7_new_plugin_bag,380,1779954857553724266,38.161202513,2.317
postprocess_ms,2_7_new_plugin_bag,381,1779954857643897009,38.251375256,1.119
postprocess_ms,2_7_new_plugin_bag,382,1779954857756281958,38.363760205000005,2.377
postprocess_ms,2_7_new_plugin_bag,383,1779954857853682883,38.46116113,1.777
postprocess_ms,2_7_new_plugin_bag,384,1779954857983298157,38.590776404,7.216
postprocess_ms,2_7_new_plugin_bag,385,1779954858065191525,38.672669772,6.424
postprocess_ms,2_7_new_plugin_bag,386,1779954858159249551,38.766727798000005,6.23
postprocess_ms,2_7_new_plugin_bag,387,1779954858263192590,38.870670837000006,6.819
postprocess_ms,2_7_new_plugin_bag,388,1779954858367136138,38.974614385,3.285
postprocess_ms,2_7_new_plugin_bag,389,1779954858453391031,39.060869278000006,1.189
postprocess_ms,2_7_new_plugin_bag,390,1779954858556701899,39.164180146,7.546
postprocess_ms,2_7_new_plugin_bag,391,1779954858645114291,39.252592538,2.867
postprocess_ms,2_7_new_plugin_bag,392,1779954858733207032,39.340685279000006,0.863
postprocess_ms,2_7_new_plugin_bag,393,1779954858853795587,39.461273834,3.03
postprocess_ms,2_7_new_plugin_bag,394,1779954858977019352,39.584497599,1.093
postprocess_ms,2_7_new_plugin_bag,395,1779954859033666040,39.641144287,0.852
postprocess_ms,2_7_new_plugin_bag,396,1779954859133231245,39.740709492,1.26
postprocess_ms,2_7_new_plugin_bag,397,1779954859261892140,39.869370387000004,2.223
postprocess_ms,2_7_new_plugin_bag,398,1779954859373534091,39.981012338,1.392
postprocess_ms,2_7_new_plugin_bag,399,1779954859441309718,40.048787965,1.362
postprocess_ms,2_7_new_plugin_bag,400,1779954859538156142,40.145634389,1.469
postprocess_ms,2_7_new_plugin_bag,401,1779954859683048419,40.290526666000005,1.986
postprocess_ms,2_7_new_plugin_bag,402,1779954859738876947,40.346355194000004,0.985
postprocess_ms,2_7_new_plugin_bag,403,1779954859836070317,40.443548564000004,0.644
postprocess_ms,2_7_new_plugin_bag,404,1779954859953618936,40.561097183,2.505
postprocess_ms,2_7_new_plugin_bag,405,1779954860100121287,40.707599534,5.616
postprocess_ms,2_7_new_plugin_bag,406,1779954860141034328,40.748512575,0.792
postprocess_ms,2_7_new_plugin_bag,407,1779954860277537474,40.885015721,2.52
postprocess_ms,2_7_new_plugin_bag,408,1779954860375648281,40.983126528,9.315
postprocess_ms,2_7_new_plugin_bag,409,1779954860445277683,41.052755930000004,0.941
postprocess_ms,2_7_new_plugin_bag,410,1779954860560920284,41.168398531,1.742
postprocess_ms,2_7_new_plugin_bag,411,1779954860638721989,41.246200236,1.093
postprocess_ms,2_7_new_plugin_bag,412,1779954860803541620,41.411019867,1.704
postprocess_ms,2_7_new_plugin_bag,413,1779954860869360301,41.476838548,6.227
postprocess_ms,2_7_new_plugin_bag,414,1779954860948322283,41.55580053,2.086
postprocess_ms,2_7_new_plugin_bag,415,1779954861043403799,41.650882046,0.77
postprocess_ms,2_7_new_plugin_bag,416,1779954861156729426,41.764207673,4.949
postprocess_ms,2_7_new_plugin_bag,417,1779954861229345587,41.836823834,1.688
postprocess_ms,2_7_new_plugin_bag,418,1779954861364482112,41.971960359,0.938
postprocess_ms,2_7_new_plugin_bag,419,1779954861439167458,42.046645705,1.141
postprocess_ms,2_7_new_plugin_bag,420,1779954861546430527,42.153908774,0.866
postprocess_ms,2_7_new_plugin_bag,421,1779954861658859939,42.266338186000006,3.898
postprocess_ms,2_7_new_plugin_bag,422,1779954861753175030,42.360653277000004,1.099
postprocess_ms,2_7_new_plugin_bag,423,1779954861838391110,42.445869357,1.147
postprocess_ms,2_7_new_plugin_bag,424,1779954861956413563,42.56389181,1.772
postprocess_ms,2_7_new_plugin_bag,425,1779954862038445640,42.645923887,1.115
postprocess_ms,2_7_new_plugin_bag,426,1779954862168628041,42.776106288,3.754
postprocess_ms,2_7_new_plugin_bag,427,1779954862241237285,42.848715532,0.862
postprocess_ms,2_7_new_plugin_bag,428,1779954862336670921,42.944149168,1.223
postprocess_ms,2_7_new_plugin_bag,429,1779954862435950090,43.043428337,0.964
postprocess_ms,2_7_new_plugin_bag,430,1779954862559376977,43.166855224,2.819
postprocess_ms,2_7_new_plugin_bag,431,1779954862659489032,43.266967279,3.782
postprocess_ms,2_7_new_plugin_bag,432,1779954862763815938,43.371294185,3.501
postprocess_ms,2_7_new_plugin_bag,433,1779954862839701096,43.447179343,2.031
postprocess_ms,2_7_new_plugin_bag,434,1779954862935298187,43.542776434000004,0.78
postprocess_ms,2_7_new_plugin_bag,435,1779954863043561125,43.651039372,1.682
postprocess_ms,2_7_new_plugin_bag,436,1779954863153762026,43.761240273000006,1.2
postprocess_ms,2_7_new_plugin_bag,437,1779954863264648536,43.872126783000006,7.952
postprocess_ms,2_7_new_plugin_bag,438,1779954863358012522,43.965490769000006,2.263
postprocess_ms,2_7_new_plugin_bag,439,1779954863449931361,44.057409608,1.194
postprocess_ms,2_7_new_plugin_bag,440,1779954863575067841,44.182546088,4.803
postprocess_ms,2_7_new_plugin_bag,441,1779954863650272782,44.257751029000005,3.114
postprocess_ms,2_7_new_plugin_bag,442,1779954863738926798,44.346405045000004,1.128
postprocess_ms,2_7_new_plugin_bag,443,1779954863856649680,44.464127927,5.552
postprocess_ms,2_7_new_plugin_bag,444,1779954863950910752,44.558388999,0.89
postprocess_ms,2_7_new_plugin_bag,445,1779954864062530501,44.670008748,1.022
postprocess_ms,2_7_new_plugin_bag,446,1779954864135877683,44.74335593,0.94
postprocess_ms,2_7_new_plugin_bag,447,1779954864246469762,44.853948009,3.486
postprocess_ms,2_7_new_plugin_bag,448,1779954864338960492,44.946438739,1.558
postprocess_ms,2_7_new_plugin_bag,449,1779954864463861522,45.071339769000005,1.662
postprocess_ms,2_7_new_plugin_bag,450,1779954864559601566,45.167079813,5.668
postprocess_ms,2_7_new_plugin_bag,451,1779954864647199573,45.254677820000005,0.849
postprocess_ms,2_7_new_plugin_bag,452,1779954864807711319,45.415189566,3.363
postprocess_ms,2_7_new_plugin_bag,453,1779954864842906049,45.450384296,1.262
postprocess_ms,2_7_new_plugin_bag,454,1779954864954842554,45.562320801000006,4.25
postprocess_ms,2_7_new_plugin_bag,455,1779954865064230380,45.671708627,2.384
postprocess_ms,2_7_new_plugin_bag,456,1779954865153667455,45.761145702,2.552
postprocess_ms,2_7_new_plugin_bag,457,1779954865235439348,45.842917595,0.873
postprocess_ms,2_7_new_plugin_bag,458,1779954865363951365,45.971429612,1.41
postprocess_ms,2_7_new_plugin_bag,459,1779954865482895936,46.090374183,5.944
postprocess_ms,2_7_new_plugin_bag,460,1779954865546775130,46.154253377,1.191
postprocess_ms,2_7_new_plugin_bag,461,1779954865654551447,46.262029694000006,3.737
postprocess_ms,2_7_new_plugin_bag,462,1779954865739820331,46.347298578,0.853
postprocess_ms,2_7_new_plugin_bag,463,1779954865836264056,46.443742303,1.591
postprocess_ms,2_7_new_plugin_bag,464,1779954865929535864,46.537014111000005,1.036
postprocess_ms,2_7_new_plugin_bag,465,1779954866059634585,46.667112832,3.373
postprocess_ms,2_7_new_plugin_bag,466,1779954866156505135,46.763983382000006,2.751
postprocess_ms,2_7_new_plugin_bag,467,1779954866257822260,46.865300507,4.74
postprocess_ms,2_7_new_plugin_bag,468,1779954866350140468,46.957618715,0.803
postprocess_ms,2_7_new_plugin_bag,469,1779954866502622314,47.110100561,1.526
postprocess_ms,2_7_new_plugin_bag,470,1779954866560679393,47.168157640000004,8.861
postprocess_ms,2_7_new_plugin_bag,471,1779954866672641382,47.280119629000005,2.769
postprocess_ms,2_7_new_plugin_bag,472,1779954866779824592,47.387302839,1.494
postprocess_ms,2_7_new_plugin_bag,473,1779954866857235694,47.464713941,1.88
postprocess_ms,2_7_new_plugin_bag,474,1779954866957766997,47.565245244,4.95
postprocess_ms,2_7_new_plugin_bag,475,1779954867052981158,47.660459405000005,2.297
postprocess_ms,2_7_new_plugin_bag,476,1779954867164295936,47.771774183000005,2.452
postprocess_ms,2_7_new_plugin_bag,477,1779954867272258379,47.879736626,4.747
postprocess_ms,2_7_new_plugin_bag,478,1779954867340394075,47.947872322,1.12
postprocess_ms,2_7_new_plugin_bag,479,1779954867433768423,48.04124667,1.487
postprocess_ms,2_7_new_plugin_bag,480,1779954867572094315,48.179572562000004,5.893
postprocess_ms,2_7_new_plugin_bag,481,1779954867665568811,48.273047058,3.715
postprocess_ms,2_7_new_plugin_bag,482,1779954867773847793,48.381326040000005,3.247
postprocess_ms,2_7_new_plugin_bag,483,1779954867841013828,48.448492075000004,1.037
postprocess_ms,2_7_new_plugin_bag,484,1779954867934958780,48.542437027000005,1.282
postprocess_ms,2_7_new_plugin_bag,485,1779954868057719057,48.665197304,2.77
postprocess_ms,2_7_new_plugin_bag,486,1779954868164831619,48.772309866,2.735
postprocess_ms,2_7_new_plugin_bag,487,1779954868266033037,48.873511284,1.666
postprocess_ms,2_7_new_plugin_bag,488,1779954868354593387,48.962071634000004,2.802
postprocess_ms,2_7_new_plugin_bag,489,1779954868491420035,49.098898282,2.332
postprocess_ms,2_7_new_plugin_bag,490,1779954868542262853,49.1497411,0.976
postprocess_ms,2_7_new_plugin_bag,491,1779954868653651399,49.261129646,1.55
postprocess_ms,2_7_new_plugin_bag,492,1779954868778222477,49.385700724,2.365
postprocess_ms,2_7_new_plugin_bag,493,1779954868838793405,49.446271652,0.968
postprocess_ms,2_7_new_plugin_bag,494,1779954868931142386,49.538620633,1.277
postprocess_ms,2_7_new_plugin_bag,495,1779954869031046692,49.638524939,0.703
postprocess_ms,2_7_new_plugin_bag,496,1779954869157432491,49.764910738000005,6.748
postprocess_ms,2_7_new_plugin_bag,497,1779954869244577743,49.852055990000004,0.952
postprocess_ms,2_7_new_plugin_bag,498,1779954869356437375,49.963915622,5.144
postprocess_ms,2_7_new_plugin_bag,499,1779954869460477472,50.067955719000004,3.503
postprocess_ms,2_7_new_plugin_bag,500,1779954869565984739,50.173462986000004,3.438
postprocess_ms,2_7_new_plugin_bag,501,1779954869649393013,50.256871260000004,2.675
postprocess_ms,2_7_new_plugin_bag,502,1779954869740220721,50.347698968,1.358
postprocess_ms,2_7_new_plugin_bag,503,1779954869840701913,50.44818016,1.054
postprocess_ms,2_7_new_plugin_bag,504,1779954869962858424,50.570336671,1.217
postprocess_ms,2_7_new_plugin_bag,505,1779954870055718037,50.663196284,2.774
postprocess_ms,2_7_new_plugin_bag,506,1779954870184137876,50.791616123000004,4.236
postprocess_ms,2_7_new_plugin_bag,507,1779954870253086001,50.860564248,4.297
postprocess_ms,2_7_new_plugin_bag,508,1779954870362356506,50.969834753,2.978
postprocess_ms,2_7_new_plugin_bag,509,1779954870430090147,51.037568394000004,2.278
postprocess_ms,2_7_new_plugin_bag,510,1779954870559817911,51.167296158000006,3.03
postprocess_ms,2_7_new_plugin_bag,511,1779954870632317692,51.239795939000004,1.304
postprocess_ms,2_7_new_plugin_bag,512,1779954870733993948,51.341472195,1.155
postprocess_ms,2_7_new_plugin_bag,513,1779954870830882267,51.438360514,0.653
postprocess_ms,2_7_new_plugin_bag,514,1779954870938246769,51.545725016000006,1.037
postprocess_ms,2_7_new_plugin_bag,515,1779954871042846668,51.650324915000006,1.007
postprocess_ms,2_7_new_plugin_bag,516,1779954871150141452,51.757619699,1.521
postprocess_ms,2_7_new_plugin_bag,517,1779954871251828514,51.859306761000006,3.688
postprocess_ms,2_7_new_plugin_bag,518,1779954871342063423,51.94954167,0.948
postprocess_ms,2_7_new_plugin_bag,519,1779954871451870765,52.059349012000006,4.515
postprocess_ms,2_7_new_plugin_bag,520,1779954871558303677,52.165781924,3.99
postprocess_ms,2_7_new_plugin_bag,521,1779954871671974015,52.27945226200001,1.553
postprocess_ms,2_7_new_plugin_bag,522,1779954871732435930,52.339914177000004,1.362
postprocess_ms,2_7_new_plugin_bag,523,1779954871846861316,52.454339563000005,0.92
postprocess_ms,2_7_new_plugin_bag,524,1779954871939895949,52.547374196,0.685
postprocess_ms,2_7_new_plugin_bag,525,1779954872069470364,52.676948611,2.665
postprocess_ms,2_7_new_plugin_bag,526,1779954872148074284,52.755552531000006,1.319
postprocess_ms,2_7_new_plugin_bag,527,1779954872251062483,52.85854073,2.506
postprocess_ms,2_7_new_plugin_bag,528,1779954872382291782,52.989770029000006,7.56
postprocess_ms,2_7_new_plugin_bag,529,1779954872468303328,53.075781575,6.014
postprocess_ms,2_7_new_plugin_bag,530,1779954872531406985,53.138885232,1.154
postprocess_ms,2_7_new_plugin_bag,531,1779954872631373695,53.238851942000004,1.181
postprocess_ms,2_7_new_plugin_bag,532,1779954872739309240,53.346787487,1.305
postprocess_ms,2_7_new_plugin_bag,533,1779954872859749015,53.467227262,3.457
postprocess_ms,2_7_new_plugin_bag,534,1779954872968335400,53.575813647000004,1.957
postprocess_ms,2_7_new_plugin_bag,535,1779954873062377419,53.669855666000004,1.271
postprocess_ms,2_7_new_plugin_bag,536,1779954873152265346,53.759743593,1.679
postprocess_ms,2_7_new_plugin_bag,537,1779954873285752578,53.893230825,1.577
postprocess_ms,2_7_new_plugin_bag,538,1779954873350539255,53.958017502000004,2.262
postprocess_ms,2_7_new_plugin_bag,539,1779954873439343323,54.046821570000006,1.16
postprocess_ms,2_7_new_plugin_bag,540,1779954873536162616,54.143640863,1.291
postprocess_ms,2_7_new_plugin_bag,541,1779954873642790628,54.250268875,1.484
postprocess_ms,2_7_new_plugin_bag,542,1779954873769899092,54.377377339000006,2.01
postprocess_ms,2_7_new_plugin_bag,543,1779954873868734441,54.476212688000004,0.754
postprocess_ms,2_7_new_plugin_bag,544,1779954873939789694,54.547267941,1.026
postprocess_ms,2_7_new_plugin_bag,545,1779954874055681848,54.663160095,7.28
postprocess_ms,2_7_new_plugin_bag,546,1779954874139634385,54.747112632000004,1.237
postprocess_ms,2_7_new_plugin_bag,547,1779954874241090478,54.84856872500001,1.876
postprocess_ms,2_7_new_plugin_bag,548,1779954874371053962,54.978532209,0.798
postprocess_ms,2_7_new_plugin_bag,549,1779954874452874750,55.060352997,2.624
postprocess_ms,2_7_new_plugin_bag,550,1779954874535511935,55.142990182000005,3.646
postprocess_ms,2_7_new_plugin_bag,551,1779954874643697737,55.25117598400001,0.84
postprocess_ms,2_7_new_plugin_bag,552,1779954874748624518,55.356102765,2.765
postprocess_ms,2_7_new_plugin_bag,553,1779954874886348885,55.49382713200001,1.343
postprocess_ms,2_7_new_plugin_bag,554,1779954874936638221,55.544116468000006,1.348
postprocess_ms,2_7_new_plugin_bag,555,1779954875065238833,55.672717080000005,0.846
postprocess_ms,2_7_new_plugin_bag,556,1779954875129829790,55.737308037000005,0.821
postprocess_ms,2_7_new_plugin_bag,557,1779954875250563128,55.858041375000006,2.988
postprocess_ms,2_7_new_plugin_bag,558,1779954875376700922,55.984179169,2.02
postprocess_ms,2_7_new_plugin_bag,559,1779954875438276035,56.045754282000004,2.289
postprocess_ms,2_7_new_plugin_bag,560,1779954875545479428,56.152957675,0.947
postprocess_ms,2_7_new_plugin_bag,561,1779954875663727328,56.271205575,3.551
postprocess_ms,2_7_new_plugin_bag,562,1779954875782241072,56.389719319,9.826
postprocess_ms,2_7_new_plugin_bag,563,1779954875869045987,56.476524234,2.567
postprocess_ms,2_7_new_plugin_bag,564,1779954875952851290,56.560329537,2.642
postprocess_ms,2_7_new_plugin_bag,565,1779954876065985543,56.67346379000001,13.248
postprocess_ms,2_7_new_plugin_bag,566,1779954876150527262,56.758005509,0.923
postprocess_ms,2_7_new_plugin_bag,567,1779954876267845437,56.875323684,1.536
postprocess_ms,2_7_new_plugin_bag,568,1779954876336392803,56.943871050000006,1.803
postprocess_ms,2_7_new_plugin_bag,569,1779954876446312938,57.053791185,1.656
postprocess_ms,2_7_new_plugin_bag,570,1779954876564802587,57.172280834000006,8.013
postprocess_ms,2_7_new_plugin_bag,571,1779954876681880445,57.289358692,4.142
postprocess_ms,2_7_new_plugin_bag,572,1779954876741372504,57.348850751,0.848
postprocess_ms,2_7_new_plugin_bag,573,1779954876883583406,57.491061653,1.706
postprocess_ms,2_7_new_plugin_bag,574,1779954876975276881,57.582755128,3.031
postprocess_ms,2_7_new_plugin_bag,575,1779954877055076902,57.662555149000006,4.149
postprocess_ms,2_7_new_plugin_bag,576,1779954877165272935,57.772751182,1.838
postprocess_ms,2_7_new_plugin_bag,577,1779954877228906192,57.83638443900001,0.874
postprocess_ms,2_7_new_plugin_bag_2,0,1779961608395035071,0.0,0.742
postprocess_ms,2_7_new_plugin_bag_2,1,1779961608507149508,0.11211443700000001,2.772
postprocess_ms,2_7_new_plugin_bag_2,2,1779961608603052625,0.20801755400000002,0.903
postprocess_ms,2_7_new_plugin_bag_2,3,1779961608698711462,0.30367639100000005,1.222
postprocess_ms,2_7_new_plugin_bag_2,4,1779961608808110854,0.41307578300000003,3.667
postprocess_ms,2_7_new_plugin_bag_2,5,1779961608895921664,0.500886593,1.527
postprocess_ms,2_7_new_plugin_bag_2,6,1779961609027008251,0.63197318,1.137
postprocess_ms,2_7_new_plugin_bag_2,7,1779961609091273250,0.6962381790000001,0.918
postprocess_ms,2_7_new_plugin_bag_2,8,1779961609192556862,0.7975217910000001,0.775
postprocess_ms,2_7_new_plugin_bag_2,9,1779961609318922993,0.923887922,2.157
postprocess_ms,2_7_new_plugin_bag_2,10,1779961609389613904,0.994578833,1.689
postprocess_ms,2_7_new_plugin_bag_2,11,1779961609512304373,1.117269302,3.934
postprocess_ms,2_7_new_plugin_bag_2,12,1779961609605265608,1.2102305370000002,1.26
postprocess_ms,2_7_new_plugin_bag_2,13,1779961609692748695,1.297713624,0.755
postprocess_ms,2_7_new_plugin_bag_2,14,1779961609808920606,1.4138855350000001,2.962
postprocess_ms,2_7_new_plugin_bag_2,15,1779961609908781531,1.5137464600000001,1.876
postprocess_ms,2_7_new_plugin_bag_2,16,1779961609999227999,1.604192928,1.202
postprocess_ms,2_7_new_plugin_bag_2,17,1779961610095164023,1.700128952,1.167
postprocess_ms,2_7_new_plugin_bag_2,18,1779961610194399484,1.7993644130000002,2.21
postprocess_ms,2_7_new_plugin_bag_2,19,1779961610315960374,1.9209253030000002,5.044
postprocess_ms,2_7_new_plugin_bag_2,20,1779961610407965572,2.012930501,0.789
postprocess_ms,2_7_new_plugin_bag_2,21,1779961610515610074,2.1205750030000003,1.083
postprocess_ms,2_7_new_plugin_bag_2,22,1779961610635868009,2.240832938,0.667
postprocess_ms,2_7_new_plugin_bag_2,23,1779961610715412104,2.320377033,3.817
postprocess_ms,2_7_new_plugin_bag_2,24,1779961610818476791,2.42344172,4.431
postprocess_ms,2_7_new_plugin_bag_2,25,1779961610910065006,2.5150299350000003,1.128
postprocess_ms,2_7_new_plugin_bag_2,26,1779961610992349259,2.5973141880000004,1.152
postprocess_ms,2_7_new_plugin_bag_2,27,1779961611097274809,2.7022397380000003,0.926
postprocess_ms,2_7_new_plugin_bag_2,28,1779961611229643188,2.834608117,0.867
postprocess_ms,2_7_new_plugin_bag_2,29,1779961611332204871,2.9371698000000004,3.15
postprocess_ms,2_7_new_plugin_bag_2,30,1779961611417678178,3.0226431070000004,1.053
postprocess_ms,2_7_new_plugin_bag_2,31,1779961611525303715,3.130268644,17.717
postprocess_ms,2_7_new_plugin_bag_2,32,1779961611634684698,3.2396496270000004,8.833
postprocess_ms,2_7_new_plugin_bag_2,33,1779961611762549855,3.3675147840000004,0.677
postprocess_ms,2_7_new_plugin_bag_2,34,1779961611830422712,3.435387641,14.305
postprocess_ms,2_7_new_plugin_bag_2,35,1779961611977164623,3.582129552,1.145
postprocess_ms,2_7_new_plugin_bag_2,36,1779961612034461735,3.639426664,7.079
postprocess_ms,2_7_new_plugin_bag_2,37,1779961612105622402,3.710587331,3.084
postprocess_ms,2_7_new_plugin_bag_2,38,1779961612203396014,3.8083609430000003,1.334
postprocess_ms,2_7_new_plugin_bag_2,39,1779961612283554224,3.8885191530000003,1.24
postprocess_ms,2_7_new_plugin_bag_2,40,1779961612431558521,4.036523450000001,1.304
postprocess_ms,2_7_new_plugin_bag_2,41,1779961612525334264,4.130299193,12.512
postprocess_ms,2_7_new_plugin_bag_2,42,1779961612610382841,4.21534777,1.743
postprocess_ms,2_7_new_plugin_bag_2,43,1779961612690803625,4.295768554,1.102
postprocess_ms,2_7_new_plugin_bag_2,44,1779961612821047700,4.426012629000001,2.043
postprocess_ms,2_7_new_plugin_bag_2,45,1779961612941378847,4.5463437760000005,2.304
postprocess_ms,2_7_new_plugin_bag_2,46,1779961613022995744,4.6279606730000005,1.289
postprocess_ms,2_7_new_plugin_bag_2,47,1779961613104942185,4.709907114,4.675
postprocess_ms,2_7_new_plugin_bag_2,48,1779961613201671829,4.806636758000001,1.095
postprocess_ms,2_7_new_plugin_bag_2,49,1779961613350269906,4.955234835000001,1.022
postprocess_ms,2_7_new_plugin_bag_2,50,1779961613455551562,5.0605164910000004,5.608
postprocess_ms,2_7_new_plugin_bag_2,51,1779961613493962358,5.098927287,1.399
postprocess_ms,2_7_new_plugin_bag_2,52,1779961613587159785,5.192124714,2.1
postprocess_ms,2_7_new_plugin_bag_2,53,1779961613697048497,5.302013426,0.897
postprocess_ms,2_7_new_plugin_bag_2,54,1779961613794612662,5.399577591,1.052
postprocess_ms,2_7_new_plugin_bag_2,55,1779961613891857180,5.496822109,1.218
postprocess_ms,2_7_new_plugin_bag_2,56,1779961614026928087,5.631893016,4.717
postprocess_ms,2_7_new_plugin_bag_2,57,1779961614095471351,5.70043628,3.347
postprocess_ms,2_7_new_plugin_bag_2,58,1779961614212183458,5.8171483870000005,0.874
postprocess_ms,2_7_new_plugin_bag_2,59,1779961614300060353,5.905025282,0.85
postprocess_ms,2_7_new_plugin_bag_2,60,1779961614390527999,5.995492928,1.009
postprocess_ms,2_7_new_plugin_bag_2,61,1779961614524250499,6.129215428,1.652
postprocess_ms,2_7_new_plugin_bag_2,62,1779961614624426509,6.229391438,6.433
postprocess_ms,2_7_new_plugin_bag_2,63,1779961614710255914,6.3152208430000005,2.043
postprocess_ms,2_7_new_plugin_bag_2,64,1779961614809251624,6.414216553,4.464
postprocess_ms,2_7_new_plugin_bag_2,65,1779961614891343520,6.496308449000001,1.34
postprocess_ms,2_7_new_plugin_bag_2,66,1779961615030908500,6.635873429,3.684
postprocess_ms,2_7_new_plugin_bag_2,67,1779961615131048981,6.7360139100000005,7.454
postprocess_ms,2_7_new_plugin_bag_2,68,1779961615205136043,6.810100972000001,1.373
postprocess_ms,2_7_new_plugin_bag_2,69,1779961615291235393,6.896200322,0.631
postprocess_ms,2_7_new_plugin_bag_2,70,1779961615404689972,7.009654901,3.199
postprocess_ms,2_7_new_plugin_bag_2,71,1779961615484673643,7.089638572,2.043
postprocess_ms,2_7_new_plugin_bag_2,72,1779961615611047198,7.216012127000001,0.984
postprocess_ms,2_7_new_plugin_bag_2,73,1779961615706052727,7.311017656000001,0.794
postprocess_ms,2_7_new_plugin_bag_2,74,1779961615805555198,7.410520127000001,0.734
postprocess_ms,2_7_new_plugin_bag_2,75,1779961615893308763,7.498273692000001,1.397
postprocess_ms,2_7_new_plugin_bag_2,76,1779961616007504002,7.612468931,3.726
postprocess_ms,2_7_new_plugin_bag_2,77,1779961616088570701,7.69353563,0.908
postprocess_ms,2_7_new_plugin_bag_2,78,1779961616187765880,7.792730809000001,3.656
postprocess_ms,2_7_new_plugin_bag_2,79,1779961616282320952,7.887285881,1.303
postprocess_ms,2_7_new_plugin_bag_2,80,1779961616396110548,8.001075477,0.909
postprocess_ms,2_7_new_plugin_bag_2,81,1779961616488250817,8.093215746,1.292
postprocess_ms,2_7_new_plugin_bag_2,82,1779961616633680100,8.238645029,0.695
postprocess_ms,2_7_new_plugin_bag_2,83,1779961616715249271,8.3202142,2.91
postprocess_ms,2_7_new_plugin_bag_2,84,1779961616808743053,8.413707982,5.345
postprocess_ms,2_7_new_plugin_bag_2,85,1779961616886076362,8.491041291,0.822
postprocess_ms,2_7_new_plugin_bag_2,86,1779961617033495408,8.638460337,9.183
postprocess_ms,2_7_new_plugin_bag_2,87,1779961617099344797,8.704309726,0.804
postprocess_ms,2_7_new_plugin_bag_2,88,1779961617225595536,8.830560465000001,0.682
postprocess_ms,2_7_new_plugin_bag_2,89,1779961617297594135,8.902559064,0.939
postprocess_ms,2_7_new_plugin_bag_2,90,1779961617401442814,9.006407743,1.028
postprocess_ms,2_7_new_plugin_bag_2,91,1779961617486157022,9.091121951,1.72
postprocess_ms,2_7_new_plugin_bag_2,92,1779961617591977205,9.196942134,1.087
postprocess_ms,2_7_new_plugin_bag_2,93,1779961617678463786,9.283428715000001,2.525
postprocess_ms,2_7_new_plugin_bag_2,94,1779961617785693195,9.390658124,2.51
postprocess_ms,2_7_new_plugin_bag_2,95,1779961617897593285,9.502558214,1.021
postprocess_ms,2_7_new_plugin_bag_2,96,1779961618012881683,9.617846612000001,1.024
postprocess_ms,2_7_new_plugin_bag_2,97,1779961618095004140,9.699969069,1.799
postprocess_ms,2_7_new_plugin_bag_2,98,1779961618227636936,9.832601865,1.189
postprocess_ms,2_7_new_plugin_bag_2,99,1779961618292656854,9.897621783,1.038
postprocess_ms,2_7_new_plugin_bag_2,100,1779961618397631890,10.002596819,0.944
postprocess_ms,2_7_new_plugin_bag_2,101,1779961618488795688,10.093760617000001,1.131
postprocess_ms,2_7_new_plugin_bag_2,102,1779961618616884919,10.221849848000002,4.386
postprocess_ms,2_7_new_plugin_bag_2,103,1779961618682423629,10.287388558,0.641
postprocess_ms,2_7_new_plugin_bag_2,104,1779961618789678506,10.394643435,0.903
postprocess_ms,2_7_new_plugin_bag_2,105,1779961618906726196,10.511691125,1.097
postprocess_ms,2_7_new_plugin_bag_2,106,1779961618992322902,10.597287831000001,0.645
postprocess_ms,2_7_new_plugin_bag_2,107,1779961619100783637,10.705748566,1.158
postprocess_ms,2_7_new_plugin_bag_2,108,1779961619222592989,10.827557918,2.394
postprocess_ms,2_7_new_plugin_bag_2,109,1779961619306669854,10.911634783,2.35
postprocess_ms,2_7_new_plugin_bag_2,110,1779961619386461978,10.991426907000001,3.12
postprocess_ms,2_7_new_plugin_bag_2,111,1779961619486714639,11.091679568,0.644
postprocess_ms,2_7_new_plugin_bag_2,112,1779961619587071225,11.192036154,0.667
postprocess_ms,2_7_new_plugin_bag_2,113,1779961619686395099,11.291360028000001,1.808
postprocess_ms,2_7_new_plugin_bag_2,114,1779961619792240134,11.397205063000001,0.902
postprocess_ms,2_7_new_plugin_bag_2,115,1779961619920743465,11.525708394,2.194
postprocess_ms,2_7_new_plugin_bag_2,116,1779961619984703355,11.589668284,3.306
postprocess_ms,2_7_new_plugin_bag_2,117,1779961620079379970,11.684344899000001,1.1
postprocess_ms,2_7_new_plugin_bag_2,118,1779961620219718222,11.824683151,2.451
postprocess_ms,2_7_new_plugin_bag_2,119,1779961620287926386,11.892891315,0.978
postprocess_ms,2_7_new_plugin_bag_2,120,1779961620380959270,11.985924199000001,1.884
postprocess_ms,2_7_new_plugin_bag_2,121,1779961620482343973,12.087308902,2.754
postprocess_ms,2_7_new_plugin_bag_2,122,1779961620582840355,12.187805284000001,1.445
postprocess_ms,2_7_new_plugin_bag_2,123,1779961620738165841,12.34313077,10.325
postprocess_ms,2_7_new_plugin_bag_2,124,1779961620795367505,12.400332434000001,1.256
postprocess_ms,2_7_new_plugin_bag_2,125,1779961620905102381,12.51006731,1.25
postprocess_ms,2_7_new_plugin_bag_2,126,1779961620997508831,12.60247376,0.917
postprocess_ms,2_7_new_plugin_bag_2,127,1779961621119054189,12.724019118000001,2.058
postprocess_ms,2_7_new_plugin_bag_2,128,1779961621206908168,12.811873097000001,2.199
postprocess_ms,2_7_new_plugin_bag_2,129,1779961621343476825,12.948441754000001,2.135
postprocess_ms,2_7_new_plugin_bag_2,130,1779961621423165850,13.028130779000001,5.907
postprocess_ms,2_7_new_plugin_bag_2,131,1779961621495277154,13.100242083000001,0.627
postprocess_ms,2_7_new_plugin_bag_2,132,1779961621605743430,13.210708359000002,1.35
postprocess_ms,2_7_new_plugin_bag_2,133,1779961621709466871,13.314431800000001,2.329
postprocess_ms,2_7_new_plugin_bag_2,134,1779961621792247850,13.397212779,1.152
postprocess_ms,2_7_new_plugin_bag_2,135,1779961621921822852,13.526787781000001,1.406
postprocess_ms,2_7_new_plugin_bag_2,136,1779961621991280931,13.596245860000002,0.856
postprocess_ms,2_7_new_plugin_bag_2,137,1779961622084145292,13.689110221,1.062
postprocess_ms,2_7_new_plugin_bag_2,138,1779961622195127315,13.800092244,0.994
postprocess_ms,2_7_new_plugin_bag_2,139,1779961622309896380,13.914861309,2.712
postprocess_ms,2_7_new_plugin_bag_2,140,1779961622396215079,14.001180008,1.123
postprocess_ms,2_7_new_plugin_bag_2,141,1779961622496580288,14.101545217000002,0.955
postprocess_ms,2_7_new_plugin_bag_2,142,1779961622630528093,14.235493022000002,3.019
postprocess_ms,2_7_new_plugin_bag_2,143,1779961622682108340,14.287073269,2.071
postprocess_ms,2_7_new_plugin_bag_2,144,1779961622800349689,14.405314618,2.508
postprocess_ms,2_7_new_plugin_bag_2,145,1779961622899613041,14.504577970000001,0.883
postprocess_ms,2_7_new_plugin_bag_2,146,1779961622990905479,14.595870408000001,0.623
postprocess_ms,2_7_new_plugin_bag_2,147,1779961623094810090,14.699775019,2.903
postprocess_ms,2_7_new_plugin_bag_2,148,1779961623215587960,14.820552889000002,3.675
postprocess_ms,2_7_new_plugin_bag_2,149,1779961623319121329,14.924086258,1.488
postprocess_ms,2_7_new_plugin_bag_2,150,1779961623386556443,14.991521372000001,1.331
postprocess_ms,2_7_new_plugin_bag_2,151,1779961623482086418,15.087051347000001,0.922
postprocess_ms,2_7_new_plugin_bag_2,152,1779961623632322674,15.237287603,6.529
postprocess_ms,2_7_new_plugin_bag_2,153,1779961623690795173,15.295760102000001,0.912
postprocess_ms,2_7_new_plugin_bag_2,154,1779961623783856886,15.388821815000002,0.6
postprocess_ms,2_7_new_plugin_bag_2,155,1779961623930999920,15.535964849,10.197
postprocess_ms,2_7_new_plugin_bag_2,156,1779961624016397766,15.621362695,1.668
postprocess_ms,2_7_new_plugin_bag_2,157,1779961624126564632,15.731529561,2.766
postprocess_ms,2_7_new_plugin_bag_2,158,1779961624233917962,15.838882891,5.627
postprocess_ms,2_7_new_plugin_bag_2,159,1779961624290577039,15.895541968000002,1.251
postprocess_ms,2_7_new_plugin_bag_2,160,1779961624425079260,16.030044189,2.395
postprocess_ms,2_7_new_plugin_bag_2,161,1779961624508323038,16.113287967,2.172
postprocess_ms,2_7_new_plugin_bag_2,162,1779961624634638637,16.239603566,2.819
postprocess_ms,2_7_new_plugin_bag_2,163,1779961624719324263,16.324289192000002,0.903
postprocess_ms,2_7_new_plugin_bag_2,164,1779961624803310557,16.408275486,2.899
postprocess_ms,2_7_new_plugin_bag_2,165,1779961624900974695,16.505939624,1.77
postprocess_ms,2_7_new_plugin_bag_2,166,1779961624980750807,16.585715736,2.503
postprocess_ms,2_7_new_plugin_bag_2,167,1779961625110308473,16.715273402,3.131
postprocess_ms,2_7_new_plugin_bag_2,168,1779961625187310222,16.792275151000002,1.471
postprocess_ms,2_7_new_plugin_bag_2,169,1779961625329418898,16.934383827,5.493
postprocess_ms,2_7_new_plugin_bag_2,170,1779961625431184349,17.036149278,0.759
postprocess_ms,2_7_new_plugin_bag_2,171,1779961625489202789,17.094167718,2.1
postprocess_ms,2_7_new_plugin_bag_2,172,1779961625583613888,17.188578817,0.791
postprocess_ms,2_7_new_plugin_bag_2,173,1779961625692508788,17.297473717000003,1.056
postprocess_ms,2_7_new_plugin_bag_2,174,1779961625802792948,17.407757877,0.63
postprocess_ms,2_7_new_plugin_bag_2,175,1779961625902783105,17.507748034000002,1.587
postprocess_ms,2_7_new_plugin_bag_2,176,1779961625991931759,17.596896688,1.35
postprocess_ms,2_7_new_plugin_bag_2,177,1779961626098148954,17.703113883,0.902
postprocess_ms,2_7_new_plugin_bag_2,178,1779961626196456977,17.801421906,1.471
postprocess_ms,2_7_new_plugin_bag_2,179,1779961626292811699,17.897776628000003,0.827
postprocess_ms,2_7_new_plugin_bag_2,180,1779961626431100067,18.036064996,6.954
postprocess_ms,2_7_new_plugin_bag_2,181,1779961626508392494,18.113357423,2.612
postprocess_ms,2_7_new_plugin_bag_2,182,1779961626593932454,18.198897383000002,1.453
postprocess_ms,2_7_new_plugin_bag_2,183,1779961626699801995,18.304766924000003,0.879
postprocess_ms,2_7_new_plugin_bag_2,184,1779961626792944383,18.397909312,1.902
postprocess_ms,2_7_new_plugin_bag_2,185,1779961626888588512,18.493553441,1.465
postprocess_ms,2_7_new_plugin_bag_2,186,1779961626981700240,18.586665169,1.544
postprocess_ms,2_7_new_plugin_bag_2,187,1779961627090549587,18.695514516000003,0.625
postprocess_ms,2_7_new_plugin_bag_2,188,1779961627178198650,18.783163579,1.048
postprocess_ms,2_7_new_plugin_bag_2,189,1779961627331469416,18.936434345000002,1.497
postprocess_ms,2_7_new_plugin_bag_2,190,1779961627426708687,19.031673616000003,7.537
postprocess_ms,2_7_new_plugin_bag_2,191,1779961627492229867,19.097194796,0.996
postprocess_ms,2_7_new_plugin_bag_2,192,1779961627585873460,19.190838389,1.745
postprocess_ms,2_7_new_plugin_bag_2,193,1779961627690014843,19.294979772,3.334
postprocess_ms,2_7_new_plugin_bag_2,194,1779961627805491502,19.410456431,4.359
postprocess_ms,2_7_new_plugin_bag_2,195,1779961627882007380,19.486972309000002,1.034
postprocess_ms,2_7_new_plugin_bag_2,196,1779961627982643686,19.587608615,0.817
postprocess_ms,2_7_new_plugin_bag_2,197,1779961628106579061,19.711543990000003,4.167
postprocess_ms,2_7_new_plugin_bag_2,198,1779961628195060731,19.800025660000003,0.933
postprocess_ms,2_7_new_plugin_bag_2,199,1779961628287154281,19.89211921,1.216
postprocess_ms,2_7_new_plugin_bag_2,200,1779961628404222436,20.009187365000003,1.222
postprocess_ms,2_7_new_plugin_bag_2,201,1779961628490856893,20.095821822,1.385
postprocess_ms,2_7_new_plugin_bag_2,202,1779961628595398496,20.200363425000003,1.1
postprocess_ms,2_7_new_plugin_bag_2,203,1779961628707461797,20.312426726,0.937
postprocess_ms,2_7_new_plugin_bag_2,204,1779961628832522622,20.437487551,1.644
postprocess_ms,2_7_new_plugin_bag_2,205,1779961628922374461,20.52733939,2.026
postprocess_ms,2_7_new_plugin_bag_2,206,1779961629036661996,20.641626925,0.898
postprocess_ms,2_7_new_plugin_bag_2,207,1779961629098968628,20.703933557000003,0.952
postprocess_ms,2_7_new_plugin_bag_2,208,1779961629230753891,20.83571882,1.003
postprocess_ms,2_7_new_plugin_bag_2,209,1779961629296278938,20.901243867,1.079
postprocess_ms,2_7_new_plugin_bag_2,210,1779961629407588824,21.012553753000002,2.972
postprocess_ms,2_7_new_plugin_bag_2,211,1779961629525985440,21.130950369,1.399
postprocess_ms,2_7_new_plugin_bag_2,212,1779961629627867497,21.232832426,1.317
postprocess_ms,2_7_new_plugin_bag_2,213,1779961629713117306,21.318082235000002,3.913
postprocess_ms,2_7_new_plugin_bag_2,214,1779961629816761188,21.421726117000002,0.989
postprocess_ms,2_7_new_plugin_bag_2,215,1779961629886148595,21.491113524000003,2.785
postprocess_ms,2_7_new_plugin_bag_2,216,1779961629995235792,21.600200721,0.635
postprocess_ms,2_7_new_plugin_bag_2,217,1779961630113009134,21.717974063,0.839
postprocess_ms,2_7_new_plugin_bag_2,218,1779961630204788675,21.809753604,0.854
postprocess_ms,2_7_new_plugin_bag_2,219,1779961630310697603,21.915662532000002,4.108
postprocess_ms,2_7_new_plugin_bag_2,220,1779961630413262556,22.018227485,4.221
postprocess_ms,2_7_new_plugin_bag_2,221,1779961630521146761,22.126111690000002,2.244
postprocess_ms,2_7_new_plugin_bag_2,222,1779961630601391082,22.206356011,1.976
postprocess_ms,2_7_new_plugin_bag_2,223,1779961630701400628,22.306365557000003,0.951
postprocess_ms,2_7_new_plugin_bag_2,224,1779961630799986040,22.404950969,0.974
postprocess_ms,2_7_new_plugin_bag_2,225,1779961630919313681,22.52427861,2.968
postprocess_ms,2_7_new_plugin_bag_2,226,1779961631006173836,22.611138765,1.233
postprocess_ms,2_7_new_plugin_bag_2,227,1779961631136135756,22.741100685000003,2.263
postprocess_ms,2_7_new_plugin_bag_2,228,1779961631197722797,22.802687726000002,0.919
postprocess_ms,2_7_new_plugin_bag_2,229,1779961631328977770,22.933942699000003,7.074
postprocess_ms,2_7_new_plugin_bag_2,230,1779961631404164475,23.009129404000003,2.094
postprocess_ms,2_7_new_plugin_bag_2,231,1779961631509863108,23.114828037000002,1.328
postprocess_ms,2_7_new_plugin_bag_2,232,1779961631625907464,23.230872393000002,6.538
postprocess_ms,2_7_new_plugin_bag_2,233,1779961631719787963,23.324752892000003,3.327
postprocess_ms,2_7_new_plugin_bag_2,234,1779961631810745877,23.415710806,2.97
postprocess_ms,2_7_new_plugin_bag_2,235,1779961631908505687,23.513470616000003,2.849
postprocess_ms,2_7_new_plugin_bag_2,236,1779961632014839164,23.619804093000003,4.035
postprocess_ms,2_7_new_plugin_bag_2,237,1779961632088182673,23.693147602,1.071
postprocess_ms,2_7_new_plugin_bag_2,238,1779961632205765720,23.810730649,1.1
postprocess_ms,2_7_new_plugin_bag_2,239,1779961632297467091,23.902432020000003,1.069
postprocess_ms,2_7_new_plugin_bag_2,240,1779961632387064645,23.992029574,0.943
postprocess_ms,2_7_new_plugin_bag_2,241,1779961632488020588,24.092985517000002,1.071
postprocess_ms,2_7_new_plugin_bag_2,242,1779961632589434306,24.194399235000002,1.208
postprocess_ms,2_7_new_plugin_bag_2,243,1779961632706909529,24.311874458000002,0.932
postprocess_ms,2_7_new_plugin_bag_2,244,1779961632793730686,24.398695615,1.638
postprocess_ms,2_7_new_plugin_bag_2,245,1779961632932950969,24.537915898,4.188
postprocess_ms,2_7_new_plugin_bag_2,246,1779961633036670324,24.641635253,2.967
postprocess_ms,2_7_new_plugin_bag_2,247,1779961633092805523,24.697770452,3.648
postprocess_ms,2_7_new_plugin_bag_2,248,1779961633205514475,24.810479404000002,1.567
postprocess_ms,2_7_new_plugin_bag_2,249,1779961633298068260,24.903033189000002,1.203
postprocess_ms,2_7_new_plugin_bag_2,250,1779961633416099565,25.021064494,8.44
postprocess_ms,2_7_new_plugin_bag_2,251,1779961633502363021,25.107327950000002,2.133
postprocess_ms,2_7_new_plugin_bag_2,252,1779961633621894037,25.226858966,4.2
postprocess_ms,2_7_new_plugin_bag_2,253,1779961633726363136,25.331328065,1.303
postprocess_ms,2_7_new_plugin_bag_2,254,1779961633788988392,25.393953321,1.836
postprocess_ms,2_7_new_plugin_bag_2,255,1779961633912234896,25.517199825000002,3.283
postprocess_ms,2_7_new_plugin_bag_2,256,1779961633995475023,25.600439952000002,0.741
postprocess_ms,2_7_new_plugin_bag_2,257,1779961634111649699,25.716614628000002,1.307
postprocess_ms,2_7_new_plugin_bag_2,258,1779961634193253679,25.798218608000003,1.197
postprocess_ms,2_7_new_plugin_bag_2,259,1779961634319386280,25.924351209,0.801
postprocess_ms,2_7_new_plugin_bag_2,260,1779961634388585766,25.993550695000003,1.089
postprocess_ms,2_7_new_plugin_bag_2,261,1779961634492349197,26.097314126,0.897
postprocess_ms,2_7_new_plugin_bag_2,262,1779961634620008056,26.224972985,6.249
postprocess_ms,2_7_new_plugin_bag_2,263,1779961634699827021,26.304791950000002,0.818
postprocess_ms,2_7_new_plugin_bag_2,264,1779961634788182093,26.393147022,2.112
postprocess_ms,2_7_new_plugin_bag_2,265,1779961634886755496,26.491720425,1.388
postprocess_ms,2_7_new_plugin_bag_2,266,1779961635004071494,26.609036423000003,3.281
postprocess_ms,2_7_new_plugin_bag_2,267,1779961635104536976,26.709501905000003,3.64
postprocess_ms,2_7_new_plugin_bag_2,268,1779961635237248134,26.842213063000003,1.008
postprocess_ms,2_7_new_plugin_bag_2,269,1779961635294434606,26.899399535,1.641
postprocess_ms,2_7_new_plugin_bag_2,270,1779961635400685785,27.005650714,0.874
postprocess_ms,2_7_new_plugin_bag_2,271,1779961635508292505,27.113257434,1.99
postprocess_ms,2_7_new_plugin_bag_2,272,1779961635593338269,27.198303198,1.139
postprocess_ms,2_7_new_plugin_bag_2,273,1779961635686839773,27.291804702,2.049
postprocess_ms,2_7_new_plugin_bag_2,274,1779961635805370147,27.410335076000003,2.646
postprocess_ms,2_7_new_plugin_bag_2,275,1779961635903306299,27.508271228,4.039
postprocess_ms,2_7_new_plugin_bag_2,276,1779961635997236945,27.602201874000002,0.731
postprocess_ms,2_7_new_plugin_bag_2,277,1779961636086978529,27.691943458,1.006
postprocess_ms,2_7_new_plugin_bag_2,278,1779961636198576586,27.803541515000003,1.512
postprocess_ms,2_7_new_plugin_bag_2,279,1779961636292514326,27.897479255,1.519
postprocess_ms,2_7_new_plugin_bag_2,280,1779961636427224751,28.032189680000002,1.49
postprocess_ms,2_7_new_plugin_bag_2,281,1779961636508858970,28.113823899000003,0.926
postprocess_ms,2_7_new_plugin_bag_2,282,1779961636617534581,28.222499510000002,1.828
postprocess_ms,2_7_new_plugin_bag_2,283,1779961636731240804,28.336205733000003,8.935
postprocess_ms,2_7_new_plugin_bag_2,284,1779961636796578342,28.401543271,1.352
postprocess_ms,2_7_new_plugin_bag_2,285,1779961636921236528,28.526201457000003,3.984
postprocess_ms,2_7_new_plugin_bag_2,286,1779961636993590664,28.598555593,1.75
postprocess_ms,2_7_new_plugin_bag_2,287,1779961637137627911,28.74259284,2.008
postprocess_ms,2_7_new_plugin_bag_2,288,1779961637225202497,28.830167426000003,6.68
postprocess_ms,2_7_new_plugin_bag_2,289,1779961637338918513,28.943883442,2.184
postprocess_ms,2_7_new_plugin_bag_2,290,1779961637437255667,29.042220596000003,4.868
postprocess_ms,2_7_new_plugin_bag_2,291,1779961637504709021,29.10967395,1.979
postprocess_ms,2_7_new_plugin_bag_2,292,1779961637618000785,29.222965714,3.594
postprocess_ms,2_7_new_plugin_bag_2,293,1779961637744022601,29.348987530000002,1.819
postprocess_ms,2_7_new_plugin_bag_2,294,1779961637816863728,29.421828657000002,2.373
postprocess_ms,2_7_new_plugin_bag_2,295,1779961637904622749,29.509587678000003,2.874
postprocess_ms,2_7_new_plugin_bag_2,296,1779961637990546801,29.595511730000002,1.189
postprocess_ms,2_7_new_plugin_bag_2,297,1779961638101371272,29.706336201000003,1.217
postprocess_ms,2_7_new_plugin_bag_2,298,1779961638200358912,29.805323841000003,0.685
postprocess_ms,2_7_new_plugin_bag_2,299,1779961638296643869,29.901608798,1.178
postprocess_ms,2_7_new_plugin_bag_2,300,1779961638387731579,29.992696508,1.332
postprocess_ms,2_7_new_plugin_bag_2,301,1779961638486135045,30.091099974000002,0.702
postprocess_ms,2_7_new_plugin_bag_2,302,1779961638603537045,30.208501974,2.088
postprocess_ms,2_7_new_plugin_bag_2,303,1779961638683843182,30.288808111,3.049
postprocess_ms,2_7_new_plugin_bag_2,304,1779961638793655670,30.398620599,1.399
postprocess_ms,2_7_new_plugin_bag_2,305,1779961638902051235,30.507016164000003,1.88
postprocess_ms,2_7_new_plugin_bag_2,306,1779961639016317183,30.621282112000003,2.246
postprocess_ms,2_7_new_plugin_bag_2,307,1779961639099833339,30.704798268,0.87
postprocess_ms,2_7_new_plugin_bag_2,308,1779961639203105331,30.80807026,3.312
postprocess_ms,2_7_new_plugin_bag_2,309,1779961639288439675,30.893404604,1.111
postprocess_ms,2_7_new_plugin_bag_2,310,1779961639423305785,31.028270714,3.947
postprocess_ms,2_7_new_plugin_bag_2,311,1779961639510189103,31.115154032000003,2.269
postprocess_ms,2_7_new_plugin_bag_2,312,1779961639591637725,31.196602654000003,0.706
postprocess_ms,2_7_new_plugin_bag_2,313,1779961639681190078,31.286155007,1.463
postprocess_ms,2_7_new_plugin_bag_2,314,1779961639803251955,31.408216884,0.965
postprocess_ms,2_7_new_plugin_bag_2,315,1779961639938330745,31.543295674000003,1.417
postprocess_ms,2_7_new_plugin_bag_2,316,1779961639998473314,31.603438243000003,0.828
postprocess_ms,2_7_new_plugin_bag_2,317,1779961640131246319,31.736211248000004,3.305
postprocess_ms,2_7_new_plugin_bag_2,318,1779961640212648863,31.817613792000003,2.426
postprocess_ms,2_7_new_plugin_bag_2,319,1779961640330262035,31.935226964,0.994
postprocess_ms,2_7_new_plugin_bag_2,320,1779961640397668506,32.002633435,0.978
postprocess_ms,2_7_new_plugin_bag_2,321,1779961640494849744,32.099814673000004,1.081
postprocess_ms,2_7_new_plugin_bag_2,322,1779961640615928886,32.220893815000004,1.622
postprocess_ms,2_7_new_plugin_bag_2,323,1779961640699035801,32.30400073,1.57
postprocess_ms,2_7_new_plugin_bag_2,324,1779961640817262523,32.422227452,2.686
postprocess_ms,2_7_new_plugin_bag_2,325,1779961640904847454,32.509812383,0.699
postprocess_ms,2_7_new_plugin_bag_2,326,1779961641018588253,32.623553182,5.049
postprocess_ms,2_7_new_plugin_bag_2,327,1779961641120870426,32.725835355,1.901
postprocess_ms,2_7_new_plugin_bag_2,328,1779961641219322587,32.824287516000005,3.006
postprocess_ms,2_7_new_plugin_bag_2,329,1779961641297771884,32.902736813000004,0.999
postprocess_ms,2_7_new_plugin_bag_2,330,1779961641407105280,33.012070209,2.664
postprocess_ms,2_7_new_plugin_bag_2,331,1779961641503117853,33.108082782000004,1.817
postprocess_ms,2_7_new_plugin_bag_2,332,1779961641608558163,33.213523092,3.093
postprocess_ms,2_7_new_plugin_bag_2,333,1779961641693078505,33.298043434,1.046
postprocess_ms,2_7_new_plugin_bag_2,334,1779961641838376094,33.443341023,2.182
postprocess_ms,2_7_new_plugin_bag_2,335,1779961641923006109,33.527971038000004,5.236
postprocess_ms,2_7_new_plugin_bag_2,336,1779961642006217983,33.611182912000004,2.131
postprocess_ms,2_7_new_plugin_bag_2,337,1779961642094087661,33.69905259,1.484
postprocess_ms,2_7_new_plugin_bag_2,338,1779961642206824700,33.811789629,3.281
postprocess_ms,2_7_new_plugin_bag_2,339,1779961642291869588,33.896834517,1.268
postprocess_ms,2_7_new_plugin_bag_2,340,1779961642437005446,34.041970375000005,5.286
postprocess_ms,2_7_new_plugin_bag_2,341,1779961642552417298,34.157382227,2.333
postprocess_ms,2_7_new_plugin_bag_2,342,1779961642626625436,34.231590365,4.878
postprocess_ms,2_7_new_plugin_bag_2,343,1779961642732088104,34.337053033000004,1.138
postprocess_ms,2_7_new_plugin_bag_2,344,1779961642801204773,34.406169702,1.678
postprocess_ms,2_7_new_plugin_bag_2,345,1779961642948783371,34.5537483,1.707
postprocess_ms,2_7_new_plugin_bag_2,346,1779961643034466895,34.639431824,1.119
postprocess_ms,2_7_new_plugin_bag_2,347,1779961643099361658,34.704326587000004,1.066
postprocess_ms,2_7_new_plugin_bag_2,348,1779961643205821905,34.810786834000005,3.206
postprocess_ms,2_7_new_plugin_bag_2,349,1779961643314651262,34.919616191,2.689
postprocess_ms,2_7_new_plugin_bag_2,350,1779961643408771609,35.013736538,2.389
postprocess_ms,2_7_new_plugin_bag_2,351,1779961643511581718,35.116546647,3.65
postprocess_ms,2_7_new_plugin_bag_2,352,1779961643593184620,35.198149549,1.325
postprocess_ms,2_7_new_plugin_bag_2,353,1779961643688797886,35.293762815,0.596
postprocess_ms,2_7_new_plugin_bag_2,354,1779961643832394822,35.437359751,3.264
postprocess_ms,2_7_new_plugin_bag_2,355,1779961643905422048,35.510386977,1.688
postprocess_ms,2_7_new_plugin_bag_2,356,1779961643995098633,35.600063562,1.003
postprocess_ms,2_7_new_plugin_bag_2,357,1779961644089100749,35.694065678,1.227
postprocess_ms,2_7_new_plugin_bag_2,358,1779961644212427576,35.817392505,6.81
postprocess_ms,2_7_new_plugin_bag_2,359,1779961644317410337,35.922375266,1.764
postprocess_ms,2_7_new_plugin_bag_2,360,1779961644392173711,35.99713864,1.954
postprocess_ms,2_7_new_plugin_bag_2,361,1779961644494061838,36.099026767000005,0.754
postprocess_ms,2_7_new_plugin_bag_2,362,1779961644595003060,36.199967989,1.097
postprocess_ms,2_7_new_plugin_bag_2,363,1779961644717475592,36.322440521000004,1.368
postprocess_ms,2_7_new_plugin_bag_2,364,1779961644791225300,36.396190229000005,1.058
postprocess_ms,2_7_new_plugin_bag_2,365,1779961644882289754,36.487254683,2.905
postprocess_ms,2_7_new_plugin_bag_2,366,1779961644997238666,36.602203595,1.167
postprocess_ms,2_7_new_plugin_bag_2,367,1779961645137253916,36.742218845000004,1.667
postprocess_ms,2_7_new_plugin_bag_2,368,1779961645220904115,36.825869044,1.878
postprocess_ms,2_7_new_plugin_bag_2,369,1779961645310817784,36.915782713000006,2.929
postprocess_ms,2_7_new_plugin_bag_2,370,1779961645398628152,37.003593081000005,1.383
postprocess_ms,2_7_new_plugin_bag_2,371,1779961645523136431,37.12810136,3.099
postprocess_ms,2_7_new_plugin_bag_2,372,1779961645594685632,37.199650561000006,2.029
postprocess_ms,2_7_new_plugin_bag_2,373,1779961645699886493,37.304851422000006,0.783
postprocess_ms,2_7_new_plugin_bag_2,374,1779961645807147281,37.412112210000004,1.353
postprocess_ms,2_7_new_plugin_bag_2,375,1779961645891849207,37.496814136000005,1.701
postprocess_ms,2_7_new_plugin_bag_2,376,1779961645994087870,37.599052799,1.406
postprocess_ms,2_7_new_plugin_bag_2,377,1779961646103928986,37.708893915000004,1.636
postprocess_ms,2_7_new_plugin_bag_2,378,1779961646186631202,37.791596131000006,0.7
postprocess_ms,2_7_new_plugin_bag_2,379,1779961646317629725,37.922594654,4.57
postprocess_ms,2_7_new_plugin_bag_2,380,1779961646403874054,38.008838983000004,2.374
postprocess_ms,2_7_new_plugin_bag_2,381,1779961646502430928,38.107395857,0.71
postprocess_ms,2_7_new_plugin_bag_2,382,1779961646615269669,38.220234598000005,2.39
postprocess_ms,2_7_new_plugin_bag_2,383,1779961646689302181,38.29426711,0.753
postprocess_ms,2_7_new_plugin_bag_2,384,1779961646794675215,38.399640144,0.79
postprocess_ms,2_7_new_plugin_bag_2,385,1779961646887613100,38.492578029,1.508
postprocess_ms,2_7_new_plugin_bag_2,386,1779961647012079379,38.617044308000004,1.517
postprocess_ms,2_7_new_plugin_bag_2,387,1779961647122248536,38.727213465000005,1.265
postprocess_ms,2_7_new_plugin_bag_2,388,1779961647218578670,38.823543599000004,2.176
postprocess_ms,2_7_new_plugin_bag_2,389,1779961647336538149,38.941503078000004,6.014
postprocess_ms,2_7_new_plugin_bag_2,390,1779961647419234139,39.024199068,2.311
postprocess_ms,2_7_new_plugin_bag_2,391,1779961647489692083,39.094657012,0.953
postprocess_ms,2_7_new_plugin_bag_2,392,1779961647586828602,39.191793531,1.167
postprocess_ms,2_7_new_plugin_bag_2,393,1779961647717516389,39.322481318,2.487
postprocess_ms,2_7_new_plugin_bag_2,394,1779961647820940211,39.425905140000005,5.127
postprocess_ms,2_7_new_plugin_bag_2,395,1779961647923797881,39.52876281,1.367
postprocess_ms,2_7_new_plugin_bag_2,396,1779961648015468334,39.620433263,2.563
postprocess_ms,2_7_new_plugin_bag_2,397,1779961648135950119,39.740915048000005,0.914
postprocess_ms,2_7_new_plugin_bag_2,398,1779961648222975180,39.827940109000004,4.982
postprocess_ms,2_7_new_plugin_bag_2,399,1779961648304790871,39.9097558,2.571
postprocess_ms,2_7_new_plugin_bag_2,400,1779961648395686401,40.000651330000004,1.1
postprocess_ms,2_7_new_plugin_bag_2,401,1779961648502866183,40.107831112,2.175
postprocess_ms,2_7_new_plugin_bag_2,402,1779961648606692487,40.211657416,1.289
postprocess_ms,2_7_new_plugin_bag_2,403,1779961648703902851,40.30886778,2.173
postprocess_ms,2_7_new_plugin_bag_2,404,1779961648840719352,40.445684281000005,1.046
postprocess_ms,2_7_new_plugin_bag_2,405,1779961648921342814,40.526307743000004,1.042
postprocess_ms,2_7_new_plugin_bag_2,406,1779961649027292118,40.632257047,0.714
postprocess_ms,2_7_new_plugin_bag_2,407,1779961649116794919,40.721759848000005,4.355
postprocess_ms,2_7_new_plugin_bag_2,408,1779961649213988135,40.818953064000006,3.07
postprocess_ms,2_7_new_plugin_bag_2,409,1779961649315991896,40.920956825000005,2.823
postprocess_ms,2_7_new_plugin_bag_2,410,1779961649454579002,41.059543931,3.652
postprocess_ms,2_7_new_plugin_bag_2,411,1779961649511854581,41.11681951,1.337
postprocess_ms,2_7_new_plugin_bag_2,412,1779961649626810274,41.231775203000005,2.171
postprocess_ms,2_7_new_plugin_bag_2,413,1779961649698503563,41.303468492,1.914
postprocess_ms,2_7_new_plugin_bag_2,414,1779961649803061363,41.408026292,1.631
postprocess_ms,2_7_new_plugin_bag_2,415,1779961649895036742,41.500001671,1.062
postprocess_ms,2_7_new_plugin_bag_2,416,1779961650030360940,41.635325869000006,1.453
postprocess_ms,2_7_new_plugin_bag_2,417,1779961650122088848,41.727053777,3.017
postprocess_ms,2_7_new_plugin_bag_2,418,1779961650197380483,41.802345412,0.969
postprocess_ms,2_7_new_plugin_bag_2,419,1779961650293745111,41.898710040000005,1.081
postprocess_ms,2_7_new_plugin_bag_2,420,1779961650421145505,42.026110434,3.688
postprocess_ms,2_7_new_plugin_bag_2,421,1779961650495019079,42.099984008,1.525
postprocess_ms,2_7_new_plugin_bag_2,422,1779961650642577409,42.247542338,4.801
postprocess_ms,2_7_new_plugin_bag_2,423,1779961650688922971,42.2938879,0.851
postprocess_ms,2_7_new_plugin_bag_2,424,1779961650813940654,42.418905583000004,3.815
postprocess_ms,2_7_new_plugin_bag_2,425,1779961650911031919,42.515996848,3.473
postprocess_ms,2_7_new_plugin_bag_2,426,1779961651005769425,42.610734354,1.082
postprocess_ms,2_7_new_plugin_bag_2,427,1779961651108932142,42.713897071000005,1.151
postprocess_ms,2_7_new_plugin_bag_2,428,1779961651204292105,42.809257034000005,0.735
postprocess_ms,2_7_new_plugin_bag_2,429,1779961651307812379,42.912777308,1.97
postprocess_ms,2_7_new_plugin_bag_2,430,1779961651391784714,42.996749643,0.695
postprocess_ms,2_7_new_plugin_bag_2,431,1779961651495735420,43.100700349,0.707
postprocess_ms,2_7_new_plugin_bag_2,432,1779961651616563409,43.221528338000006,2.68
postprocess_ms,2_7_new_plugin_bag_2,433,1779961651700343236,43.305308165,0.859
postprocess_ms,2_7_new_plugin_bag_2,434,1779961651792699849,43.397664778,0.949
postprocess_ms,2_7_new_plugin_bag_2,435,1779961651887904955,43.492869884,1.493
postprocess_ms,2_7_new_plugin_bag_2,436,1779961652015593573,43.620558502,5.088
postprocess_ms,2_7_new_plugin_bag_2,437,1779961652099138509,43.704103438000004,0.991
postprocess_ms,2_7_new_plugin_bag_2,438,1779961652194875231,43.79984016,1.324
postprocess_ms,2_7_new_plugin_bag_2,439,1779961652310968027,43.915932956000006,4.364
postprocess_ms,2_7_new_plugin_bag_2,440,1779961652390333502,43.995298431,1.421
postprocess_ms,2_7_new_plugin_bag_2,441,1779961652519403741,44.12436867,1.967
postprocess_ms,2_7_new_plugin_bag_2,442,1779961652611600065,44.216564994,1.089
postprocess_ms,2_7_new_plugin_bag_2,443,1779961652703448577,44.308413506,2.814
postprocess_ms,2_7_new_plugin_bag_2,444,1779961652790848748,44.395813677,1.169
postprocess_ms,2_7_new_plugin_bag_2,445,1779961652904862202,44.509827131,4.302
postprocess_ms,2_7_new_plugin_bag_2,446,1779961652993058191,44.59802312,1.297
postprocess_ms,2_7_new_plugin_bag_2,447,1779961653133270463,44.738235392,3.109
postprocess_ms,2_7_new_plugin_bag_2,448,1779961653213939788,44.818904717,0.706
postprocess_ms,2_7_new_plugin_bag_2,449,1779961653321351084,44.926316013000005,1.126
postprocess_ms,2_7_new_plugin_bag_2,450,1779961653415197123,45.020162052,4.275
postprocess_ms,2_7_new_plugin_bag_2,451,1779961653485574979,45.090539908000004,2.822
postprocess_ms,2_7_new_plugin_bag_2,452,1779961653611011796,45.215976725000004,0.82
postprocess_ms,2_7_new_plugin_bag_2,453,1779961653700326360,45.305291289,1.185
postprocess_ms,2_7_new_plugin_bag_2,454,1779961653789040081,45.39400501,1.245
postprocess_ms,2_7_new_plugin_bag_2,455,1779961653919957482,45.524922411000006,1.351
postprocess_ms,2_7_new_plugin_bag_2,456,1779961654004210583,45.609175512,2.11
postprocess_ms,2_7_new_plugin_bag_2,457,1779961654103252813,45.708217742,2.017
postprocess_ms,2_7_new_plugin_bag_2,458,1779961654219896495,45.824861424000005,3.402
postprocess_ms,2_7_new_plugin_bag_2,459,1779961654288336320,45.893301249000004,0.856
postprocess_ms,2_7_new_plugin_bag_2,460,1779961654408087807,46.013052736000006,4.524
postprocess_ms,2_7_new_plugin_bag_2,461,1779961654496196616,46.101161545000004,0.761
postprocess_ms,2_7_new_plugin_bag_2,462,1779961654589582715,46.194547644000004,2.082
postprocess_ms,2_7_new_plugin_bag_2,463,1779961654713921916,46.318886845,0.777
postprocess_ms,2_7_new_plugin_bag_2,464,1779961654822463094,46.427428023000004,1.982
postprocess_ms,2_7_new_plugin_bag_2,465,1779961654889544789,46.494509718,0.695
postprocess_ms,2_7_new_plugin_bag_2,466,1779961655009612819,46.614577748,6.673
postprocess_ms,2_7_new_plugin_bag_2,467,1779961655089591999,46.694556928000004,1.054
postprocess_ms,2_7_new_plugin_bag_2,468,1779961655211751237,46.816716166000006,1.298
postprocess_ms,2_7_new_plugin_bag_2,469,1779961655317160301,46.922125230000006,3.504
postprocess_ms,2_7_new_plugin_bag_2,470,1779961655432208596,47.037173525,1.632
postprocess_ms,2_7_new_plugin_bag_2,471,1779961655504982432,47.109947361,2.661
postprocess_ms,2_7_new_plugin_bag_2,472,1779961655618688342,47.223653271,2.296
postprocess_ms,2_7_new_plugin_bag_2,473,1779961655687482342,47.292447271,1.256
postprocess_ms,2_7_new_plugin_bag_2,474,1779961655799754591,47.40471952,0.997
postprocess_ms,2_7_new_plugin_bag_2,475,1779961655937833757,47.542798686000005,1.12
postprocess_ms,2_7_new_plugin_bag_2,476,1779961656030472965,47.635437894000006,9.601
postprocess_ms,2_7_new_plugin_bag_2,477,1779961656114911000,47.719875929000004,2.443
postprocess_ms,2_7_new_plugin_bag_2,478,1779961656210044474,47.815009403000005,0.791
postprocess_ms,2_7_new_plugin_bag_2,479,1779961656308770200,47.913735129,2.649
postprocess_ms,2_7_new_plugin_bag_2,480,1779961656432869583,48.037834512,6.784
postprocess_ms,2_7_new_plugin_bag_2,481,1779961656498679520,48.103644449,0.69
postprocess_ms,2_7_new_plugin_bag_2,482,1779961656607807715,48.212772644000005,0.662
postprocess_ms,2_7_new_plugin_bag_2,483,1779961656705854425,48.310819354,0.704
postprocess_ms,2_7_new_plugin_bag_2,484,1779961656846396102,48.451361031000005,1.752
postprocess_ms,2_7_new_plugin_bag_2,485,1779961656888237738,48.493202667000006,0.722
postprocess_ms,2_7_new_plugin_bag_2,486,1779961657009864830,48.614829759,4.469
postprocess_ms,2_7_new_plugin_bag_2,487,1779961657097932019,48.702896948,1.047
postprocess_ms,2_7_new_plugin_bag_2,488,1779961657198496392,48.803461321,0.912
postprocess_ms,2_7_new_plugin_bag_2,489,1779961657285263261,48.89022819,1.256
postprocess_ms,2_7_new_plugin_bag_2,490,1779961657413543385,49.018508314,0.736
postprocess_ms,2_7_new_plugin_bag_2,491,1779961657487370224,49.092335153,1.329
postprocess_ms,2_7_new_plugin_bag_2,492,1779961657583823278,49.188788207,1.108
postprocess_ms,2_7_new_plugin_bag_2,493,1779961657686142627,49.291107556,2.263
postprocess_ms,2_7_new_plugin_bag_2,494,1779961657790143529,49.395108458,0.863
postprocess_ms,2_7_new_plugin_bag_2,495,1779961657881802358,49.486767287000006,1.188
postprocess_ms,2_7_new_plugin_bag_2,496,1779961657994080512,49.599045441,0.786
postprocess_ms,2_7_new_plugin_bag_2,497,1779961658106221611,49.71118654,1.487
postprocess_ms,2_7_new_plugin_bag_2,498,1779961658227804481,49.832769410000004,2.21
postprocess_ms,2_7_new_plugin_bag_2,499,1779961658308069000,49.913033929,0.809
postprocess_ms,2_7_new_plugin_bag_2,500,1779961658413947549,50.018912478000004,1.002
postprocess_ms,2_7_new_plugin_bag_2,501,1779961658486802128,50.091767057000006,1.178
postprocess_ms,2_7_new_plugin_bag_2,502,1779961658606641735,50.211606664,1.224
postprocess_ms,2_7_new_plugin_bag_2,503,1779961658708735443,50.31370037200001,3.364
postprocess_ms,2_7_new_plugin_bag_2,504,1779961658792198770,50.397163699000004,0.92
postprocess_ms,2_7_new_plugin_bag_2,505,1779961658942998355,50.547963284000005,1.082
postprocess_ms,2_7_new_plugin_bag_2,506,1779961658998883576,50.603848505,1.189
postprocess_ms,2_7_new_plugin_bag_2,507,1779961659116624388,50.721589317,1.864
postprocess_ms,2_7_new_plugin_bag_2,508,1779961659185324150,50.790289079000004,0.981
postprocess_ms,2_7_new_plugin_bag_2,509,1779961659319184944,50.924149873000005,4.617
postprocess_ms,2_7_new_plugin_bag_2,510,1779961659404473866,51.009438795,1.179
postprocess_ms,2_7_new_plugin_bag_2,511,1779961659493498457,51.098463386000006,2.4
postprocess_ms,2_7_new_plugin_bag_2,512,1779961659590725063,51.195689992000005,0.743
postprocess_ms,2_7_new_plugin_bag_2,513,1779961659699758110,51.304723039,1.27
postprocess_ms,2_7_new_plugin_bag_2,514,1779961659795482177,51.400447106,1.088
postprocess_ms,2_7_new_plugin_bag_2,515,1779961659908092231,51.51305716,2.4
postprocess_ms,2_7_new_plugin_bag_2,516,1779961659985173084,51.590138013,0.599
postprocess_ms,2_7_new_plugin_bag_2,517,1779961660099647696,51.704612625,0.938
postprocess_ms,2_7_new_plugin_bag_2,518,1779961660212405571,51.8173705,3.322
postprocess_ms,2_7_new_plugin_bag_2,519,1779961660327306939,51.932271868,1.518
postprocess_ms,2_7_new_plugin_bag_2,520,1779961660402488543,52.007453472,1.234
postprocess_ms,2_7_new_plugin_bag_2,521,1779961660486257501,52.09122243,1.985
postprocess_ms,2_7_new_plugin_bag_2,522,1779961660582688644,52.187653573000006,1.114
postprocess_ms,2_7_new_plugin_bag_2,523,1779961660685818901,52.29078383,0.732
postprocess_ms,2_7_new_plugin_bag_2,524,1779961660795539596,52.400504525,1.037
postprocess_ms,2_7_new_plugin_bag_2,525,1779961660885838754,52.490803683,0.964
postprocess_ms,2_7_new_plugin_bag_2,526,1779961661040001708,52.644966637,1.629
postprocess_ms,2_7_new_plugin_bag_2,527,1779961661134448836,52.739413765,11.698
postprocess_ms,2_7_new_plugin_bag_2,528,1779961661223717465,52.828682394000005,3.319
postprocess_ms,2_7_new_plugin_bag_2,529,1779961661338195305,52.943160234000004,1.361
postprocess_ms,2_7_new_plugin_bag_2,530,1779961661399034104,53.00399903300001,2.774
postprocess_ms,2_7_new_plugin_bag_2,531,1779961661530968698,53.135933627,1.335
postprocess_ms,2_7_new_plugin_bag_2,532,1779961661599329971,53.2042949,1.061
postprocess_ms,2_7_new_plugin_bag_2,533,1779961661689053672,53.294018601000005,2.471
postprocess_ms,2_7_new_plugin_bag_2,534,1779961661787631651,53.39259658,0.884
postprocess_ms,2_7_new_plugin_bag_2,535,1779961661902177432,53.50714236100001,1.759
postprocess_ms,2_7_new_plugin_bag_2,536,1779961661995074597,53.600039526,1.418
postprocess_ms,2_7_new_plugin_bag_2,537,1779961662083913783,53.688878712000005,0.912
postprocess_ms,2_7_new_plugin_bag_2,538,1779961662187680989,53.792645918000005,2.012
postprocess_ms,2_7_new_plugin_bag_2,539,1779961662294925174,53.899890103000004,1.061
postprocess_ms,2_7_new_plugin_bag_2,540,1779961662420003073,54.024968002,1.119
postprocess_ms,2_7_new_plugin_bag_2,541,1779961662485603941,54.090568870000006,0.671
postprocess_ms,2_7_new_plugin_bag_2,542,1779961662594689741,54.19965467,0.916
postprocess_ms,2_7_new_plugin_bag_2,543,1779961662727007534,54.33197246300001,1.244
postprocess_ms,2_7_new_plugin_bag_2,544,1779961662796139741,54.40110467,1.461
postprocess_ms,2_7_new_plugin_bag_2,545,1779961662892118016,54.497082945,0.743
postprocess_ms,2_7_new_plugin_bag_2,546,1779961663009854824,54.614819753000006,2.643
postprocess_ms,2_7_new_plugin_bag_2,547,1779961663080614133,54.685579062,1.489
postprocess_ms,2_7_new_plugin_bag_2,548,1779961663188491204,54.79345613300001,0.72
postprocess_ms,2_7_new_plugin_bag_2,549,1779961663292331084,54.897296013,0.745
postprocess_ms,2_7_new_plugin_bag_2,550,1779961663436662174,55.041627103,1.371
postprocess_ms,2_7_new_plugin_bag_2,551,1779961663499558870,55.104523799000006,1.412
postprocess_ms,2_7_new_plugin_bag_2,552,1779961663596122967,55.201087896000004,0.685
postprocess_ms,2_7_new_plugin_bag_2,553,1779961663698422976,55.303387905,1.074
postprocess_ms,2_7_new_plugin_bag_2,554,1779961663794622687,55.399587616000005,1.661
postprocess_ms,2_7_new_plugin_bag_2,555,1779961663896295317,55.501260246,0.783
postprocess_ms,2_7_new_plugin_bag_2,556,1779961664022435108,55.627400037,0.89
postprocess_ms,2_7_new_plugin_bag_2,557,1779961664093407489,55.698372418000005,0.993
postprocess_ms,2_7_new_plugin_bag_2,558,1779961664219924028,55.824888957000006,2.283
postprocess_ms,2_7_new_plugin_bag_2,559,1779961664320267104,55.925232033,2.325
postprocess_ms,2_7_new_plugin_bag_2,560,1779961664409594134,56.014559063,2.296
postprocess_ms,2_7_new_plugin_bag_2,561,1779961664488459263,56.093424192,1.309
postprocess_ms,2_7_new_plugin_bag_2,562,1779961664604743107,56.209708036,0.745
postprocess_ms,2_7_new_plugin_bag_2,563,1779961664697438931,56.302403860000005,0.828
postprocess_ms,2_7_new_plugin_bag_2,564,1779961664809578516,56.41454344500001,0.723
postprocess_ms,2_7_new_plugin_bag_2,565,1779961664913673108,56.518638037,4.348
postprocess_ms,2_7_new_plugin_bag_2,566,1779961665044585901,56.64955083,1.027
postprocess_ms,2_7_new_plugin_bag_2,567,1779961665096591935,56.701556864000004,1.596
postprocess_ms,2_7_new_plugin_bag_2,568,1779961665238916182,56.843881111,0.752
postprocess_ms,2_7_new_plugin_bag_2,569,1779961665313083404,56.918048333,2.011
postprocess_ms,2_7_new_plugin_bag_2,570,1779961665417098468,57.022063397000004,10.327
postprocess_ms,2_7_new_plugin_bag_2,571,1779961665505233356,57.110198285,0.976
postprocess_ms,2_7_new_plugin_bag_2,572,1779961665603383954,57.208348883000006,2.482
postprocess_ms,2_7_new_plugin_bag_2,573,1779961665716531923,57.321496852,4.896
postprocess_ms,2_7_new_plugin_bag_2,574,1779961665791158566,57.396123495000005,1.071
postprocess_ms,2_7_new_plugin_bag_2,575,1779961665912774737,57.517739666000004,6.148
postprocess_ms,2_7_new_plugin_bag_2,576,1779961666020875623,57.62584055200001,3.104
postprocess_ms,2_7_new_plugin_bag_2,577,1779961666134585373,57.739550302000005,4.667
postprocess_ms,2_7_new_plugin_bag_2,578,1779961666199813719,57.804778648,0.78
postprocess_ms,2_7_new_plugin_bag_2,579,1779961666288891381,57.893856310000004,1.017
postprocess_ms,2_7_new_plugin_bag_3,0,1779961711091685997,0.0,1.216
postprocess_ms,2_7_new_plugin_bag_3,1,1779961711139906527,0.048220530000000005,1.965
postprocess_ms,2_7_new_plugin_bag_3,2,1779961711186594055,0.094908058,3.005
postprocess_ms,2_7_new_plugin_bag_3,3,1779961711273787182,0.182101185,0.907
postprocess_ms,2_7_new_plugin_bag_3,4,1779961711400942087,0.30925609000000004,33.018
postprocess_ms,2_7_new_plugin_bag_3,5,1779961711484343133,0.392657136,3.798
postprocess_ms,2_7_new_plugin_bag_3,6,1779961711583271031,0.49158503400000003,2.662
postprocess_ms,2_7_new_plugin_bag_3,7,1779961711678542476,0.586856479,4.428
postprocess_ms,2_7_new_plugin_bag_3,8,1779961711787972231,0.696286234,5.575
postprocess_ms,2_7_new_plugin_bag_3,9,1779961711859070561,0.7673845640000001,2.441
postprocess_ms,2_7_new_plugin_bag_3,10,1779961711957414211,0.8657282140000001,0.913
postprocess_ms,2_7_new_plugin_bag_3,11,1779961712084494423,0.9928084260000001,1.316
postprocess_ms,2_7_new_plugin_bag_3,12,1779961712155173741,1.0634877440000001,0.87
postprocess_ms,2_7_new_plugin_bag_3,13,1779961712244686320,1.153000323,1.502
postprocess_ms,2_7_new_plugin_bag_3,14,1779961712370744258,1.279058261,1.726
postprocess_ms,2_7_new_plugin_bag_3,15,1779961712452040761,1.360354764,0.926
postprocess_ms,2_7_new_plugin_bag_3,16,1779961712578421441,1.486735444,2.288
postprocess_ms,2_7_new_plugin_bag_3,17,1779961712667383587,1.57569759,0.962
postprocess_ms,2_7_new_plugin_bag_3,18,1779961712796952837,1.7052668400000002,4.565
postprocess_ms,2_7_new_plugin_bag_3,19,1779961712868377255,1.776691258,1.684
postprocess_ms,2_7_new_plugin_bag_3,20,1779961712965177790,1.8734917930000001,1.062
postprocess_ms,2_7_new_plugin_bag_3,21,1779961713053608151,1.961922154,1.569
postprocess_ms,2_7_new_plugin_bag_3,22,1779961713146417730,2.054731733,0.991
postprocess_ms,2_7_new_plugin_bag_3,23,1779961713273106867,2.18142087,1.873
postprocess_ms,2_7_new_plugin_bag_3,24,1779961713370534955,2.278848958,3.017
postprocess_ms,2_7_new_plugin_bag_3,25,1779961713449675376,2.357989379,3.067
postprocess_ms,2_7_new_plugin_bag_3,26,1779961713551229949,2.459543952,0.931
postprocess_ms,2_7_new_plugin_bag_3,27,1779961713653950414,2.562264417,0.673
postprocess_ms,2_7_new_plugin_bag_3,28,1779961713793689165,2.702003168,2.087
postprocess_ms,2_7_new_plugin_bag_3,29,1779961713844906808,2.7532208110000003,1.438
postprocess_ms,2_7_new_plugin_bag_3,30,1779961713978124253,2.8864382560000004,0.791
postprocess_ms,2_7_new_plugin_bag_3,31,1779961714099871244,3.008185247,0.653
postprocess_ms,2_7_new_plugin_bag_3,32,1779961714155843932,3.0641579350000003,1.075
postprocess_ms,2_7_new_plugin_bag_3,33,1779961714269580821,3.177894824,1.067
postprocess_ms,2_7_new_plugin_bag_3,34,1779961714351423942,3.2597379450000004,1.497
postprocess_ms,2_7_new_plugin_bag_3,35,1779961714460973525,3.369287528,1.461
postprocess_ms,2_7_new_plugin_bag_3,36,1779961714566042122,3.4743561250000004,0.779
postprocess_ms,2_7_new_plugin_bag_3,37,1779961714659825324,3.5681393270000004,2.549
postprocess_ms,2_7_new_plugin_bag_3,38,1779961714745720395,3.6540343980000003,1.2
postprocess_ms,2_7_new_plugin_bag_3,39,1779961714868707671,3.777021674,4.001
postprocess_ms,2_7_new_plugin_bag_3,40,1779961714971273948,3.8795879510000004,2.449
postprocess_ms,2_7_new_plugin_bag_3,41,1779961715059056192,3.9673701950000004,1.261
postprocess_ms,2_7_new_plugin_bag_3,42,1779961715144743681,4.0530576840000005,1.228
postprocess_ms,2_7_new_plugin_bag_3,43,1779961715253321865,4.161635868,3.287
postprocess_ms,2_7_new_plugin_bag_3,44,1779961715349094673,4.257408676,0.595
postprocess_ms,2_7_new_plugin_bag_3,45,1779961715448059705,4.3563737080000005,1.227
postprocess_ms,2_7_new_plugin_bag_3,46,1779961715543156955,4.451470958000001,0.682
postprocess_ms,2_7_new_plugin_bag_3,47,1779961715648399470,4.556713473,1.894
postprocess_ms,2_7_new_plugin_bag_3,48,1779961715791045369,4.699359372,1.979
postprocess_ms,2_7_new_plugin_bag_3,49,1779961715887103641,4.7954176440000005,9.47
postprocess_ms,2_7_new_plugin_bag_3,50,1779961715956513076,4.864827079,2.007
postprocess_ms,2_7_new_plugin_bag_3,51,1779961716053687136,4.962001139000001,0.591
postprocess_ms,2_7_new_plugin_bag_3,52,1779961716152660874,5.0609748770000005,1.233
postprocess_ms,2_7_new_plugin_bag_3,53,1779961716266258504,5.174572507000001,0.884
postprocess_ms,2_7_new_plugin_bag_3,54,1779961716393831810,5.302145813,0.681
postprocess_ms,2_7_new_plugin_bag_3,55,1779961716478295309,5.386609312,4.692
postprocess_ms,2_7_new_plugin_bag_3,56,1779961716562107013,5.470421016,1.956
postprocess_ms,2_7_new_plugin_bag_3,57,1779961716667035413,5.575349416000001,0.826
postprocess_ms,2_7_new_plugin_bag_3,58,1779961716768211205,5.676525208,0.865
postprocess_ms,2_7_new_plugin_bag_3,59,1779961716919463482,5.827777485,3.548
postprocess_ms,2_7_new_plugin_bag_3,60,1779961716985100035,5.893414038,2.631
postprocess_ms,2_7_new_plugin_bag_3,61,1779961717106953288,6.015267291000001,1.886
postprocess_ms,2_7_new_plugin_bag_3,62,1779961717156812703,6.065126706,2.057
postprocess_ms,2_7_new_plugin_bag_3,63,1779961717247499439,6.155813442,1.625
postprocess_ms,2_7_new_plugin_bag_3,64,1779961717384060455,6.292374458,6.949
postprocess_ms,2_7_new_plugin_bag_3,65,1779961717454871760,6.363185763000001,2.106
postprocess_ms,2_7_new_plugin_bag_3,66,1779961717599518241,6.507832244,1.022
postprocess_ms,2_7_new_plugin_bag_3,67,1779961717665442134,6.573756137,0.944
postprocess_ms,2_7_new_plugin_bag_3,68,1779961717749741869,6.658055872,1.746
postprocess_ms,2_7_new_plugin_bag_3,69,1779961717872923343,6.781237346,1.382
postprocess_ms,2_7_new_plugin_bag_3,70,1779961717950718761,6.859032764,1.175
postprocess_ms,2_7_new_plugin_bag_3,71,1779961718056113252,6.964427255,0.932
postprocess_ms,2_7_new_plugin_bag_3,72,1779961718191288824,7.099602827,1.451
postprocess_ms,2_7_new_plugin_bag_3,73,1779961718252331529,7.160645532,1.705
postprocess_ms,2_7_new_plugin_bag_3,74,1779961718372501266,7.2808152690000005,3.158
postprocess_ms,2_7_new_plugin_bag_3,75,1779961718449823768,7.358137771000001,1.406
postprocess_ms,2_7_new_plugin_bag_3,76,1779961718579054583,7.4873685860000005,4.559
postprocess_ms,2_7_new_plugin_bag_3,77,1779961718654398150,7.5627121530000005,1.143
postprocess_ms,2_7_new_plugin_bag_3,78,1779961718769609205,7.677923208,2.261
postprocess_ms,2_7_new_plugin_bag_3,79,1779961718847480780,7.755794783000001,1.118
postprocess_ms,2_7_new_plugin_bag_3,80,1779961718977979847,7.88629385,2.211
postprocess_ms,2_7_new_plugin_bag_3,81,1779961719054838314,7.9631523170000005,0.93
postprocess_ms,2_7_new_plugin_bag_3,82,1779961719153660511,8.061974514000001,1.061
postprocess_ms,2_7_new_plugin_bag_3,83,1779961719262331177,8.170645180000001,1.021
postprocess_ms,2_7_new_plugin_bag_3,84,1779961719346193412,8.254507415,1.066
postprocess_ms,2_7_new_plugin_bag_3,85,1779961719459808717,8.36812272,0.933
postprocess_ms,2_7_new_plugin_bag_3,86,1779961719564103125,8.472417128,0.855
postprocess_ms,2_7_new_plugin_bag_3,87,1779961719646049270,8.554363273,2.206
postprocess_ms,2_7_new_plugin_bag_3,88,1779961719760144787,8.66845879,1.26
postprocess_ms,2_7_new_plugin_bag_3,89,1779961719848280147,8.75659415,1.399
postprocess_ms,2_7_new_plugin_bag_3,90,1779961719973400803,8.881714806,1.068
postprocess_ms,2_7_new_plugin_bag_3,91,1779961720063595647,8.97190965,0.897
postprocess_ms,2_7_new_plugin_bag_3,92,1779961720155301509,9.063615512,1.391
postprocess_ms,2_7_new_plugin_bag_3,93,1779961720247384951,9.155698954,1.391
postprocess_ms,2_7_new_plugin_bag_3,94,1779961720352174533,9.260488536,1.351
postprocess_ms,2_7_new_plugin_bag_3,95,1779961720460129344,9.368443347000001,0.905
postprocess_ms,2_7_new_plugin_bag_3,96,1779961720587584035,9.495898038,1.038
postprocess_ms,2_7_new_plugin_bag_3,97,1779961720655809762,9.564123765,0.922
postprocess_ms,2_7_new_plugin_bag_3,98,1779961720767033942,9.675347945,0.774
postprocess_ms,2_7_new_plugin_bag_3,99,1779961720856464000,9.764778003,2.238
postprocess_ms,2_7_new_plugin_bag_3,100,1779961720970325312,9.878639315000001,2.999
postprocess_ms,2_7_new_plugin_bag_3,101,1779961721053956891,9.962270894000001,1.3
postprocess_ms,2_7_new_plugin_bag_3,102,1779961721152727272,10.061041275000001,0.809
postprocess_ms,2_7_new_plugin_bag_3,103,1779961721262390353,10.170704356,1.022
postprocess_ms,2_7_new_plugin_bag_3,104,1779961721356526757,10.26484076,0.611
postprocess_ms,2_7_new_plugin_bag_3,105,1779961721468448643,10.376762646000001,9.401
postprocess_ms,2_7_new_plugin_bag_3,106,1779961721559856755,10.468170758000001,1.209
postprocess_ms,2_7_new_plugin_bag_3,107,1779961721650699554,10.559013557,1.494
postprocess_ms,2_7_new_plugin_bag_3,108,1779961721742797101,10.651111104,2.73
postprocess_ms,2_7_new_plugin_bag_3,109,1779961721847236770,10.755550773000001,1.361
postprocess_ms,2_7_new_plugin_bag_3,110,1779961721943806687,10.852120690000001,2.412
postprocess_ms,2_7_new_plugin_bag_3,111,1779961722067746868,10.976060871000001,0.949
postprocess_ms,2_7_new_plugin_bag_3,112,1779961722158156437,11.066470440000002,2.996
postprocess_ms,2_7_new_plugin_bag_3,113,1779961722266796688,11.175110691,0.956
postprocess_ms,2_7_new_plugin_bag_3,114,1779961722368718508,11.277032511,2.675
postprocess_ms,2_7_new_plugin_bag_3,115,1779961722442535646,11.350849649,1.137
postprocess_ms,2_7_new_plugin_bag_3,116,1779961722547264077,11.45557808,1.462
postprocess_ms,2_7_new_plugin_bag_3,117,1779961722684761265,11.593075268000002,1.75
postprocess_ms,2_7_new_plugin_bag_3,118,1779961722818055634,11.726369637000001,0.931
postprocess_ms,2_7_new_plugin_bag_3,119,1779961722909440065,11.817754068000001,5.221
postprocess_ms,2_7_new_plugin_bag_3,120,1779961722962419776,11.870733779,1.094
postprocess_ms,2_7_new_plugin_bag_3,121,1779961723134998828,12.043312831000001,3.415
postprocess_ms,2_7_new_plugin_bag_3,122,1779961723188073653,12.096387656000001,2.208
postprocess_ms,2_7_new_plugin_bag_3,123,1779961723260991409,12.169305412,1.286
postprocess_ms,2_7_new_plugin_bag_3,124,1779961723357750506,12.266064509000001,2.783
postprocess_ms,2_7_new_plugin_bag_3,125,1779961723464228705,12.372542708000001,1.03
postprocess_ms,2_7_new_plugin_bag_3,126,1779961723572326822,12.480640825,1.566
postprocess_ms,2_7_new_plugin_bag_3,127,1779961723687681351,12.595995354000001,35.166
postprocess_ms,2_7_new_plugin_bag_3,128,1779961723794204476,12.702518479,2.625
postprocess_ms,2_7_new_plugin_bag_3,129,1779961723847157108,12.755471111,1.563
postprocess_ms,2_7_new_plugin_bag_3,130,1779961723975734980,12.884048983000001,9.091
postprocess_ms,2_7_new_plugin_bag_3,131,1779961724052576984,12.960890987,2.168
postprocess_ms,2_7_new_plugin_bag_3,132,1779961724165242487,13.073556490000001,0.743
postprocess_ms,2_7_new_plugin_bag_3,133,1779961724256710138,13.165024141,2.121
postprocess_ms,2_7_new_plugin_bag_3,134,1779961724345918737,13.25423274,1.929
postprocess_ms,2_7_new_plugin_bag_3,135,1779961724451163061,13.359477064,1.858
postprocess_ms,2_7_new_plugin_bag_3,136,1779961724582426603,13.490740606000001,3.76
postprocess_ms,2_7_new_plugin_bag_3,137,1779961724694007682,13.602321685000001,0.637
postprocess_ms,2_7_new_plugin_bag_3,138,1779961724773041665,13.681355668,2.612
postprocess_ms,2_7_new_plugin_bag_3,139,1779961724857051247,13.76536525,2.22
postprocess_ms,2_7_new_plugin_bag_3,140,1779961724944842118,13.853156121000001,1.286
postprocess_ms,2_7_new_plugin_bag_3,141,1779961725074501229,13.982815232,4.182
postprocess_ms,2_7_new_plugin_bag_3,142,1779961725179211659,14.087525662000001,3.176
postprocess_ms,2_7_new_plugin_bag_3,143,1779961725259479030,14.167793033,1.167
postprocess_ms,2_7_new_plugin_bag_3,144,1779961725400615361,14.308929364,0.996
postprocess_ms,2_7_new_plugin_bag_3,145,1779961725472756316,14.381070319,2.527
postprocess_ms,2_7_new_plugin_bag_3,146,1779961725552138931,14.460452934000001,0.955
postprocess_ms,2_7_new_plugin_bag_3,147,1779961725642642412,14.550956415000002,1.485
postprocess_ms,2_7_new_plugin_bag_3,148,1779961725781509084,14.689823087,1.605
postprocess_ms,2_7_new_plugin_bag_3,149,1779961725866107401,14.774421404000002,1.053
postprocess_ms,2_7_new_plugin_bag_3,150,1779961725950008335,14.858322338,1.503
postprocess_ms,2_7_new_plugin_bag_3,151,1779961726055624946,14.963938949000001,1.469
postprocess_ms,2_7_new_plugin_bag_3,152,1779961726173730226,15.082044229000001,5.223
postprocess_ms,2_7_new_plugin_bag_3,153,1779961726252856682,15.161170685,0.912
postprocess_ms,2_7_new_plugin_bag_3,154,1779961726356259310,15.264573313000001,1.186
postprocess_ms,2_7_new_plugin_bag_3,155,1779961726450817968,15.359131971000002,1.385
postprocess_ms,2_7_new_plugin_bag_3,156,1779961726560895952,15.469209955,10.322
postprocess_ms,2_7_new_plugin_bag_3,157,1779961726654067819,15.562381822,1.191
postprocess_ms,2_7_new_plugin_bag_3,158,1779961726741115101,15.649429104000001,0.745
postprocess_ms,2_7_new_plugin_bag_3,159,1779961726858158346,15.766472349,1.51
postprocess_ms,2_7_new_plugin_bag_3,160,1779961726942976989,15.851290992000001,3.431
postprocess_ms,2_7_new_plugin_bag_3,161,1779961727050719706,15.959033709000002,1.173
postprocess_ms,2_7_new_plugin_bag_3,162,1779961727153873688,16.062187691000002,0.779
postprocess_ms,2_7_new_plugin_bag_3,163,1779961727260884731,16.169198734000002,0.986
postprocess_ms,2_7_new_plugin_bag_3,164,1779961727359772487,16.26808649,1.741
postprocess_ms,2_7_new_plugin_bag_3,165,1779961727478324240,16.386638243,1.001
postprocess_ms,2_7_new_plugin_bag_3,166,1779961727567416033,16.475730036,1.08
postprocess_ms,2_7_new_plugin_bag_3,167,1779961727657598640,16.565912643,2.07
postprocess_ms,2_7_new_plugin_bag_3,168,1779961727771684071,16.679998074,1.732
postprocess_ms,2_7_new_plugin_bag_3,169,1779961727867984009,16.776298012,3.381
postprocess_ms,2_7_new_plugin_bag_3,170,1779961727952629430,16.860943433000003,0.711
postprocess_ms,2_7_new_plugin_bag_3,171,1779961728064391503,16.972705506,1.127
postprocess_ms,2_7_new_plugin_bag_3,172,1779961728153162027,17.06147603,1.19
postprocess_ms,2_7_new_plugin_bag_3,173,1779961728271443435,17.179757438,1.319
postprocess_ms,2_7_new_plugin_bag_3,174,1779961728382335752,17.290649755,5.184
postprocess_ms,2_7_new_plugin_bag_3,175,1779961728448931890,17.357245893,1.931
postprocess_ms,2_7_new_plugin_bag_3,176,1779961728551513134,17.459827137,0.849
postprocess_ms,2_7_new_plugin_bag_3,177,1779961728653103448,17.561417451,1.053
postprocess_ms,2_7_new_plugin_bag_3,178,1779961728774884367,17.68319837,2.279
postprocess_ms,2_7_new_plugin_bag_3,179,1779961728850173088,17.758487091000003,1.57
postprocess_ms,2_7_new_plugin_bag_3,180,1779961728952683942,17.860997945,2.217
postprocess_ms,2_7_new_plugin_bag_3,181,1779961729050397961,17.958711964000003,1.186
postprocess_ms,2_7_new_plugin_bag_3,182,1779961729169107276,18.077421279000003,1.158
postprocess_ms,2_7_new_plugin_bag_3,183,1779961729252517249,18.160831252,0.895
postprocess_ms,2_7_new_plugin_bag_3,184,1779961729391954415,18.300268418,1.627
postprocess_ms,2_7_new_plugin_bag_3,185,1779961729457658369,18.365972372,1.413
postprocess_ms,2_7_new_plugin_bag_3,186,1779961729557506650,18.465820653,2.11
postprocess_ms,2_7_new_plugin_bag_3,187,1779961729673126338,18.581440341,2.875
postprocess_ms,2_7_new_plugin_bag_3,188,1779961729746453262,18.654767265,1.177
postprocess_ms,2_7_new_plugin_bag_3,189,1779961729893007702,18.801321705,5.912
postprocess_ms,2_7_new_plugin_bag_3,190,1779961729952954250,18.861268253000002,2.664
postprocess_ms,2_7_new_plugin_bag_3,191,1779961730050263395,18.958577398000003,1.227
postprocess_ms,2_7_new_plugin_bag_3,192,1779961730184988174,19.093302177,4.312
postprocess_ms,2_7_new_plugin_bag_3,193,1779961730267650564,19.175964567,0.848
postprocess_ms,2_7_new_plugin_bag_3,194,1779961730383282390,19.291596393000003,4.561
postprocess_ms,2_7_new_plugin_bag_3,195,1779961730452466413,19.360780416,1.741
postprocess_ms,2_7_new_plugin_bag_3,196,1779961730551825408,19.460139411,1.378
postprocess_ms,2_7_new_plugin_bag_3,197,1779961730645266682,19.553580685,1.17
postprocess_ms,2_7_new_plugin_bag_3,198,1779961730761889650,19.670203653,0.802
postprocess_ms,2_7_new_plugin_bag_3,199,1779961730846880691,19.755194694,2.403
postprocess_ms,2_7_new_plugin_bag_3,200,1779961730956468567,19.864782570000003,1.14
postprocess_ms,2_7_new_plugin_bag_3,201,1779961731064713995,19.973027998000003,1.166
postprocess_ms,2_7_new_plugin_bag_3,202,1779961731184960543,20.093274546,3.342
postprocess_ms,2_7_new_plugin_bag_3,203,1779961731262005928,20.170319931,1.139
postprocess_ms,2_7_new_plugin_bag_3,204,1779961731368824614,20.277138617000002,0.649
postprocess_ms,2_7_new_plugin_bag_3,205,1779961731458438854,20.366752857,1.585
postprocess_ms,2_7_new_plugin_bag_3,206,1779961731565436866,20.473750869,2.68
postprocess_ms,2_7_new_plugin_bag_3,207,1779961731657381346,20.565695349000002,0.876
postprocess_ms,2_7_new_plugin_bag_3,208,1779961731748053783,20.656367786,2.749
postprocess_ms,2_7_new_plugin_bag_3,209,1779961731846112779,20.754426782000003,0.951
postprocess_ms,2_7_new_plugin_bag_3,210,1779961731945441073,20.853755076000002,1.285
postprocess_ms,2_7_new_plugin_bag_3,211,1779961732050040847,20.958354850000003,2.374
postprocess_ms,2_7_new_plugin_bag_3,212,1779961732147692349,21.056006352,1.549
postprocess_ms,2_7_new_plugin_bag_3,213,1779961732290246117,21.19856012,6.749
postprocess_ms,2_7_new_plugin_bag_3,214,1779961732383836418,21.292150421000002,6.339
postprocess_ms,2_7_new_plugin_bag_3,215,1779961732458685647,21.36699965,1.506
postprocess_ms,2_7_new_plugin_bag_3,216,1779961732594799164,21.503113167000002,10.925
postprocess_ms,2_7_new_plugin_bag_3,217,1779961732713220878,21.621534881000002,2.304
postprocess_ms,2_7_new_plugin_bag_3,218,1779961732783877494,21.692191497,5.316
postprocess_ms,2_7_new_plugin_bag_3,219,1779961732874797695,21.783111698000003,2.916
postprocess_ms,2_7_new_plugin_bag_3,220,1779961732948524532,21.856838535,1.238
postprocess_ms,2_7_new_plugin_bag_3,221,1779961733090077664,21.998391667,0.892
postprocess_ms,2_7_new_plugin_bag_3,222,1779961733157876313,22.066190316,0.653
postprocess_ms,2_7_new_plugin_bag_3,223,1779961733274845904,22.183159907,2.642
postprocess_ms,2_7_new_plugin_bag_3,224,1779961733352424304,22.260738307,1.543
postprocess_ms,2_7_new_plugin_bag_3,225,1779961733451507218,22.359821221,0.78
postprocess_ms,2_7_new_plugin_bag_3,226,1779961733545249053,22.453563056,1.212
postprocess_ms,2_7_new_plugin_bag_3,227,1779961733664072341,22.572386344,1.122
postprocess_ms,2_7_new_plugin_bag_3,228,1779961733745533789,22.653847792,1.064
postprocess_ms,2_7_new_plugin_bag_3,229,1779961733858311289,22.766625292,1.064
postprocess_ms,2_7_new_plugin_bag_3,230,1779961733947995983,22.856309986000003,1.452
postprocess_ms,2_7_new_plugin_bag_3,231,1779961734070743230,22.979057233000002,2.261
postprocess_ms,2_7_new_plugin_bag_3,232,1779961734152275152,23.060589155000002,1.13
postprocess_ms,2_7_new_plugin_bag_3,233,1779961734297187513,23.205501516,3.505
postprocess_ms,2_7_new_plugin_bag_3,234,1779961734347961362,23.256275365,1.481
postprocess_ms,2_7_new_plugin_bag_3,235,1779961734476184823,23.384498826,4.819
postprocess_ms,2_7_new_plugin_bag_3,236,1779961734594078345,23.502392348,0.779
postprocess_ms,2_7_new_plugin_bag_3,237,1779961734657563568,23.565877571,1.428
postprocess_ms,2_7_new_plugin_bag_3,238,1779961734772476352,23.680790355000003,2.996
postprocess_ms,2_7_new_plugin_bag_3,239,1779961734853177156,23.761491159000002,1.101
postprocess_ms,2_7_new_plugin_bag_3,240,1779961734977273223,23.885587226000002,2.931
postprocess_ms,2_7_new_plugin_bag_3,241,1779961735091705069,24.000019072,8.748
postprocess_ms,2_7_new_plugin_bag_3,242,1779961735159982920,24.068296923000002,2.815
postprocess_ms,2_7_new_plugin_bag_3,243,1779961735307719562,24.216033565,1.284
postprocess_ms,2_7_new_plugin_bag_3,244,1779961735395726111,24.304040114000003,6.216
postprocess_ms,2_7_new_plugin_bag_3,245,1779961735487228506,24.395542509000002,3.607
postprocess_ms,2_7_new_plugin_bag_3,246,1779961735590685211,24.498999214,2.805
postprocess_ms,2_7_new_plugin_bag_3,247,1779961735667224041,24.575538044,0.729
postprocess_ms,2_7_new_plugin_bag_3,248,1779961735761972152,24.670286155000003,1.662
postprocess_ms,2_7_new_plugin_bag_3,249,1779961735878228448,24.786542451000003,3.062
postprocess_ms,2_7_new_plugin_bag_3,250,1779961735950972246,24.859286249,0.972
postprocess_ms,2_7_new_plugin_bag_3,251,1779961736071643637,24.979957640000002,2.821
postprocess_ms,2_7_new_plugin_bag_3,252,1779961736158373224,25.066687227000003,1.061
postprocess_ms,2_7_new_plugin_bag_3,253,1779961736245141402,25.153455405000003,0.795
postprocess_ms,2_7_new_plugin_bag_3,254,1779961736370253941,25.278567944000002,1.123
postprocess_ms,2_7_new_plugin_bag_3,255,1779961736453438751,25.361752754,1.343
postprocess_ms,2_7_new_plugin_bag_3,256,1779961736558337759,25.466651762,1.471
postprocess_ms,2_7_new_plugin_bag_3,257,1779961736656173365,25.564487368,1.409
postprocess_ms,2_7_new_plugin_bag_3,258,1779961736762766392,25.671080395,0.835
postprocess_ms,2_7_new_plugin_bag_3,259,1779961736922032938,25.830346941000002,3.752
postprocess_ms,2_7_new_plugin_bag_3,260,1779961736952030460,25.860344463,0.701
postprocess_ms,2_7_new_plugin_bag_3,261,1779961737058547369,25.966861372,1.532
postprocess_ms,2_7_new_plugin_bag_3,262,1779961737172191939,26.080505942000002,1.768
postprocess_ms,2_7_new_plugin_bag_3,263,1779961737248956772,26.157270775,1.936
postprocess_ms,2_7_new_plugin_bag_3,264,1779961737352522276,26.260836279000003,1.393
postprocess_ms,2_7_new_plugin_bag_3,265,1779961737452428456,26.360742459,1.565
postprocess_ms,2_7_new_plugin_bag_3,266,1779961737564318608,26.472632611,2.132
postprocess_ms,2_7_new_plugin_bag_3,267,1779961737680690965,26.589004968,4.926
postprocess_ms,2_7_new_plugin_bag_3,268,1779961737751755551,26.660069554000003,1.822
postprocess_ms,2_7_new_plugin_bag_3,269,1779961737844246974,26.752560977,1.129
postprocess_ms,2_7_new_plugin_bag_3,270,1779961737959600812,26.867914815000002,0.923
postprocess_ms,2_7_new_plugin_bag_3,271,1779961738059692265,26.968006268000003,1.105
postprocess_ms,2_7_new_plugin_bag_3,272,1779961738148753374,27.057067377000003,0.781
postprocess_ms,2_7_new_plugin_bag_3,273,1779961738269303120,27.177617123,2.34
postprocess_ms,2_7_new_plugin_bag_3,274,1779961738353061188,27.261375191000003,0.808
postprocess_ms,2_7_new_plugin_bag_3,275,1779961738469710276,27.378024279,1.421
postprocess_ms,2_7_new_plugin_bag_3,276,1779961738559779191,27.468093194,2.615
postprocess_ms,2_7_new_plugin_bag_3,277,1779961738663089318,27.571403321000002,1.699
postprocess_ms,2_7_new_plugin_bag_3,278,1779961738750631736,27.658945739,0.879
postprocess_ms,2_7_new_plugin_bag_3,279,1779961738868540074,27.776854077000003,2.759
postprocess_ms,2_7_new_plugin_bag_3,280,1779961738978316806,27.886630809000003,3.344
postprocess_ms,2_7_new_plugin_bag_3,281,1779961739108138773,28.016452776,1.591
postprocess_ms,2_7_new_plugin_bag_3,282,1779961739186204838,28.094518841000003,1.05
postprocess_ms,2_7_new_plugin_bag_3,283,1779961739258293216,28.166607219000003,1.383
postprocess_ms,2_7_new_plugin_bag_3,284,1779961739357857535,28.266171538000002,0.984
postprocess_ms,2_7_new_plugin_bag_3,285,1779961739477181958,28.385495961,7.878
postprocess_ms,2_7_new_plugin_bag_3,286,1779961739573190575,28.481504578000003,2.759
postprocess_ms,2_7_new_plugin_bag_3,287,1779961739670372111,28.578686114000003,25.059
postprocess_ms,2_7_new_plugin_bag_3,288,1779961739769220120,28.677534123,0.734
postprocess_ms,2_7_new_plugin_bag_3,289,1779961739872799099,28.781113102000003,3.644
postprocess_ms,2_7_new_plugin_bag_3,290,1779961739961568059,28.869882062000002,1.09
postprocess_ms,2_7_new_plugin_bag_3,291,1779961740086132211,28.994446214000003,7.262
postprocess_ms,2_7_new_plugin_bag_3,292,1779961740166590525,29.074904528,1.233
postprocess_ms,2_7_new_plugin_bag_3,293,1779961740247786454,29.156100457,1.606
postprocess_ms,2_7_new_plugin_bag_3,294,1779961740384561950,29.292875953000003,4.334
postprocess_ms,2_7_new_plugin_bag_3,295,1779961740465929546,29.374243549000003,0.706
postprocess_ms,2_7_new_plugin_bag_3,296,1779961740573468994,29.481782997000003,2.36
postprocess_ms,2_7_new_plugin_bag_3,297,1779961740652562287,29.560876290000003,1.158
postprocess_ms,2_7_new_plugin_bag_3,298,1779961740748971724,29.657285727,0.943
postprocess_ms,2_7_new_plugin_bag_3,299,1779961740850365440,29.758679443000002,1.089
postprocess_ms,2_7_new_plugin_bag_3,300,1779961740958110975,29.866424978,1.949
postprocess_ms,2_7_new_plugin_bag_3,301,1779961741069793060,29.978107063000003,0.961
postprocess_ms,2_7_new_plugin_bag_3,302,1779961741206658619,30.114972622000003,19.902
postprocess_ms,2_7_new_plugin_bag_3,303,1779961741267158352,30.175472355,0.854
postprocess_ms,2_7_new_plugin_bag_3,304,1779961741388551367,30.296865370000003,6.579
postprocess_ms,2_7_new_plugin_bag_3,305,1779961741474620658,30.382934661,3.8
postprocess_ms,2_7_new_plugin_bag_3,306,1779961741594115435,30.502429438000004,8.695
postprocess_ms,2_7_new_plugin_bag_3,307,1779961741709086710,30.617400713000002,2.406
postprocess_ms,2_7_new_plugin_bag_3,308,1779961741762554591,30.670868594,0.907
postprocess_ms,2_7_new_plugin_bag_3,309,1779961741892799489,30.801113492000002,2.043
postprocess_ms,2_7_new_plugin_bag_3,310,1779961741952198448,30.860512451,1.125
postprocess_ms,2_7_new_plugin_bag_3,311,1779961742073166409,30.981480412000003,1.018
postprocess_ms,2_7_new_plugin_bag_3,312,1779961742212531910,31.120845913000004,20.366
postprocess_ms,2_7_new_plugin_bag_3,313,1779961742288830767,31.19714477,1.454
postprocess_ms,2_7_new_plugin_bag_3,314,1779961742359409857,31.26772386,0.986
postprocess_ms,2_7_new_plugin_bag_3,315,1779961742462684852,31.370998855000003,1.108
postprocess_ms,2_7_new_plugin_bag_3,316,1779961742560847606,31.469161609,1.755
postprocess_ms,2_7_new_plugin_bag_3,317,1779961742667627399,31.575941402,1.057
postprocess_ms,2_7_new_plugin_bag_3,318,1779961742772214433,31.680528436000003,1.045
postprocess_ms,2_7_new_plugin_bag_3,319,1779961742862262130,31.770576133000002,0.8
postprocess_ms,2_7_new_plugin_bag_3,320,1779961742950404297,31.858718300000003,0.873
postprocess_ms,2_7_new_plugin_bag_3,321,1779961743076259278,31.984573281000003,3.724
postprocess_ms,2_7_new_plugin_bag_3,322,1779961743160449319,32.068763322,0.965
postprocess_ms,2_7_new_plugin_bag_3,323,1779961743264518102,32.172832105000005,0.769
postprocess_ms,2_7_new_plugin_bag_3,324,1779961743356337630,32.264651633,1.102
postprocess_ms,2_7_new_plugin_bag_3,325,1779961743443228908,32.351542911,1.192
postprocess_ms,2_7_new_plugin_bag_3,326,1779961743575908733,32.484222736,1.804
postprocess_ms,2_7_new_plugin_bag_3,327,1779961743658693005,32.567007008000004,2.439
postprocess_ms,2_7_new_plugin_bag_3,328,1779961743766715351,32.675029354,0.761
postprocess_ms,2_7_new_plugin_bag_3,329,1779961743874180775,32.782494778,2.666
postprocess_ms,2_7_new_plugin_bag_3,330,1779961743978409152,32.886723155,5.139
postprocess_ms,2_7_new_plugin_bag_3,331,1779961744060517651,32.968831654,1.022
postprocess_ms,2_7_new_plugin_bag_3,332,1779961744152166537,33.06048054,1.304
postprocess_ms,2_7_new_plugin_bag_3,333,1779961744284003133,33.192317136,5.518
postprocess_ms,2_7_new_plugin_bag_3,334,1779961744366113842,33.274427845000005,0.916
postprocess_ms,2_7_new_plugin_bag_3,335,1779961744448497430,33.356811433000004,1.202
postprocess_ms,2_7_new_plugin_bag_3,336,1779961744579310110,33.487624113,4.494
postprocess_ms,2_7_new_plugin_bag_3,337,1779961744669991907,33.578305910000005,1.082
postprocess_ms,2_7_new_plugin_bag_3,338,1779961744758941684,33.667255687,3.146
postprocess_ms,2_7_new_plugin_bag_3,339,1779961744860961644,33.769275647,1.93
postprocess_ms,2_7_new_plugin_bag_3,340,1779961744970440118,33.878754121,2.705
postprocess_ms,2_7_new_plugin_bag_3,341,1779961745053573225,33.961887228,3.012
postprocess_ms,2_7_new_plugin_bag_3,342,1779961745154530981,34.062844984,0.956
postprocess_ms,2_7_new_plugin_bag_3,343,1779961745253453808,34.161767811000004,1.562
postprocess_ms,2_7_new_plugin_bag_3,344,1779961745361555127,34.269869130000004,1.109
postprocess_ms,2_7_new_plugin_bag_3,345,1779961745475042727,34.38335673,4.879
postprocess_ms,2_7_new_plugin_bag_3,346,1779961745587835669,34.496149672,2.308
postprocess_ms,2_7_new_plugin_bag_3,347,1779961745673280136,34.581594139,0.78
postprocess_ms,2_7_new_plugin_bag_3,348,1779961745810231997,34.718546,4.053
postprocess_ms,2_7_new_plugin_bag_3,349,1779961745913914446,34.822228449,1.531
postprocess_ms,2_7_new_plugin_bag_3,350,1779961745986578344,34.894892347,5.583
postprocess_ms,2_7_new_plugin_bag_3,351,1779961746062728495,34.971042498,1.539
postprocess_ms,2_7_new_plugin_bag_3,352,1779961746172513433,35.080827436,5.083
postprocess_ms,2_7_new_plugin_bag_3,353,1779961746263651438,35.171965441000005,3.62
postprocess_ms,2_7_new_plugin_bag_3,354,1779961746375890260,35.284204263,1.065
postprocess_ms,2_7_new_plugin_bag_3,355,1779961746485170801,35.393484804,1.672
postprocess_ms,2_7_new_plugin_bag_3,356,1779961746557814360,35.466128363,3.204
postprocess_ms,2_7_new_plugin_bag_3,357,1779961746647208964,35.555522967,1.397
postprocess_ms,2_7_new_plugin_bag_3,358,1779961746777785476,35.686099479,2.343
postprocess_ms,2_7_new_plugin_bag_3,359,1779961746851522336,35.759836339,1.193
postprocess_ms,2_7_new_plugin_bag_3,360,1779961746964263828,35.872577831,1.11
postprocess_ms,2_7_new_plugin_bag_3,361,1779961747083705683,35.992019686,4.232
postprocess_ms,2_7_new_plugin_bag_3,362,1779961747162863846,36.071177849,1.477
postprocess_ms,2_7_new_plugin_bag_3,363,1779961747270893317,36.17920732,1.026
postprocess_ms,2_7_new_plugin_bag_3,364,1779961747385600619,36.293914622,1.388
postprocess_ms,2_7_new_plugin_bag_3,365,1779961747460547785,36.368861788000004,1.583
postprocess_ms,2_7_new_plugin_bag_3,366,1779961747597729866,36.506043869,1.542
postprocess_ms,2_7_new_plugin_bag_3,367,1779961747687264772,36.595578775,1.966
postprocess_ms,2_7_new_plugin_bag_3,368,1779961747786738424,36.695052427,3.23
postprocess_ms,2_7_new_plugin_bag_3,369,1779961747881514048,36.789828051,2.872
postprocess_ms,2_7_new_plugin_bag_3,370,1779961747961542435,36.869856438,1.485
postprocess_ms,2_7_new_plugin_bag_3,371,1779961748099322824,37.007636827,3.06
postprocess_ms,2_7_new_plugin_bag_3,372,1779961748168489497,37.076803500000004,0.81
postprocess_ms,2_7_new_plugin_bag_3,373,1779961748279452100,37.187766103,5.43
postprocess_ms,2_7_new_plugin_bag_3,374,1779961748358902323,37.267216326,2.096
postprocess_ms,2_7_new_plugin_bag_3,375,1779961748465249806,37.373563809000004,1.212
postprocess_ms,2_7_new_plugin_bag_3,376,1779961748567265777,37.475579780000004,1.057
postprocess_ms,2_7_new_plugin_bag_3,377,1779961748653356392,37.561670395,1.297
postprocess_ms,2_7_new_plugin_bag_3,378,1779961748761447387,37.669761390000005,1.661
postprocess_ms,2_7_new_plugin_bag_3,379,1779961748880159543,37.788473546000006,1.658
postprocess_ms,2_7_new_plugin_bag_3,380,1779961748968114248,37.876428251,1.253
postprocess_ms,2_7_new_plugin_bag_3,381,1779961749079181244,37.987495247000005,4.037
postprocess_ms,2_7_new_plugin_bag_3,382,1779961749154643964,38.062957967,2.616
postprocess_ms,2_7_new_plugin_bag_3,383,1779961749281457167,38.18977117,3.487
postprocess_ms,2_7_new_plugin_bag_3,384,1779961749364946264,38.273260267000005,1.412
postprocess_ms,2_7_new_plugin_bag_3,385,1779961749525542471,38.433856474,1.527
postprocess_ms,2_7_new_plugin_bag_3,386,1779961749585636668,38.493950671,5.153
postprocess_ms,2_7_new_plugin_bag_3,387,1779961749692138727,38.60045273,2.185
postprocess_ms,2_7_new_plugin_bag_3,388,1779961749786395306,38.694709309000004,5.739
postprocess_ms,2_7_new_plugin_bag_3,389,1779961749888228198,38.796542201,1.081
postprocess_ms,2_7_new_plugin_bag_3,390,1779961749975276893,38.883590896,1.173
postprocess_ms,2_7_new_plugin_bag_3,391,1779961750070924506,38.979238509000005,2.557
postprocess_ms,2_7_new_plugin_bag_3,392,1779961750151723644,39.060037647,2.702
postprocess_ms,2_7_new_plugin_bag_3,393,1779961750247577050,39.155891053000005,1.052
postprocess_ms,2_7_new_plugin_bag_3,394,1779961750347156905,39.255470908,0.841
postprocess_ms,2_7_new_plugin_bag_3,395,1779961750492100786,39.400414789,7.122
postprocess_ms,2_7_new_plugin_bag_3,396,1779961750571358578,39.479672581,2.411
postprocess_ms,2_7_new_plugin_bag_3,397,1779961750684416014,39.592730017,5.991
postprocess_ms,2_7_new_plugin_bag_3,398,1779961750759894097,39.6682081,1.208
postprocess_ms,2_7_new_plugin_bag_3,399,1779961750851511762,39.759825765,0.979
postprocess_ms,2_7_new_plugin_bag_3,400,1779961750966739666,39.875053669,0.706
postprocess_ms,2_7_new_plugin_bag_3,401,1779961751064664803,39.972978806,0.682
postprocess_ms,2_7_new_plugin_bag_3,402,1779961751158390782,40.066704785000006,2.69
postprocess_ms,2_7_new_plugin_bag_3,403,1779961751266838532,40.175152535,2.072
postprocess_ms,2_7_new_plugin_bag_3,404,1779961751352237219,40.260551222000004,1.245
postprocess_ms,2_7_new_plugin_bag_3,405,1779961751464432681,40.372746684,0.685
postprocess_ms,2_7_new_plugin_bag_3,406,1779961751554242906,40.462556909,1.231
postprocess_ms,2_7_new_plugin_bag_3,407,1779961751659147773,40.567461776,1.281
postprocess_ms,2_7_new_plugin_bag_3,408,1779961751777190692,40.685504695000006,0.743
postprocess_ms,2_7_new_plugin_bag_3,409,1779961751860626742,40.768940745,1.206
postprocess_ms,2_7_new_plugin_bag_3,410,1779961751974486889,40.882800892000006,3.681
postprocess_ms,2_7_new_plugin_bag_3,411,1779961752054276000,40.962590003,2.432
postprocess_ms,2_7_new_plugin_bag_3,412,1779961752148607204,41.056921207,1.164
postprocess_ms,2_7_new_plugin_bag_3,413,1779961752265576784,41.173890787000005,0.861
postprocess_ms,2_7_new_plugin_bag_3,414,1779961752372763184,41.281077187,1.511
postprocess_ms,2_7_new_plugin_bag_3,415,1779961752504517453,41.412831456,4.086
postprocess_ms,2_7_new_plugin_bag_3,416,1779961752567793912,41.476107915,0.653
postprocess_ms,2_7_new_plugin_bag_3,417,1779961752650866302,41.559180305000005,1.789
postprocess_ms,2_7_new_plugin_bag_3,418,1779961752760658210,41.668972213,1.202
postprocess_ms,2_7_new_plugin_bag_3,419,1779961752876731842,41.785045845,2.664
postprocess_ms,2_7_new_plugin_bag_3,420,1779961752976455128,41.884769131000006,2.011
postprocess_ms,2_7_new_plugin_bag_3,421,1779961753050284660,41.958598663000004,1.165
postprocess_ms,2_7_new_plugin_bag_3,422,1779961753165577567,42.07389157,0.698
postprocess_ms,2_7_new_plugin_bag_3,423,1779961753271669535,42.179983538,14.722
postprocess_ms,2_7_new_plugin_bag_3,424,1779961753364425071,42.272739074,1.21
postprocess_ms,2_7_new_plugin_bag_3,425,1779961753468923580,42.377237583,0.905
postprocess_ms,2_7_new_plugin_bag_3,426,1779961753565903083,42.474217086,1.706
postprocess_ms,2_7_new_plugin_bag_3,427,1779961753673008143,42.581322146000005,1.753
postprocess_ms,2_7_new_plugin_bag_3,428,1779961753824288585,42.732602588000006,17.794
postprocess_ms,2_7_new_plugin_bag_3,429,1779961753889862993,42.798176996,3.134
postprocess_ms,2_7_new_plugin_bag_3,430,1779961753985227912,42.893541915,5.601
postprocess_ms,2_7_new_plugin_bag_3,431,1779961754072897560,42.981211563,0.955
postprocess_ms,2_7_new_plugin_bag_3,432,1779961754162292725,43.070606728,1.739
postprocess_ms,2_7_new_plugin_bag_3,433,1779961754262624857,43.17093886,0.676
postprocess_ms,2_7_new_plugin_bag_3,434,1779961754389198345,43.297512348000005,6.187
postprocess_ms,2_7_new_plugin_bag_3,435,1779961754454051968,43.362365971,2.421
postprocess_ms,2_7_new_plugin_bag_3,436,1779961754570369514,43.478683517,2.385
postprocess_ms,2_7_new_plugin_bag_3,437,1779961754660606741,43.568920744,0.715
postprocess_ms,2_7_new_plugin_bag_3,438,1779961754777272302,43.685586305,4.38
postprocess_ms,2_7_new_plugin_bag_3,439,1779961754851271449,43.759585452,1.768
postprocess_ms,2_7_new_plugin_bag_3,440,1779961754975076994,43.883390997,3.86
postprocess_ms,2_7_new_plugin_bag_3,441,1779961755078906149,43.987220152000006,2.098
postprocess_ms,2_7_new_plugin_bag_3,442,1779961755185459963,44.093773966,2.92
postprocess_ms,2_7_new_plugin_bag_3,443,1779961755273064390,44.181378393,3.191
postprocess_ms,2_7_new_plugin_bag_3,444,1779961755375880908,44.284194911,2.986
postprocess_ms,2_7_new_plugin_bag_3,445,1779961755450382874,44.358696877,1.046
postprocess_ms,2_7_new_plugin_bag_3,446,1779961755564779463,44.473093466,0.983
postprocess_ms,2_7_new_plugin_bag_3,447,1779961755644818412,44.553132415,0.843
postprocess_ms,2_7_new_plugin_bag_3,448,1779961755777108635,44.685422638000006,4.011
postprocess_ms,2_7_new_plugin_bag_3,449,1779961755886692438,44.795006441000005,3.521
postprocess_ms,2_7_new_plugin_bag_3,450,1779961755957476883,44.865790886000006,2.045
postprocess_ms,2_7_new_plugin_bag_3,451,1779961756070099377,44.978413380000006,1.131
postprocess_ms,2_7_new_plugin_bag_3,452,1779961756168700708,45.077014711000004,2.19
postprocess_ms,2_7_new_plugin_bag_3,453,1779961756270758798,45.179072801000004,1.173
postprocess_ms,2_7_new_plugin_bag_3,454,1779961756365326000,45.273640003000004,1.033
postprocess_ms,2_7_new_plugin_bag_3,455,1779961756462920905,45.371234908000005,1.786
postprocess_ms,2_7_new_plugin_bag_3,456,1779961756584276917,45.492590920000005,1.527
postprocess_ms,2_7_new_plugin_bag_3,457,1779961756665458867,45.573772870000006,0.847
postprocess_ms,2_7_new_plugin_bag_3,458,1779961756779339226,45.687653229000006,2.286
postprocess_ms,2_7_new_plugin_bag_3,459,1779961756861732484,45.770046487,0.756
postprocess_ms,2_7_new_plugin_bag_3,460,1779961756954883302,45.863197305,1.128
postprocess_ms,2_7_new_plugin_bag_3,461,1779961757077916264,45.986230267,2.217
postprocess_ms,2_7_new_plugin_bag_3,462,1779961757162641498,46.070955501,2.948
postprocess_ms,2_7_new_plugin_bag_3,463,1779961757247397794,46.155711797,0.878
postprocess_ms,2_7_new_plugin_bag_3,464,1779961757352589730,46.260903733000006,2.329
postprocess_ms,2_7_new_plugin_bag_3,465,1779961757451444739,46.359758742000004,1.075
postprocess_ms,2_7_new_plugin_bag_3,466,1779961757560401685,46.468715688,1.175
postprocess_ms,2_7_new_plugin_bag_3,467,1779961757670468043,46.578782046,1.624
postprocess_ms,2_7_new_plugin_bag_3,468,1779961757754210572,46.662524575000006,0.901
postprocess_ms,2_7_new_plugin_bag_3,469,1779961757851057473,46.759371476000005,1.087
postprocess_ms,2_7_new_plugin_bag_3,470,1779961757966705891,46.875019894000005,0.969
postprocess_ms,2_7_new_plugin_bag_3,471,1779961758049695732,46.958009735000005,1.059
postprocess_ms,2_7_new_plugin_bag_3,472,1779961758185985336,47.094299339,5.819
postprocess_ms,2_7_new_plugin_bag_3,473,1779961758273820668,47.182134671,0.714
postprocess_ms,2_7_new_plugin_bag_3,474,1779961758404654646,47.312968649000005,1.705
postprocess_ms,2_7_new_plugin_bag_3,475,1779961758495129835,47.403443838,3.757
postprocess_ms,2_7_new_plugin_bag_3,476,1779961758591225495,47.499539498000004,1.833
postprocess_ms,2_7_new_plugin_bag_3,477,1779961758658731458,47.567045461000006,1.888
postprocess_ms,2_7_new_plugin_bag_3,478,1779961758758140879,47.666454882000004,1.707
postprocess_ms,2_7_new_plugin_bag_3,479,1779961758858860537,47.767174540000006,0.889
postprocess_ms,2_7_new_plugin_bag_3,480,1779961758973396270,47.881710273,2.587
postprocess_ms,2_7_new_plugin_bag_3,481,1779961759042503250,47.950817253000004,0.732
postprocess_ms,2_7_new_plugin_bag_3,482,1779961759166388214,48.074702217,0.681
postprocess_ms,2_7_new_plugin_bag_3,483,1779961759250283503,48.158597506,1.825
postprocess_ms,2_7_new_plugin_bag_3,484,1779961759392178755,48.300492758000004,4.447
postprocess_ms,2_7_new_plugin_bag_3,485,1779961759446576803,48.354890806,1.143
postprocess_ms,2_7_new_plugin_bag_3,486,1779961759562721424,48.471035427000004,1.848
postprocess_ms,2_7_new_plugin_bag_3,487,1779961759661057969,48.569371972000006,3.506
postprocess_ms,2_7_new_plugin_bag_3,488,1779961759790352913,48.698666916,5.855
postprocess_ms,2_7_new_plugin_bag_3,489,1779961759904078094,48.812392097,1.382
postprocess_ms,2_7_new_plugin_bag_3,490,1779961759969002373,48.877316376,0.691
postprocess_ms,2_7_new_plugin_bag_3,491,1779961760083654369,48.991968372,4.957
postprocess_ms,2_7_new_plugin_bag_3,492,1779961760197703398,49.106017401,3.209
postprocess_ms,2_7_new_plugin_bag_3,493,1779961760260610911,49.168924914,1.127
postprocess_ms,2_7_new_plugin_bag_3,494,1779961760400394341,49.308708344,2.52
postprocess_ms,2_7_new_plugin_bag_3,495,1779961760453912097,49.3622261,1.128
postprocess_ms,2_7_new_plugin_bag_3,496,1779961760601143191,49.50945719400001,2.057
postprocess_ms,2_7_new_plugin_bag_3,497,1779961760656123705,49.564437708,1.267
postprocess_ms,2_7_new_plugin_bag_3,498,1779961760763186432,49.671500435000006,2.52
postprocess_ms,2_7_new_plugin_bag_3,499,1779961760868305496,49.776619499000006,1.891
postprocess_ms,2_7_new_plugin_bag_3,500,1779961760948009852,49.85632385500001,1.227
postprocess_ms,2_7_new_plugin_bag_3,501,1779961761064277962,49.97259196500001,1.4
postprocess_ms,2_7_new_plugin_bag_3,502,1779961761163693573,50.072007576000004,0.931
postprocess_ms,2_7_new_plugin_bag_3,503,1779961761250279269,50.158593272000005,1.868
postprocess_ms,2_7_new_plugin_bag_3,504,1779961761353663251,50.261977254,0.602
postprocess_ms,2_7_new_plugin_bag_3,505,1779961761464616544,50.372930547,1.407
postprocess_ms,2_7_new_plugin_bag_3,506,1779961761555590905,50.463904908,1.747
postprocess_ms,2_7_new_plugin_bag_3,507,1779961761663027749,50.571341752,2.466
postprocess_ms,2_7_new_plugin_bag_3,508,1779961761748026339,50.656340342,1.475
postprocess_ms,2_7_new_plugin_bag_3,509,1779961761867416457,50.775730460000005,1.147
postprocess_ms,2_7_new_plugin_bag_3,510,1779961761964557430,50.872871433,0.886
postprocess_ms,2_7_new_plugin_bag_3,511,1779961762094197525,51.00251152800001,1.157
postprocess_ms,2_7_new_plugin_bag_3,512,1779961762167458250,51.075772253000004,0.872
postprocess_ms,2_7_new_plugin_bag_3,513,1779961762262523010,51.170837013,0.836
postprocess_ms,2_7_new_plugin_bag_3,514,1779961762359961047,51.26827505,3.3
postprocess_ms,2_7_new_plugin_bag_3,515,1779961762448600982,51.356914985,1.117
postprocess_ms,2_7_new_plugin_bag_3,516,1779961762554228152,51.462542155,2.33
postprocess_ms,2_7_new_plugin_bag_3,517,1779961762651912332,51.560226335,1.18
postprocess_ms,2_7_new_plugin_bag_3,518,1779961762754491793,51.662805796,3.137
postprocess_ms,2_7_new_plugin_bag_3,519,1779961762865030795,51.773344798000004,0.731
postprocess_ms,2_7_new_plugin_bag_3,520,1779961762959654385,51.867968388,0.911
postprocess_ms,2_7_new_plugin_bag_3,521,1779961763067040731,51.975354734,1.009
postprocess_ms,2_7_new_plugin_bag_3,522,1779961763173437324,52.081751327000006,1.404
postprocess_ms,2_7_new_plugin_bag_3,523,1779961763246035426,52.154349429,1.468
postprocess_ms,2_7_new_plugin_bag_3,524,1779961763384685666,52.292999669000004,5.403
postprocess_ms,2_7_new_plugin_bag_3,525,1779961763454300979,52.362614982000004,1.731
postprocess_ms,2_7_new_plugin_bag_3,526,1779961763565396328,52.47371033100001,0.954
postprocess_ms,2_7_new_plugin_bag_3,527,1779961763648962245,52.557276248,2.134
postprocess_ms,2_7_new_plugin_bag_3,528,1779961763799460184,52.707774187000005,3.722
postprocess_ms,2_7_new_plugin_bag_3,529,1779961763854251140,52.762565143,1.158
postprocess_ms,2_7_new_plugin_bag_3,530,1779961763949051094,52.857365097000006,1.392
postprocess_ms,2_7_new_plugin_bag_3,531,1779961764055644991,52.963958994,1.189
postprocess_ms,2_7_new_plugin_bag_3,532,1779961764153951565,53.062265568,0.693
postprocess_ms,2_7_new_plugin_bag_3,533,1779961764263919545,53.172233548,0.792
postprocess_ms,2_7_new_plugin_bag_3,534,1779961764341405169,53.249719172000006,0.902
postprocess_ms,2_7_new_plugin_bag_3,535,1779961764473618368,53.381932371000005,1.933
postprocess_ms,2_7_new_plugin_bag_3,536,1779961764562377521,53.470691524,1.195
postprocess_ms,2_7_new_plugin_bag_3,537,1779961764685626319,53.593940322,0.772
postprocess_ms,2_7_new_plugin_bag_3,538,1779961764808976421,53.717290424000005,1.484
postprocess_ms,2_7_new_plugin_bag_3,539,1779961764851572643,53.759886646000005,1.089
postprocess_ms,2_7_new_plugin_bag_3,540,1779961764942503376,53.850817379000006,1.465
postprocess_ms,2_7_new_plugin_bag_3,541,1779961765052698427,53.961012430000004,1.65
postprocess_ms,2_7_new_plugin_bag_3,542,1779961765205806058,54.114120061,31.36
postprocess_ms,2_7_new_plugin_bag_3,543,1779961765269051882,54.177365885,0.697
postprocess_ms,2_7_new_plugin_bag_3,544,1779961765374183625,54.282497628,0.829
postprocess_ms,2_7_new_plugin_bag_3,545,1779961765500241996,54.408555999,1.176
postprocess_ms,2_7_new_plugin_bag_3,546,1779961765551659816,54.459973819000005,1.467
postprocess_ms,2_7_new_plugin_bag_3,547,1779961765658814690,54.567128693,1.566
postprocess_ms,2_7_new_plugin_bag_3,548,1779961765753192841,54.661506844,1.876
postprocess_ms,2_7_new_plugin_bag_3,549,1779961765850422083,54.758736086000006,1.231
postprocess_ms,2_7_new_plugin_bag_3,550,1779961765950846672,54.859160675000005,0.852
postprocess_ms,2_7_new_plugin_bag_3,551,1779961766075476963,54.983790966,0.898
postprocess_ms,2_7_new_plugin_bag_3,552,1779961766151798684,55.060112687,1.038
postprocess_ms,2_7_new_plugin_bag_3,553,1779961766258377461,55.166691464,1.136
postprocess_ms,2_7_new_plugin_bag_3,554,1779961766383115424,55.291429427000004,3.633
postprocess_ms,2_7_new_plugin_bag_3,555,1779961766444068132,55.352382135000006,0.869
postprocess_ms,2_7_new_plugin_bag_3,556,1779961766562298944,55.470612947000006,4.204
postprocess_ms,2_7_new_plugin_bag_3,557,1779961766655082060,55.563396063000006,1.036
postprocess_ms,2_7_new_plugin_bag_3,558,1779961766749412137,55.65772614,3.251
postprocess_ms,2_7_new_plugin_bag_3,559,1779961766858337195,55.766651198000005,1.764
postprocess_ms,2_7_new_plugin_bag_3,560,1779961766978029176,55.886343179,3.771
postprocess_ms,2_7_new_plugin_bag_3,561,1779961767068331832,55.97664583500001,0.883
postprocess_ms,2_7_new_plugin_bag_3,562,1779961767153592514,56.061906517000004,1.593
postprocess_ms,2_7_new_plugin_bag_3,563,1779961767243082558,56.151396561000006,1.358
postprocess_ms,2_7_new_plugin_bag_3,564,1779961767346190371,56.25450437400001,1.04
postprocess_ms,2_7_new_plugin_bag_3,565,1779961767454104769,56.362418772000005,2.537
postprocess_ms,2_7_new_plugin_bag_3,566,1779961767558586032,56.466900035,1.591
postprocess_ms,2_7_new_plugin_bag_3,567,1779961767653102156,56.561416159000004,0.711
postprocess_ms,2_7_new_plugin_bag_3,568,1779961767746202361,56.654516364,1.452
postprocess_ms,2_7_new_plugin_bag_3,569,1779961767860344356,56.76865835900001,1.078
postprocess_ms,2_7_new_plugin_bag_3,570,1779961767984630193,56.892944196,1.877
postprocess_ms,2_7_new_plugin_bag_3,571,1779961768054412616,56.962726619,1.052
postprocess_ms,2_7_new_plugin_bag_3,572,1779961768163132569,57.071446572000006,3.66
postprocess_ms,2_7_new_plugin_bag_3,573,1779961768278715842,57.187029845000005,0.846
postprocess_ms,2_7_new_plugin_bag_3,574,1779961768352949040,57.26126304300001,1.301
postprocess_ms,2_7_new_plugin_bag_3,575,1779961768456548423,57.364862426,0.766
postprocess_ms,2_7_new_plugin_bag_3,576,1779961768559001534,57.467315537000005,1.32
postprocess_ms,2_7_new_plugin_bag_3,577,1779961768667859114,57.576173117,1.473
postprocess_ms,2_7_new_plugin_bag_3,578,1779961768761750149,57.670064152,0.643
postprocess_ms,2_7_new_plugin_bag_3,579,1779961768905726800,57.814040803000005,1.327
postprocess_ms,2_7_new_plugin_bag_3,580,1779961768953588063,57.861902066000006,1.215
postprocess_ms,2_7_new_plugin_bag_3,581,1779961769053503739,57.961817742,0.992
postprocess_ms,2_7_new_plugin_bag_3,582,1779961769203527924,58.111841927,14.366
postprocess_ms,2_7_new_plugin_bag_3,583,1779961769249843782,58.158157785,0.997
postprocess_ms,2_7_new_plugin_bag_3,584,1779961769383976226,58.292290229,5.201
postprocess_ms,2_7_new_plugin_bag_3,585,1779961769453707895,58.362021898,1.858
postprocess_ms,2_7_new_plugin_bag_3,586,1779961769613742743,58.522056746000004,3.175
postprocess_ms,2_7_new_plugin_bag_3,587,1779961769650495259,58.558809262000004,0.963
postprocess_ms,2_7_new_plugin_bag_3,588,1779961769751493145,58.659807148000006,0.909
postprocess_ms,2_7_new_plugin_bag_3,589,1779961769876149889,58.784463892000005,3.323
postprocess_ms,2_7_new_plugin_bag_3,590,1779961769950948273,58.859262276,0.645
postprocess_ms,2_7_new_plugin_bag_3,591,1779961770060596421,58.968910424,0.953
postprocess_ms,2_7_new_plugin_bag_3,592,1779961770152006265,59.060320268000005,1.108
postprocess_ms,2_7_new_plugin_bag_3,593,1779961770250529347,59.158843350000005,1.135
postprocess_ms,2_7_new_plugin_bag_3,594,1779961770366516736,59.274830739,1.03
postprocess_ms,2_7_new_plugin_bag_3,595,1779961770470563593,59.378877596,0.832
postprocess_ms,2_7_new_plugin_bag_3,596,1779961770555973459,59.464287462,0.76
postprocess_ms,2_7_new_plugin_bag_3,597,1779961770646952800,59.555266803,0.745
postprocess_ms,2_7_old_plugin_bag,0,1779952570654978772,0.0,20.092
postprocess_ms,2_7_old_plugin_bag,1,1779952570714540106,0.059561334,3.429
postprocess_ms,2_7_old_plugin_bag,2,1779952570752662507,0.09768373500000001,0.905
postprocess_ms,2_7_old_plugin_bag,3,1779952570873702796,0.21872402400000002,7.899
postprocess_ms,2_7_old_plugin_bag,4,1779952570963561925,0.308583153,2.456
postprocess_ms,2_7_old_plugin_bag,5,1779952571064816513,0.40983774100000003,3.645
postprocess_ms,2_7_old_plugin_bag,6,1779952571140436421,0.48545764900000005,0.785
postprocess_ms,2_7_old_plugin_bag,7,1779952571261411490,0.6064327180000001,2.448
postprocess_ms,2_7_old_plugin_bag,8,1779952571344307788,0.6893290160000001,1.785
postprocess_ms,2_7_old_plugin_bag,9,1779952571441796779,0.786818007,1.487
postprocess_ms,2_7_old_plugin_bag,10,1779952571556872696,0.901893924,1.3
postprocess_ms,2_7_old_plugin_bag,11,1779952571650709130,0.9957303580000001,0.748
postprocess_ms,2_7_old_plugin_bag,12,1779952571746283872,1.0913051,1.366
postprocess_ms,2_7_old_plugin_bag,13,1779952571844324860,1.189346088,1.105
postprocess_ms,2_7_old_plugin_bag,14,1779952571959205785,1.304227013,1.574
postprocess_ms,2_7_old_plugin_bag,15,1779952572088062425,1.4330836530000002,2.24
postprocess_ms,2_7_old_plugin_bag,16,1779952572144283416,1.4893046440000002,1.132
postprocess_ms,2_7_old_plugin_bag,17,1779952572293368610,1.6383898380000002,4.284
postprocess_ms,2_7_old_plugin_bag,18,1779952572361839849,1.7068610770000001,1.418
postprocess_ms,2_7_old_plugin_bag,19,1779952572465000358,1.8100215860000002,4.614
postprocess_ms,2_7_old_plugin_bag,20,1779952572557094803,1.902116031,1.806
postprocess_ms,2_7_old_plugin_bag,21,1779952572656911711,2.001932939,0.819
postprocess_ms,2_7_old_plugin_bag,22,1779952572760729109,2.105750337,2.791
postprocess_ms,2_7_old_plugin_bag,23,1779952572862143186,2.207164414,1.452
postprocess_ms,2_7_old_plugin_bag,24,1779952572989662972,2.3346842000000003,4.803
postprocess_ms,2_7_old_plugin_bag,25,1779952573061498838,2.406520066,0.793
postprocess_ms,2_7_old_plugin_bag,26,1779952573173194696,2.518215924,1.11
postprocess_ms,2_7_old_plugin_bag,27,1779952573254091250,2.5991124780000003,2.07
postprocess_ms,2_7_old_plugin_bag,28,1779952573359855730,2.7048769580000003,3.51
postprocess_ms,2_7_old_plugin_bag,29,1779952573435092206,2.780113434,1.107
postprocess_ms,2_7_old_plugin_bag,30,1779952573585612466,2.9306336940000004,13.363
postprocess_ms,2_7_old_plugin_bag,31,1779952573665290097,3.010311325,4.294
postprocess_ms,2_7_old_plugin_bag,32,1779952573739874937,3.0848961650000004,1.834
postprocess_ms,2_7_old_plugin_bag,33,1779952573840724778,3.185746006,1.908
postprocess_ms,2_7_old_plugin_bag,34,1779952573947249395,3.2922706230000003,0.896
postprocess_ms,2_7_old_plugin_bag,35,1779952574042668641,3.3876898690000004,1.702
postprocess_ms,2_7_old_plugin_bag,36,1779952574147750856,3.4927720840000003,1.382
postprocess_ms,2_7_old_plugin_bag,37,1779952574273835521,3.6188567490000003,2.053
postprocess_ms,2_7_old_plugin_bag,38,1779952574346370010,3.691391238,1.692
postprocess_ms,2_7_old_plugin_bag,39,1779952574436212308,3.7812335360000002,1.867
postprocess_ms,2_7_old_plugin_bag,40,1779952574565860025,3.9108812530000003,4.276
postprocess_ms,2_7_old_plugin_bag,41,1779952574644590119,3.9896113470000003,1.025
postprocess_ms,2_7_old_plugin_bag,42,1779952574741827445,4.086848673,1.239
postprocess_ms,2_7_old_plugin_bag,43,1779952574842411829,4.187433057000001,2.333
postprocess_ms,2_7_old_plugin_bag,44,1779952574952052042,4.29707327,1.452
postprocess_ms,2_7_old_plugin_bag,45,1779952575038451456,4.383472684,1.286
postprocess_ms,2_7_old_plugin_bag,46,1779952575174710167,4.519731395,2.482
postprocess_ms,2_7_old_plugin_bag,47,1779952575244925391,4.589946619,0.969
postprocess_ms,2_7_old_plugin_bag,48,1779952575341986126,4.687007354,1.184
postprocess_ms,2_7_old_plugin_bag,49,1779952575511881228,4.856902456,4.182
postprocess_ms,2_7_old_plugin_bag,50,1779952575582087734,4.927108962,10.274
postprocess_ms,2_7_old_plugin_bag,51,1779952575662609637,5.007630865,0.804
postprocess_ms,2_7_old_plugin_bag,52,1779952575808948375,5.153969603,3.785
postprocess_ms,2_7_old_plugin_bag,53,1779952575856442220,5.201463448,1.222
postprocess_ms,2_7_old_plugin_bag,54,1779952575994852717,5.339873945,0.648
postprocess_ms,2_7_old_plugin_bag,55,1779952576048103751,5.393124979,1.067
postprocess_ms,2_7_old_plugin_bag,56,1779952576179147845,5.524169073,7.469
postprocess_ms,2_7_old_plugin_bag,57,1779952576232646571,5.577667799,1.054
postprocess_ms,2_7_old_plugin_bag,58,1779952576338823128,5.683844356000001,2.103
postprocess_ms,2_7_old_plugin_bag,59,1779952576443144381,5.788165609,0.851
postprocess_ms,2_7_old_plugin_bag,60,1779952576574009007,5.919030235,1.304
postprocess_ms,2_7_old_plugin_bag,61,1779952576665002368,6.010023596000001,5.026
postprocess_ms,2_7_old_plugin_bag,62,1779952576757578279,6.102599507000001,1.803
postprocess_ms,2_7_old_plugin_bag,63,1779952576878297302,6.22331853,1.276
postprocess_ms,2_7_old_plugin_bag,64,1779952576947136567,6.2921577950000005,1.581
postprocess_ms,2_7_old_plugin_bag,65,1779952577081306099,6.426327327,8.818
postprocess_ms,2_7_old_plugin_bag,66,1779952577179543726,6.524564954000001,5.844
postprocess_ms,2_7_old_plugin_bag,67,1779952577240697998,6.585719226,0.958
postprocess_ms,2_7_old_plugin_bag,68,1779952577350333359,6.695354587000001,0.705
postprocess_ms,2_7_old_plugin_bag,69,1779952577465520104,6.810541332000001,5.771
postprocess_ms,2_7_old_plugin_bag,70,1779952577584425752,6.929446980000001,4.732
postprocess_ms,2_7_old_plugin_bag,71,1779952577666816926,7.011838154,1.075
postprocess_ms,2_7_old_plugin_bag,72,1779952577767782880,7.112804108000001,4.837
postprocess_ms,2_7_old_plugin_bag,73,1779952577838264983,7.183286211,1.195
postprocess_ms,2_7_old_plugin_bag,74,1779952577961119924,7.306141152,1.766
postprocess_ms,2_7_old_plugin_bag,75,1779952578043965729,7.388986957,0.88
postprocess_ms,2_7_old_plugin_bag,76,1779952578147258997,7.492280225000001,3.169
postprocess_ms,2_7_old_plugin_bag,77,1779952578237487164,7.582508392,0.948
postprocess_ms,2_7_old_plugin_bag,78,1779952578354977421,7.699998649,1.256
postprocess_ms,2_7_old_plugin_bag,79,1779952578453693074,7.7987143020000005,1.039
postprocess_ms,2_7_old_plugin_bag,80,1779952578550053346,7.895074574000001,1.063
postprocess_ms,2_7_old_plugin_bag,81,1779952578654572724,7.999593952000001,1.1
postprocess_ms,2_7_old_plugin_bag,82,1779952578785648814,8.130670042,0.641
postprocess_ms,2_7_old_plugin_bag,83,1779952578857196830,8.202218058,1.181
postprocess_ms,2_7_old_plugin_bag,84,1779952578954435357,8.299456585,1.948
postprocess_ms,2_7_old_plugin_bag,85,1779952579039599065,8.384620293000001,2.547
postprocess_ms,2_7_old_plugin_bag,86,1779952579190710032,8.53573126,0.666
postprocess_ms,2_7_old_plugin_bag,87,1779952579244343507,8.589364735,1.492
postprocess_ms,2_7_old_plugin_bag,88,1779952579351879076,8.696900304,0.832
postprocess_ms,2_7_old_plugin_bag,89,1779952579459384509,8.804405737,4.527
postprocess_ms,2_7_old_plugin_bag,90,1779952579534671610,8.879692838,1.294
postprocess_ms,2_7_old_plugin_bag,91,1779952579643181291,8.988202519000001,1.24
postprocess_ms,2_7_old_plugin_bag,92,1779952579784185001,9.129206229000001,2.969
postprocess_ms,2_7_old_plugin_bag,93,1779952579846668261,9.191689489,1.265
postprocess_ms,2_7_old_plugin_bag,94,1779952579940406613,9.285427841,2.0
postprocess_ms,2_7_old_plugin_bag,95,1779952580043455317,9.388476545000001,0.902
postprocess_ms,2_7_old_plugin_bag,96,1779952580163107426,9.508128654,2.298
postprocess_ms,2_7_old_plugin_bag,97,1779952580250260939,9.595282167,1.268
postprocess_ms,2_7_old_plugin_bag,98,1779952580352223761,9.697244989000001,0.7
postprocess_ms,2_7_old_plugin_bag,99,1779952580464148662,9.80916989,3.943
postprocess_ms,2_7_old_plugin_bag,100,1779952580546115531,9.891136759,1.099
postprocess_ms,2_7_old_plugin_bag,101,1779952580636395237,9.981416465,1.025
postprocess_ms,2_7_old_plugin_bag,102,1779952580740492165,10.085513393000001,2.025
postprocess_ms,2_7_old_plugin_bag,103,1779952580854803403,10.199824631,1.927
postprocess_ms,2_7_old_plugin_bag,104,1779952580964487976,10.309509204000001,1.376
postprocess_ms,2_7_old_plugin_bag,105,1779952581081834033,10.426855261,8.455
postprocess_ms,2_7_old_plugin_bag,106,1779952581160252544,10.505273772,1.354
postprocess_ms,2_7_old_plugin_bag,107,1779952581285821997,10.630843225000001,16.041
postprocess_ms,2_7_old_plugin_bag,108,1779952581356156103,10.701177331,1.05
postprocess_ms,2_7_old_plugin_bag,109,1779952581458211801,10.803233029000001,3.969
postprocess_ms,2_7_old_plugin_bag,110,1779952581562208566,10.907229794000001,2.287
postprocess_ms,2_7_old_plugin_bag,111,1779952581683035414,11.028056642000001,10.975
postprocess_ms,2_7_old_plugin_bag,112,1779952581763400806,11.108422034,3.438
postprocess_ms,2_7_old_plugin_bag,113,1779952581887412071,11.232433299,13.215
postprocess_ms,2_7_old_plugin_bag,114,1779952581974008864,11.319030092,3.813
postprocess_ms,2_7_old_plugin_bag,115,1779952582095565092,11.440586320000001,3.336
postprocess_ms,2_7_old_plugin_bag,116,1779952582209292036,11.554313264000001,5.822
postprocess_ms,2_7_old_plugin_bag,117,1779952582254264131,11.599285359000001,2.833
postprocess_ms,2_7_old_plugin_bag,118,1779952582337869135,11.682890363,0.767
postprocess_ms,2_7_old_plugin_bag,119,1779952582442668576,11.787689804000001,0.959
postprocess_ms,2_7_old_plugin_bag,120,1779952582559538307,11.904559535,1.898
postprocess_ms,2_7_old_plugin_bag,121,1779952582644744192,11.989765420000001,1.713
postprocess_ms,2_7_old_plugin_bag,122,1779952582741177467,12.086198695,2.574
postprocess_ms,2_7_old_plugin_bag,123,1779952582851685541,12.196706769,0.825
postprocess_ms,2_7_old_plugin_bag,124,1779952582963286277,12.308307505,1.466
postprocess_ms,2_7_old_plugin_bag,125,1779952583056235960,12.401257188,1.138
postprocess_ms,2_7_old_plugin_bag,126,1779952583161471157,12.506492385000001,3.017
postprocess_ms,2_7_old_plugin_bag,127,1779952583253377415,12.598398643000001,1.561
postprocess_ms,2_7_old_plugin_bag,128,1779952583343425369,12.688446597,0.99
postprocess_ms,2_7_old_plugin_bag,129,1779952583478021467,12.823042695000002,0.905
postprocess_ms,2_7_old_plugin_bag,130,1779952583574388322,12.919409550000001,1.136
postprocess_ms,2_7_old_plugin_bag,131,1779952583638568904,12.983590132000002,0.797
postprocess_ms,2_7_old_plugin_bag,132,1779952583775876533,13.120897761,3.11
postprocess_ms,2_7_old_plugin_bag,133,1779952583846187328,13.191208556000001,1.254
postprocess_ms,2_7_old_plugin_bag,134,1779952583975986352,13.321007580000002,6.142
postprocess_ms,2_7_old_plugin_bag,135,1779952584083648390,13.428669618,2.835
postprocess_ms,2_7_old_plugin_bag,136,1779952584176929251,13.521950479000001,1.562
postprocess_ms,2_7_old_plugin_bag,137,1779952584245412158,13.590433386,1.384
postprocess_ms,2_7_old_plugin_bag,138,1779952584335941860,13.680963088,1.511
postprocess_ms,2_7_old_plugin_bag,139,1779952584449340173,13.794361401000002,1.05
postprocess_ms,2_7_old_plugin_bag,140,1779952584550652004,13.895673232,0.988
postprocess_ms,2_7_old_plugin_bag,141,1779952584643337891,13.988359119,1.299
postprocess_ms,2_7_old_plugin_bag,142,1779952584737833937,14.082855165000002,1.46
postprocess_ms,2_7_old_plugin_bag,143,1779952584844385404,14.189406632,1.435
postprocess_ms,2_7_old_plugin_bag,144,1779952584964419032,14.30944026,1.126
postprocess_ms,2_7_old_plugin_bag,145,1779952585087745710,14.432766938,1.909
postprocess_ms,2_7_old_plugin_bag,146,1779952585147541746,14.492562974,0.751
postprocess_ms,2_7_old_plugin_bag,147,1779952585238688248,14.583709476000001,1.315
postprocess_ms,2_7_old_plugin_bag,148,1779952585334740830,14.679762058000001,0.922
postprocess_ms,2_7_old_plugin_bag,149,1779952585486503678,14.831524906,0.94
postprocess_ms,2_7_old_plugin_bag,150,1779952585550653742,14.895674970000002,1.084
postprocess_ms,2_7_old_plugin_bag,151,1779952585634202301,14.979223529,3.417
postprocess_ms,2_7_old_plugin_bag,152,1779952585744371817,15.089393045000001,0.977
postprocess_ms,2_7_old_plugin_bag,153,1779952585865209718,15.210230946000001,3.021
postprocess_ms,2_7_old_plugin_bag,154,1779952585933623589,15.278644817000002,1.219
postprocess_ms,2_7_old_plugin_bag,155,1779952586079379401,15.424400629,3.697
postprocess_ms,2_7_old_plugin_bag,156,1779952586166320962,15.51134219,2.533
postprocess_ms,2_7_old_plugin_bag,157,1779952586265952437,15.610973665000001,1.127
postprocess_ms,2_7_old_plugin_bag,158,1779952586357303363,15.702324591000002,1.133
postprocess_ms,2_7_old_plugin_bag,159,1779952586468487039,15.813508267000001,2.275
postprocess_ms,2_7_old_plugin_bag,160,1779952586541305555,15.886326783000001,0.873
postprocess_ms,2_7_old_plugin_bag,161,1779952586635619816,15.980641044,2.085
postprocess_ms,2_7_old_plugin_bag,162,1779952586739305527,16.084326755,0.958
postprocess_ms,2_7_old_plugin_bag,163,1779952586851166196,16.196187424,0.851
postprocess_ms,2_7_old_plugin_bag,164,1779952586955452959,16.300474187000003,1.194
postprocess_ms,2_7_old_plugin_bag,165,1779952587076017404,16.421038632000002,7.561
postprocess_ms,2_7_old_plugin_bag,166,1779952587150663478,16.495684706000002,1.108
postprocess_ms,2_7_old_plugin_bag,167,1779952587249605441,16.594626669,0.672
postprocess_ms,2_7_old_plugin_bag,168,1779952587336718416,16.681739644,1.761
postprocess_ms,2_7_old_plugin_bag,169,1779952587465307104,16.810328332,1.231
postprocess_ms,2_7_old_plugin_bag,170,1779952587551197169,16.896218397000002,1.114
postprocess_ms,2_7_old_plugin_bag,171,1779952587634307020,16.979328248,0.888
postprocess_ms,2_7_old_plugin_bag,172,1779952587739036445,17.084057673,1.305
postprocess_ms,2_7_old_plugin_bag,173,1779952587836237547,17.181258775,1.584
postprocess_ms,2_7_old_plugin_bag,174,1779952587947183708,17.292204936,3.55
postprocess_ms,2_7_old_plugin_bag,175,1779952588057355761,17.402376989,1.313
postprocess_ms,2_7_old_plugin_bag,176,1779952588156252438,17.501273666,1.803
postprocess_ms,2_7_old_plugin_bag,177,1779952588267420759,17.612441987,3.206
postprocess_ms,2_7_old_plugin_bag,178,1779952588374844192,17.71986542,3.747
postprocess_ms,2_7_old_plugin_bag,179,1779952588474723230,17.819744458000002,3.026
postprocess_ms,2_7_old_plugin_bag,180,1779952588588959445,17.933980673,0.889
postprocess_ms,2_7_old_plugin_bag,181,1779952588663551952,18.008573180000003,0.82
postprocess_ms,2_7_old_plugin_bag,182,1779952588764262347,18.109283575000003,2.761
postprocess_ms,2_7_old_plugin_bag,183,1779952588845255812,18.19027704,1.465
postprocess_ms,2_7_old_plugin_bag,184,1779952588971554836,18.316576064,3.397
postprocess_ms,2_7_old_plugin_bag,185,1779952589039552170,18.384573398,0.712
postprocess_ms,2_7_old_plugin_bag,186,1779952589161545451,18.506566679000002,0.974
postprocess_ms,2_7_old_plugin_bag,187,1779952589283941730,18.628962958000002,7.961
postprocess_ms,2_7_old_plugin_bag,188,1779952589349422302,18.69444353,1.006
postprocess_ms,2_7_old_plugin_bag,189,1779952589449313136,18.794334364,0.867
postprocess_ms,2_7_old_plugin_bag,190,1779952589561378408,18.906399636,2.995
postprocess_ms,2_7_old_plugin_bag,191,1779952589695175741,19.040196969,2.52
postprocess_ms,2_7_old_plugin_bag,192,1779952589743698256,19.088719484000002,0.75
postprocess_ms,2_7_old_plugin_bag,193,1779952589857692062,19.202713290000002,1.617
postprocess_ms,2_7_old_plugin_bag,194,1779952589956667780,19.301689008,1.382
postprocess_ms,2_7_old_plugin_bag,195,1779952590065533599,19.410554827000002,5.202
postprocess_ms,2_7_old_plugin_bag,196,1779952590146043469,19.491064697000002,1.144
postprocess_ms,2_7_old_plugin_bag,197,1779952590284189711,19.629210939,3.117
postprocess_ms,2_7_old_plugin_bag,198,1779952590357813176,19.702834404,2.833
postprocess_ms,2_7_old_plugin_bag,199,1779952590440590758,19.785611986000003,1.428
postprocess_ms,2_7_old_plugin_bag,200,1779952590540119664,19.885140892000003,1.608
postprocess_ms,2_7_old_plugin_bag,201,1779952590641952218,19.986973446,1.477
postprocess_ms,2_7_old_plugin_bag,202,1779952590747346484,20.092367712,7.512
postprocess_ms,2_7_old_plugin_bag,203,1779952590878392832,20.22341406,1.485
postprocess_ms,2_7_old_plugin_bag,204,1779952590947507967,20.292529195,1.098
postprocess_ms,2_7_old_plugin_bag,205,1779952591055960261,20.400981489000003,1.19
postprocess_ms,2_7_old_plugin_bag,206,1779952591184068655,20.529089883,11.089
postprocess_ms,2_7_old_plugin_bag,207,1779952591282081459,20.627102687,2.285
postprocess_ms,2_7_old_plugin_bag,208,1779952591357640338,20.702661566,1.296
postprocess_ms,2_7_old_plugin_bag,209,1779952591489499265,20.834520493000003,1.294
postprocess_ms,2_7_old_plugin_bag,210,1779952591546282959,20.891304187000003,1.292
postprocess_ms,2_7_old_plugin_bag,211,1779952591650776056,20.995797284000002,1.506
postprocess_ms,2_7_old_plugin_bag,212,1779952591741808229,21.086829457,2.186
postprocess_ms,2_7_old_plugin_bag,213,1779952591864071905,21.209093133,1.882
postprocess_ms,2_7_old_plugin_bag,214,1779952591966101497,21.311122725,9.006
postprocess_ms,2_7_old_plugin_bag,215,1779952592064205042,21.40922627,1.055
postprocess_ms,2_7_old_plugin_bag,216,1779952592166293620,21.511314848,3.46
postprocess_ms,2_7_old_plugin_bag,217,1779952592236789478,21.581810706000002,0.917
postprocess_ms,2_7_old_plugin_bag,218,1779952592356984692,21.70200592,1.791
postprocess_ms,2_7_old_plugin_bag,219,1779952592445955569,21.790976797000003,0.764
postprocess_ms,2_7_old_plugin_bag,220,1779952592549889179,21.894910407,0.659
postprocess_ms,2_7_old_plugin_bag,221,1779952592660306418,22.005327646,3.048
postprocess_ms,2_7_old_plugin_bag,222,1779952592770213385,22.115234613000002,1.394
postprocess_ms,2_7_old_plugin_bag,223,1779952592840236546,22.185257774,1.213
postprocess_ms,2_7_old_plugin_bag,224,1779952592943038326,22.288059554,0.899
postprocess_ms,2_7_old_plugin_bag,225,1779952593084687863,22.429709091000003,3.197
postprocess_ms,2_7_old_plugin_bag,226,1779952593169508910,22.514530138,4.431
postprocess_ms,2_7_old_plugin_bag,227,1779952593268605059,22.613626287000002,3.455
postprocess_ms,2_7_old_plugin_bag,228,1779952593405646891,22.750668119,8.26
postprocess_ms,2_7_old_plugin_bag,229,1779952593448495914,22.793517142000002,1.164
postprocess_ms,2_7_old_plugin_bag,230,1779952593561792447,22.906813675000002,5.17
postprocess_ms,2_7_old_plugin_bag,231,1779952593638882378,22.983903606000002,0.754
postprocess_ms,2_7_old_plugin_bag,232,1779952593757003561,23.102024789,1.673
postprocess_ms,2_7_old_plugin_bag,233,1779952593845286009,23.190307237000003,1.265
postprocess_ms,2_7_old_plugin_bag,234,1779952593956015797,23.301037025000003,0.956
postprocess_ms,2_7_old_plugin_bag,235,1779952594085876784,23.430898012,0.827
postprocess_ms,2_7_old_plugin_bag,236,1779952594150855366,23.495876594000002,1.474
postprocess_ms,2_7_old_plugin_bag,237,1779952594274303251,23.619324479000003,3.05
postprocess_ms,2_7_old_plugin_bag,238,1779952594364695314,23.709716542000002,3.129
postprocess_ms,2_7_old_plugin_bag,239,1779952594453934132,23.79895536,2.143
postprocess_ms,2_7_old_plugin_bag,240,1779952594537528282,23.88254951,1.708
postprocess_ms,2_7_old_plugin_bag,241,1779952594708272550,24.053293778,1.837
postprocess_ms,2_7_old_plugin_bag,242,1779952594790849214,24.135870442,1.009
postprocess_ms,2_7_old_plugin_bag,243,1779952594871929605,24.216950833000002,2.041
postprocess_ms,2_7_old_plugin_bag,244,1779952594985812581,24.330833809,4.657
postprocess_ms,2_7_old_plugin_bag,245,1779952595057661434,24.402682662,1.897
postprocess_ms,2_7_old_plugin_bag,246,1779952595166522825,24.511544053,2.8
postprocess_ms,2_7_old_plugin_bag,247,1779952595257640768,24.602661996000002,0.928
postprocess_ms,2_7_old_plugin_bag,248,1779952595390297712,24.735318940000003,4.042
postprocess_ms,2_7_old_plugin_bag,249,1779952595439158420,24.784179648000002,1.269
postprocess_ms,2_7_old_plugin_bag,250,1779952595563901674,24.908922902,5.315
postprocess_ms,2_7_old_plugin_bag,251,1779952595652026938,24.997048166000003,1.195
postprocess_ms,2_7_old_plugin_bag,252,1779952595744724286,25.089745514,1.934
postprocess_ms,2_7_old_plugin_bag,253,1779952595842868187,25.187889415,1.02
postprocess_ms,2_7_old_plugin_bag,254,1779952595956419939,25.301441167,1.307
postprocess_ms,2_7_old_plugin_bag,255,1779952596071752400,25.416773628,4.582
postprocess_ms,2_7_old_plugin_bag,256,1779952596161331646,25.506352874,3.56
postprocess_ms,2_7_old_plugin_bag,257,1779952596258008317,25.603029545000002,1.107
postprocess_ms,2_7_old_plugin_bag,258,1779952596368512878,25.713534106,5.572
postprocess_ms,2_7_old_plugin_bag,259,1779952596466764525,25.811785753000002,2.668
postprocess_ms,2_7_old_plugin_bag,260,1779952596574699879,25.919721107,1.713
postprocess_ms,2_7_old_plugin_bag,261,1779952596644653894,25.989675122,1.104
postprocess_ms,2_7_old_plugin_bag,262,1779952596785712543,26.130733771000003,5.348
postprocess_ms,2_7_old_plugin_bag,263,1779952596861242936,26.206264164,4.516
postprocess_ms,2_7_old_plugin_bag,264,1779952596945538670,26.290559898,1.956
postprocess_ms,2_7_old_plugin_bag,265,1779952597059308362,26.404329590000003,1.207
postprocess_ms,2_7_old_plugin_bag,266,1779952597156260122,26.501281350000003,0.945
postprocess_ms,2_7_old_plugin_bag,267,1779952597256461166,26.601482394,1.821
postprocess_ms,2_7_old_plugin_bag,268,1779952597344730360,26.689751588,0.901
postprocess_ms,2_7_old_plugin_bag,269,1779952597483556808,26.828578036000003,1.996
postprocess_ms,2_7_old_plugin_bag,270,1779952597556537421,26.901558649000002,0.909
postprocess_ms,2_7_old_plugin_bag,271,1779952597663426496,27.008447724000003,3.663
postprocess_ms,2_7_old_plugin_bag,272,1779952597741428918,27.086450146,0.974
postprocess_ms,2_7_old_plugin_bag,273,1779952597857495645,27.202516873,2.78
postprocess_ms,2_7_old_plugin_bag,274,1779952597988723158,27.333744386000003,8.386
postprocess_ms,2_7_old_plugin_bag,275,1779952598064931598,27.409952826,4.935
postprocess_ms,2_7_old_plugin_bag,276,1779952598165621729,27.510642957,6.186
postprocess_ms,2_7_old_plugin_bag,277,1779952598249552593,27.594573821,0.854
postprocess_ms,2_7_old_plugin_bag,278,1779952598344910739,27.689931967000003,0.957
postprocess_ms,2_7_old_plugin_bag,279,1779952598490176370,27.835197598,1.683
postprocess_ms,2_7_old_plugin_bag,280,1779952598575729954,27.920751182,1.078
postprocess_ms,2_7_old_plugin_bag,281,1779952598677061857,28.022083085000002,4.165
postprocess_ms,2_7_old_plugin_bag,282,1779952598774037223,28.119058451,3.17
postprocess_ms,2_7_old_plugin_bag,283,1779952598846434390,28.191455618000003,1.183
postprocess_ms,2_7_old_plugin_bag,284,1779952598935764155,28.280785383,1.737
postprocess_ms,2_7_old_plugin_bag,285,1779952599053612537,28.398633765000003,1.072
postprocess_ms,2_7_old_plugin_bag,286,1779952599169042227,28.514063455000002,3.507
postprocess_ms,2_7_old_plugin_bag,287,1779952599283171688,28.628192916000003,1.588
postprocess_ms,2_7_old_plugin_bag,288,1779952599342733484,28.687754712,2.057
postprocess_ms,2_7_old_plugin_bag,289,1779952599470991529,28.816012757000003,2.261
postprocess_ms,2_7_old_plugin_bag,290,1779952599547980221,28.893001449000003,2.746
postprocess_ms,2_7_old_plugin_bag,291,1779952599642301688,28.987322916,1.956
postprocess_ms,2_7_old_plugin_bag,292,1779952599746040870,29.091062098000002,1.375
postprocess_ms,2_7_old_plugin_bag,293,1779952599875527839,29.220549067,1.124
postprocess_ms,2_7_old_plugin_bag,294,1779952599947100487,29.292121715,0.944
postprocess_ms,2_7_old_plugin_bag,295,1779952600079631947,29.424653175000003,7.777
postprocess_ms,2_7_old_plugin_bag,296,1779952600154943045,29.499964273000003,1.415
postprocess_ms,2_7_old_plugin_bag,297,1779952600257112577,29.602133805,2.391
postprocess_ms,2_7_old_plugin_bag,298,1779952600381236546,29.726257774,10.545
postprocess_ms,2_7_old_plugin_bag,299,1779952600448808475,29.793829703,0.706
postprocess_ms,2_7_old_plugin_bag,300,1779952600541946250,29.886967478000003,1.832
postprocess_ms,2_7_old_plugin_bag,301,1779952600669399146,30.014420374,6.187
postprocess_ms,2_7_old_plugin_bag,302,1779952600746997392,30.09201862,0.868
postprocess_ms,2_7_old_plugin_bag,303,1779952600866305911,30.211327139,3.232
postprocess_ms,2_7_old_plugin_bag,304,1779952600943634172,30.288655400000003,1.423
postprocess_ms,2_7_old_plugin_bag,305,1779952601095379688,30.440400916,4.032
postprocess_ms,2_7_old_plugin_bag,306,1779952601198659827,30.543681055,6.555
postprocess_ms,2_7_old_plugin_bag,307,1779952601295953493,30.640974721000003,0.64
postprocess_ms,2_7_old_plugin_bag,308,1779952601382854497,30.727875725,0.861
postprocess_ms,2_7_old_plugin_bag,309,1779952601511198997,30.856220225,4.165
postprocess_ms,2_7_old_plugin_bag,310,1779952601550189595,30.895210823000003,2.177
postprocess_ms,2_7_old_plugin_bag,311,1779952601649260419,30.994281647,1.143
postprocess_ms,2_7_old_plugin_bag,312,1779952601750551228,31.095572456000003,1.109
postprocess_ms,2_7_old_plugin_bag,313,1779952601850599721,31.195620949000002,1.204
postprocess_ms,2_7_old_plugin_bag,314,1779952601983417520,31.328438748000003,1.352
postprocess_ms,2_7_old_plugin_bag,315,1779952602047431412,31.392452640000002,0.799
postprocess_ms,2_7_old_plugin_bag,316,1779952602150440927,31.495462155000002,1.233
postprocess_ms,2_7_old_plugin_bag,317,1779952602291238628,31.636259856000002,3.456
postprocess_ms,2_7_old_plugin_bag,318,1779952602366821410,31.711842638,0.743
postprocess_ms,2_7_old_plugin_bag,319,1779952602461136669,31.806157897000002,1.225
postprocess_ms,2_7_old_plugin_bag,320,1779952602574211049,31.919232277000003,1.367
postprocess_ms,2_7_old_plugin_bag,321,1779952602667331690,32.012352918000005,4.994
postprocess_ms,2_7_old_plugin_bag,322,1779952602748226842,32.09324807,2.33
postprocess_ms,2_7_old_plugin_bag,323,1779952602874898354,32.219919582,10.465
postprocess_ms,2_7_old_plugin_bag,324,1779952602994961122,32.33998235,0.715
postprocess_ms,2_7_old_plugin_bag,325,1779952603050987792,32.39600902,0.689
postprocess_ms,2_7_old_plugin_bag,326,1779952603145236842,32.49025807,0.677
postprocess_ms,2_7_old_plugin_bag,327,1779952603247957176,32.592978404,0.996
postprocess_ms,2_7_old_plugin_bag,328,1779952603343959863,32.688981091,1.296
postprocess_ms,2_7_old_plugin_bag,329,1779952603501116101,32.846137329,4.078
postprocess_ms,2_7_old_plugin_bag,330,1779952603544785531,32.889806759,1.079
postprocess_ms,2_7_old_plugin_bag,331,1779952603646857206,32.991878434,1.171
postprocess_ms,2_7_old_plugin_bag,332,1779952603738849270,33.083870498,0.997
postprocess_ms,2_7_old_plugin_bag,333,1779952603861403460,33.206424688000006,1.114
postprocess_ms,2_7_old_plugin_bag,334,1779952603980219845,33.325241073,1.699
postprocess_ms,2_7_old_plugin_bag,335,1779952604058270819,33.403292047,1.292
postprocess_ms,2_7_old_plugin_bag,336,1779952604161349986,33.506371214000005,3.419
postprocess_ms,2_7_old_plugin_bag,337,1779952604261910155,33.606931383,1.783
postprocess_ms,2_7_old_plugin_bag,338,1779952604372059555,33.717080783,3.45
postprocess_ms,2_7_old_plugin_bag,339,1779952604450503514,33.795524742000005,1.672
postprocess_ms,2_7_old_plugin_bag,340,1779952604588776065,33.933797293000005,2.191
postprocess_ms,2_7_old_plugin_bag,341,1779952604659148023,34.004169251,0.822
postprocess_ms,2_7_old_plugin_bag,342,1779952604790591224,34.135612452000004,2.513
postprocess_ms,2_7_old_plugin_bag,343,1779952604861839124,34.206860352,1.066
postprocess_ms,2_7_old_plugin_bag,344,1779952604958646861,34.303668089000006,0.986
postprocess_ms,2_7_old_plugin_bag,345,1779952605063131596,34.408152824000005,1.362
postprocess_ms,2_7_old_plugin_bag,346,1779952605158410944,34.503432172000004,0.781
postprocess_ms,2_7_old_plugin_bag,347,1779952605256423487,34.601444715,1.115
postprocess_ms,2_7_old_plugin_bag,348,1779952605382918612,34.727939840000005,0.911
postprocess_ms,2_7_old_plugin_bag,349,1779952605453241535,34.798262763000004,0.734
postprocess_ms,2_7_old_plugin_bag,350,1779952605563473925,34.908495153000004,3.111
postprocess_ms,2_7_old_plugin_bag,351,1779952605643762828,34.988784056,1.419
postprocess_ms,2_7_old_plugin_bag,352,1779952605743528392,35.08854962,1.185
postprocess_ms,2_7_old_plugin_bag,353,1779952605892462112,35.237483340000004,13.144
postprocess_ms,2_7_old_plugin_bag,354,1779952605999348940,35.344370168000005,2.071
postprocess_ms,2_7_old_plugin_bag,355,1779952606060855554,35.405876782,1.211
postprocess_ms,2_7_old_plugin_bag,356,1779952606179563979,35.524585207,2.585
postprocess_ms,2_7_old_plugin_bag,357,1779952606260649652,35.605670880000005,1.684
postprocess_ms,2_7_old_plugin_bag,358,1779952606346630866,35.691652094000005,1.732
postprocess_ms,2_7_old_plugin_bag,359,1779952606462024445,35.807045673000005,4.297
postprocess_ms,2_7_old_plugin_bag,360,1779952606570347721,35.915368949000005,5.378
postprocess_ms,2_7_old_plugin_bag,361,1779952606652982973,35.998004201,0.872
postprocess_ms,2_7_old_plugin_bag,362,1779952606760142167,36.105163395000005,2.342
postprocess_ms,2_7_old_plugin_bag,363,1779952606857367121,36.202388349,1.086
postprocess_ms,2_7_old_plugin_bag,364,1779952606957784411,36.302805639,1.126
postprocess_ms,2_7_old_plugin_bag,365,1779952607048156492,36.393177720000004,1.079
postprocess_ms,2_7_old_plugin_bag,366,1779952607149295980,36.494317208000005,1.522
postprocess_ms,2_7_old_plugin_bag,367,1779952607263560661,36.608581889,4.034
postprocess_ms,2_7_old_plugin_bag,368,1779952607355507186,36.700528414000004,1.351
postprocess_ms,2_7_old_plugin_bag,369,1779952607551595452,36.89661668,0.909
postprocess_ms,2_7_old_plugin_bag,370,1779952607599314517,36.944335745000004,1.534
postprocess_ms,2_7_old_plugin_bag,371,1779952607698728619,37.043749847,1.511
postprocess_ms,2_7_old_plugin_bag,372,1779952607757933243,37.102954471000004,0.871
postprocess_ms,2_7_old_plugin_bag,373,1779952607891383658,37.236404886,2.189
postprocess_ms,2_7_old_plugin_bag,374,1779952607957418453,37.302439681,0.826
postprocess_ms,2_7_old_plugin_bag,375,1779952608053334052,37.398355280000004,1.0
postprocess_ms,2_7_old_plugin_bag,376,1779952608156220373,37.501241601000004,1.215
postprocess_ms,2_7_old_plugin_bag,377,1779952608240041637,37.585062865000005,1.092
postprocess_ms,2_7_old_plugin_bag,378,1779952608389814998,37.734836226000006,0.704
postprocess_ms,2_7_old_plugin_bag,379,1779952608449895996,37.794917224,1.469
postprocess_ms,2_7_old_plugin_bag,380,1779952608546456191,37.891477419000005,1.387
postprocess_ms,2_7_old_plugin_bag,381,1779952608689839678,38.034860906000006,1.132
postprocess_ms,2_7_old_plugin_bag,382,1779952608749248586,38.094269814,1.398
postprocess_ms,2_7_old_plugin_bag,383,1779952608878960191,38.223981419000005,4.109
postprocess_ms,2_7_old_plugin_bag,384,1779952608988719890,38.333741118,12.975
postprocess_ms,2_7_old_plugin_bag,385,1779952609099952726,38.444973954000005,0.604
postprocess_ms,2_7_old_plugin_bag,386,1779952609150822025,38.495843253000004,2.377
postprocess_ms,2_7_old_plugin_bag,387,1779952609267969640,38.612990868000004,1.105
postprocess_ms,2_7_old_plugin_bag,388,1779952609365373343,38.710394571,3.265
postprocess_ms,2_7_old_plugin_bag,389,1779952609461351930,38.806373158,3.539
postprocess_ms,2_7_old_plugin_bag,390,1779952609557852819,38.902874047000005,1.27
postprocess_ms,2_7_old_plugin_bag,391,1779952609656890563,39.001911791000005,1.127
postprocess_ms,2_7_old_plugin_bag,392,1779952609756520393,39.101541621,1.155
postprocess_ms,2_7_old_plugin_bag,393,1779952609884663396,39.229684624,1.315
postprocess_ms,2_7_old_plugin_bag,394,1779952609968753927,39.313775155,2.807
postprocess_ms,2_7_old_plugin_bag,395,1779952610045335207,39.390356435,0.675
postprocess_ms,2_7_old_plugin_bag,396,1779952610153983508,39.499004736,1.629
postprocess_ms,2_7_old_plugin_bag,397,1779952610258839801,39.603861029,0.949
postprocess_ms,2_7_old_plugin_bag,398,1779952610356692887,39.701714115,1.226
postprocess_ms,2_7_old_plugin_bag,399,1779952610475907682,39.82092891,7.819
postprocess_ms,2_7_old_plugin_bag,400,1779952610557749413,39.902770641000004,1.144
postprocess_ms,2_7_old_plugin_bag,401,1779952610660249376,40.005270604,0.733
postprocess_ms,2_7_old_plugin_bag,402,1779952610758722598,40.103743826000006,1.52
postprocess_ms,2_7_old_plugin_bag,403,1779952610884719112,40.22974034,7.187
postprocess_ms,2_7_old_plugin_bag,404,1779952610971493511,40.316514739000006,2.956
postprocess_ms,2_7_old_plugin_bag,405,1779952611084227172,40.429248400000006,12.046
postprocess_ms,2_7_old_plugin_bag,406,1779952611164803512,40.50982474,4.952
postprocess_ms,2_7_old_plugin_bag,407,1779952611250436811,40.595458039,0.657
postprocess_ms,2_7_old_plugin_bag,408,1779952611362469391,40.707490619000005,5.876
postprocess_ms,2_7_old_plugin_bag,409,1779952611447199001,40.792220229,1.095
postprocess_ms,2_7_old_plugin_bag,410,1779952611553041140,40.898062368000005,0.785
postprocess_ms,2_7_old_plugin_bag,411,1779952611647848198,40.992869426000006,1.352
postprocess_ms,2_7_old_plugin_bag,412,1779952611749215586,41.094236814000006,1.803
postprocess_ms,2_7_old_plugin_bag,413,1779952611845514341,41.190535569000005,0.928
postprocess_ms,2_7_old_plugin_bag,414,1779952611956405551,41.301426779,1.966
postprocess_ms,2_7_old_plugin_bag,415,1779952612069466689,41.414487917,4.74
postprocess_ms,2_7_old_plugin_bag,416,1779952612191370892,41.53639212,1.261
postprocess_ms,2_7_old_plugin_bag,417,1779952612268637034,41.613658262,3.938
postprocess_ms,2_7_old_plugin_bag,418,1779952612341570348,41.686591576000005,1.614
postprocess_ms,2_7_old_plugin_bag,419,1779952612485939362,41.830960590000004,1.898
postprocess_ms,2_7_old_plugin_bag,420,1779952612555779589,41.900800817000004,2.549
postprocess_ms,2_7_old_plugin_bag,421,1779952612657970709,42.002991937000004,1.581
postprocess_ms,2_7_old_plugin_bag,422,1779952612780033793,42.125055021,14.932
postprocess_ms,2_7_old_plugin_bag,423,1779952612889176247,42.234197475,3.302
postprocess_ms,2_7_old_plugin_bag,424,1779952612955239262,42.30026049,2.106
postprocess_ms,2_7_old_plugin_bag,425,1779952613050905684,42.395926912,1.235
postprocess_ms,2_7_old_plugin_bag,426,1779952613159604897,42.504626125,3.192
postprocess_ms,2_7_old_plugin_bag,427,1779952613253441956,42.598463184,0.838
postprocess_ms,2_7_old_plugin_bag,428,1779952613387402037,42.732423265,5.864
postprocess_ms,2_7_old_plugin_bag,429,1779952613456259250,42.801280478,1.669
postprocess_ms,2_7_old_plugin_bag,430,1779952613566852630,42.911873858,2.432
postprocess_ms,2_7_old_plugin_bag,431,1779952613673031682,43.01805291,2.665
postprocess_ms,2_7_old_plugin_bag,432,1779952613750954604,43.095975832,1.712
postprocess_ms,2_7_old_plugin_bag,433,1779952613914660945,43.259682173,2.492
postprocess_ms,2_7_old_plugin_bag,434,1779952614004683334,43.349704562,1.511
postprocess_ms,2_7_old_plugin_bag,435,1779952614046464398,43.391485626000005,0.889
postprocess_ms,2_7_old_plugin_bag,436,1779952614203826783,43.548848011000004,4.64
postprocess_ms,2_7_old_plugin_bag,437,1779952614245779432,43.59080066,0.664
postprocess_ms,2_7_old_plugin_bag,438,1779952614401109169,43.746130397,2.139
postprocess_ms,2_7_old_plugin_bag,439,1779952614476161388,43.821182616,3.035
postprocess_ms,2_7_old_plugin_bag,440,1779952614556370787,43.901392015000006,3.098
postprocess_ms,2_7_old_plugin_bag,441,1779952614654400015,43.999421243,1.968
postprocess_ms,2_7_old_plugin_bag,442,1779952614748867761,44.093888989,1.016
postprocess_ms,2_7_old_plugin_bag,443,1779952614844648334,44.189669562000006,1.36
postprocess_ms,2_7_old_plugin_bag,444,1779952614956026254,44.301047482,0.941
postprocess_ms,2_7_old_plugin_bag,445,1779952615080272539,44.425293767,6.184
postprocess_ms,2_7_old_plugin_bag,446,1779952615150686306,44.495707534000005,1.068
postprocess_ms,2_7_old_plugin_bag,447,1779952615261130659,44.606151887,1.946
postprocess_ms,2_7_old_plugin_bag,448,1779952615358629735,44.703650963,0.88
postprocess_ms,2_7_old_plugin_bag,449,1779952615463602529,44.808623757,2.816
postprocess_ms,2_7_old_plugin_bag,450,1779952615547618053,44.892639281,1.199
postprocess_ms,2_7_old_plugin_bag,451,1779952615649189859,44.994211087000004,1.637
postprocess_ms,2_7_old_plugin_bag,452,1779952615756864038,45.101885266000004,2.146
postprocess_ms,2_7_old_plugin_bag,453,1779952615858522901,45.203544129,2.458
postprocess_ms,2_7_old_plugin_bag,454,1779952615942772061,45.287793289,1.164
postprocess_ms,2_7_old_plugin_bag,455,1779952616045797074,45.390818302,1.13
postprocess_ms,2_7_old_plugin_bag,456,1779952616183369677,45.528390905,1.847
postprocess_ms,2_7_old_plugin_bag,457,1779952616248711837,45.593733065,1.447
postprocess_ms,2_7_old_plugin_bag,458,1779952616347559474,45.692580702,1.275
postprocess_ms,2_7_old_plugin_bag,459,1779952616445528348,45.790549576000004,2.418
postprocess_ms,2_7_old_plugin_bag,460,1779952616546870028,45.891891256,1.244
postprocess_ms,2_7_old_plugin_bag,461,1779952616663277327,46.008298555,2.134
postprocess_ms,2_7_old_plugin_bag,462,1779952616752322577,46.097343805,0.878
postprocess_ms,2_7_old_plugin_bag,463,1779952616863555067,46.208576295,2.516
postprocess_ms,2_7_old_plugin_bag,464,1779952616955382830,46.300404058000005,1.802
postprocess_ms,2_7_old_plugin_bag,465,1779952617083884026,46.428905254,0.941
postprocess_ms,2_7_old_plugin_bag,466,1779952617157609346,46.502630574,1.154
postprocess_ms,2_7_old_plugin_bag,467,1779952617311510033,46.656531261000005,9.255
postprocess_ms,2_7_old_plugin_bag,468,1779952617348098777,46.693120005000004,1.186
postprocess_ms,2_7_old_plugin_bag,469,1779952617470624093,46.815645321000005,2.907
postprocess_ms,2_7_old_plugin_bag,470,1779952617558834330,46.903855558000004,0.848
postprocess_ms,2_7_old_plugin_bag,471,1779952617645225169,46.990246397,0.885
postprocess_ms,2_7_old_plugin_bag,472,1779952617762338716,47.107359944,6.221
postprocess_ms,2_7_old_plugin_bag,473,1779952617846584404,47.191605632000005,0.986
postprocess_ms,2_7_old_plugin_bag,474,1779952617984533658,47.329554886000004,10.573
postprocess_ms,2_7_old_plugin_bag,475,1779952618080508460,47.425529688000005,3.596
postprocess_ms,2_7_old_plugin_bag,476,1779952618151030905,47.496052133000006,0.981
postprocess_ms,2_7_old_plugin_bag,477,1779952618243729607,47.588750835000006,1.84
postprocess_ms,2_7_old_plugin_bag,478,1779952618360610196,47.705631424,1.335
postprocess_ms,2_7_old_plugin_bag,479,1779952618485761126,47.830782354,1.195
postprocess_ms,2_7_old_plugin_bag,480,1779952618549159075,47.894180303000006,1.527
postprocess_ms,2_7_old_plugin_bag,481,1779952618675584144,48.020605372000006,4.259
postprocess_ms,2_7_old_plugin_bag,482,1779952618789355285,48.13437651300001,5.699
postprocess_ms,2_7_old_plugin_bag,483,1779952618862993810,48.208015038000006,4.205
postprocess_ms,2_7_old_plugin_bag,484,1779952618971365529,48.316386757000004,6.736
postprocess_ms,2_7_old_plugin_bag,485,1779952619093205756,48.438226984,1.163
postprocess_ms,2_7_old_plugin_bag,486,1779952619149213017,48.494234245,1.251
postprocess_ms,2_7_old_plugin_bag,487,1779952619263218114,48.608239342000005,4.285
postprocess_ms,2_7_old_plugin_bag,488,1779952619349004389,48.694025617,1.18
postprocess_ms,2_7_old_plugin_bag,489,1779952619464508999,48.809530227,4.06
postprocess_ms,2_7_old_plugin_bag,490,1779952619545248430,48.890269658,1.178
postprocess_ms,2_7_old_plugin_bag,491,1779952619668579378,49.013600606000004,3.628
postprocess_ms,2_7_old_plugin_bag,492,1779952619744714782,49.08973601,1.366
postprocess_ms,2_7_old_plugin_bag,493,1779952619836149653,49.181170881,1.821
postprocess_ms,2_7_old_plugin_bag,494,1779952619969385485,49.314406713000004,4.471
postprocess_ms,2_7_old_plugin_bag,495,1779952620063189890,49.408211118000004,3.385
postprocess_ms,2_7_old_plugin_bag,496,1779952620146556339,49.491577567,1.584
postprocess_ms,2_7_old_plugin_bag,497,1779952620274009117,49.619030345000006,2.679
postprocess_ms,2_7_old_plugin_bag,498,1779952620379620547,49.724641775,7.427
postprocess_ms,2_7_old_plugin_bag,499,1779952620448798640,49.793819868,1.655
postprocess_ms,2_7_old_plugin_bag,500,1779952620559805085,49.904826313,1.355
postprocess_ms,2_7_old_plugin_bag,501,1779952620668621102,50.01364233,5.043
postprocess_ms,2_7_old_plugin_bag,502,1779952620763978806,50.109000034000005,4.811
postprocess_ms,2_7_old_plugin_bag,503,1779952620868084693,50.213105921,2.005
postprocess_ms,2_7_old_plugin_bag,504,1779952620965600743,50.310621971,1.217
postprocess_ms,2_7_old_plugin_bag,505,1779952621088378855,50.433400083,0.848
postprocess_ms,2_7_old_plugin_bag,506,1779952621147247670,50.492268898000006,0.913
postprocess_ms,2_7_old_plugin_bag,507,1779952621281193251,50.626214479000005,9.14
postprocess_ms,2_7_old_plugin_bag,508,1779952621348685203,50.693706431,1.264
postprocess_ms,2_7_old_plugin_bag,509,1779952621454976264,50.799997492,1.379
postprocess_ms,2_7_old_plugin_bag,510,1779952621551544918,50.896566146000005,1.229
postprocess_ms,2_7_old_plugin_bag,511,1779952621653750023,50.998771251,0.89
postprocess_ms,2_7_old_plugin_bag,512,1779952621761626548,51.106647776,1.785
postprocess_ms,2_7_old_plugin_bag,513,1779952621840671357,51.185692585000005,0.9
postprocess_ms,2_7_old_plugin_bag,514,1779952621951119436,51.296140664000006,1.181
postprocess_ms,2_7_old_plugin_bag,515,1779952622047140912,51.39216214,0.796
postprocess_ms,2_7_old_plugin_bag,516,1779952622172904788,51.517926016000004,5.88
postprocess_ms,2_7_old_plugin_bag,517,1779952622249828267,51.594849495000005,1.519
postprocess_ms,2_7_old_plugin_bag,518,1779952622355777755,51.700798983000006,2.196
postprocess_ms,2_7_old_plugin_bag,519,1779952622458704563,51.803725791000005,0.728
postprocess_ms,2_7_old_plugin_bag,520,1779952622555681486,51.900702714000005,0.766
postprocess_ms,2_7_old_plugin_bag,521,1779952622691815973,52.036837201000004,2.834
postprocess_ms,2_7_old_plugin_bag,522,1779952622755373979,52.100395207000005,1.448
postprocess_ms,2_7_old_plugin_bag,523,1779952622852601607,52.197622835000004,0.716
postprocess_ms,2_7_old_plugin_bag,524,1779952622969110739,52.314131967,3.136
postprocess_ms,2_7_old_plugin_bag,525,1779952623068235276,52.413256504,4.389
postprocess_ms,2_7_old_plugin_bag,526,1779952623167992385,52.513013613000005,5.721
postprocess_ms,2_7_old_plugin_bag,527,1779952623241002494,52.586023722,0.901
postprocess_ms,2_7_old_plugin_bag,528,1779952623358680304,52.703701532000004,1.523
postprocess_ms,2_7_old_plugin_bag,529,1779952623460143576,52.805164804,1.228
postprocess_ms,2_7_old_plugin_bag,530,1779952623589226783,52.934248011,3.561
postprocess_ms,2_7_old_plugin_bag,531,1779952623638511786,52.983533014,2.784
postprocess_ms,2_7_old_plugin_bag,532,1779952623789773465,53.134794693,12.833
postprocess_ms,2_7_old_plugin_bag,533,1779952623894108656,53.239129884,0.844
postprocess_ms,2_7_old_plugin_bag,534,1779952623964251671,53.309272899,3.586
postprocess_ms,2_7_old_plugin_bag,535,1779952624055660753,53.400681981000005,2.197
postprocess_ms,2_7_old_plugin_bag,536,1779952624150591252,53.495612480000005,0.99
postprocess_ms,2_7_old_plugin_bag,537,1779952624284042900,53.629064128,5.828
postprocess_ms,2_7_old_plugin_bag,538,1779952624360847466,53.705868694,1.104
postprocess_ms,2_7_old_plugin_bag,539,1779952624476758157,53.821779385000006,4.503
postprocess_ms,2_7_old_plugin_bag,540,1779952624554209100,53.899230328,1.311
postprocess_ms,2_7_old_plugin_bag,541,1779952624640681766,53.985702994,1.841
postprocess_ms,2_7_old_plugin_bag,542,1779952624771960205,54.11698143300001,1.828
postprocess_ms,2_7_old_plugin_bag,543,1779952624854562726,54.199583954000005,3.173
postprocess_ms,2_7_old_plugin_bag,544,1779952624973265281,54.318286509,3.65
postprocess_ms,2_7_old_plugin_bag,545,1779952625055025185,54.400046413000005,2.649
postprocess_ms,2_7_old_plugin_bag,546,1779952625193903741,54.538924969,1.748
postprocess_ms,2_7_old_plugin_bag,547,1779952625274223385,54.619244613000006,3.175
postprocess_ms,2_7_old_plugin_bag,548,1779952625347425934,54.692447162,1.303
postprocess_ms,2_7_old_plugin_bag,549,1779952625446501193,54.791522421,1.056
postprocess_ms,2_7_old_plugin_bag,550,1779952625590376972,54.9353982,5.21
postprocess_ms,2_7_old_plugin_bag,551,1779952625654792540,54.999813768,2.084
postprocess_ms,2_7_old_plugin_bag,552,1779952625736594397,55.081615625000005,0.983
postprocess_ms,2_7_old_plugin_bag,553,1779952625848314816,55.193336044000006,0.812
postprocess_ms,2_7_old_plugin_bag,554,1779952625935828331,55.280849559,1.104
postprocess_ms,2_7_old_plugin_bag,555,1779952626046662515,55.391683743,0.926
postprocess_ms,2_7_old_plugin_bag,556,1779952626134855092,55.47987632,1.081
postprocess_ms,2_7_old_plugin_bag,557,1779952626267290950,55.612312178,3.826
postprocess_ms,2_7_old_plugin_bag,558,1779952626359788002,55.70480923,1.008
postprocess_ms,2_7_old_plugin_bag,559,1779952626471195699,55.816216927000006,0.831
postprocess_ms,2_7_old_plugin_bag,560,1779952626605838009,55.950859237,4.037
postprocess_ms,2_7_old_plugin_bag,561,1779952626719791673,56.064812901,4.557
postprocess_ms,2_7_old_plugin_bag,562,1779952626774469534,56.119490762000005,2.273
postprocess_ms,2_7_old_plugin_bag,563,1779952626859214731,56.204235959,1.682
postprocess_ms,2_7_old_plugin_bag,564,1779952626958215804,56.303237032000006,1.488
postprocess_ms,2_7_old_plugin_bag,565,1779952627086052204,56.431073432000005,8.364
postprocess_ms,2_7_old_plugin_bag,566,1779952627195993747,56.541014975,0.903
postprocess_ms,2_7_old_plugin_bag,567,1779952627252727602,56.59774883,0.703
postprocess_ms,2_7_old_plugin_bag,568,1779952627344280145,56.689301373000006,1.367
postprocess_ms,2_7_old_plugin_bag,569,1779952627441099496,56.78612072400001,1.531
postprocess_ms,2_7_old_plugin_bag,570,1779952627603613727,56.948634955,2.493
postprocess_ms,2_7_old_plugin_bag,571,1779952627660174181,57.005195409,1.027
postprocess_ms,2_7_old_plugin_bag,572,1779952627792509889,57.137531117,2.295
postprocess_ms,2_7_old_plugin_bag,573,1779952627870616369,57.215637597000004,0.926
postprocess_ms,2_7_old_plugin_bag,574,1779952627963152621,57.308173849000006,4.04
postprocess_ms,2_7_old_plugin_bag,575,1779952628039338845,57.384360073,0.803
postprocess_ms,2_7_old_plugin_bag,576,1779952628218678047,57.563699275000005,0.718
postprocess_ms,2_7_old_plugin_bag,577,1779952628262536949,57.607558177,2.007
postprocess_ms,2_7_old_plugin_bag,578,1779952628373543883,57.718565111000004,4.443
postprocess_ms,2_7_old_plugin_bag,579,1779952628441999677,57.787020905000006,1.021
postprocess_ms,2_7_old_plugin_bag,580,1779952628561816048,57.906837276000005,4.908
postprocess_ms,2_7_old_plugin_bag,581,1779952628632734567,57.977755795,1.862
postprocess_ms,2_7_old_plugin_bag,582,1779952628739263111,58.08428433900001,0.813
postprocess_ms,2_7_old_plugin_bag,583,1779952628835556694,58.180577922000005,0.817
postprocess_ms,2_7_old_plugin_bag,584,1779952628940778946,58.285800174,1.013
postprocess_ms,2_7_old_plugin_bag,585,1779952629042216909,58.387238137000004,0.877
postprocess_ms,2_7_old_plugin_bag,586,1779952629151428145,58.496449373000004,1.067
postprocess_ms,2_7_old_plugin_bag,587,1779952629245545064,58.590566292000005,0.853
postprocess_ms,2_7_old_plugin_bag,588,1779952629351006924,58.696028152000004,0.915
postprocess_ms,2_7_old_plugin_bag,589,1779952629436052097,58.781073325,0.852
postprocess_ms,2_7_old_plugin_bag,590,1779952629586978103,58.93199933100001,6.36
postprocess_ms,2_7_old_plugin_bag,591,1779952629686445049,59.03146627700001,4.117
postprocess_ms,2_7_old_plugin_bag,592,1779952629761739559,59.106760787000006,2.991
postprocess_ms,2_7_old_plugin_bag,593,1779952629838920518,59.183941746,0.924
postprocess_ms,2_7_old_plugin_bag,594,1779952629944581801,59.289603029000006,2.882
postprocess_ms,2_7_old_plugin_bag,595,1779952630054645689,59.399666917000005,1.326
postprocess_ms,2_7_old_plugin_bag,596,1779952630188693524,59.533714752,0.991
postprocess_ms,2_7_old_plugin_bag,597,1779952630232745056,59.577766284000006,1.07
postprocess_ms,2_7_opt_bag,0,1779955192384051660,0.0,0.456
postprocess_ms,2_7_opt_bag,1,1779955192492981013,0.108929353,0.396
postprocess_ms,2_7_opt_bag,2,1779955192581680593,0.197628933,0.381
postprocess_ms,2_7_opt_bag,3,1779955192663824168,0.27977250800000003,0.692
postprocess_ms,2_7_opt_bag,4,1779955192862999655,0.478947995,0.442
postprocess_ms,2_7_opt_bag,5,1779955193071552221,0.687500561,4.584
postprocess_ms,2_7_opt_bag,6,1779955193163271552,0.7792198920000001,1.023
postprocess_ms,2_7_opt_bag,7,1779955193611716156,1.227664496,0.959
postprocess_ms,2_7_opt_bag,8,1779955193671394018,1.287342358,4.856
postprocess_ms,2_7_opt_bag,9,1779955193757748204,1.3736965440000002,0.358
postprocess_ms,2_7_opt_bag,10,1779955193871875545,1.487823885,15.232
postprocess_ms,2_7_opt_bag,11,1779955193970701946,1.586650286,0.805
postprocess_ms,2_7_opt_bag,12,1779955194027687256,1.6436355960000002,1.772
postprocess_ms,2_7_opt_bag,13,1779955194136660618,1.7526089580000002,6.566
postprocess_ms,2_7_opt_bag,14,1779955194291304542,1.907252882,7.701
postprocess_ms,2_7_opt_bag,15,1779955194395257766,2.011206106,1.557
postprocess_ms,2_7_opt_bag,16,1779955194466314002,2.082262342,0.526
postprocess_ms,2_7_opt_bag,17,1779955194602722482,2.218670822,19.579
postprocess_ms,2_7_opt_bag,18,1779955194630638131,2.246586471,0.74
postprocess_ms,2_7_opt_bag,19,1779955194748080895,2.3640292350000003,3.402
postprocess_ms,2_7_opt_bag,20,1779955194839093605,2.455041945,1.085
postprocess_ms,2_7_opt_bag,21,1779955194884293203,2.500241543,0.377
postprocess_ms,2_7_opt_bag,22,1779955194982320563,2.598268903,0.724
postprocess_ms,2_7_opt_bag,23,1779955195069539678,2.685488018,6.549
postprocess_ms,2_7_opt_bag,24,1779955195126369793,2.7423181330000004,0.498
postprocess_ms,2_7_opt_bag,25,1779955195174649754,2.7905980940000004,1.693
postprocess_ms,2_7_opt_bag,26,1779955195305968371,2.921916711,0.469
postprocess_ms,2_7_opt_bag,27,1779955195396676622,3.0126249620000003,1.906
postprocess_ms,2_7_opt_bag,28,1779955195521744889,3.1376932290000004,0.589
postprocess_ms,2_7_opt_bag,29,1779955195568587379,3.1845357190000003,4.15
postprocess_ms,2_7_opt_bag,30,1779955195684793944,3.300742284,4.021
postprocess_ms,2_7_opt_bag,31,1779955195763566729,3.3795150690000004,3.643
postprocess_ms,2_7_opt_bag,32,1779955195811923556,3.427871896,0.836
postprocess_ms,2_7_opt_bag,33,1779955195884456470,3.50040481,1.514
postprocess_ms,2_7_opt_bag,34,1779955195943894067,3.559842407,0.736
postprocess_ms,2_7_opt_bag,35,1779955195991920175,3.6078685150000003,0.363
postprocess_ms,2_7_opt_bag,36,1779955196089782463,3.7057308030000002,1.865
postprocess_ms,2_7_opt_bag,37,1779955196195996363,3.8119447030000004,1.131
postprocess_ms,2_7_opt_bag,38,1779955196305817251,3.921765591,3.098
postprocess_ms,2_7_opt_bag,39,1779955196395800040,4.01174838,2.511
postprocess_ms,2_7_opt_bag,40,1779955196462363133,4.078311473,4.022
postprocess_ms,2_7_opt_bag,41,1779955196580780247,4.196728587,6.674
postprocess_ms,2_7_opt_bag,42,1779955196643956125,4.259904465,1.813
postprocess_ms,2_7_opt_bag,43,1779955196719475114,4.335423454,1.474
postprocess_ms,2_7_opt_bag,44,1779955196806405424,4.422353764,3.705
postprocess_ms,2_7_opt_bag,45,1779955196913346296,4.529294636,14.481
postprocess_ms,2_7_opt_bag,46,1779955196974194256,4.590142596000001,0.438
postprocess_ms,2_7_opt_bag,47,1779955197080487032,4.696435372000001,0.363
postprocess_ms,2_7_opt_bag,48,1779955197193997305,4.809945645,1.365
postprocess_ms,2_7_opt_bag,49,1779955197292012316,4.907960656,3.716
postprocess_ms,2_7_opt_bag,50,1779955197357582653,4.973530993000001,0.436
postprocess_ms,2_7_opt_bag,51,1779955197497551814,5.1135001540000005,2.431
postprocess_ms,2_7_opt_bag,52,1779955197581639528,5.197587868,0.552
postprocess_ms,2_7_opt_bag,53,1779955197685272303,5.301220643000001,0.545
postprocess_ms,2_7_opt_bag,54,1779955197859088771,5.475037111000001,0.922
postprocess_ms,2_7_opt_bag,55,1779955197907388855,5.523337195000001,3.068
postprocess_ms,2_7_opt_bag,56,1779955197979618036,5.595566376000001,0.357
postprocess_ms,2_7_opt_bag,57,1779955198086618450,5.7025667900000006,0.642
postprocess_ms,2_7_opt_bag,58,1779955198219009673,5.8349580130000005,0.68
postprocess_ms,2_7_opt_bag,59,1779955198293302939,5.909251279,1.656
postprocess_ms,2_7_opt_bag,60,1779955198382172892,5.998121232000001,0.311
postprocess_ms,2_7_opt_bag,61,1779955198483371439,6.099319779,1.278
postprocess_ms,2_7_opt_bag,62,1779955198587587908,6.203536248000001,1.032
postprocess_ms,2_7_opt_bag,63,1779955198681470255,6.297418595000001,0.972
postprocess_ms,2_7_opt_bag,64,1779955198778213024,6.394161364,0.506
postprocess_ms,2_7_opt_bag,65,1779955198870180074,6.486128414,0.533
postprocess_ms,2_7_opt_bag,66,1779955198961248461,6.577196801,0.242
postprocess_ms,2_7_opt_bag,67,1779955199102866911,6.7188152510000005,0.617
postprocess_ms,2_7_opt_bag,68,1779955199165232735,6.781181075,0.982
postprocess_ms,2_7_opt_bag,69,1779955199260115641,6.876063981000001,1.04
postprocess_ms,2_7_opt_bag,70,1779955199432079326,7.048027666,3.099
postprocess_ms,2_7_opt_bag,71,1779955199545712730,7.16166107,6.693
postprocess_ms,2_7_opt_bag,72,1779955199587386728,7.203335068,0.321
postprocess_ms,2_7_opt_bag,73,1779955199680340844,7.296289184000001,0.382
postprocess_ms,2_7_opt_bag,74,1779955199794221374,7.410169714,0.64
postprocess_ms,2_7_opt_bag,75,1779955199880595228,7.496543568000001,0.421
postprocess_ms,2_7_opt_bag,76,1779955199965928861,7.581877201,0.619
postprocess_ms,2_7_opt_bag,77,1779955200079324446,7.695272786,0.409
postprocess_ms,2_7_opt_bag,78,1779955200181927156,7.7978754960000005,2.633
postprocess_ms,2_7_opt_bag,79,1779955200275971738,7.891920078,0.344
postprocess_ms,2_7_opt_bag,80,1779955200379440492,7.995388832000001,0.487
postprocess_ms,2_7_opt_bag,81,1779955200459625165,8.075573505000001,0.332
postprocess_ms,2_7_opt_bag,82,1779955200568206340,8.18415468,0.3
postprocess_ms,2_7_opt_bag,83,1779955200704473548,8.320421888,1.772
postprocess_ms,2_7_opt_bag,84,1779955200776329790,8.392278130000001,0.368
postprocess_ms,2_7_opt_bag,85,1779955200904949957,8.520898297,5.539
postprocess_ms,2_7_opt_bag,86,1779955200986625597,8.602573937,0.302
postprocess_ms,2_7_opt_bag,87,1779955201094795302,8.710743642,1.145
postprocess_ms,2_7_opt_bag,88,1779955201174668675,8.790617015,0.486
postprocess_ms,2_7_opt_bag,89,1779955201265450406,8.881398746,4.167
postprocess_ms,2_7_opt_bag,90,1779955201369491588,8.985439928,0.523
postprocess_ms,2_7_opt_bag,91,1779955201476786599,9.092734939000001,0.413
postprocess_ms,2_7_opt_bag,92,1779955201561748477,9.177696817000001,0.56
postprocess_ms,2_7_opt_bag,93,1779955201669137744,9.285086084000001,0.407
postprocess_ms,2_7_opt_bag,94,1779955201783940774,9.399889114,1.367
postprocess_ms,2_7_opt_bag,95,1779955201862914906,9.478863246000001,0.509
postprocess_ms,2_7_opt_bag,96,1779955201975821476,9.591769816000001,0.355
postprocess_ms,2_7_opt_bag,97,1779955202076791800,9.69274014,0.439
postprocess_ms,2_7_opt_bag,98,1779955202152876281,9.768824621,0.332
postprocess_ms,2_7_opt_bag,99,1779955202268297358,9.884245698,0.4
postprocess_ms,2_7_opt_bag,100,1779955202389929533,10.005877873000001,0.792
postprocess_ms,2_7_opt_bag,101,1779955202521822519,10.137770859,0.938
postprocess_ms,2_7_opt_bag,102,1779955202574613180,10.190561520000001,4.729
postprocess_ms,2_7_opt_bag,103,1779955202680250419,10.296198759000001,0.521
postprocess_ms,2_7_opt_bag,104,1779955202781198181,10.397146521,0.393
postprocess_ms,2_7_opt_bag,105,1779955202866903452,10.482851792,1.501
postprocess_ms,2_7_opt_bag,106,1779955202967889048,10.583837388000001,0.382
postprocess_ms,2_7_opt_bag,107,1779955203085322324,10.701270664,0.946
postprocess_ms,2_7_opt_bag,108,1779955203187121223,10.803069563000001,2.547
postprocess_ms,2_7_opt_bag,109,1779955203268256883,10.884205223,4.306
postprocess_ms,2_7_opt_bag,110,1779955203384119067,11.000067407000001,1.223
postprocess_ms,2_7_opt_bag,111,1779955203455829564,11.071777904000001,0.491
postprocess_ms,2_7_opt_bag,112,1779955203579637170,11.19558551,0.398
postprocess_ms,2_7_opt_bag,113,1779955203672476419,11.288424759000002,0.56
postprocess_ms,2_7_opt_bag,114,1779955203774949200,11.390897540000001,0.408
postprocess_ms,2_7_opt_bag,115,1779955203862636097,11.478584437,0.32
postprocess_ms,2_7_opt_bag,116,1779955203965021021,11.580969361000001,0.501
postprocess_ms,2_7_opt_bag,117,1779955204052132768,11.668081108,0.269
postprocess_ms,2_7_opt_bag,118,1779955204153669776,11.769618116,0.422
postprocess_ms,2_7_opt_bag,119,1779955204258934318,11.874882658,0.645
postprocess_ms,2_7_opt_bag,120,1779955204372695061,11.988643401000001,0.538
postprocess_ms,2_7_opt_bag,121,1779955204453039988,12.068988328000001,1.084
postprocess_ms,2_7_opt_bag,122,1779955204564121968,12.180070308000001,0.321
postprocess_ms,2_7_opt_bag,123,1779955204705719401,12.321667741,0.628
postprocess_ms,2_7_opt_bag,124,1779955204776613271,12.392561611000001,0.376
postprocess_ms,2_7_opt_bag,125,1779955204858765820,12.474714160000001,1.261
postprocess_ms,2_7_opt_bag,126,1779955204953461347,12.569409687,0.93
postprocess_ms,2_7_opt_bag,127,1779955205055167559,12.671115899,0.321
postprocess_ms,2_7_opt_bag,128,1779955205172906819,12.788855159,0.386
postprocess_ms,2_7_opt_bag,129,1779955205274438183,12.890386523,0.384
postprocess_ms,2_7_opt_bag,130,1779955205363818802,12.979767142,0.628
postprocess_ms,2_7_opt_bag,131,1779955205465845968,13.081794308000001,0.657
postprocess_ms,2_7_opt_bag,132,1779955205550963670,13.16691201,0.277
postprocess_ms,2_7_opt_bag,133,1779955205686302817,13.302251157,3.223
postprocess_ms,2_7_opt_bag,134,1779955205774098948,13.390047288000002,3.594
postprocess_ms,2_7_opt_bag,135,1779955205892606079,13.508554419000001,1.616
postprocess_ms,2_7_opt_bag,136,1779955205965663847,13.581612187000001,2.332
postprocess_ms,2_7_opt_bag,137,1779955206061347612,13.677295952000001,1.075
postprocess_ms,2_7_opt_bag,138,1779955206168663259,13.784611599000002,0.456
postprocess_ms,2_7_opt_bag,139,1779955206262086851,13.878035191,2.617
postprocess_ms,2_7_opt_bag,140,1779955206357929889,13.973878229,0.592
postprocess_ms,2_7_opt_bag,141,1779955206457247741,14.073196081,2.023
postprocess_ms,2_7_opt_bag,142,1779955206558391307,14.174339647,0.335
postprocess_ms,2_7_opt_bag,143,1779955206659848462,14.275796802,0.452
postprocess_ms,2_7_opt_bag,144,1779955206757785060,14.3737334,1.165
postprocess_ms,2_7_opt_bag,145,1779955206855844370,14.47179271,0.326
postprocess_ms,2_7_opt_bag,146,1779955206951154669,14.567103009,0.303
postprocess_ms,2_7_opt_bag,147,1779955207097633148,14.713581488,4.187
postprocess_ms,2_7_opt_bag,148,1779955207190694191,14.806642531000001,0.432
postprocess_ms,2_7_opt_bag,149,1779955207271925847,14.887874187000001,2.557
postprocess_ms,2_7_opt_bag,150,1779955207359239569,14.975187909,0.476
postprocess_ms,2_7_opt_bag,151,1779955207474260657,15.090208997000001,0.356
postprocess_ms,2_7_opt_bag,152,1779955207571390038,15.187338378000002,1.109
postprocess_ms,2_7_opt_bag,153,1779955207679088039,15.295036379,0.323
postprocess_ms,2_7_opt_bag,154,1779955207767410584,15.383358924000001,0.722
postprocess_ms,2_7_opt_bag,155,1779955207882418990,15.49836733,1.104
postprocess_ms,2_7_opt_bag,156,1779955208017911736,15.633860076000001,0.312
postprocess_ms,2_7_opt_bag,157,1779955208061194488,15.677142828000001,0.639
postprocess_ms,2_7_opt_bag,158,1779955208154806727,15.770755067000001,0.367
postprocess_ms,2_7_opt_bag,159,1779955208272033031,15.887981371,0.462
postprocess_ms,2_7_opt_bag,160,1779955208384993936,16.000942276,3.185
postprocess_ms,2_7_opt_bag,161,1779955208467050420,16.082998760000002,0.446
postprocess_ms,2_7_opt_bag,162,1779955208557379760,16.173328100000003,0.523
postprocess_ms,2_7_opt_bag,163,1779955208650813324,16.266761664,0.372
postprocess_ms,2_7_opt_bag,164,1779955208765063475,16.381011815,2.356
postprocess_ms,2_7_opt_bag,165,1779955208865920137,16.481868477000003,2.165
postprocess_ms,2_7_opt_bag,166,1779955208980278480,16.596226820000002,0.302
postprocess_ms,2_7_opt_bag,167,1779955209052547957,16.668496297,0.334
postprocess_ms,2_7_opt_bag,168,1779955209157919780,16.77386812,0.468
postprocess_ms,2_7_opt_bag,169,1779955209279611207,16.895559547,0.489
postprocess_ms,2_7_opt_bag,170,1779955209364700758,16.980649098,0.577
postprocess_ms,2_7_opt_bag,171,1779955209465392505,17.081340845,0.51
postprocess_ms,2_7_opt_bag,172,1779955209564160425,17.180108765,0.486
postprocess_ms,2_7_opt_bag,173,1779955209657911219,17.273859559,0.437
postprocess_ms,2_7_opt_bag,174,1779955209786879693,17.402828033000002,1.473
postprocess_ms,2_7_opt_bag,175,1779955209866708513,17.482656853,3.748
postprocess_ms,2_7_opt_bag,176,1779955209975365370,17.59131371,0.571
postprocess_ms,2_7_opt_bag,177,1779955210084133134,17.700081474,0.337
postprocess_ms,2_7_opt_bag,178,1779955210185000928,17.800949268,0.379
postprocess_ms,2_7_opt_bag,179,1779955210291450039,17.907398379,0.34
postprocess_ms,2_7_opt_bag,180,1779955210370159134,17.986107474,0.475
postprocess_ms,2_7_opt_bag,181,1779955210464612713,18.080561053,0.499
postprocess_ms,2_7_opt_bag,182,1779955210583781576,18.199729916000003,0.7
postprocess_ms,2_7_opt_bag,183,1779955210652003793,18.267952133,0.251
postprocess_ms,2_7_opt_bag,184,1779955210759846240,18.37579458,2.17
postprocess_ms,2_7_opt_bag,185,1779955210850802857,18.466751197,0.365
postprocess_ms,2_7_opt_bag,186,1779955210960673177,18.576621517,2.804
postprocess_ms,2_7_opt_bag,187,1779955211072111182,18.688059522,0.35
postprocess_ms,2_7_opt_bag,188,1779955211199298049,18.815246389000002,1.341
postprocess_ms,2_7_opt_bag,189,1779955211262955240,18.878903580000003,0.285
postprocess_ms,2_7_opt_bag,190,1779955211376398015,18.992346355000002,0.352
postprocess_ms,2_7_opt_bag,191,1779955211473347660,19.089296,0.384
postprocess_ms,2_7_opt_bag,192,1779955211564813413,19.180761753000002,2.137
postprocess_ms,2_7_opt_bag,193,1779955211657390834,19.273339174,1.134
postprocess_ms,2_7_opt_bag,194,1779955211774712615,19.390660955,0.403
postprocess_ms,2_7_opt_bag,195,1779955211856269505,19.472217845000003,0.558
postprocess_ms,2_7_opt_bag,196,1779955211999758282,19.615706622,5.56
postprocess_ms,2_7_opt_bag,197,1779955212076195054,19.692143394000002,0.434
postprocess_ms,2_7_opt_bag,198,1779955212193398072,19.809346412,0.607
postprocess_ms,2_7_opt_bag,199,1779955212330575502,19.946523842,0.392
postprocess_ms,2_7_opt_bag,200,1779955212383137727,19.999086067,1.956
postprocess_ms,2_7_opt_bag,201,1779955212482035491,20.097983831,0.366
postprocess_ms,2_7_opt_bag,202,1779955212575297176,20.191245516000002,0.338
postprocess_ms,2_7_opt_bag,203,1779955212711252993,20.327201333,1.462
postprocess_ms,2_7_opt_bag,204,1779955212766058719,20.382007059000003,0.679
postprocess_ms,2_7_opt_bag,205,1779955212892995687,20.508944027000002,5.197
postprocess_ms,2_7_opt_bag,206,1779955212973567166,20.589515506,0.371
postprocess_ms,2_7_opt_bag,207,1779955213105732816,20.721681156000002,1.182
postprocess_ms,2_7_opt_bag,208,1779955213164103559,20.780051899,0.89
postprocess_ms,2_7_opt_bag,209,1779955213287367244,20.903315584,2.302
postprocess_ms,2_7_opt_bag,210,1779955213383125356,20.999073696,0.278
postprocess_ms,2_7_opt_bag,211,1779955213476720220,21.09266856,1.851
postprocess_ms,2_7_opt_bag,212,1779955213579190551,21.195138891000003,0.396
postprocess_ms,2_7_opt_bag,213,1779955213693854608,21.309802948,7.716
postprocess_ms,2_7_opt_bag,214,1779955213785703011,21.401651351,1.064
postprocess_ms,2_7_opt_bag,215,1779955213858164176,21.474112516,0.664
postprocess_ms,2_7_opt_bag,216,1779955213976230967,21.592179307000002,0.376
postprocess_ms,2_7_opt_bag,217,1779955214069360698,21.685309038,0.341
postprocess_ms,2_7_opt_bag,218,1779955214168122055,21.784070395,1.849
postprocess_ms,2_7_opt_bag,219,1779955214261055913,21.877004253000003,0.482
postprocess_ms,2_7_opt_bag,220,1779955214401406477,22.017354817,1.092
postprocess_ms,2_7_opt_bag,221,1779955214493748180,22.10969652,1.776
postprocess_ms,2_7_opt_bag,222,1779955214557779584,22.173727924,1.394
postprocess_ms,2_7_opt_bag,223,1779955214655144873,22.271093213,0.588
postprocess_ms,2_7_opt_bag,224,1779955214761259164,22.377207504,0.32
postprocess_ms,2_7_opt_bag,225,1779955214878227194,22.494175534,0.345
postprocess_ms,2_7_opt_bag,226,1779955214974104109,22.590052449,0.364
postprocess_ms,2_7_opt_bag,227,1779955215065356388,22.681304728,0.748
postprocess_ms,2_7_opt_bag,228,1779955215173053309,22.789001649000003,0.478
postprocess_ms,2_7_opt_bag,229,1779955215260563276,22.876511616000002,2.114
postprocess_ms,2_7_opt_bag,230,1779955215368625159,22.984573499,0.441
postprocess_ms,2_7_opt_bag,231,1779955215477827743,23.093776083,0.387
postprocess_ms,2_7_opt_bag,232,1779955215617634723,23.233583063,0.43
postprocess_ms,2_7_opt_bag,233,1779955215683274380,23.299222720000003,0.589
postprocess_ms,2_7_opt_bag,234,1779955215773258468,23.389206808,0.423
postprocess_ms,2_7_opt_bag,235,1779955215883355578,23.499303918000003,0.33
postprocess_ms,2_7_opt_bag,236,1779955215976628756,23.592577096000003,0.393
postprocess_ms,2_7_opt_bag,237,1779955216081354049,23.697302389,0.514
postprocess_ms,2_7_opt_bag,238,1779955216201760824,23.817709164,1.332
postprocess_ms,2_7_opt_bag,239,1779955216268306334,23.884254674,2.004
postprocess_ms,2_7_opt_bag,240,1779955216360182952,23.976131292,0.334
postprocess_ms,2_7_opt_bag,241,1779955216458875013,24.074823353000003,0.341
postprocess_ms,2_7_opt_bag,242,1779955216594917931,24.210866271,0.338
postprocess_ms,2_7_opt_bag,243,1779955216672075189,24.288023529,0.354
postprocess_ms,2_7_opt_bag,244,1779955216775958065,24.391906405,0.372
postprocess_ms,2_7_opt_bag,245,1779955216910299788,24.526248128000002,1.915
postprocess_ms,2_7_opt_bag,246,1779955216990605717,24.606554057,0.999
postprocess_ms,2_7_opt_bag,247,1779955217068525716,24.684474056000003,0.344
postprocess_ms,2_7_opt_bag,248,1779955217157892258,24.773840598000003,1.229
postprocess_ms,2_7_opt_bag,249,1779955217259967388,24.875915728000003,0.542
postprocess_ms,2_7_opt_bag,250,1779955217382045965,24.997994305000002,0.779
postprocess_ms,2_7_opt_bag,251,1779955217478496252,25.094444592000002,0.497
postprocess_ms,2_7_opt_bag,252,1779955217562872709,25.178821049000003,1.407
postprocess_ms,2_7_opt_bag,253,1779955217666067659,25.282015999000002,0.36
postprocess_ms,2_7_opt_bag,254,1779955217770169527,25.386117867000003,0.527
postprocess_ms,2_7_opt_bag,255,1779955217856168141,25.472116481,0.425
postprocess_ms,2_7_opt_bag,256,1779955217961659013,25.577607353,1.632
postprocess_ms,2_7_opt_bag,257,1779955218053581713,25.669530053000003,0.356
postprocess_ms,2_7_opt_bag,258,1779955218160713883,25.776662223000002,0.514
postprocess_ms,2_7_opt_bag,259,1779955218280984211,25.896932551000003,0.54
postprocess_ms,2_7_opt_bag,260,1779955218395143289,26.011091629000003,1.324
postprocess_ms,2_7_opt_bag,261,1779955218492861813,26.108810153,4.837
postprocess_ms,2_7_opt_bag,262,1779955218585146122,26.201094462,1.122
postprocess_ms,2_7_opt_bag,263,1779955218706562075,26.322510415,1.052
postprocess_ms,2_7_opt_bag,264,1779955218760618626,26.376566966000002,0.513
postprocess_ms,2_7_opt_bag,265,1779955218857929869,26.473878209000002,0.456
postprocess_ms,2_7_opt_bag,266,1779955218981371289,26.597319629,0.378
postprocess_ms,2_7_opt_bag,267,1779955219073761141,26.689709481,0.481
postprocess_ms,2_7_opt_bag,268,1779955219154151353,26.770099693000002,0.432
postprocess_ms,2_7_opt_bag,269,1779955219267579485,26.883527825,1.947
postprocess_ms,2_7_opt_bag,270,1779955219392303639,27.008251979,2.787
postprocess_ms,2_7_opt_bag,271,1779955219455736022,27.071684362000003,0.491
postprocess_ms,2_7_opt_bag,272,1779955219584255645,27.200203985,1.106
postprocess_ms,2_7_opt_bag,273,1779955219658707830,27.27465617,0.397
postprocess_ms,2_7_opt_bag,274,1779955219755481365,27.371429705,0.533
postprocess_ms,2_7_opt_bag,275,1779955219872429667,27.488378007,0.448
postprocess_ms,2_7_opt_bag,276,1779955219978457442,27.594405782000003,0.334
postprocess_ms,2_7_opt_bag,277,1779955220057781547,27.673729887,1.82
postprocess_ms,2_7_opt_bag,278,1779955220183595925,27.799544265,0.494
postprocess_ms,2_7_opt_bag,279,1779955220271079226,27.887027566,0.38
postprocess_ms,2_7_opt_bag,280,1779955220372146770,27.988095110000003,0.359
postprocess_ms,2_7_opt_bag,281,1779955220502931628,28.118879968,0.402
postprocess_ms,2_7_opt_bag,282,1779955220567347724,28.183296064,0.339
postprocess_ms,2_7_opt_bag,283,1779955220661589993,28.277538333000003,2.236
postprocess_ms,2_7_opt_bag,284,1779955220771659435,28.387607775000003,0.397
postprocess_ms,2_7_opt_bag,285,1779955220860383425,28.476331765,0.549
postprocess_ms,2_7_opt_bag,286,1779955220948486686,28.564435026,0.286
postprocess_ms,2_7_opt_bag,287,1779955221053143004,28.669091344,1.054
postprocess_ms,2_7_opt_bag,288,1779955221154667715,28.770616055,0.361
postprocess_ms,2_7_opt_bag,289,1779955221280298174,28.896246514,0.694
postprocess_ms,2_7_opt_bag,290,1779955221363839699,28.979788039000002,1.553
postprocess_ms,2_7_opt_bag,291,1779955221467537140,29.08348548,0.404
postprocess_ms,2_7_opt_bag,292,1779955221568485372,29.184433712,0.376
postprocess_ms,2_7_opt_bag,293,1779955221679110078,29.295058418000004,0.407
postprocess_ms,2_7_opt_bag,294,1779955221768743645,29.384691985000003,1.069
postprocess_ms,2_7_opt_bag,295,1779955221870803202,29.486751542,0.275
postprocess_ms,2_7_opt_bag,296,1779955221973782645,29.589730985000003,0.39
postprocess_ms,2_7_opt_bag,297,1779955222060438779,29.676387119,0.568
postprocess_ms,2_7_opt_bag,298,1779955222174575799,29.790524139000002,0.598
postprocess_ms,2_7_opt_bag,299,1779955222266351372,29.882299712000002,0.421
postprocess_ms,2_7_opt_bag,300,1779955222349267942,29.965216282,0.288
postprocess_ms,2_7_opt_bag,301,1779955222455425884,30.071374224000003,0.387
postprocess_ms,2_7_opt_bag,302,1779955222559947123,30.175895463000003,0.68
postprocess_ms,2_7_opt_bag,303,1779955222658504123,30.274452463000003,1.071
postprocess_ms,2_7_opt_bag,304,1779955222782352953,30.398301293000003,1.018
postprocess_ms,2_7_opt_bag,305,1779955222860713165,30.476661505000003,0.426
postprocess_ms,2_7_opt_bag,306,1779955222969102337,30.585050677,1.612
postprocess_ms,2_7_opt_bag,307,1779955223058529304,30.674477644000003,0.493
postprocess_ms,2_7_opt_bag,308,1779955223166401470,30.782349810000003,3.225
postprocess_ms,2_7_opt_bag,309,1779955223256434854,30.872383194,0.409
postprocess_ms,2_7_opt_bag,310,1779955223350515878,30.966464218000002,0.516
postprocess_ms,2_7_opt_bag,311,1779955223510001337,31.125949677,0.944
postprocess_ms,2_7_opt_bag,312,1779955223586884351,31.202832691,1.536
postprocess_ms,2_7_opt_bag,313,1779955223671937828,31.287886168000004,0.394
postprocess_ms,2_7_opt_bag,314,1779955223775654555,31.391602895000002,0.431
postprocess_ms,2_7_opt_bag,315,1779955223855197479,31.471145819,0.327
postprocess_ms,2_7_opt_bag,316,1779955223995492427,31.611440767,5.831
postprocess_ms,2_7_opt_bag,317,1779955224094950208,31.710898548000003,1.761
postprocess_ms,2_7_opt_bag,318,1779955224166705764,31.782654104000002,0.337
postprocess_ms,2_7_opt_bag,319,1779955224293957759,31.909906099,3.122
postprocess_ms,2_7_opt_bag,320,1779955224390917866,32.006866206000005,4.001
postprocess_ms,2_7_opt_bag,321,1779955224459781493,32.075729833000004,0.553
postprocess_ms,2_7_opt_bag,322,1779955224603387473,32.219335813,0.363
postprocess_ms,2_7_opt_bag,323,1779955224681722252,32.297670592,0.442
postprocess_ms,2_7_opt_bag,324,1779955224784857988,32.400806328,0.754
postprocess_ms,2_7_opt_bag,325,1779955224873600355,32.489548695,0.845
postprocess_ms,2_7_opt_bag,326,1779955225047302190,32.66325053,0.437
postprocess_ms,2_7_opt_bag,327,1779955225097265543,32.713213883,2.7
postprocess_ms,2_7_opt_bag,328,1779955225194686965,32.810635305000005,5.414
postprocess_ms,2_7_opt_bag,329,1779955225261512293,32.877460633000005,1.803
postprocess_ms,2_7_opt_bag,330,1779955225387962441,33.003910781,1.893
postprocess_ms,2_7_opt_bag,331,1779955225477518129,33.093466469,0.369
postprocess_ms,2_7_opt_bag,332,1779955225562269903,33.178218243,0.98
postprocess_ms,2_7_opt_bag,333,1779955225675221626,33.291169966000005,0.382
postprocess_ms,2_7_opt_bag,334,1779955225763172285,33.379120625,2.78
postprocess_ms,2_7_opt_bag,335,1779955225869609852,33.485558192,0.397
postprocess_ms,2_7_opt_bag,336,1779955225959007845,33.574956185000005,1.011
postprocess_ms,2_7_opt_bag,337,1779955226061919225,33.677867565,0.543
postprocess_ms,2_7_opt_bag,338,1779955226160703249,33.776651589000004,0.351
postprocess_ms,2_7_opt_bag,339,1779955226258398693,33.874347033,0.364
postprocess_ms,2_7_opt_bag,340,1779955226373999001,33.989947341000004,2.265
postprocess_ms,2_7_opt_bag,341,1779955226491517579,34.107465919,1.649
postprocess_ms,2_7_opt_bag,342,1779955226586565537,34.202513877,1.306
postprocess_ms,2_7_opt_bag,343,1779955226664667306,34.280615646,0.601
postprocess_ms,2_7_opt_bag,344,1779955226758998620,34.37494696,1.259
postprocess_ms,2_7_opt_bag,345,1779955226868533839,34.484482179000004,0.348
postprocess_ms,2_7_opt_bag,346,1779955226962311137,34.578259477,2.509
postprocess_ms,2_7_opt_bag,347,1779955227082802835,34.698751175000005,0.384
postprocess_ms,2_7_opt_bag,348,1779955227199076784,34.815025124,1.207
postprocess_ms,2_7_opt_bag,349,1779955227272408794,34.888357134,0.955
postprocess_ms,2_7_opt_bag,350,1779955227358018829,34.973967169000005,1.08
postprocess_ms,2_7_opt_bag,351,1779955227475326039,35.091274379000005,0.402
postprocess_ms,2_7_opt_bag,352,1779955227560321054,35.176269394,0.776
postprocess_ms,2_7_opt_bag,353,1779955227668109166,35.284057506,1.713
postprocess_ms,2_7_opt_bag,354,1779955227781144025,35.397092365,0.36
postprocess_ms,2_7_opt_bag,355,1779955227875383644,35.491331984000006,1.077
postprocess_ms,2_7_opt_bag,356,1779955227974214995,35.590163335,2.16
postprocess_ms,2_7_opt_bag,357,1779955228068466241,35.684414581000006,0.419
postprocess_ms,2_7_opt_bag,358,1779955228195227622,35.811175962,0.296
postprocess_ms,2_7_opt_bag,359,1779955228275782717,35.891731057,0.476
postprocess_ms,2_7_opt_bag,360,1779955228385145199,36.001093539,1.075
postprocess_ms,2_7_opt_bag,361,1779955228467975081,36.083923421,1.588
postprocess_ms,2_7_opt_bag,362,1779955228578212729,36.194161069,1.153
postprocess_ms,2_7_opt_bag,363,1779955228665178012,36.281126352,0.352
postprocess_ms,2_7_opt_bag,364,1779955228813282768,36.429231108,0.377
postprocess_ms,2_7_opt_bag,365,1779955228881669102,36.497617442,0.519
postprocess_ms,2_7_opt_bag,366,1779955228967105433,36.583053773,0.356
postprocess_ms,2_7_opt_bag,367,1779955229066119637,36.682067977,0.372
postprocess_ms,2_7_opt_bag,368,1779955229170146143,36.786094483,1.833
postprocess_ms,2_7_opt_bag,369,1779955229256315513,36.872263853,0.546
postprocess_ms,2_7_opt_bag,370,1779955229367460690,36.983409030000004,0.331
postprocess_ms,2_7_opt_bag,371,1779955229497482991,37.113431331,0.519
postprocess_ms,2_7_opt_bag,372,1779955229594447880,37.21039622,1.697
postprocess_ms,2_7_opt_bag,373,1779955229653577864,37.269526204,0.383
postprocess_ms,2_7_opt_bag,374,1779955229760799418,37.376747758,0.5
postprocess_ms,2_7_opt_bag,375,1779955229899085324,37.515033664,4.344
postprocess_ms,2_7_opt_bag,376,1779955229970353193,37.586301533000004,0.307
postprocess_ms,2_7_opt_bag,377,1779955230094329889,37.710278229000004,4.256
postprocess_ms,2_7_opt_bag,378,1779955230171823369,37.787771709000005,0.974
postprocess_ms,2_7_opt_bag,379,1779955230258122244,37.874070584,2.5
postprocess_ms,2_7_opt_bag,380,1779955230390600446,38.006548786,0.371
postprocess_ms,2_7_opt_bag,381,1779955230470341041,38.086289381,0.337
postprocess_ms,2_7_opt_bag,382,1779955230569311883,38.185260223,0.48
postprocess_ms,2_7_opt_bag,383,1779955230653137742,38.269086082,0.991
postprocess_ms,2_7_opt_bag,384,1779955230791842748,38.407791088,3.594
postprocess_ms,2_7_opt_bag,385,1779955230855886637,38.471834977,0.513
postprocess_ms,2_7_opt_bag,386,1779955230955787885,38.571736225,1.8
postprocess_ms,2_7_opt_bag,387,1779955231086808504,38.702756844,1.062
postprocess_ms,2_7_opt_bag,388,1779955231172187599,38.788135939,1.161
postprocess_ms,2_7_opt_bag,389,1779955231259226236,38.875174576,1.713
postprocess_ms,2_7_opt_bag,390,1779955231450123283,39.066071623,0.377
postprocess_ms,2_7_opt_bag,391,1779955231498229510,39.114177850000004,0.574
postprocess_ms,2_7_opt_bag,392,1779955231570762224,39.186710564,0.443
postprocess_ms,2_7_opt_bag,393,1779955231673707217,39.289655557,0.464
postprocess_ms,2_7_opt_bag,394,1779955231780659894,39.396608234000006,0.578
postprocess_ms,2_7_opt_bag,395,1779955231903258701,39.519207041,0.285
postprocess_ms,2_7_opt_bag,396,1779955231958115522,39.574063862,1.245
postprocess_ms,2_7_opt_bag,397,1779955232114471121,39.730419461000004,1.71
postprocess_ms,2_7_opt_bag,398,1779955232159789464,39.775737804,0.413
postprocess_ms,2_7_opt_bag,399,1779955232280343041,39.896291381000005,10.762
postprocess_ms,2_7_opt_bag,400,1779955232358813285,39.974761625,1.845
postprocess_ms,2_7_opt_bag,401,1779955232521203658,40.137151998,1.086
postprocess_ms,2_7_opt_bag,402,1779955232587103356,40.203051696,6.317
postprocess_ms,2_7_opt_bag,403,1779955232663067897,40.279016237,0.717
postprocess_ms,2_7_opt_bag,404,1779955232755076032,40.371024372,1.107
postprocess_ms,2_7_opt_bag,405,1779955232883070627,40.499018967000005,0.659
postprocess_ms,2_7_opt_bag,406,1779955232966159886,40.582108226,0.508
postprocess_ms,2_7_opt_bag,407,1779955233077854869,40.693803209,0.681
postprocess_ms,2_7_opt_bag,408,1779955233181647384,40.797595724000004,0.394
postprocess_ms,2_7_opt_bag,409,1779955233258749920,40.87469826,0.658
postprocess_ms,2_7_opt_bag,410,1779955233390787682,41.006736022000005,3.026
postprocess_ms,2_7_opt_bag,411,1779955233466202375,41.082150715000004,0.472
postprocess_ms,2_7_opt_bag,412,1779955233599397168,41.215345508000006,2.85
postprocess_ms,2_7_opt_bag,413,1779955233668807841,41.284756181000006,1.087
postprocess_ms,2_7_opt_bag,414,1779955233770361054,41.386309394,0.42
postprocess_ms,2_7_opt_bag,415,1779955233866167783,41.482116123000004,0.38
postprocess_ms,2_7_opt_bag,416,1779955233961353812,41.577302152,0.556
postprocess_ms,2_7_opt_bag,417,1779955234094688443,41.710636783000005,2.201
postprocess_ms,2_7_opt_bag,418,1779955234162788657,41.778736997,0.275
postprocess_ms,2_7_opt_bag,419,1779955234259077820,41.875026160000004,0.504
postprocess_ms,2_7_opt_bag,420,1779955234357854115,41.973802455000005,0.646
postprocess_ms,2_7_opt_bag,421,1779955234477408441,42.093356781000004,0.429
postprocess_ms,2_7_opt_bag,422,1779955234554055729,42.170004069,0.301
postprocess_ms,2_7_opt_bag,423,1779955234655878329,42.271826669,0.31
postprocess_ms,2_7_opt_bag,424,1779955234763028601,42.378976941000005,1.395
postprocess_ms,2_7_opt_bag,425,1779955234866855901,42.482804241000004,3.476
postprocess_ms,2_7_opt_bag,426,1779955234976122315,42.592070655,0.501
postprocess_ms,2_7_opt_bag,427,1779955235059715728,42.675664068,0.431
postprocess_ms,2_7_opt_bag,428,1779955235160429952,42.776378292000004,1.137
postprocess_ms,2_7_opt_bag,429,1779955235267036541,42.882984881000006,0.385
postprocess_ms,2_7_opt_bag,430,1779955235387549573,43.003497913000004,2.08
postprocess_ms,2_7_opt_bag,431,1779955235484417999,43.100366339000004,1.113
postprocess_ms,2_7_opt_bag,432,1779955235579022266,43.194970606000005,0.502
postprocess_ms,2_7_opt_bag,433,1779955235669364013,43.285312353,0.445
postprocess_ms,2_7_opt_bag,434,1779955235767941554,43.383889894,0.391
postprocess_ms,2_7_opt_bag,435,1779955235902324998,43.518273338,1.041
postprocess_ms,2_7_opt_bag,436,1779955235972447822,43.588396162,0.452
postprocess_ms,2_7_opt_bag,437,1779955236070265375,43.686213715,0.321
postprocess_ms,2_7_opt_bag,438,1779955236176870762,43.792819102,0.362
postprocess_ms,2_7_opt_bag,439,1779955236267673160,43.883621500000004,0.506
postprocess_ms,2_7_opt_bag,440,1779955236354730145,43.970678485,0.283
postprocess_ms,2_7_opt_bag,441,1779955236461217712,44.077166052,0.953
postprocess_ms,2_7_opt_bag,442,1779955236582283960,44.1982323,0.324
postprocess_ms,2_7_opt_bag,443,1779955236665787433,44.281735773,1.016
postprocess_ms,2_7_opt_bag,444,1779955236780484343,44.396432683,0.357
postprocess_ms,2_7_opt_bag,445,1779955236901306015,44.517254355000006,2.071
postprocess_ms,2_7_opt_bag,446,1779955237017568338,44.633516678,2.225
postprocess_ms,2_7_opt_bag,447,1779955237084616118,44.700564458,0.451
postprocess_ms,2_7_opt_bag,448,1779955237183354425,44.799302765,0.44
postprocess_ms,2_7_opt_bag,449,1779955237293580117,44.909528457,1.051
postprocess_ms,2_7_opt_bag,450,1779955237387356680,45.003305020000006,0.326
postprocess_ms,2_7_opt_bag,451,1779955237494808586,45.110756926,3.593
postprocess_ms,2_7_opt_bag,452,1779955237558458982,45.174407322,0.472
postprocess_ms,2_7_opt_bag,453,1779955237677658884,45.293607224000006,0.49
postprocess_ms,2_7_opt_bag,454,1779955237801164935,45.417113275000006,0.845
postprocess_ms,2_7_opt_bag,455,1779955237909191802,45.525140142000005,1.136
postprocess_ms,2_7_opt_bag,456,1779955237967172088,45.583120428,0.955
postprocess_ms,2_7_opt_bag,457,1779955238079150892,45.695099232000004,0.786
postprocess_ms,2_7_opt_bag,458,1779955238173664530,45.789612870000006,0.722
postprocess_ms,2_7_opt_bag,459,1779955238267282937,45.883231277,0.596
postprocess_ms,2_7_opt_bag,460,1779955238362812775,45.978761115000005,0.495
postprocess_ms,2_7_opt_bag,461,1779955238480856406,46.096804746000004,0.754
postprocess_ms,2_7_opt_bag,462,1779955238569745684,46.185694024,1.304
postprocess_ms,2_7_opt_bag,463,1779955238669981349,46.285929689,3.036
postprocess_ms,2_7_opt_bag,464,1779955238795764713,46.411713053,2.73
postprocess_ms,2_7_opt_bag,465,1779955238893402238,46.509350578,2.003
postprocess_ms,2_7_opt_bag,466,1779955238974935793,46.590884133,0.325
postprocess_ms,2_7_opt_bag,467,1779955239078147518,46.694095858000004,0.419
postprocess_ms,2_7_opt_bag,468,1779955239163755779,46.779704119,0.44
postprocess_ms,2_7_opt_bag,469,1779955239258561079,46.874509419000006,0.789
postprocess_ms,2_7_opt_bag,470,1779955239368276745,46.984225085000006,0.456
postprocess_ms,2_7_opt_bag,471,1779955239471385059,47.087333399,0.38
postprocess_ms,2_7_opt_bag,472,1779955239601141792,47.217090132,0.334
postprocess_ms,2_7_opt_bag,473,1779955239676190597,47.292138937000004,0.435
postprocess_ms,2_7_opt_bag,474,1779955239818365674,47.434314014,3.708
postprocess_ms,2_7_opt_bag,475,1779955239885275050,47.50122339,1.386
postprocess_ms,2_7_opt_bag,476,1779955239958130467,47.57407880700001,0.308
postprocess_ms,2_7_opt_bag,477,1779955240079590161,47.695538501,0.451
postprocess_ms,2_7_opt_bag,478,1779955240165814487,47.781762827,0.583
postprocess_ms,2_7_opt_bag,479,1779955240303087772,47.919036112,0.342
postprocess_ms,2_7_opt_bag,480,1779955240383076301,47.999024641000005,0.303
postprocess_ms,2_7_opt_bag,481,1779955240519414255,48.135362595000004,0.458
postprocess_ms,2_7_opt_bag,482,1779955240576903896,48.192852236,0.402
postprocess_ms,2_7_opt_bag,483,1779955240696929414,48.312877754000006,4.345
postprocess_ms,2_7_opt_bag,484,1779955240754354632,48.370302972000005,0.348
postprocess_ms,2_7_opt_bag,485,1779955240898448450,48.514396790000006,1.611
postprocess_ms,2_7_opt_bag,486,1779955241002086573,48.618034913,1.028
postprocess_ms,2_7_opt_bag,487,1779955241084377834,48.700326174000004,0.887
postprocess_ms,2_7_opt_bag,488,1779955241170045614,48.785993954000006,1.018
postprocess_ms,2_7_opt_bag,489,1779955241267813146,48.883761486000004,0.343
postprocess_ms,2_7_opt_bag,490,1779955241380074193,48.996022533,0.426
postprocess_ms,2_7_opt_bag,491,1779955241503681311,49.119629651000004,3.336
postprocess_ms,2_7_opt_bag,492,1779955241584657766,49.200606106,0.411
postprocess_ms,2_7_opt_bag,493,1779955241675561975,49.291510315000004,0.414
postprocess_ms,2_7_opt_bag,494,1779955241769085357,49.385033697000004,0.392
postprocess_ms,2_7_opt_bag,495,1779955241883472441,49.499420781000005,1.808
postprocess_ms,2_7_opt_bag,496,1779955241968314013,49.584262353,0.429
postprocess_ms,2_7_opt_bag,497,1779955242066617843,49.682566183000006,0.457
postprocess_ms,2_7_opt_bag,498,1779955242168198285,49.784146625000005,0.783
postprocess_ms,2_7_opt_bag,499,1779955242267006645,49.882954985000005,0.63
postprocess_ms,2_7_opt_bag,500,1779955242353379611,49.969327951000004,0.307
postprocess_ms,2_7_opt_bag,501,1779955242495327886,50.111276226,1.246
postprocess_ms,2_7_opt_bag,502,1779955242563151259,50.179099599000004,1.936
postprocess_ms,2_7_opt_bag,503,1779955242680957101,50.296905441,0.475
postprocess_ms,2_7_opt_bag,504,1779955242767202999,50.383151339,0.616
postprocess_ms,2_7_opt_bag,505,1779955242863871553,50.479819893000005,1.402
postprocess_ms,2_7_opt_bag,506,1779955242985358334,50.601306674,1.023
postprocess_ms,2_7_opt_bag,507,1779955243056610228,50.67255856800001,1.213
postprocess_ms,2_7_opt_bag,508,1779955243166929604,50.782877944000006,1.591
postprocess_ms,2_7_opt_bag,509,1779955243262205544,50.87815388400001,1.331
postprocess_ms,2_7_opt_bag,510,1779955243383518675,50.999467015,0.641
postprocess_ms,2_7_opt_bag,511,1779955243479189493,51.095137833,0.48
postprocess_ms,2_7_opt_bag,512,1779955243576634230,51.192582570000006,1.89
postprocess_ms,2_7_opt_bag,513,1779955243654947513,51.270895853000006,0.541
postprocess_ms,2_7_opt_bag,514,1779955243766439757,51.382388097,0.442
postprocess_ms,2_7_opt_bag,515,1779955243871202297,51.487150637000006,0.986
postprocess_ms,2_7_opt_bag,516,1779955244004629122,51.620577462,3.259
postprocess_ms,2_7_opt_bag,517,1779955244078208639,51.694156979000006,0.282
postprocess_ms,2_7_opt_bag,518,1779955244187154666,51.803103006,10.62
postprocess_ms,2_7_opt_bag,519,1779955244292547518,51.908495858,4.046
postprocess_ms,2_7_opt_bag,520,1779955244397353479,52.013301819000006,0.918
postprocess_ms,2_7_opt_bag,521,1779955244469852036,52.085800376,1.139
postprocess_ms,2_7_opt_bag,522,1779955244570841512,52.186789852000004,0.397
postprocess_ms,2_7_opt_bag,523,1779955244688393573,52.304341913,0.691
postprocess_ms,2_7_opt_bag,524,1779955244767597628,52.383545968,0.473
postprocess_ms,2_7_opt_bag,525,1779955244868870206,52.48481854600001,0.465
postprocess_ms,2_7_opt_bag,526,1779955244953480590,52.56942893,1.122
postprocess_ms,2_7_opt_bag,527,1779955245069944768,52.685893108,0.39
postprocess_ms,2_7_opt_bag,528,1779955245156668301,52.772616641000006,1.049
postprocess_ms,2_7_opt_bag,529,1779955245253900717,52.869849057,1.38
postprocess_ms,2_7_opt_bag,530,1779955245382637566,52.998585906,0.288
postprocess_ms,2_7_opt_bag,531,1779955245488246071,53.104194411,0.737
postprocess_ms,2_7_opt_bag,532,1779955245588013782,53.203962122,1.575
postprocess_ms,2_7_opt_bag,533,1779955245666935093,53.282883433,0.344
postprocess_ms,2_7_opt_bag,534,1779955245787236371,53.403184711,0.319
postprocess_ms,2_7_opt_bag,535,1779955245863167926,53.479116266000005,0.331
postprocess_ms,2_7_opt_bag,536,1779955246015164682,53.631113022,1.305
postprocess_ms,2_7_opt_bag,537,1779955246060673410,53.67662175,0.545
postprocess_ms,2_7_opt_bag,538,1779955246188832127,53.804780467,1.036
postprocess_ms,2_7_opt_bag,539,1779955246277622771,53.893571111,0.467
postprocess_ms,2_7_opt_bag,540,1779955246390738810,54.006687150000005,1.456
postprocess_ms,2_7_opt_bag,541,1779955246459439115,54.075387455000005,0.338
postprocess_ms,2_7_opt_bag,542,1779955246595387419,54.211335759,2.262
postprocess_ms,2_7_opt_bag,543,1779955246663967470,54.279915810000006,0.471
postprocess_ms,2_7_opt_bag,544,1779955246783398720,54.399347060000004,0.466
postprocess_ms,2_7_opt_bag,545,1779955246897145112,54.51309345200001,9.397
postprocess_ms,2_7_opt_bag,546,1779955246955087649,54.571035989,0.524
postprocess_ms,2_7_opt_bag,547,1779955247070163051,54.686111391000004,0.414
postprocess_ms,2_7_opt_bag,548,1779955247182413695,54.798362035000004,1.027
postprocess_ms,2_7_opt_bag,549,1779955247293947163,54.909895503,5.445
postprocess_ms,2_7_opt_bag,550,1779955247381290340,54.99723868,0.362
postprocess_ms,2_7_opt_bag,551,1779955247475369268,55.091317608000004,0.505
postprocess_ms,2_7_opt_bag,552,1779955247577399281,55.193347621,0.448
postprocess_ms,2_7_opt_bag,553,1779955247669397554,55.285345894,0.482
postprocess_ms,2_7_opt_bag,554,1779955247757322718,55.373271058,1.08
postprocess_ms,2_7_opt_bag,555,1779955247885594956,55.501543296,0.868
postprocess_ms,2_7_opt_bag,556,1779955247986654724,55.602603064,2.583
postprocess_ms,2_7_opt_bag,557,1779955248057221178,55.673169518,0.639
postprocess_ms,2_7_opt_bag,558,1779955248185226486,55.801174826,1.058
postprocess_ms,2_7_opt_bag,559,1779955248281859716,55.897808056,0.392
postprocess_ms,2_7_opt_bag,560,1779955248365343923,55.981292263,0.787
postprocess_ms,2_7_opt_bag,561,1779955248457156732,56.073105072000004,0.461
postprocess_ms,2_7_opt_bag,562,1779955248580237684,56.196186024000006,0.362
postprocess_ms,2_7_opt_bag,563,1779955248669334307,56.285282647,0.364
postprocess_ms,2_7_opt_bag,564,1779955248777264631,56.393212971000004,0.671
postprocess_ms,2_7_opt_bag,565,1779955248883744494,56.499692834,2.624
postprocess_ms,2_7_opt_bag,566,1779955248990580581,56.606528921000006,0.631
postprocess_ms,2_7_opt_bag,567,1779955249060591202,56.676539542,0.453
postprocess_ms,2_7_opt_bag,568,1779955249165786678,56.781735018000006,0.43
postprocess_ms,2_7_opt_bag,569,1779955249268496304,56.884444644000006,0.4
postprocess_ms,2_7_opt_bag,570,1779955249368462844,56.984411184,0.519
postprocess_ms,2_7_opt_bag,571,1779955249455732016,57.071680356,0.574
postprocess_ms,2_7_opt_bag,572,1779955249581570871,57.19751921100001,0.395
postprocess_ms,2_7_opt_bag,573,1779955249661891490,57.277839830000005,0.313
postprocess_ms,2_7_opt_bag,574,1779955249768715110,57.384663450000005,0.447
postprocess_ms,2_7_opt_bag,575,1779955249914195433,57.530143773000006,0.692
postprocess_ms,2_7_opt_bag,576,1779955249960951414,57.576899754,0.307
postprocess_ms,2_7_opt_bag,577,1779955250057527529,57.673475869,0.426
postprocess_ms,2_7_opt_bag,578,1779955250169555834,57.785504174,0.388
postprocess_ms,2_7_opt_bag,579,1779955250258261751,57.874210091,0.61
postprocess_ms,2_7_opt_bag,580,1779955250374737936,57.990686276000005,0.344
postprocess_ms,2_7_opt_bag,581,1779955250460909100,58.076857440000005,1.002
postprocess_ms,2_7_opt_bag,582,1779955250606225069,58.22217340900001,1.411
postprocess_ms,2_7_opt_bag,583,1779955250671910437,58.287858777000004,0.503
postprocess_ms,2_7_opt_bag_2,0,1779961323548231686,0.0,0.386
postprocess_ms,2_7_opt_bag_2,1,1779961323575498514,0.027266828000000003,0.349
postprocess_ms,2_7_opt_bag_2,2,1779961323627266160,0.07903447400000001,1.327
postprocess_ms,2_7_opt_bag_2,3,1779961323752383256,0.20415157,0.313
postprocess_ms,2_7_opt_bag_2,4,1779961323835179426,0.28694774,2.161
postprocess_ms,2_7_opt_bag_2,5,1779961323927746976,0.37951529,0.535
postprocess_ms,2_7_opt_bag_2,6,1779961324023106254,0.47487456800000005,0.44
postprocess_ms,2_7_opt_bag_2,7,1779961324136343336,0.58811165,4.987
postprocess_ms,2_7_opt_bag_2,8,1779961324231290082,0.6830583960000001,0.637
postprocess_ms,2_7_opt_bag_2,9,1779961324362076349,0.813844663,4.858
postprocess_ms,2_7_opt_bag_2,10,1779961324440749251,0.892517565,0.358
postprocess_ms,2_7_opt_bag_2,11,1779961324527612045,0.9793803590000001,1.186
postprocess_ms,2_7_opt_bag_2,12,1779961324647873581,1.099641895,0.276
postprocess_ms,2_7_opt_bag_2,13,1779961324741382385,1.193150699,1.767
postprocess_ms,2_7_opt_bag_2,14,1779961324859312676,1.31108099,2.345
postprocess_ms,2_7_opt_bag_2,15,1779961324944404100,1.396172414,0.366
postprocess_ms,2_7_opt_bag_2,16,1779961325049271965,1.5010402790000001,1.658
postprocess_ms,2_7_opt_bag_2,17,1779961325128322049,1.580090363,1.062
postprocess_ms,2_7_opt_bag_2,18,1779961325235135458,1.6869037720000002,0.521
postprocess_ms,2_7_opt_bag_2,19,1779961325325591999,1.7773603130000002,0.281
postprocess_ms,2_7_opt_bag_2,20,1779961325419912030,1.871680344,0.312
postprocess_ms,2_7_opt_bag_2,21,1779961325535977377,1.9877456910000002,0.338
postprocess_ms,2_7_opt_bag_2,22,1779961325629575474,2.0813437880000003,0.972
postprocess_ms,2_7_opt_bag_2,23,1779961325729970110,2.181738424,0.328
postprocess_ms,2_7_opt_bag_2,24,1779961325829092188,2.2808605020000003,0.478
postprocess_ms,2_7_opt_bag_2,25,1779961325937249648,2.389017962,1.087
postprocess_ms,2_7_opt_bag_2,26,1779961326031854511,2.4836228250000003,0.446
postprocess_ms,2_7_opt_bag_2,27,1779961326143428724,2.5951970380000002,1.03
postprocess_ms,2_7_opt_bag_2,28,1779961326232642944,2.6844112580000004,2.005
postprocess_ms,2_7_opt_bag_2,29,1779961326351653770,2.803422084,0.391
postprocess_ms,2_7_opt_bag_2,30,1779961326427257386,2.8790257,0.584
postprocess_ms,2_7_opt_bag_2,31,1779961326559553253,3.011321567,1.08
postprocess_ms,2_7_opt_bag_2,32,1779961326644136088,3.0959044020000004,0.362
postprocess_ms,2_7_opt_bag_2,33,1779961326754450793,3.2062191070000003,0.372
postprocess_ms,2_7_opt_bag_2,34,1779961326827393906,3.2791622200000003,0.466
postprocess_ms,2_7_opt_bag_2,35,1779961326921956694,3.373725008,0.406
postprocess_ms,2_7_opt_bag_2,36,1779961327047702339,3.4994706530000004,0.365
postprocess_ms,2_7_opt_bag_2,37,1779961327137184827,3.588953141,1.808
postprocess_ms,2_7_opt_bag_2,38,1779961327253945384,3.7057136980000003,0.469
postprocess_ms,2_7_opt_bag_2,39,1779961327346786509,3.7985548230000004,0.409
postprocess_ms,2_7_opt_bag_2,40,1779961327471874273,3.9236425870000002,0.662
postprocess_ms,2_7_opt_bag_2,41,1779961327555196165,4.0069644790000005,0.976
postprocess_ms,2_7_opt_bag_2,42,1779961327647527637,4.099295951,0.497
postprocess_ms,2_7_opt_bag_2,43,1779961327745553373,4.1973216870000005,0.785
postprocess_ms,2_7_opt_bag_2,44,1779961327858654877,4.310423191,3.849
postprocess_ms,2_7_opt_bag_2,45,1779961327937314116,4.38908243,0.38
postprocess_ms,2_7_opt_bag_2,46,1779961328036405760,4.488174074000001,2.112
postprocess_ms,2_7_opt_bag_2,47,1779961328126698648,4.578466962,0.321
postprocess_ms,2_7_opt_bag_2,48,1779961328229598396,4.681366710000001,0.945
postprocess_ms,2_7_opt_bag_2,49,1779961328333458661,4.7852269750000005,1.48
postprocess_ms,2_7_opt_bag_2,50,1779961328438992529,4.890760843000001,0.527
postprocess_ms,2_7_opt_bag_2,51,1779961328549348919,5.001117233,1.187
postprocess_ms,2_7_opt_bag_2,52,1779961328625396907,5.0771652210000005,1.425
postprocess_ms,2_7_opt_bag_2,53,1779961328751034408,5.202802722,0.361
postprocess_ms,2_7_opt_bag_2,54,1779961328831387137,5.283155451000001,1.798
postprocess_ms,2_7_opt_bag_2,55,1779961328947917415,5.399685729000001,0.341
postprocess_ms,2_7_opt_bag_2,56,1779961329028200371,5.479968685,0.633
postprocess_ms,2_7_opt_bag_2,57,1779961329127529125,5.579297439,0.631
postprocess_ms,2_7_opt_bag_2,58,1779961329232129520,5.683897834000001,1.112
postprocess_ms,2_7_opt_bag_2,59,1779961329354455478,5.806223792,1.234
postprocess_ms,2_7_opt_bag_2,60,1779961329425430608,5.877198922000001,1.106
postprocess_ms,2_7_opt_bag_2,61,1779961329541664206,5.993432520000001,0.38
postprocess_ms,2_7_opt_bag_2,62,1779961329625154991,6.076923305,0.292
postprocess_ms,2_7_opt_bag_2,63,1779961329750206171,6.201974485,0.376
postprocess_ms,2_7_opt_bag_2,64,1779961329842976047,6.294744361,0.402
postprocess_ms,2_7_opt_bag_2,65,1779961329939611234,6.391379548000001,0.76
postprocess_ms,2_7_opt_bag_2,66,1779961330054144683,6.505912997,0.481
postprocess_ms,2_7_opt_bag_2,67,1779961330124615697,6.576384011,0.315
postprocess_ms,2_7_opt_bag_2,68,1779961330245766156,6.697534470000001,0.518
postprocess_ms,2_7_opt_bag_2,69,1779961330330546099,6.782314413000001,1.017
postprocess_ms,2_7_opt_bag_2,70,1779961330421054308,6.872822622,0.341
postprocess_ms,2_7_opt_bag_2,71,1779961330526068085,6.977836399,1.04
postprocess_ms,2_7_opt_bag_2,72,1779961330617784175,7.069552489,0.355
postprocess_ms,2_7_opt_bag_2,73,1779961330739240616,7.191008930000001,2.121
postprocess_ms,2_7_opt_bag_2,74,1779961330842050082,7.293818396000001,0.282
postprocess_ms,2_7_opt_bag_2,75,1779961330956303942,7.4080722560000005,0.445
postprocess_ms,2_7_opt_bag_2,76,1779961331035066605,7.4868349190000005,0.591
postprocess_ms,2_7_opt_bag_2,77,1779961331140454345,7.592222659000001,0.292
postprocess_ms,2_7_opt_bag_2,78,1779961331222840534,7.674608848,0.365
postprocess_ms,2_7_opt_bag_2,79,1779961331330982733,7.7827510470000005,0.316
postprocess_ms,2_7_opt_bag_2,80,1779961331435390549,7.887158863000001,0.501
postprocess_ms,2_7_opt_bag_2,81,1779961331529656076,7.981424390000001,0.305
postprocess_ms,2_7_opt_bag_2,82,1779961331638161433,8.089929747000001,0.368
postprocess_ms,2_7_opt_bag_2,83,1779961331748634735,8.200403049,0.347
postprocess_ms,2_7_opt_bag_2,84,1779961331838599002,8.290367316000001,0.345
postprocess_ms,2_7_opt_bag_2,85,1779961331929521879,8.381290193,1.241
postprocess_ms,2_7_opt_bag_2,86,1779961332024083519,8.475851833,0.467
postprocess_ms,2_7_opt_bag_2,87,1779961332134903046,8.58667136,1.716
postprocess_ms,2_7_opt_bag_2,88,1779961332263959008,8.715727322000001,0.394
postprocess_ms,2_7_opt_bag_2,89,1779961332340127979,8.791896293,0.911
postprocess_ms,2_7_opt_bag_2,90,1779961332440766889,8.892535203000001,0.386
postprocess_ms,2_7_opt_bag_2,91,1779961332523685311,8.975453625,0.372
postprocess_ms,2_7_opt_bag_2,92,1779961332622509068,9.074277382,0.329
postprocess_ms,2_7_opt_bag_2,93,1779961332732017624,9.183785938,0.561
postprocess_ms,2_7_opt_bag_2,94,1779961332824122183,9.275890497,0.31
postprocess_ms,2_7_opt_bag_2,95,1779961332939531755,9.391300069000001,1.069
postprocess_ms,2_7_opt_bag_2,96,1779961333044283361,9.496051675,0.533
postprocess_ms,2_7_opt_bag_2,97,1779961333151714320,9.603482634,0.379
postprocess_ms,2_7_opt_bag_2,98,1779961333235938928,9.687707242,1.608
postprocess_ms,2_7_opt_bag_2,99,1779961333335627229,9.787395543,3.289
postprocess_ms,2_7_opt_bag_2,100,1779961333436627746,9.88839606,0.786
postprocess_ms,2_7_opt_bag_2,101,1779961333527930342,9.979698656,1.095
postprocess_ms,2_7_opt_bag_2,102,1779961333639842933,10.091611247000001,0.568
postprocess_ms,2_7_opt_bag_2,103,1779961333730010572,10.181778886,2.143
postprocess_ms,2_7_opt_bag_2,104,1779961333842342342,10.294110656,0.313
postprocess_ms,2_7_opt_bag_2,105,1779961333964345590,10.416113904000001,1.245
postprocess_ms,2_7_opt_bag_2,106,1779961334089999568,10.541767882,1.443
postprocess_ms,2_7_opt_bag_2,107,1779961334150560293,10.602328607,0.493
postprocess_ms,2_7_opt_bag_2,108,1779961334229657756,10.68142607,0.733
postprocess_ms,2_7_opt_bag_2,109,1779961334331222079,10.782990393,0.424
postprocess_ms,2_7_opt_bag_2,110,1779961334450337135,10.902105449,0.352
postprocess_ms,2_7_opt_bag_2,111,1779961334538729521,10.990497835000001,1.948
postprocess_ms,2_7_opt_bag_2,112,1779961334639978133,11.091746447,0.389
postprocess_ms,2_7_opt_bag_2,113,1779961334728182630,11.179950944000002,1.034
postprocess_ms,2_7_opt_bag_2,114,1779961334823952539,11.275720853000001,1.114
postprocess_ms,2_7_opt_bag_2,115,1779961334939120826,11.39088914,0.33
postprocess_ms,2_7_opt_bag_2,116,1779961335036616510,11.488384824,1.083
postprocess_ms,2_7_opt_bag_2,117,1779961335146510786,11.598279100000001,0.411
postprocess_ms,2_7_opt_bag_2,118,1779961335224299114,11.676067428000001,0.384
postprocess_ms,2_7_opt_bag_2,119,1779961335350173458,11.801941772000001,0.365
postprocess_ms,2_7_opt_bag_2,120,1779961335449742413,11.901510727000002,1.095
postprocess_ms,2_7_opt_bag_2,121,1779961335545116426,11.99688474,0.936
postprocess_ms,2_7_opt_bag_2,122,1779961335635334076,12.08710239,2.476
postprocess_ms,2_7_opt_bag_2,123,1779961335738569237,12.190337551,1.846
postprocess_ms,2_7_opt_bag_2,124,1779961335828483136,12.280251450000002,0.717
postprocess_ms,2_7_opt_bag_2,125,1779961335931089978,12.382858292000002,1.116
postprocess_ms,2_7_opt_bag_2,126,1779961336022857643,12.474625957,0.353
postprocess_ms,2_7_opt_bag_2,127,1779961336135600972,12.587369286000001,0.445
postprocess_ms,2_7_opt_bag_2,128,1779961336230207623,12.681975937,0.58
postprocess_ms,2_7_opt_bag_2,129,1779961336340206660,12.791974974,1.569
postprocess_ms,2_7_opt_bag_2,130,1779961336443911281,12.895679595,0.351
postprocess_ms,2_7_opt_bag_2,131,1779961336555305512,13.007073826000001,1.43
postprocess_ms,2_7_opt_bag_2,132,1779961336635542334,13.087310648,0.326
postprocess_ms,2_7_opt_bag_2,133,1779961336729927361,13.181695675,0.447
postprocess_ms,2_7_opt_bag_2,134,1779961336818449007,13.270217321,0.501
postprocess_ms,2_7_opt_bag_2,135,1779961336958859431,13.410627745000001,0.63
postprocess_ms,2_7_opt_bag_2,136,1779961337053306496,13.50507481,0.634
postprocess_ms,2_7_opt_bag_2,137,1779961337127235438,13.579003752,1.084
postprocess_ms,2_7_opt_bag_2,138,1779961337245714602,13.697482916,0.361
postprocess_ms,2_7_opt_bag_2,139,1779961337335027187,13.786795501,0.292
postprocess_ms,2_7_opt_bag_2,140,1779961337442273569,13.894041883000002,0.445
postprocess_ms,2_7_opt_bag_2,141,1779961337546372799,13.998141113,1.845
postprocess_ms,2_7_opt_bag_2,142,1779961337637885949,14.089654263000002,0.448
postprocess_ms,2_7_opt_bag_2,143,1779961337738187077,14.189955391000002,1.351
postprocess_ms,2_7_opt_bag_2,144,1779961337848129569,14.299897883000002,0.33
postprocess_ms,2_7_opt_bag_2,145,1779961337928231907,14.380000221000001,1.289
postprocess_ms,2_7_opt_bag_2,146,1779961338032937687,14.484706001000001,2.09
postprocess_ms,2_7_opt_bag_2,147,1779961338128788796,14.58055711,1.266
postprocess_ms,2_7_opt_bag_2,148,1779961338261220306,14.71298862,4.086
postprocess_ms,2_7_opt_bag_2,149,1779961338325612643,14.777380957,1.079
postprocess_ms,2_7_opt_bag_2,150,1779961338439129575,14.890897889000001,0.337
postprocess_ms,2_7_opt_bag_2,151,1779961338531562309,14.983330623,0.854
postprocess_ms,2_7_opt_bag_2,152,1779961338647346676,15.09911499,0.427
postprocess_ms,2_7_opt_bag_2,153,1779961338746662642,15.198430956000001,1.765
postprocess_ms,2_7_opt_bag_2,154,1779961338830180700,15.281949014,1.294
postprocess_ms,2_7_opt_bag_2,155,1779961338938501655,15.390269969,0.325
postprocess_ms,2_7_opt_bag_2,156,1779961339026629463,15.478397777000001,1.303
postprocess_ms,2_7_opt_bag_2,157,1779961339139844170,15.591612484,0.29
postprocess_ms,2_7_opt_bag_2,158,1779961339223944223,15.675712537,0.289
postprocess_ms,2_7_opt_bag_2,159,1779961339324085660,15.775853974,0.37
postprocess_ms,2_7_opt_bag_2,160,1779961339419327096,15.87109541,0.261
postprocess_ms,2_7_opt_bag_2,161,1779961339548466609,16.000234923,0.435
postprocess_ms,2_7_opt_bag_2,162,1779961339643748372,16.095516686,0.481
postprocess_ms,2_7_opt_bag_2,163,1779961339732156601,16.183924915000002,0.559
postprocess_ms,2_7_opt_bag_2,164,1779961339856455958,16.308224272,0.37
postprocess_ms,2_7_opt_bag_2,165,1779961339966062773,16.417831087,1.362
postprocess_ms,2_7_opt_bag_2,166,1779961340036578288,16.488346602,3.045
postprocess_ms,2_7_opt_bag_2,167,1779961340155836880,16.607605194,1.259
postprocess_ms,2_7_opt_bag_2,168,1779961340225975192,16.677743506000002,0.392
postprocess_ms,2_7_opt_bag_2,169,1779961340319585455,16.771353769,0.296
postprocess_ms,2_7_opt_bag_2,170,1779961340431780457,16.883548771,1.383
postprocess_ms,2_7_opt_bag_2,171,1779961340527731009,16.979499323000002,0.401
postprocess_ms,2_7_opt_bag_2,172,1779961340626899046,17.07866736,1.152
postprocess_ms,2_7_opt_bag_2,173,1779961340735172689,17.186941003,0.436
postprocess_ms,2_7_opt_bag_2,174,1779961340856983495,17.308751809,0.292
postprocess_ms,2_7_opt_bag_2,175,1779961340972643411,17.424411725000002,0.715
postprocess_ms,2_7_opt_bag_2,176,1779961341027915021,17.479683335,1.076
postprocess_ms,2_7_opt_bag_2,177,1779961341124959852,17.576728166000002,0.291
postprocess_ms,2_7_opt_bag_2,178,1779961341266132181,17.717900495000002,4.087
postprocess_ms,2_7_opt_bag_2,179,1779961341344234649,17.796002963,0.404
postprocess_ms,2_7_opt_bag_2,180,1779961341437120048,17.888888362,2.659
postprocess_ms,2_7_opt_bag_2,181,1779961341537672057,17.989440371,0.339
postprocess_ms,2_7_opt_bag_2,182,1779961341629850600,18.081618914,1.239
postprocess_ms,2_7_opt_bag_2,183,1779961341750651802,18.202420116000003,1.778
postprocess_ms,2_7_opt_bag_2,184,1779961341831231549,18.282999863,0.425
postprocess_ms,2_7_opt_bag_2,185,1779961341957260570,18.409028884,3.33
postprocess_ms,2_7_opt_bag_2,186,1779961342045971881,18.497740195000002,0.433
postprocess_ms,2_7_opt_bag_2,187,1779961342153277697,18.605046011000002,1.649
postprocess_ms,2_7_opt_bag_2,188,1779961342272086601,18.723854915,3.573
postprocess_ms,2_7_opt_bag_2,189,1779961342331091747,18.782860061,1.123
postprocess_ms,2_7_opt_bag_2,190,1779961342424870310,18.876638624,0.282
postprocess_ms,2_7_opt_bag_2,191,1779961342526648825,18.978417139,0.625
postprocess_ms,2_7_opt_bag_2,192,1779961342632892076,19.08466039,0.311
postprocess_ms,2_7_opt_bag_2,193,1779961342771045616,19.22281393,3.606
postprocess_ms,2_7_opt_bag_2,194,1779961342825317655,19.277085969,0.398
postprocess_ms,2_7_opt_bag_2,195,1779961342918495643,19.370263957000002,0.58
postprocess_ms,2_7_opt_bag_2,196,1779961343030433968,19.482202282000003,0.437
postprocess_ms,2_7_opt_bag_2,197,1779961343136103263,19.587871577,0.818
postprocess_ms,2_7_opt_bag_2,198,1779961343232016924,19.683785238000002,0.422
postprocess_ms,2_7_opt_bag_2,199,1779961343322117349,19.773885663,0.317
postprocess_ms,2_7_opt_bag_2,200,1779961343453493659,19.905261973,0.458
postprocess_ms,2_7_opt_bag_2,201,1779961343567428176,20.019196490000002,0.623
postprocess_ms,2_7_opt_bag_2,202,1779961343650629218,20.102397532,0.362
postprocess_ms,2_7_opt_bag_2,203,1779961343732153837,20.183922151,0.507
postprocess_ms,2_7_opt_bag_2,204,1779961343837496131,20.289264445,0.487
postprocess_ms,2_7_opt_bag_2,205,1779961343925805411,20.377573725,0.927
postprocess_ms,2_7_opt_bag_2,206,1779961344036553292,20.488321606,1.201
postprocess_ms,2_7_opt_bag_2,207,1779961344126390649,20.578158963,0.754
postprocess_ms,2_7_opt_bag_2,208,1779961344236237725,20.688006039,0.442
postprocess_ms,2_7_opt_bag_2,209,1779961344338524162,20.790292476,0.943
postprocess_ms,2_7_opt_bag_2,210,1779961344430986453,20.882754767,1.289
postprocess_ms,2_7_opt_bag_2,211,1779961344524370984,20.976139298,1.77
postprocess_ms,2_7_opt_bag_2,212,1779961344636382925,21.088151239000002,0.634
postprocess_ms,2_7_opt_bag_2,213,1779961344759438524,21.211206838000003,1.296
postprocess_ms,2_7_opt_bag_2,214,1779961344856334976,21.308103290000002,1.928
postprocess_ms,2_7_opt_bag_2,215,1779961344932499303,21.384267617000003,1.134
postprocess_ms,2_7_opt_bag_2,216,1779961345043615230,21.495383544000003,0.901
postprocess_ms,2_7_opt_bag_2,217,1779961345139665244,21.591433558000002,0.464
postprocess_ms,2_7_opt_bag_2,218,1779961345247310534,21.699078848000003,0.314
postprocess_ms,2_7_opt_bag_2,219,1779961345341279982,21.793048296000002,0.79
postprocess_ms,2_7_opt_bag_2,220,1779961345428941298,21.880709612,0.39
postprocess_ms,2_7_opt_bag_2,221,1779961345529825293,21.981593607,0.355
postprocess_ms,2_7_opt_bag_2,222,1779961345646106146,22.09787446,0.302
postprocess_ms,2_7_opt_bag_2,223,1779961345753472141,22.205240455000002,1.093
postprocess_ms,2_7_opt_bag_2,224,1779961345825408786,22.277177100000003,0.362
postprocess_ms,2_7_opt_bag_2,225,1779961345965084548,22.416852862000002,0.637
postprocess_ms,2_7_opt_bag_2,226,1779961346058419470,22.510187784000003,0.785
postprocess_ms,2_7_opt_bag_2,227,1779961346139781551,22.591549865,0.404
postprocess_ms,2_7_opt_bag_2,228,1779961346260258153,22.712026467,1.466
postprocess_ms,2_7_opt_bag_2,229,1779961346330625231,22.782393545,0.426
postprocess_ms,2_7_opt_bag_2,230,1779961346461232725,22.913001039,1.028
postprocess_ms,2_7_opt_bag_2,231,1779961346538116088,22.989884402,0.49
postprocess_ms,2_7_opt_bag_2,232,1779961346651546362,23.103314676,1.13
postprocess_ms,2_7_opt_bag_2,233,1779961346735061933,23.186830247000003,2.588
postprocess_ms,2_7_opt_bag_2,234,1779961346832225304,23.283993618,0.355
postprocess_ms,2_7_opt_bag_2,235,1779961346951080222,23.402848536,0.784
postprocess_ms,2_7_opt_bag_2,236,1779961347044945880,23.496714194000003,0.369
postprocess_ms,2_7_opt_bag_2,237,1779961347136827805,23.588596119,2.029
postprocess_ms,2_7_opt_bag_2,238,1779961347248372468,23.700140782000002,0.344
postprocess_ms,2_7_opt_bag_2,239,1779961347353477005,23.805245319,0.427
postprocess_ms,2_7_opt_bag_2,240,1779961347425067232,23.876835546000002,0.331
postprocess_ms,2_7_opt_bag_2,241,1779961347524866234,23.976634548,1.75
postprocess_ms,2_7_opt_bag_2,242,1779961347641177258,24.092945572,0.353
postprocess_ms,2_7_opt_bag_2,243,1779961347748038416,24.199806730000002,2.711
postprocess_ms,2_7_opt_bag_2,244,1779961347832442692,24.284211006000003,1.062
postprocess_ms,2_7_opt_bag_2,245,1779961347928536762,24.380305076000003,1.849
postprocess_ms,2_7_opt_bag_2,246,1779961348034062625,24.485830939000003,2.078
postprocess_ms,2_7_opt_bag_2,247,1779961348166121694,24.617890008,3.32
postprocess_ms,2_7_opt_bag_2,248,1779961348258921879,24.710690193,1.341
postprocess_ms,2_7_opt_bag_2,249,1779961348352170322,24.803938636,1.063
postprocess_ms,2_7_opt_bag_2,250,1779961348452023877,24.903792191,0.382
postprocess_ms,2_7_opt_bag_2,251,1779961348544320363,24.996088677000003,0.607
postprocess_ms,2_7_opt_bag_2,252,1779961348625468958,25.077237272,0.387
postprocess_ms,2_7_opt_bag_2,253,1779961348760013523,25.211781837,3.121
postprocess_ms,2_7_opt_bag_2,254,1779961348826956039,25.278724353,1.065
postprocess_ms,2_7_opt_bag_2,255,1779961348920905200,25.372673514000002,0.359
postprocess_ms,2_7_opt_bag_2,256,1779961349060744542,25.512512856,1.466
postprocess_ms,2_7_opt_bag_2,257,1779961349130786236,25.58255455,0.344
postprocess_ms,2_7_opt_bag_2,258,1779961349230355545,25.682123859,0.659
postprocess_ms,2_7_opt_bag_2,259,1779961349325735592,25.777503906000003,0.309
postprocess_ms,2_7_opt_bag_2,260,1779961349461092112,25.912860426,0.677
postprocess_ms,2_7_opt_bag_2,261,1779961349557648028,26.009416342,0.267
postprocess_ms,2_7_opt_bag_2,262,1779961349631122506,26.082890820000003,0.633
postprocess_ms,2_7_opt_bag_2,263,1779961349738936679,26.190704993,0.317
postprocess_ms,2_7_opt_bag_2,264,1779961349836640929,26.288409243,2.133
postprocess_ms,2_7_opt_bag_2,265,1779961349924593143,26.376361457,0.971
postprocess_ms,2_7_opt_bag_2,266,1779961350047108747,26.498877061,0.295
postprocess_ms,2_7_opt_bag_2,267,1779961350127664322,26.579432636,0.387
postprocess_ms,2_7_opt_bag_2,268,1779961350239124782,26.690893096,0.288
postprocess_ms,2_7_opt_bag_2,269,1779961350326033509,26.777801823,0.503
postprocess_ms,2_7_opt_bag_2,270,1779961350433029709,26.884798023000002,0.345
postprocess_ms,2_7_opt_bag_2,271,1779961350543011826,26.994780140000003,2.579
postprocess_ms,2_7_opt_bag_2,272,1779961350626754578,27.078522892000002,1.356
postprocess_ms,2_7_opt_bag_2,273,1779961350741544257,27.193312571000003,0.468
postprocess_ms,2_7_opt_bag_2,274,1779961350819530531,27.271298845,1.092
postprocess_ms,2_7_opt_bag_2,275,1779961350942836612,27.394604926000003,0.805
postprocess_ms,2_7_opt_bag_2,276,1779961351026896709,27.478665023,1.058
postprocess_ms,2_7_opt_bag_2,277,1779961351134859045,27.586627359,2.922
postprocess_ms,2_7_opt_bag_2,278,1779961351240090603,27.691858917,0.43
postprocess_ms,2_7_opt_bag_2,279,1779961351347714450,27.799482764,0.526
postprocess_ms,2_7_opt_bag_2,280,1779961351436680871,27.888449185000002,1.732
postprocess_ms,2_7_opt_bag_2,281,1779961351529900927,27.981669241000002,0.798
postprocess_ms,2_7_opt_bag_2,282,1779961351632607929,28.084376243,1.11
postprocess_ms,2_7_opt_bag_2,283,1779961351739800402,28.191568716000003,0.338
postprocess_ms,2_7_opt_bag_2,284,1779961351822945115,28.274713429000002,0.515
postprocess_ms,2_7_opt_bag_2,285,1779961351936161581,28.387929895000003,0.671
postprocess_ms,2_7_opt_bag_2,286,1779961352046399912,28.498168226,0.614
postprocess_ms,2_7_opt_bag_2,287,1779961352160406223,28.612174537,2.877
postprocess_ms,2_7_opt_bag_2,288,1779961352237173265,28.688941579,2.402
postprocess_ms,2_7_opt_bag_2,289,1779961352360932064,28.812700378000002,4.496
postprocess_ms,2_7_opt_bag_2,290,1779961352450784057,28.902552371000002,0.366
postprocess_ms,2_7_opt_bag_2,291,1779961352562817251,29.014585565,0.653
postprocess_ms,2_7_opt_bag_2,292,1779961352666270890,29.118039204000002,1.874
postprocess_ms,2_7_opt_bag_2,293,1779961352752879919,29.204648233,0.991
postprocess_ms,2_7_opt_bag_2,294,1779961352832374625,29.284142939000002,1.636
postprocess_ms,2_7_opt_bag_2,295,1779961352973942980,29.425711294000003,1.814
postprocess_ms,2_7_opt_bag_2,296,1779961353070888416,29.52265673,1.789
postprocess_ms,2_7_opt_bag_2,297,1779961353151499443,29.603267757,0.438
postprocess_ms,2_7_opt_bag_2,298,1779961353246304328,29.698072642000003,0.386
postprocess_ms,2_7_opt_bag_2,299,1779961353331860681,29.783628995,1.273
postprocess_ms,2_7_opt_bag_2,300,1779961353450558258,29.902326572000003,2.51
postprocess_ms,2_7_opt_bag_2,301,1779961353565967066,30.01773538,1.31
postprocess_ms,2_7_opt_bag_2,302,1779961353638951395,30.090719709000002,2.719
postprocess_ms,2_7_opt_bag_2,303,1779961353763978791,30.215747105000002,2.849
postprocess_ms,2_7_opt_bag_2,304,1779961353825822424,30.277590738,0.29
postprocess_ms,2_7_opt_bag_2,305,1779961353938361618,30.390129932,1.308
postprocess_ms,2_7_opt_bag_2,306,1779961354036060210,30.487828524,2.062
postprocess_ms,2_7_opt_bag_2,307,1779961354150154025,30.601922339,1.92
postprocess_ms,2_7_opt_bag_2,308,1779961354247951879,30.699720193,0.449
postprocess_ms,2_7_opt_bag_2,309,1779961354324629654,30.776397968,0.369
postprocess_ms,2_7_opt_bag_2,310,1779961354445490837,30.897259151000004,0.475
postprocess_ms,2_7_opt_bag_2,311,1779961354557287628,31.009055942000003,1.425
postprocess_ms,2_7_opt_bag_2,312,1779961354647235952,31.099004266,0.377
postprocess_ms,2_7_opt_bag_2,313,1779961354736565766,31.18833408,1.788
postprocess_ms,2_7_opt_bag_2,314,1779961354831574145,31.283342459000004,0.435
postprocess_ms,2_7_opt_bag_2,315,1779961354939078654,31.390846968,2.528
postprocess_ms,2_7_opt_bag_2,316,1779961355023309294,31.475077608000003,0.384
postprocess_ms,2_7_opt_bag_2,317,1779961355149539751,31.601308065,5.566
postprocess_ms,2_7_opt_bag_2,318,1779961355225908602,31.677676916000003,1.353
postprocess_ms,2_7_opt_bag_2,319,1779961355331143390,31.782911704000004,0.772
postprocess_ms,2_7_opt_bag_2,320,1779961355433877093,31.885645407000002,0.98
postprocess_ms,2_7_opt_bag_2,321,1779961355546945941,31.998714255000003,0.395
postprocess_ms,2_7_opt_bag_2,322,1779961355624130528,32.075898842,0.281
postprocess_ms,2_7_opt_bag_2,323,1779961355725825073,32.177593387,0.311
postprocess_ms,2_7_opt_bag_2,324,1779961355835111372,32.286879686,1.509
postprocess_ms,2_7_opt_bag_2,325,1779961355927541272,32.379309586000005,1.081
postprocess_ms,2_7_opt_bag_2,326,1779961356078461327,32.530229641000005,1.203
postprocess_ms,2_7_opt_bag_2,327,1779961356126902600,32.578670914,2.016
postprocess_ms,2_7_opt_bag_2,328,1779961356256656800,32.708425114,0.436
postprocess_ms,2_7_opt_bag_2,329,1779961356332455699,32.784224013,1.194
postprocess_ms,2_7_opt_bag_2,330,1779961356426417135,32.878185449,0.344
postprocess_ms,2_7_opt_bag_2,331,1779961356528432661,32.980200975,0.548
postprocess_ms,2_7_opt_bag_2,332,1779961356632402147,33.084170461,0.462
postprocess_ms,2_7_opt_bag_2,333,1779961356745167299,33.196935613,0.551
postprocess_ms,2_7_opt_bag_2,334,1779961356845115580,33.296883894000004,0.278
postprocess_ms,2_7_opt_bag_2,335,1779961356922504577,33.374272891000004,1.192
postprocess_ms,2_7_opt_bag_2,336,1779961357036802364,33.488570678,0.249
postprocess_ms,2_7_opt_bag_2,337,1779961357145391253,33.597159567000006,0.497
postprocess_ms,2_7_opt_bag_2,338,1779961357232304104,33.684072418,0.517
postprocess_ms,2_7_opt_bag_2,339,1779961357342202243,33.793970557,0.556
postprocess_ms,2_7_opt_bag_2,340,1779961357419612278,33.871380592,0.276
postprocess_ms,2_7_opt_bag_2,341,1779961357553312959,34.005081273,0.421
postprocess_ms,2_7_opt_bag_2,342,1779961357655653403,34.107421717,0.357
postprocess_ms,2_7_opt_bag_2,343,1779961357746122045,34.197890359,1.796
postprocess_ms,2_7_opt_bag_2,344,1779961357865346328,34.317114642,1.161
postprocess_ms,2_7_opt_bag_2,345,1779961357960595715,34.412364029,2.712
postprocess_ms,2_7_opt_bag_2,346,1779961358039375079,34.491143393,0.398
postprocess_ms,2_7_opt_bag_2,347,1779961358149685040,34.601453354,0.414
postprocess_ms,2_7_opt_bag_2,348,1779961358227059577,34.678827891000005,0.499
postprocess_ms,2_7_opt_bag_2,349,1779961358334873480,34.786641794000005,1.463
postprocess_ms,2_7_opt_bag_2,350,1779961358424498728,34.876267042,2.037
postprocess_ms,2_7_opt_bag_2,351,1779961358527679485,34.979447799,1.836
postprocess_ms,2_7_opt_bag_2,352,1779961358640156875,35.091925189,0.346
postprocess_ms,2_7_opt_bag_2,353,1779961358754502538,35.206270852,0.324
postprocess_ms,2_7_opt_bag_2,354,1779961358837593277,35.289361591,0.472
postprocess_ms,2_7_opt_bag_2,355,1779961358934824389,35.386592703000005,0.54
postprocess_ms,2_7_opt_bag_2,356,1779961359023946538,35.475714852,0.67
postprocess_ms,2_7_opt_bag_2,357,1779961359126417198,35.578185512000005,1.169
postprocess_ms,2_7_opt_bag_2,358,1779961359229088945,35.680857259,1.779
postprocess_ms,2_7_opt_bag_2,359,1779961359327578140,35.779346454,1.368
postprocess_ms,2_7_opt_bag_2,360,1779961359430060921,35.881829235000005,0.524
postprocess_ms,2_7_opt_bag_2,361,1779961359523588066,35.97535638,0.842
postprocess_ms,2_7_opt_bag_2,362,1779961359655175000,36.106943314000006,1.614
postprocess_ms,2_7_opt_bag_2,363,1779961359724162415,36.175930729,0.335
postprocess_ms,2_7_opt_bag_2,364,1779961359823254260,36.275022574000005,1.094
postprocess_ms,2_7_opt_bag_2,365,1779961359950835621,36.402603935,0.398
postprocess_ms,2_7_opt_bag_2,366,1779961360057804246,36.50957256,0.303
postprocess_ms,2_7_opt_bag_2,367,1779961360144724170,36.596492484,0.509
postprocess_ms,2_7_opt_bag_2,368,1779961360273375933,36.725144247,6.065
postprocess_ms,2_7_opt_bag_2,369,1779961360337310502,36.789078816,0.377
postprocess_ms,2_7_opt_bag_2,370,1779961360429903143,36.881671457,0.525
postprocess_ms,2_7_opt_bag_2,371,1779961360555835338,37.007603652,0.347
postprocess_ms,2_7_opt_bag_2,372,1779961360638593436,37.09036175,1.691
postprocess_ms,2_7_opt_bag_2,373,1779961360755685199,37.207453513000004,1.151
postprocess_ms,2_7_opt_bag_2,374,1779961360849506873,37.301275187,0.378
postprocess_ms,2_7_opt_bag_2,375,1779961360928599043,37.380367357000004,0.855
postprocess_ms,2_7_opt_bag_2,376,1779961361039040429,37.490808743,1.626
postprocess_ms,2_7_opt_bag_2,377,1779961361143245987,37.595014301,0.415
postprocess_ms,2_7_opt_bag_2,378,1779961361245639492,37.697407806,0.48
postprocess_ms,2_7_opt_bag_2,379,1779961361344352613,37.796120927000004,0.476
postprocess_ms,2_7_opt_bag_2,380,1779961361432319214,37.884087528,0.517
postprocess_ms,2_7_opt_bag_2,381,1779961361531348632,37.983116946,0.568
postprocess_ms,2_7_opt_bag_2,382,1779961361634583892,38.086352206,2.056
postprocess_ms,2_7_opt_bag_2,383,1779961361755771792,38.207540106,1.293
postprocess_ms,2_7_opt_bag_2,384,1779961361840251384,38.292019698000004,0.624
postprocess_ms,2_7_opt_bag_2,385,1779961361964974852,38.416743166,2.28
postprocess_ms,2_7_opt_bag_2,386,1779961362044995208,38.496763522,1.525
postprocess_ms,2_7_opt_bag_2,387,1779961362148712617,38.600480931,2.342
postprocess_ms,2_7_opt_bag_2,388,1779961362256811988,38.708580302,0.703
postprocess_ms,2_7_opt_bag_2,389,1779961362330235763,38.782004077,1.465
postprocess_ms,2_7_opt_bag_2,390,1779961362422313760,38.874082074,2.174
postprocess_ms,2_7_opt_bag_2,391,1779961362530420614,38.982188928,2.042
postprocess_ms,2_7_opt_bag_2,392,1779961362625825600,39.077593914000005,0.713
postprocess_ms,2_7_opt_bag_2,393,1779961362769594845,39.221363159,2.36
postprocess_ms,2_7_opt_bag_2,394,1779961362836978243,39.288746557,0.971
postprocess_ms,2_7_opt_bag_2,395,1779961362920360453,39.372128767,0.263
postprocess_ms,2_7_opt_bag_2,396,1779961363031736491,39.483504805,0.581
postprocess_ms,2_7_opt_bag_2,397,1779961363152648057,39.604416371,0.411
postprocess_ms,2_7_opt_bag_2,398,1779961363227355092,39.679123406,1.1
postprocess_ms,2_7_opt_bag_2,399,1779961363352773035,39.804541349000004,0.854
postprocess_ms,2_7_opt_bag_2,400,1779961363431073491,39.882841805000005,1.17
postprocess_ms,2_7_opt_bag_2,401,1779961363514587506,39.966355820000004,0.313
postprocess_ms,2_7_opt_bag_2,402,1779961363621299929,40.073068243,0.333
postprocess_ms,2_7_opt_bag_2,403,1779961363729871276,40.18163959,1.057
postprocess_ms,2_7_opt_bag_2,404,1779961363857263739,40.309032053,2.944
postprocess_ms,2_7_opt_bag_2,405,1779961363923827968,40.375596282000004,0.426
postprocess_ms,2_7_opt_bag_2,406,1779961364026414274,40.478182588,1.047
postprocess_ms,2_7_opt_bag_2,407,1779961364133953187,40.585721501,0.64
postprocess_ms,2_7_opt_bag_2,408,1779961364232209842,40.683978156,1.159
postprocess_ms,2_7_opt_bag_2,409,1779961364321731432,40.773499746000006,0.263
postprocess_ms,2_7_opt_bag_2,410,1779961364448630976,40.90039929,1.36
postprocess_ms,2_7_opt_bag_2,411,1779961364556001419,41.007769733,0.718
postprocess_ms,2_7_opt_bag_2,412,1779961364662136024,41.113904338000005,4.037
postprocess_ms,2_7_opt_bag_2,413,1779961364763937847,41.215706161,4.434
postprocess_ms,2_7_opt_bag_2,414,1779961364844204579,41.295972893000005,2.211
postprocess_ms,2_7_opt_bag_2,415,1779961364965428947,41.417197261000005,1.922
postprocess_ms,2_7_opt_bag_2,416,1779961365062576384,41.514344698,1.416
postprocess_ms,2_7_opt_bag_2,417,1779961365143986193,41.595754507,0.391
postprocess_ms,2_7_opt_bag_2,418,1779961365231741944,41.683510258000005,0.556
postprocess_ms,2_7_opt_bag_2,419,1779961365333046947,41.784815261000006,0.494
postprocess_ms,2_7_opt_bag_2,420,1779961365446872369,41.898640683,0.6
postprocess_ms,2_7_opt_bag_2,421,1779961365531888241,41.983656555,1.154
postprocess_ms,2_7_opt_bag_2,422,1779961365624402555,42.076170869,0.346
postprocess_ms,2_7_opt_bag_2,423,1779961365719686206,42.171454520000005,0.295
postprocess_ms,2_7_opt_bag_2,424,1779961365875571181,42.327339495000004,3.075
postprocess_ms,2_7_opt_bag_2,425,1779961365957991219,42.409759533000006,1.778
postprocess_ms,2_7_opt_bag_2,426,1779961366039476855,42.491245169,2.142
postprocess_ms,2_7_opt_bag_2,427,1779961366146779147,42.598547461,0.361
postprocess_ms,2_7_opt_bag_2,428,1779961366227189809,42.678958123,0.588
postprocess_ms,2_7_opt_bag_2,429,1779961366345706376,42.79747469,0.448
postprocess_ms,2_7_opt_bag_2,430,1779961366462005195,42.913773509,4.134
postprocess_ms,2_7_opt_bag_2,431,1779961366522646517,42.974414831000004,0.413
postprocess_ms,2_7_opt_bag_2,432,1779961366637960351,43.089728665,0.356
postprocess_ms,2_7_opt_bag_2,433,1779961366738422986,43.1901913,0.405
postprocess_ms,2_7_opt_bag_2,434,1779961366850965748,43.302734062000006,1.185
postprocess_ms,2_7_opt_bag_2,435,1779961366923997483,43.375765797,0.605
postprocess_ms,2_7_opt_bag_2,436,1779961367028698393,43.480466707000005,0.373
postprocess_ms,2_7_opt_bag_2,437,1779961367127954881,43.579723195,0.274
postprocess_ms,2_7_opt_bag_2,438,1779961367245632779,43.697401093,1.183
postprocess_ms,2_7_opt_bag_2,439,1779961367375531594,43.827299908,2.994
postprocess_ms,2_7_opt_bag_2,440,1779961367448364812,43.900133126,0.576
postprocess_ms,2_7_opt_bag_2,441,1779961367531867449,43.983635763,1.572
postprocess_ms,2_7_opt_bag_2,442,1779961367637589804,44.089358118,0.361
postprocess_ms,2_7_opt_bag_2,443,1779961367728575659,44.180343973,0.64
postprocess_ms,2_7_opt_bag_2,444,1779961367844706761,44.296475075000004,0.56
postprocess_ms,2_7_opt_bag_2,445,1779961367946180213,44.397948527000004,0.483
postprocess_ms,2_7_opt_bag_2,446,1779961368040675810,44.492444124,1.759
postprocess_ms,2_7_opt_bag_2,447,1779961368146426199,44.598194513,0.517
postprocess_ms,2_7_opt_bag_2,448,1779961368228509062,44.680277376,0.391
postprocess_ms,2_7_opt_bag_2,449,1779961368325726553,44.777494867,1.266
postprocess_ms,2_7_opt_bag_2,450,1779961368423598283,44.875366597,0.305
postprocess_ms,2_7_opt_bag_2,451,1779961368563496807,45.015265121000006,3.78
postprocess_ms,2_7_opt_bag_2,452,1779961368630883370,45.082651684000005,1.06
postprocess_ms,2_7_opt_bag_2,453,1779961368758286935,45.210055249,0.715
postprocess_ms,2_7_opt_bag_2,454,1779961368824514391,45.276282705,0.282
postprocess_ms,2_7_opt_bag_2,455,1779961368934911680,45.386679994000005,2.331
postprocess_ms,2_7_opt_bag_2,456,1779961369040467281,45.492235595000004,0.41
postprocess_ms,2_7_opt_bag_2,457,1779961369129569477,45.581337791,1.995
postprocess_ms,2_7_opt_bag_2,458,1779961369224656980,45.676425294000005,0.994
postprocess_ms,2_7_opt_bag_2,459,1779961369322204267,45.773972581,0.9
postprocess_ms,2_7_opt_bag_2,460,1779961369455286960,45.907055274,0.515
postprocess_ms,2_7_opt_bag_2,461,1779961369554107500,46.005875814,0.339
postprocess_ms,2_7_opt_bag_2,462,1779961369645271089,46.097039403000004,0.495
postprocess_ms,2_7_opt_bag_2,463,1779961369747130708,46.198899022000006,0.345
postprocess_ms,2_7_opt_bag_2,464,1779961369835430738,46.287199052000005,0.536
postprocess_ms,2_7_opt_bag_2,465,1779961369926394976,46.37816329,0.411
postprocess_ms,2_7_opt_bag_2,466,1779961370040173099,46.491941413000006,0.374
postprocess_ms,2_7_opt_bag_2,467,1779961370135283490,46.587051804000005,0.862
postprocess_ms,2_7_opt_bag_2,468,1779961370246753708,46.698522022000006,0.514
postprocess_ms,2_7_opt_bag_2,469,1779961370328446150,46.780214464000004,0.491
postprocess_ms,2_7_opt_bag_2,470,1779961370420717257,46.872485571000006,0.966
postprocess_ms,2_7_opt_bag_2,471,1779961370523293079,46.975061393000004,0.303
postprocess_ms,2_7_opt_bag_2,472,1779961370647016882,47.098785196,0.41
postprocess_ms,2_7_opt_bag_2,473,1779961370750559012,47.202327326,0.373
postprocess_ms,2_7_opt_bag_2,474,1779961370873189310,47.324957624,0.695
postprocess_ms,2_7_opt_bag_2,475,1779961370945778112,47.397546426000005,0.61
postprocess_ms,2_7_opt_bag_2,476,1779961371036494086,47.4882624,0.45
postprocess_ms,2_7_opt_bag_2,477,1779961371137326557,47.589094871,0.482
postprocess_ms,2_7_opt_bag_2,478,1779961371226417077,47.678185391,0.943
postprocess_ms,2_7_opt_bag_2,479,1779961371350220456,47.80198877,1.96
postprocess_ms,2_7_opt_bag_2,480,1779961371428791806,47.880560120000005,1.143
postprocess_ms,2_7_opt_bag_2,481,1779961371562392416,48.01416073,4.29
postprocess_ms,2_7_opt_bag_2,482,1779961371642366021,48.094134335,0.336
postprocess_ms,2_7_opt_bag_2,483,1779961371755582247,48.207350561000005,0.436
postprocess_ms,2_7_opt_bag_2,484,1779961371822573897,48.274342211000004,0.398
postprocess_ms,2_7_opt_bag_2,485,1779961371927221309,48.378989623,1.337
postprocess_ms,2_7_opt_bag_2,486,1779961372053513158,48.505281472,0.305
postprocess_ms,2_7_opt_bag_2,487,1779961372134181024,48.585949338000006,0.703
postprocess_ms,2_7_opt_bag_2,488,1779961372238285628,48.690053942000006,0.722
postprocess_ms,2_7_opt_bag_2,489,1779961372326979729,48.778748043,0.411
postprocess_ms,2_7_opt_bag_2,490,1779961372423440720,48.875209034,0.272
postprocess_ms,2_7_opt_bag_2,491,1779961372551153524,49.002921838000006,0.357
postprocess_ms,2_7_opt_bag_2,492,1779961372624874743,49.076643057000005,0.272
postprocess_ms,2_7_opt_bag_2,493,1779961372737819522,49.189587836,0.412
postprocess_ms,2_7_opt_bag_2,494,1779961372854340197,49.306108511000005,0.337
postprocess_ms,2_7_opt_bag_2,495,1779961372946651835,49.398420149,0.341
postprocess_ms,2_7_opt_bag_2,496,1779961373035236276,49.487004590000005,0.566
postprocess_ms,2_7_opt_bag_2,497,1779961373120889297,49.572657611000004,0.321
postprocess_ms,2_7_opt_bag_2,498,1779961373223621489,49.675389803,0.362
postprocess_ms,2_7_opt_bag_2,499,1779961373345387832,49.797156146000006,0.39
postprocess_ms,2_7_opt_bag_2,500,1779961373452180439,49.903948753,0.459
postprocess_ms,2_7_opt_bag_2,501,1779961373538920120,49.990688434000006,1.079
postprocess_ms,2_7_opt_bag_2,502,1779961373627354315,50.079122629000004,2.351
postprocess_ms,2_7_opt_bag_2,503,1779961373730484766,50.18225308,1.296
postprocess_ms,2_7_opt_bag_2,504,1779961373826195019,50.277963333,1.085
postprocess_ms,2_7_opt_bag_2,505,1779961373944450671,50.396218985000004,0.319
postprocess_ms,2_7_opt_bag_2,506,1779961374039061835,50.490830149000004,0.463
postprocess_ms,2_7_opt_bag_2,507,1779961374147567752,50.599336066000006,0.284
postprocess_ms,2_7_opt_bag_2,508,1779961374222045016,50.67381333,0.37
postprocess_ms,2_7_opt_bag_2,509,1779961374330839821,50.782608135000004,2.246
postprocess_ms,2_7_opt_bag_2,510,1779961374438658522,50.890426836,0.431
postprocess_ms,2_7_opt_bag_2,511,1779961374525268494,50.977036808,0.354
postprocess_ms,2_7_opt_bag_2,512,1779961374645709503,51.097477817000005,0.351
postprocess_ms,2_7_opt_bag_2,513,1779961374738208514,51.189976828000006,0.333
postprocess_ms,2_7_opt_bag_2,514,1779961374853056676,51.30482499,0.313
postprocess_ms,2_7_opt_bag_2,515,1779961374926979707,51.378748021,2.259
postprocess_ms,2_7_opt_bag_2,516,1779961375030744545,51.482512859,0.627
postprocess_ms,2_7_opt_bag_2,517,1779961375140858148,51.592626462000005,0.396
postprocess_ms,2_7_opt_bag_2,518,1779961375253282868,51.705051182000005,1.195
postprocess_ms,2_7_opt_bag_2,519,1779961375344942906,51.796711220000006,0.387
postprocess_ms,2_7_opt_bag_2,520,1779961375436114829,51.887883143,0.828
postprocess_ms,2_7_opt_bag_2,521,1779961375523637691,51.975406005,0.286
postprocess_ms,2_7_opt_bag_2,522,1779961375615789378,52.067557692,0.319
postprocess_ms,2_7_opt_bag_2,523,1779961375735717083,52.187485397,1.135
postprocess_ms,2_7_opt_bag_2,524,1779961375821760804,52.273529118000006,0.263
postprocess_ms,2_7_opt_bag_2,525,1779961375929784246,52.38155256,0.478
postprocess_ms,2_7_opt_bag_2,526,1779961376015556584,52.467324898,1.076
postprocess_ms,2_7_opt_bag_2,527,1779961376122742861,52.574511175000005,0.268
postprocess_ms,2_7_opt_bag_2,528,1779961376259342123,52.711110437,2.606
postprocess_ms,2_7_opt_bag_2,529,1779961376351104663,52.802872977,0.412
postprocess_ms,2_7_opt_bag_2,530,1779961376446880213,52.898648527000006,0.319
postprocess_ms,2_7_opt_bag_2,531,1779961376534756254,52.986524568,1.113
postprocess_ms,2_7_opt_bag_2,532,1779961376626819308,53.078587622,0.264
postprocess_ms,2_7_opt_bag_2,533,1779961376731286385,53.183054699,1.053
postprocess_ms,2_7_opt_bag_2,534,1779961376827410727,53.279179041000006,1.014
postprocess_ms,2_7_opt_bag_2,535,1779961376947250030,53.399018344000005,0.307
postprocess_ms,2_7_opt_bag_2,536,1779961377029344579,53.481112893,2.326
postprocess_ms,2_7_opt_bag_2,537,1779961377131096448,53.582864762,1.839
postprocess_ms,2_7_opt_bag_2,538,1779961377230881729,53.682650043,0.353
postprocess_ms,2_7_opt_bag_2,539,1779961377335376074,53.787144388,0.978
postprocess_ms,2_7_opt_bag_2,540,1779961377438698031,53.890466345,0.324
postprocess_ms,2_7_opt_bag_2,541,1779961377595064319,54.046832633,0.534
postprocess_ms,2_7_opt_bag_2,542,1779961377631225350,54.082993664,1.215
postprocess_ms,2_7_opt_bag_2,543,1779961377747768029,54.199536343000005,0.346
postprocess_ms,2_7_opt_bag_2,544,1779961377835197404,54.286965718000005,0.464
postprocess_ms,2_7_opt_bag_2,545,1779961377923019390,54.374787704000006,1.192
postprocess_ms,2_7_opt_bag_2,546,1779961378023019645,54.474787959000004,0.45
postprocess_ms,2_7_opt_bag_2,547,1779961378127012105,54.578780419000005,1.067
postprocess_ms,2_7_opt_bag_2,548,1779961378225387994,54.677156308,1.066
postprocess_ms,2_7_opt_bag_2,549,1779961378316429349,54.768197663,0.245
postprocess_ms,2_7_opt_bag_2,550,1779961378458167236,54.90993555,1.802
postprocess_ms,2_7_opt_bag_2,551,1779961378548808171,55.000576485,0.491
postprocess_ms,2_7_opt_bag_2,552,1779961378642530921,55.094299235,0.378
postprocess_ms,2_7_opt_bag_2,553,1779961378722584985,55.174353299,0.299
postprocess_ms,2_7_opt_bag_2,554,1779961378852096350,55.303864664,1.257
postprocess_ms,2_7_opt_bag_2,555,1779961378974975308,55.426743622000004,6.668
postprocess_ms,2_7_opt_bag_2,556,1779961379054735041,55.50650335500001,0.383
postprocess_ms,2_7_opt_bag_2,557,1779961379158538026,55.61030634,1.211
postprocess_ms,2_7_opt_bag_2,558,1779961379222666714,55.674435028000005,0.332
postprocess_ms,2_7_opt_bag_2,559,1779961379332034235,55.783802549,0.373
postprocess_ms,2_7_opt_bag_2,560,1779961379445799158,55.897567472000006,1.645
postprocess_ms,2_7_opt_bag_2,561,1779961379528342575,55.980110889,0.342
postprocess_ms,2_7_opt_bag_2,562,1779961379645078191,56.096846505,0.472
postprocess_ms,2_7_opt_bag_2,563,1779961379739398391,56.191166705,0.782
postprocess_ms,2_7_opt_bag_2,564,1779961379856370091,56.308138405,0.967
postprocess_ms,2_7_opt_bag_2,565,1779961379938288741,56.39005705500001,1.17
postprocess_ms,2_7_opt_bag_2,566,1779961380030482953,56.482251267,0.312
postprocess_ms,2_7_opt_bag_2,567,1779961380154838264,56.606606578000005,1.566
postprocess_ms,2_7_opt_bag_2,568,1779961380225350769,56.677119083,1.089
postprocess_ms,2_7_opt_bag_2,569,1779961380342278620,56.794046934,1.426
postprocess_ms,2_7_opt_bag_2,570,1779961380426217702,56.877986016,0.486
postprocess_ms,2_7_opt_bag_2,571,1779961380567025391,57.018793705,1.735
postprocess_ms,2_7_opt_bag_2,572,1779961380682284817,57.134053131,1.828
postprocess_ms,2_7_opt_bag_2,573,1779961380741461754,57.193230068000005,0.505
postprocess_ms,2_7_opt_bag_2,574,1779961380838162681,57.289930995000006,0.697
postprocess_ms,2_7_opt_bag_2,575,1779961380927462206,57.37923052,1.348
postprocess_ms,2_7_opt_bag_2,576,1779961381041036845,57.49280515900001,0.367
postprocess_ms,2_7_opt_bag_2,577,1779961381120903634,57.57267194800001,1.111
postprocess_ms,2_7_opt_bag_2,578,1779961381233304642,57.685072956000006,1.226
postprocess_ms,2_7_opt_bag_2,579,1779961381360516988,57.81228530200001,0.621
postprocess_ms,2_7_opt_bag_2,580,1779961381433549396,57.88531771,0.463
postprocess_ms,2_7_opt_bag_2,581,1779961381548934586,58.0007029,0.303
postprocess_ms,2_7_opt_bag_2,582,1779961381625287576,58.077055890000004,0.364
postprocess_ms,2_7_opt_bag_2,583,1779961381726441545,58.178209859000006,0.969
postprocess_ms,2_7_opt_bag_2,584,1779961381834102465,58.28587077900001,1.003
postprocess_ms,2_7_opt_bag_2,585,1779961381935564881,58.387333195000004,0.679
postprocess_ms,2_7_opt_bag_2,586,1779961382026190558,58.477958872,0.579
postprocess_ms,2_7_opt_bag_2,587,1779961382129642086,58.5814104,1.784
postprocess_ms,2_7_opt_bag_2,588,1779961382240289384,58.692057698000006,0.297
postprocess_ms,2_7_opt_bag_2,589,1779961382329648986,58.7814173,1.291
postprocess_ms,2_7_opt_bag_2,590,1779961382422647465,58.874415779,0.345
postprocess_ms,2_7_opt_bag_2,591,1779961382531920006,58.983688320000006,0.544
postprocess_ms,2_7_opt_bag_2,592,1779961382633232608,59.085000922000006,0.744
postprocess_ms,2_7_opt_bag_2,593,1779961382739079047,59.190847361,0.359
postprocess_ms,2_7_opt_bag_2,594,1779961382816582102,59.268350416000004,0.272
postprocess_ms,2_7_opt_bag_3,0,1779961417111594365,0.0,1.06
postprocess_ms,2_7_opt_bag_3,1,1779961417157050210,0.045455845,1.437
postprocess_ms,2_7_opt_bag_3,2,1779961417253880308,0.142285943,0.414
postprocess_ms,2_7_opt_bag_3,3,1779961417375148030,0.263553665,0.276
postprocess_ms,2_7_opt_bag_3,4,1779961417489432608,0.377838243,0.899
postprocess_ms,2_7_opt_bag_3,5,1779961417558203830,0.44660946500000004,0.413
postprocess_ms,2_7_opt_bag_3,6,1779961417659101414,0.547507049,3.823
postprocess_ms,2_7_opt_bag_3,7,1779961417770356776,0.658762411,0.305
postprocess_ms,2_7_opt_bag_3,8,1779961417870111314,0.758516949,0.397
postprocess_ms,2_7_opt_bag_3,9,1779961417964530521,0.8529361560000001,2.687
postprocess_ms,2_7_opt_bag_3,10,1779961418086664525,0.97507016,1.038
postprocess_ms,2_7_opt_bag_3,11,1779961418181495569,1.069901204,0.347
postprocess_ms,2_7_opt_bag_3,12,1779961418282587399,1.170993034,0.859
postprocess_ms,2_7_opt_bag_3,13,1779961418362572461,1.250978096,0.399
postprocess_ms,2_7_opt_bag_3,14,1779961418484831122,1.3732367570000001,3.123
postprocess_ms,2_7_opt_bag_3,15,1779961418550446415,1.4388520500000002,0.577
postprocess_ms,2_7_opt_bag_3,16,1779961418663367192,1.5517728270000002,2.156
postprocess_ms,2_7_opt_bag_3,17,1779961418770266713,1.658672348,0.351
postprocess_ms,2_7_opt_bag_3,18,1779961418860707598,1.749113233,1.294
postprocess_ms,2_7_opt_bag_3,19,1779961418979823442,1.868229077,0.361
postprocess_ms,2_7_opt_bag_3,20,1779961419068263325,1.95666896,0.302
postprocess_ms,2_7_opt_bag_3,21,1779961419172742135,2.0611477700000003,0.32
postprocess_ms,2_7_opt_bag_3,22,1779961419257167963,2.145573598,0.308
postprocess_ms,2_7_opt_bag_3,23,1779961419356432467,2.244838102,0.431
postprocess_ms,2_7_opt_bag_3,24,1779961419455993738,2.3443993730000003,0.682
postprocess_ms,2_7_opt_bag_3,25,1779961419559365589,2.4477712240000002,0.986
postprocess_ms,2_7_opt_bag_3,26,1779961419654325032,2.5427306670000003,1.117
postprocess_ms,2_7_opt_bag_3,27,1779961419769296892,2.657702527,0.294
postprocess_ms,2_7_opt_bag_3,28,1779961419853393145,2.7417987800000003,0.391
postprocess_ms,2_7_opt_bag_3,29,1779961419990827689,2.8792333240000003,1.765
postprocess_ms,2_7_opt_bag_3,30,1779961420076372925,2.96477856,2.435
postprocess_ms,2_7_opt_bag_3,31,1779961420181429432,3.069835067,0.563
postprocess_ms,2_7_opt_bag_3,32,1779961420268557161,3.156962796,0.951
postprocess_ms,2_7_opt_bag_3,33,1779961420362064358,3.2504699930000003,0.524
postprocess_ms,2_7_opt_bag_3,34,1779961420470578988,3.358984623,0.548
postprocess_ms,2_7_opt_bag_3,35,1779961420572262754,3.4606683890000003,0.434
postprocess_ms,2_7_opt_bag_3,36,1779961420679541686,3.567947321,0.476
postprocess_ms,2_7_opt_bag_3,37,1779961420753357242,3.641762877,0.388
postprocess_ms,2_7_opt_bag_3,38,1779961420893174705,3.78158034,2.212
postprocess_ms,2_7_opt_bag_3,39,1779961420962796213,3.851201848,1.892
postprocess_ms,2_7_opt_bag_3,40,1779961421089973757,3.9783793920000003,0.903
postprocess_ms,2_7_opt_bag_3,41,1779961421173294651,4.061700286000001,0.384
postprocess_ms,2_7_opt_bag_3,42,1779961421251131118,4.139536753000001,0.334
postprocess_ms,2_7_opt_bag_3,43,1779961421357833965,4.2462396,0.541
postprocess_ms,2_7_opt_bag_3,44,1779961421476832314,4.365237949,0.793
postprocess_ms,2_7_opt_bag_3,45,1779961421588601978,4.4770076130000005,0.338
postprocess_ms,2_7_opt_bag_3,46,1779961421671087673,4.559493308,0.453
postprocess_ms,2_7_opt_bag_3,47,1779961421764814292,4.653219927,0.386
postprocess_ms,2_7_opt_bag_3,48,1779961421900969385,4.7893750200000005,2.958
postprocess_ms,2_7_opt_bag_3,49,1779961421953442076,4.841847711000001,0.306
postprocess_ms,2_7_opt_bag_3,50,1779961422051521434,4.939927069,2.252
postprocess_ms,2_7_opt_bag_3,51,1779961422171531211,5.059936846,0.404
postprocess_ms,2_7_opt_bag_3,52,1779961422273924513,5.162330148000001,0.338
postprocess_ms,2_7_opt_bag_3,53,1779961422381676944,5.270082579,0.364
postprocess_ms,2_7_opt_bag_3,54,1779961422466916816,5.355322451,0.394
postprocess_ms,2_7_opt_bag_3,55,1779961422563829997,5.452235632000001,0.595
postprocess_ms,2_7_opt_bag_3,56,1779961422664231550,5.552637185,1.418
postprocess_ms,2_7_opt_bag_3,57,1779961422757277845,5.645683480000001,0.322
postprocess_ms,2_7_opt_bag_3,58,1779961422857677130,5.746082765000001,2.078
postprocess_ms,2_7_opt_bag_3,59,1779961422964108630,5.852514265,0.318
postprocess_ms,2_7_opt_bag_3,60,1779961423098969877,5.987375512000001,0.468
postprocess_ms,2_7_opt_bag_3,61,1779961423161842563,6.050248198,3.169
postprocess_ms,2_7_opt_bag_3,62,1779961423292176567,6.180582202,4.193
postprocess_ms,2_7_opt_bag_3,63,1779961423353243238,6.241648873000001,1.808
postprocess_ms,2_7_opt_bag_3,64,1779961423499999229,6.388404864,3.064
postprocess_ms,2_7_opt_bag_3,65,1779961423565200398,6.453606033000001,1.921
postprocess_ms,2_7_opt_bag_3,66,1779961423663380755,6.55178639,0.516
postprocess_ms,2_7_opt_bag_3,67,1779961423759131063,6.647536698000001,1.041
postprocess_ms,2_7_opt_bag_3,68,1779961423869060162,6.757465797,0.34
postprocess_ms,2_7_opt_bag_3,69,1779961423976348272,6.864753907000001,0.426
postprocess_ms,2_7_opt_bag_3,70,1779961424053743080,6.942148715,0.36
postprocess_ms,2_7_opt_bag_3,71,1779961424174536759,7.062942394,0.41
postprocess_ms,2_7_opt_bag_3,72,1779961424271473867,7.159879502000001,0.274
postprocess_ms,2_7_opt_bag_3,73,1779961424361025195,7.2494308300000005,1.253
postprocess_ms,2_7_opt_bag_3,74,1779961424464590123,7.3529957580000005,1.137
postprocess_ms,2_7_opt_bag_3,75,1779961424568764894,7.457170529000001,0.432
postprocess_ms,2_7_opt_bag_3,76,1779961424685204478,7.573610113000001,2.082
postprocess_ms,2_7_opt_bag_3,77,1779961424761627909,7.650033544,2.327
postprocess_ms,2_7_opt_bag_3,78,1779961424879922576,7.768328211000001,1.001
postprocess_ms,2_7_opt_bag_3,79,1779961424954016916,7.842422551,0.29
postprocess_ms,2_7_opt_bag_3,80,1779961425094686251,7.983091886,1.453
postprocess_ms,2_7_opt_bag_3,81,1779961425197039141,8.085444776000001,1.837
postprocess_ms,2_7_opt_bag_3,82,1779961425255284180,8.143689815,1.873
postprocess_ms,2_7_opt_bag_3,83,1779961425367355633,8.255761268,0.367
postprocess_ms,2_7_opt_bag_3,84,1779961425471670864,8.360076499,1.469
postprocess_ms,2_7_opt_bag_3,85,1779961425580862278,8.469267913000001,0.384
postprocess_ms,2_7_opt_bag_3,86,1779961425663789190,8.552194825,2.477
postprocess_ms,2_7_opt_bag_3,87,1779961425752402758,8.640808393,0.251
postprocess_ms,2_7_opt_bag_3,88,1779961425884620041,8.773025676000001,0.545
postprocess_ms,2_7_opt_bag_3,89,1779961425989353298,8.877758933,0.858
postprocess_ms,2_7_opt_bag_3,90,1779961426082852804,8.971258439000001,1.817
postprocess_ms,2_7_opt_bag_3,91,1779961426175484725,9.06389036,0.404
postprocess_ms,2_7_opt_bag_3,92,1779961426301093848,9.189499483,0.343
postprocess_ms,2_7_opt_bag_3,93,1779961426370412974,9.258818609,1.05
postprocess_ms,2_7_opt_bag_3,94,1779961426468689225,9.35709486,2.036
postprocess_ms,2_7_opt_bag_3,95,1779961426561618232,9.450023867,1.018
postprocess_ms,2_7_opt_bag_3,96,1779961426678764159,9.567169794,1.744
postprocess_ms,2_7_opt_bag_3,97,1779961426763800628,9.652206263,1.039
postprocess_ms,2_7_opt_bag_3,98,1779961426865929281,9.754334916000001,1.672
postprocess_ms,2_7_opt_bag_3,99,1779961426955451243,9.843856878,0.435
postprocess_ms,2_7_opt_bag_3,100,1779961427072687121,9.961092756000001,0.325
postprocess_ms,2_7_opt_bag_3,101,1779961427164884411,10.053290046,0.35
postprocess_ms,2_7_opt_bag_3,102,1779961427271935290,10.160340925,0.635
postprocess_ms,2_7_opt_bag_3,103,1779961427354236785,10.242642420000001,0.481
postprocess_ms,2_7_opt_bag_3,104,1779961427468868118,10.357273753000001,1.826
postprocess_ms,2_7_opt_bag_3,105,1779961427568429640,10.456835275000001,0.348
postprocess_ms,2_7_opt_bag_3,106,1779961427664160812,10.552566447,1.791
postprocess_ms,2_7_opt_bag_3,107,1779961427751416189,10.639821824,0.36
postprocess_ms,2_7_opt_bag_3,108,1779961427858242444,10.746648079,0.712
postprocess_ms,2_7_opt_bag_3,109,1779961427996113746,10.884519381,0.577
postprocess_ms,2_7_opt_bag_3,110,1779961428095087332,10.983492967,2.701
postprocess_ms,2_7_opt_bag_3,111,1779961428190055464,11.078461099,3.141
postprocess_ms,2_7_opt_bag_3,112,1779961428280553149,11.168958784,1.067
postprocess_ms,2_7_opt_bag_3,113,1779961428353637064,11.242042699,0.436
postprocess_ms,2_7_opt_bag_3,114,1779961428464752960,11.353158595,1.231
postprocess_ms,2_7_opt_bag_3,115,1779961428575788534,11.464194169,0.287
postprocess_ms,2_7_opt_bag_3,116,1779961428658420521,11.546826156,1.813
postprocess_ms,2_7_opt_bag_3,117,1779961428751412851,11.639818486000001,0.335
postprocess_ms,2_7_opt_bag_3,118,1779961428857297358,11.745702993,0.889
postprocess_ms,2_7_opt_bag_3,119,1779961428984349264,11.872754899,0.698
postprocess_ms,2_7_opt_bag_3,120,1779961429059333827,11.947739462000001,0.477
postprocess_ms,2_7_opt_bag_3,121,1779961429218588883,12.106994518,0.373
postprocess_ms,2_7_opt_bag_3,122,1779961429262844341,12.151249976,0.838
postprocess_ms,2_7_opt_bag_3,123,1779961429358994532,12.247400167,2.104
postprocess_ms,2_7_opt_bag_3,124,1779961429470855731,12.359261366,1.912
postprocess_ms,2_7_opt_bag_3,125,1779961429551843152,12.440248787000002,0.379
postprocess_ms,2_7_opt_bag_3,126,1779961429681246280,12.569651915000001,0.441
postprocess_ms,2_7_opt_bag_3,127,1779961429781070212,12.669475847000001,0.304
postprocess_ms,2_7_opt_bag_3,128,1779961429902532578,12.790938213,1.147
postprocess_ms,2_7_opt_bag_3,129,1779961429985261224,12.873666859,0.286
postprocess_ms,2_7_opt_bag_3,130,1779961430071516226,12.959921861000002,1.115
postprocess_ms,2_7_opt_bag_3,131,1779961430161877538,13.050283173,0.473
postprocess_ms,2_7_opt_bag_3,132,1779961430299615859,13.188021494000001,0.331
postprocess_ms,2_7_opt_bag_3,133,1779961430350725478,13.239131113000001,0.33
postprocess_ms,2_7_opt_bag_3,134,1779961430452119899,13.340525534000001,0.299
postprocess_ms,2_7_opt_bag_3,135,1779961430566722000,13.455127635,6.64
postprocess_ms,2_7_opt_bag_3,136,1779961430666365281,13.554770916,0.408
postprocess_ms,2_7_opt_bag_3,137,1779961430758869624,13.647275259,0.749
postprocess_ms,2_7_opt_bag_3,138,1779961430870737101,13.759142736000001,0.262
postprocess_ms,2_7_opt_bag_3,139,1779961430953221888,13.841627523000001,0.333
postprocess_ms,2_7_opt_bag_3,140,1779961431081611072,13.970016707000001,0.368
postprocess_ms,2_7_opt_bag_3,141,1779961431160914228,14.049319863000001,0.407
postprocess_ms,2_7_opt_bag_3,142,1779961431286573509,14.174979144000002,0.389
postprocess_ms,2_7_opt_bag_3,143,1779961431356484811,14.244890446000001,1.091
postprocess_ms,2_7_opt_bag_3,144,1779961431487479342,14.375884977,1.291
postprocess_ms,2_7_opt_bag_3,145,1779961431563762038,14.452167673000002,0.553
postprocess_ms,2_7_opt_bag_3,146,1779961431663995221,14.552400856,0.702
postprocess_ms,2_7_opt_bag_3,147,1779961431764457086,14.652862721000002,0.437
postprocess_ms,2_7_opt_bag_3,148,1779961431856633500,14.745039135,0.286
postprocess_ms,2_7_opt_bag_3,149,1779961431959705414,14.848111049000002,0.705
postprocess_ms,2_7_opt_bag_3,150,1779961432058403713,14.946809348,1.918
postprocess_ms,2_7_opt_bag_3,151,1779961432159922328,15.048327963,0.377
postprocess_ms,2_7_opt_bag_3,152,1779961432252160825,15.14056646,0.394
postprocess_ms,2_7_opt_bag_3,153,1779961432374751836,15.263157471000001,1.96
postprocess_ms,2_7_opt_bag_3,154,1779961432461028623,15.349434258,0.853
postprocess_ms,2_7_opt_bag_3,155,1779961432562448608,15.450854243,0.371
postprocess_ms,2_7_opt_bag_3,156,1779961432658210829,15.546616464000001,2.605
postprocess_ms,2_7_opt_bag_3,157,1779961432798755428,15.687161063000001,6.984
postprocess_ms,2_7_opt_bag_3,158,1779961432877276436,15.765682071,0.364
postprocess_ms,2_7_opt_bag_3,159,1779961432982371350,15.870776985000001,1.261
postprocess_ms,2_7_opt_bag_3,160,1779961433063530491,15.951936126000001,1.112
postprocess_ms,2_7_opt_bag_3,161,1779961433179116610,16.067522245,0.492
postprocess_ms,2_7_opt_bag_3,162,1779961433264914299,16.153319934000002,0.369
postprocess_ms,2_7_opt_bag_3,163,1779961433352584042,16.240989677,0.413
postprocess_ms,2_7_opt_bag_3,164,1779961433473710780,16.362116415000003,1.351
postprocess_ms,2_7_opt_bag_3,165,1779961433575503231,16.463908866,0.656
postprocess_ms,2_7_opt_bag_3,166,1779961433663056842,16.551462477,0.76
postprocess_ms,2_7_opt_bag_3,167,1779961433770826004,16.659231639,0.291
postprocess_ms,2_7_opt_bag_3,168,1779961433851790344,16.740195979000003,0.32
postprocess_ms,2_7_opt_bag_3,169,1779961433958048368,16.846454003,0.712
postprocess_ms,2_7_opt_bag_3,170,1779961434051333853,16.939739488,0.454
postprocess_ms,2_7_opt_bag_3,171,1779961434186823380,17.075229015,1.731
postprocess_ms,2_7_opt_bag_3,172,1779961434257510585,17.14591622,1.217
postprocess_ms,2_7_opt_bag_3,173,1779961434374420638,17.262826273,1.029
postprocess_ms,2_7_opt_bag_3,174,1779961434461260163,17.349665798,1.666
postprocess_ms,2_7_opt_bag_3,175,1779961434566809769,17.455215404,2.345
postprocess_ms,2_7_opt_bag_3,176,1779961434675385272,17.563790907,0.424
postprocess_ms,2_7_opt_bag_3,177,1779961434750934803,17.639340438,1.639
postprocess_ms,2_7_opt_bag_3,178,1779961434889424865,17.7778305,1.912
postprocess_ms,2_7_opt_bag_3,179,1779961434988463055,17.876868690000002,1.141
postprocess_ms,2_7_opt_bag_3,180,1779961435053665077,17.942070712,1.373
postprocess_ms,2_7_opt_bag_3,181,1779961435158414028,18.046819663,1.247
postprocess_ms,2_7_opt_bag_3,182,1779961435260392322,18.148797957000003,1.081
postprocess_ms,2_7_opt_bag_3,183,1779961435366266458,18.254672093,1.64
postprocess_ms,2_7_opt_bag_3,184,1779961435466245531,18.354651166,0.368
postprocess_ms,2_7_opt_bag_3,185,1779961435611859486,18.500265121,0.523
postprocess_ms,2_7_opt_bag_3,186,1779961435654022113,18.542427748,0.649
postprocess_ms,2_7_opt_bag_3,187,1779961435752709172,18.641114807,0.321
postprocess_ms,2_7_opt_bag_3,188,1779961435911790136,18.800195771000002,1.564
postprocess_ms,2_7_opt_bag_3,189,1779961435975386434,18.863792069000002,0.297
postprocess_ms,2_7_opt_bag_3,190,1779961436070408838,18.958814473,0.847
postprocess_ms,2_7_opt_bag_3,191,1779961436154704722,19.043110357,0.358
postprocess_ms,2_7_opt_bag_3,192,1779961436263723603,19.152129238,0.62
postprocess_ms,2_7_opt_bag_3,193,1779961436359071722,19.247477357,0.341
postprocess_ms,2_7_opt_bag_3,194,1779961436455184433,19.343590068,0.825
postprocess_ms,2_7_opt_bag_3,195,1779961436551773861,19.440179496000003,0.252
postprocess_ms,2_7_opt_bag_3,196,1779961436680852191,19.569257826,0.534
postprocess_ms,2_7_opt_bag_3,197,1779961436770611796,19.659017431000002,0.45
postprocess_ms,2_7_opt_bag_3,198,1779961436884400209,19.772805844,1.349
postprocess_ms,2_7_opt_bag_3,199,1779961436979044202,19.867449837000002,0.442
postprocess_ms,2_7_opt_bag_3,200,1779961437119931981,20.008337616000002,0.376
postprocess_ms,2_7_opt_bag_3,201,1779961437171146512,20.059552147,0.372
postprocess_ms,2_7_opt_bag_3,202,1779961437280377096,20.168782731,0.305
postprocess_ms,2_7_opt_bag_3,203,1779961437380177362,20.268582997000003,0.311
postprocess_ms,2_7_opt_bag_3,204,1779961437489245218,20.377650853000002,1.352
postprocess_ms,2_7_opt_bag_3,205,1779961437560907439,20.449313074000003,2.24
postprocess_ms,2_7_opt_bag_3,206,1779961437704274157,20.592679792000002,23.586
postprocess_ms,2_7_opt_bag_3,207,1779961437760567931,20.648973566000002,0.881
postprocess_ms,2_7_opt_bag_3,208,1779961437877479284,20.765884919,20.389
postprocess_ms,2_7_opt_bag_3,209,1779961437959566583,20.847972218000002,0.75
postprocess_ms,2_7_opt_bag_3,210,1779961438075919799,20.964325434000003,0.289
postprocess_ms,2_7_opt_bag_3,211,1779961438161100339,21.049505974000002,1.116
postprocess_ms,2_7_opt_bag_3,212,1779961438273755030,21.162160665000002,0.442
postprocess_ms,2_7_opt_bag_3,213,1779961438368546897,21.256952532,0.501
postprocess_ms,2_7_opt_bag_3,214,1779961438483863066,21.372268701000003,0.692
postprocess_ms,2_7_opt_bag_3,215,1779961438579930106,21.468335741,2.409
postprocess_ms,2_7_opt_bag_3,216,1779961438669926761,21.558332396,0.275
postprocess_ms,2_7_opt_bag_3,217,1779961438781528539,21.669934174,0.312
postprocess_ms,2_7_opt_bag_3,218,1779961438900555464,21.788961099,7.316
postprocess_ms,2_7_opt_bag_3,219,1779961438963245289,21.851650924,0.774
postprocess_ms,2_7_opt_bag_3,220,1779961439088624412,21.977030047000003,1.58
postprocess_ms,2_7_opt_bag_3,221,1779961439220312752,22.108718387,0.438
postprocess_ms,2_7_opt_bag_3,222,1779961439262163231,22.150568866,1.105
postprocess_ms,2_7_opt_bag_3,223,1779961439378032064,22.266437699,0.688
postprocess_ms,2_7_opt_bag_3,224,1779961439496296453,22.384702088,1.078
postprocess_ms,2_7_opt_bag_3,225,1779961439580159699,22.468565334,4.354
postprocess_ms,2_7_opt_bag_3,226,1779961439682570595,22.570976230000003,0.613
postprocess_ms,2_7_opt_bag_3,227,1779961439773101277,22.661506912,0.391
postprocess_ms,2_7_opt_bag_3,228,1779961439859350367,22.747756002000003,0.408
postprocess_ms,2_7_opt_bag_3,229,1779961439986651481,22.875057116,0.609
postprocess_ms,2_7_opt_bag_3,230,1779961440075925025,22.96433066,0.414
postprocess_ms,2_7_opt_bag_3,231,1779961440177447761,23.065853396,0.382
postprocess_ms,2_7_opt_bag_3,232,1779961440284861020,23.173266655000003,3.18
postprocess_ms,2_7_opt_bag_3,233,1779961440374521047,23.262926682,0.494
postprocess_ms,2_7_opt_bag_3,234,1779961440479943531,23.368349166,0.438
postprocess_ms,2_7_opt_bag_3,235,1779961440584233331,23.472638966,3.053
postprocess_ms,2_7_opt_bag_3,236,1779961440699172428,23.587578063000002,0.743
postprocess_ms,2_7_opt_bag_3,237,1779961440760450281,23.648855916000002,2.882
postprocess_ms,2_7_opt_bag_3,238,1779961440855304428,23.743710063,1.514
postprocess_ms,2_7_opt_bag_3,239,1779961440984614843,23.873020478,1.104
postprocess_ms,2_7_opt_bag_3,240,1779961441062230646,23.950636281,0.799
postprocess_ms,2_7_opt_bag_3,241,1779961441177638249,24.066043884000003,0.385
postprocess_ms,2_7_opt_bag_3,242,1779961441270182616,24.158588251,0.433
postprocess_ms,2_7_opt_bag_3,243,1779961441385235784,24.273641419,0.336
postprocess_ms,2_7_opt_bag_3,244,1779961441472703554,24.361109189,0.405
postprocess_ms,2_7_opt_bag_3,245,1779961441562684066,24.451089701,1.321
postprocess_ms,2_7_opt_bag_3,246,1779961441659995857,24.548401492,0.558
postprocess_ms,2_7_opt_bag_3,247,1779961441752544647,24.640950282000002,0.289
postprocess_ms,2_7_opt_bag_3,248,1779961441861360971,24.749766606,1.019
postprocess_ms,2_7_opt_bag_3,249,1779961441977778995,24.866184630000003,0.608
postprocess_ms,2_7_opt_bag_3,250,1779961442075676000,24.964081635000003,0.451
postprocess_ms,2_7_opt_bag_3,251,1779961442167979253,25.056384888,0.388
postprocess_ms,2_7_opt_bag_3,252,1779961442257761791,25.146167426,0.859
postprocess_ms,2_7_opt_bag_3,253,1779961442348413590,25.236819225,0.295
postprocess_ms,2_7_opt_bag_3,254,1779961442459312042,25.347717677000002,1.437
postprocess_ms,2_7_opt_bag_3,255,1779961442555665677,25.444071312000002,0.422
postprocess_ms,2_7_opt_bag_3,256,1779961442675377409,25.563783044,1.633
postprocess_ms,2_7_opt_bag_3,257,1779961442761386639,25.649792274000003,0.725
postprocess_ms,2_7_opt_bag_3,258,1779961442875437829,25.763843464,0.335
postprocess_ms,2_7_opt_bag_3,259,1779961442961562525,25.849968160000003,0.594
postprocess_ms,2_7_opt_bag_3,260,1779961443087177569,25.975583204000003,1.584
postprocess_ms,2_7_opt_bag_3,261,1779961443152671788,26.041077423,0.361
postprocess_ms,2_7_opt_bag_3,262,1779961443254431397,26.142837032000003,0.518
postprocess_ms,2_7_opt_bag_3,263,1779961443359550769,26.247956404,1.997
postprocess_ms,2_7_opt_bag_3,264,1779961443489139002,26.377544637000003,0.343
postprocess_ms,2_7_opt_bag_3,265,1779961443608415379,26.496821014000002,2.92
postprocess_ms,2_7_opt_bag_3,266,1779961443711779949,26.600185584000002,0.306
postprocess_ms,2_7_opt_bag_3,267,1779961443774008163,26.662413798000003,0.451
postprocess_ms,2_7_opt_bag_3,268,1779961443871818681,26.760224316000002,0.487
postprocess_ms,2_7_opt_bag_3,269,1779961443954736631,26.843142266,1.046
postprocess_ms,2_7_opt_bag_3,270,1779961444050678961,26.939084596,0.283
postprocess_ms,2_7_opt_bag_3,271,1779961444188420878,27.076826513,0.326
postprocess_ms,2_7_opt_bag_3,272,1779961444263500988,27.151906623000002,1.406
postprocess_ms,2_7_opt_bag_3,273,1779961444350640414,27.239046049000002,0.506
postprocess_ms,2_7_opt_bag_3,274,1779961444479016324,27.367421959,0.317
postprocess_ms,2_7_opt_bag_3,275,1779961444573811842,27.462217477000003,0.492
postprocess_ms,2_7_opt_bag_3,276,1779961444668543658,27.556949293000002,0.352
postprocess_ms,2_7_opt_bag_3,277,1779961444762866001,27.651271636,0.783
postprocess_ms,2_7_opt_bag_3,278,1779961444896171369,27.784577004000003,0.63
postprocess_ms,2_7_opt_bag_3,279,1779961445010852436,27.899258071000002,1.485
postprocess_ms,2_7_opt_bag_3,280,1779961445110639952,27.999045587,2.658
postprocess_ms,2_7_opt_bag_3,281,1779961445175541723,28.063947358,0.571
postprocess_ms,2_7_opt_bag_3,282,1779961445301922232,28.190327867,0.442
postprocess_ms,2_7_opt_bag_3,283,1779961445396013721,28.284419356,1.571
postprocess_ms,2_7_opt_bag_3,284,1779961445465290634,28.353696269,1.846
postprocess_ms,2_7_opt_bag_3,285,1779961445554965377,28.443371012,0.913
postprocess_ms,2_7_opt_bag_3,286,1779961445685383868,28.573789503,0.625
postprocess_ms,2_7_opt_bag_3,287,1779961445772300721,28.660706356000002,1.267
postprocess_ms,2_7_opt_bag_3,288,1779961445870930943,28.759336578000003,0.3
postprocess_ms,2_7_opt_bag_3,289,1779961445956719301,28.845124936,0.36
postprocess_ms,2_7_opt_bag_3,290,1779961446079309891,28.967715526000003,0.502
postprocess_ms,2_7_opt_bag_3,291,1779961446193611816,29.082017451000002,1.173
postprocess_ms,2_7_opt_bag_3,292,1779961446259164476,29.147570111,3.702
postprocess_ms,2_7_opt_bag_3,293,1779961446353156627,29.241562262000002,0.863
postprocess_ms,2_7_opt_bag_3,294,1779961446480369022,29.368774657000003,2.134
postprocess_ms,2_7_opt_bag_3,295,1779961446587350500,29.475756135,6.815
postprocess_ms,2_7_opt_bag_3,296,1779961446658784805,29.54719044,0.383
postprocess_ms,2_7_opt_bag_3,297,1779961446776290991,29.664696626,1.332
postprocess_ms,2_7_opt_bag_3,298,1779961446878324428,29.766730063,0.593
postprocess_ms,2_7_opt_bag_3,299,1779961446964716189,29.853121824000002,0.429
postprocess_ms,2_7_opt_bag_3,300,1779961447109834156,29.998239791000003,6.679
postprocess_ms,2_7_opt_bag_3,301,1779961447170100772,30.058506407000003,1.24
postprocess_ms,2_7_opt_bag_3,302,1779961447251679409,30.140085044000003,0.357
postprocess_ms,2_7_opt_bag_3,303,1779961447417469009,30.305874644000003,0.342
postprocess_ms,2_7_opt_bag_3,304,1779961447483189098,30.371594733000002,2.176
postprocess_ms,2_7_opt_bag_3,305,1779961447584363590,30.472769225,0.413
postprocess_ms,2_7_opt_bag_3,306,1779961447658810755,30.547216390000003,1.028
postprocess_ms,2_7_opt_bag_3,307,1779961447771117712,30.659523347,0.455
postprocess_ms,2_7_opt_bag_3,308,1779961447864136054,30.752541689,0.481
postprocess_ms,2_7_opt_bag_3,309,1779961447960581919,30.848987554,0.665
postprocess_ms,2_7_opt_bag_3,310,1779961448099945275,30.98835091,1.303
postprocess_ms,2_7_opt_bag_3,311,1779961448167735945,31.056141580000002,1.327
postprocess_ms,2_7_opt_bag_3,312,1779961448271195668,31.159601303000002,0.846
postprocess_ms,2_7_opt_bag_3,313,1779961448367485962,31.255891597,0.284
postprocess_ms,2_7_opt_bag_3,314,1779961448471700367,31.360106002000002,0.48
postprocess_ms,2_7_opt_bag_3,315,1779961448557240512,31.445646147,0.396
postprocess_ms,2_7_opt_bag_3,316,1779961448664334763,31.552740398,0.423
postprocess_ms,2_7_opt_bag_3,317,1779961448773125206,31.661530841,0.38
postprocess_ms,2_7_opt_bag_3,318,1779961448862562397,31.750968032000003,0.505
postprocess_ms,2_7_opt_bag_3,319,1779961448952376556,31.840782191000002,0.369
postprocess_ms,2_7_opt_bag_3,320,1779961449087363017,31.975768652000003,1.949
postprocess_ms,2_7_opt_bag_3,321,1779961449176619275,32.065024910000005,0.414
postprocess_ms,2_7_opt_bag_3,322,1779961449271357685,32.15976332,0.389
postprocess_ms,2_7_opt_bag_3,323,1779961449385454618,32.273860253,0.696
postprocess_ms,2_7_opt_bag_3,324,1779961449455669417,32.344075052,0.343
postprocess_ms,2_7_opt_bag_3,325,1779961449556850757,32.445256392000005,1.22
postprocess_ms,2_7_opt_bag_3,326,1779961449659670983,32.548076618,2.8
postprocess_ms,2_7_opt_bag_3,327,1779961449769762957,32.658168592,0.446
postprocess_ms,2_7_opt_bag_3,328,1779961449890626058,32.779031693,0.526
postprocess_ms,2_7_opt_bag_3,329,1779961449991687515,32.88009315,2.333
postprocess_ms,2_7_opt_bag_3,330,1779961450092356927,32.980762562,1.081
postprocess_ms,2_7_opt_bag_3,331,1779961450197593580,33.085999215,0.379
postprocess_ms,2_7_opt_bag_3,332,1779961450266507701,33.154913336,0.372
postprocess_ms,2_7_opt_bag_3,333,1779961450351325801,33.239731436,0.292
postprocess_ms,2_7_opt_bag_3,334,1779961450505094680,33.393500315000004,2.654
postprocess_ms,2_7_opt_bag_3,335,1779961450577925728,33.466331363,0.554
postprocess_ms,2_7_opt_bag_3,336,1779961450656827808,33.545233443,0.359
postprocess_ms,2_7_opt_bag_3,337,1779961450767125362,33.655530997,0.493
postprocess_ms,2_7_opt_bag_3,338,1779961450854720830,33.743126465,0.353
postprocess_ms,2_7_opt_bag_3,339,1779961450964280586,33.852686221,0.543
postprocess_ms,2_7_opt_bag_3,340,1779961451069991994,33.958397629000004,0.362
postprocess_ms,2_7_opt_bag_3,341,1779961451153467150,34.041872785,0.327
postprocess_ms,2_7_opt_bag_3,342,1779961451281388297,34.169793932000005,0.415
postprocess_ms,2_7_opt_bag_3,343,1779961451357811717,34.246217352,2.446
postprocess_ms,2_7_opt_bag_3,344,1779961451489853629,34.378259264,2.555
postprocess_ms,2_7_opt_bag_3,345,1779961451570609169,34.459014804,1.855
postprocess_ms,2_7_opt_bag_3,346,1779961451681356600,34.569762235,0.418
postprocess_ms,2_7_opt_bag_3,347,1779961451800047573,34.688453208000006,1.095
postprocess_ms,2_7_opt_bag_3,348,1779961451884849284,34.773254919,0.426
postprocess_ms,2_7_opt_bag_3,349,1779961451986776963,34.875182598,0.441
postprocess_ms,2_7_opt_bag_3,350,1779961452066746700,34.955152335,0.624
postprocess_ms,2_7_opt_bag_3,351,1779961452160764628,35.049170263,0.582
postprocess_ms,2_7_opt_bag_3,352,1779961452277913420,35.166319055,0.431
postprocess_ms,2_7_opt_bag_3,353,1779961452362606584,35.251012219,2.343
postprocess_ms,2_7_opt_bag_3,354,1779961452486050744,35.374456379,2.563
postprocess_ms,2_7_opt_bag_3,355,1779961452559606761,35.448012396,2.124
postprocess_ms,2_7_opt_bag_3,356,1779961452678918092,35.567323727,0.398
postprocess_ms,2_7_opt_bag_3,357,1779961452757753181,35.646158816,0.349
postprocess_ms,2_7_opt_bag_3,358,1779961452886936892,35.775342527,0.43
postprocess_ms,2_7_opt_bag_3,359,1779961452986736887,35.875142522000004,5.043
postprocess_ms,2_7_opt_bag_3,360,1779961453055300953,35.943706588000005,0.501
postprocess_ms,2_7_opt_bag_3,361,1779961453172059454,36.060465089000004,0.306
postprocess_ms,2_7_opt_bag_3,362,1779961453280481017,36.168886652000005,0.439
postprocess_ms,2_7_opt_bag_3,363,1779961453364079907,36.252485542,0.398
postprocess_ms,2_7_opt_bag_3,364,1779961453467975885,36.35638152,0.384
postprocess_ms,2_7_opt_bag_3,365,1779961453561765535,36.450171170000004,1.441
postprocess_ms,2_7_opt_bag_3,366,1779961453654290286,36.542695921,0.384
postprocess_ms,2_7_opt_bag_3,367,1779961453773538855,36.66194449,1.114
postprocess_ms,2_7_opt_bag_3,368,1779961453884357637,36.772763272,2.634
postprocess_ms,2_7_opt_bag_3,369,1779961453964842281,36.853247916,0.444
postprocess_ms,2_7_opt_bag_3,370,1779961454057123787,36.945529422,0.512
postprocess_ms,2_7_opt_bag_3,371,1779961454154605232,37.043010867,0.466
postprocess_ms,2_7_opt_bag_3,372,1779961454291298846,37.179704481,3.926
postprocess_ms,2_7_opt_bag_3,373,1779961454370000989,37.258406624,0.948
postprocess_ms,2_7_opt_bag_3,374,1779961454475659002,37.364064637000006,0.411
postprocess_ms,2_7_opt_bag_3,375,1779961454551974380,37.440380015,0.385
postprocess_ms,2_7_opt_bag_3,376,1779961454658548748,37.546954383,0.359
postprocess_ms,2_7_opt_bag_3,377,1779961454763827221,37.652232856000005,0.63
postprocess_ms,2_7_opt_bag_3,378,1779961454882048211,37.770453846,2.386
postprocess_ms,2_7_opt_bag_3,379,1779961454962555559,37.850961194,0.379
postprocess_ms,2_7_opt_bag_3,380,1779961455054224154,37.942629789,0.442
postprocess_ms,2_7_opt_bag_3,381,1779961455166435611,38.054841246,1.791
postprocess_ms,2_7_opt_bag_3,382,1779961455263535451,38.151941086,0.328
postprocess_ms,2_7_opt_bag_3,383,1779961455367775893,38.256181528,0.314
postprocess_ms,2_7_opt_bag_3,384,1779961455501398507,38.389804142,1.585
postprocess_ms,2_7_opt_bag_3,385,1779961455611084652,38.499490287,12.724
postprocess_ms,2_7_opt_bag_3,386,1779961455706340297,38.594745932,3.056
postprocess_ms,2_7_opt_bag_3,387,1779961455762694938,38.651100573,0.424
postprocess_ms,2_7_opt_bag_3,388,1779961455886715206,38.775120841,2.117
postprocess_ms,2_7_opt_bag_3,389,1779961455976020106,38.864425741000005,2.707
postprocess_ms,2_7_opt_bag_3,390,1779961456076423353,38.964828988,0.587
postprocess_ms,2_7_opt_bag_3,391,1779961456176181792,39.064587427,0.366
postprocess_ms,2_7_opt_bag_3,392,1779961456260091537,39.148497172,3.359
postprocess_ms,2_7_opt_bag_3,393,1779961456357522613,39.245928248000006,1.154
postprocess_ms,2_7_opt_bag_3,394,1779961456464156579,39.352562214,1.259
postprocess_ms,2_7_opt_bag_3,395,1779961456564009993,39.452415628000004,0.341
postprocess_ms,2_7_opt_bag_3,396,1779961456676709139,39.565114774,0.402
postprocess_ms,2_7_opt_bag_3,397,1779961456769261960,39.657667595,0.26
postprocess_ms,2_7_opt_bag_3,398,1779961456872298546,39.760704181,1.625
postprocess_ms,2_7_opt_bag_3,399,1779961456975719285,39.86412492,0.938
postprocess_ms,2_7_opt_bag_3,400,1779961457060934593,39.949340228000004,0.332
postprocess_ms,2_7_opt_bag_3,401,1779961457177525870,40.065931505,0.525
postprocess_ms,2_7_opt_bag_3,402,1779961457292408815,40.18081445,4.761
postprocess_ms,2_7_opt_bag_3,403,1779961457395552809,40.283958444,0.862
postprocess_ms,2_7_opt_bag_3,404,1779961457467924007,40.356329642000006,1.079
postprocess_ms,2_7_opt_bag_3,405,1779961457593136666,40.481542301000005,2.599
postprocess_ms,2_7_opt_bag_3,406,1779961457663568223,40.551973858000004,1.425
postprocess_ms,2_7_opt_bag_3,407,1779961457764998423,40.653404058,0.308
postprocess_ms,2_7_opt_bag_3,408,1779961457871248160,40.759653795000006,0.352
postprocess_ms,2_7_opt_bag_3,409,1779961457979070675,40.86747631,1.491
postprocess_ms,2_7_opt_bag_3,410,1779961458060449642,40.948855277,3.031
postprocess_ms,2_7_opt_bag_3,411,1779961458186650140,41.075055775,1.742
postprocess_ms,2_7_opt_bag_3,412,1779961458259149814,41.147555449,1.681
postprocess_ms,2_7_opt_bag_3,413,1779961458374226381,41.262632016000005,0.343
postprocess_ms,2_7_opt_bag_3,414,1779961458500080669,41.388486304000004,1.089
postprocess_ms,2_7_opt_bag_3,415,1779961458575316932,41.463722567000005,0.576
postprocess_ms,2_7_opt_bag_3,416,1779961458681783983,41.570189618,1.14
postprocess_ms,2_7_opt_bag_3,417,1779961458780378125,41.668783760000004,0.331
postprocess_ms,2_7_opt_bag_3,418,1779961458862920668,41.751326303000006,2.086
postprocess_ms,2_7_opt_bag_3,419,1779961458990369075,41.87877471,2.625
postprocess_ms,2_7_opt_bag_3,420,1779961459063954698,41.952360333,3.219
postprocess_ms,2_7_opt_bag_3,421,1779961459176996304,42.065401939000004,0.347
postprocess_ms,2_7_opt_bag_3,422,1779961459266716007,42.155121642000005,0.635
postprocess_ms,2_7_opt_bag_3,423,1779961459352541139,42.240946774,0.399
postprocess_ms,2_7_opt_bag_3,424,1779961459476119162,42.364524797,0.418
postprocess_ms,2_7_opt_bag_3,425,1779961459555230427,42.443636062,0.359
postprocess_ms,2_7_opt_bag_3,426,1779961459661454863,42.549860498,0.738
postprocess_ms,2_7_opt_bag_3,427,1779961459765189549,42.653595184000004,3.717
postprocess_ms,2_7_opt_bag_3,428,1779961459852293511,42.740699146000004,0.341
postprocess_ms,2_7_opt_bag_3,429,1779961459955220413,42.843626048000004,1.015
postprocess_ms,2_7_opt_bag_3,430,1779961460050937930,42.939343565,0.335
postprocess_ms,2_7_opt_bag_3,431,1779961460168654925,43.057060560000004,0.42
postprocess_ms,2_7_opt_bag_3,432,1779961460277620580,43.166026215,0.681
postprocess_ms,2_7_opt_bag_3,433,1779961460371440601,43.259846236,0.322
postprocess_ms,2_7_opt_bag_3,434,1779961460454996679,43.343402314,0.512
postprocess_ms,2_7_opt_bag_3,435,1779961460598957069,43.487362704000006,5.802
postprocess_ms,2_7_opt_bag_3,436,1779961460661355535,43.549761170000004,0.689
postprocess_ms,2_7_opt_bag_3,437,1779961460772692222,43.661097857,0.97
postprocess_ms,2_7_opt_bag_3,438,1779961460863907034,43.752312669000005,0.401
postprocess_ms,2_7_opt_bag_3,439,1779961461002795360,43.891200995000005,2.37
postprocess_ms,2_7_opt_bag_3,440,1779961461077654777,43.966060412000004,0.33
postprocess_ms,2_7_opt_bag_3,441,1779961461171908800,44.060314435,0.389
postprocess_ms,2_7_opt_bag_3,442,1779961461257231525,44.14563716,1.437
postprocess_ms,2_7_opt_bag_3,443,1779961461351404163,44.239809798,0.442
postprocess_ms,2_7_opt_bag_3,444,1779961461473890377,44.362296012,0.293
postprocess_ms,2_7_opt_bag_3,445,1779961461604560311,44.492965946000005,3.189
postprocess_ms,2_7_opt_bag_3,446,1779961461666771299,44.555176934,1.236
postprocess_ms,2_7_opt_bag_3,447,1779961461758045891,44.646451526,0.52
postprocess_ms,2_7_opt_bag_3,448,1779961461867740783,44.756146418,0.285
postprocess_ms,2_7_opt_bag_3,449,1779961461970156000,44.858561635,0.508
postprocess_ms,2_7_opt_bag_3,450,1779961462065131692,44.953537327,1.986
postprocess_ms,2_7_opt_bag_3,451,1779961462161635824,45.050041459000006,0.878
postprocess_ms,2_7_opt_bag_3,452,1779961462261211988,45.149617623000005,0.359
postprocess_ms,2_7_opt_bag_3,453,1779961462367610906,45.256016541,1.176
postprocess_ms,2_7_opt_bag_3,454,1779961462500458203,45.388863838000006,3.05
postprocess_ms,2_7_opt_bag_3,455,1779961462601474084,45.489879719,0.367
postprocess_ms,2_7_opt_bag_3,456,1779961462654001257,45.542406892,0.759
postprocess_ms,2_7_opt_bag_3,457,1779961462806691316,45.695096951000004,0.693
postprocess_ms,2_7_opt_bag_3,458,1779961462859097925,45.747503560000006,3.142
postprocess_ms,2_7_opt_bag_3,459,1779961462964800776,45.853206411,1.495
postprocess_ms,2_7_opt_bag_3,460,1779961463059511858,45.947917493000006,0.501
postprocess_ms,2_7_opt_bag_3,461,1779961463162146001,46.050551636,0.313
postprocess_ms,2_7_opt_bag_3,462,1779961463298465087,46.186870722,0.784
postprocess_ms,2_7_opt_bag_3,463,1779961463371455322,46.259860957,0.376
postprocess_ms,2_7_opt_bag_3,464,1779961463476750938,46.365156573,0.907
postprocess_ms,2_7_opt_bag_3,465,1779961463585178118,46.473583753,0.638
postprocess_ms,2_7_opt_bag_3,466,1779961463667701742,46.556107377000004,0.481
postprocess_ms,2_7_opt_bag_3,467,1779961463810810315,46.69921595,4.705
postprocess_ms,2_7_opt_bag_3,468,1779961463890352951,46.778758586,1.711
postprocess_ms,2_7_opt_bag_3,469,1779961463974303296,46.862708931,0.38
postprocess_ms,2_7_opt_bag_3,470,1779961464059574410,46.947980045,2.629
postprocess_ms,2_7_opt_bag_3,471,1779961464157826418,47.046232053000004,0.404
postprocess_ms,2_7_opt_bag_3,472,1779961464263653661,47.152059296000004,2.534
postprocess_ms,2_7_opt_bag_3,473,1779961464381479945,47.26988558,0.398
postprocess_ms,2_7_opt_bag_3,474,1779961464482263310,47.370668945000006,0.318
postprocess_ms,2_7_opt_bag_3,475,1779961464570874053,47.459279688,0.39
postprocess_ms,2_7_opt_bag_3,476,1779961464687881710,47.576287345000004,1.175
postprocess_ms,2_7_opt_bag_3,477,1779961464782871528,47.671277163000006,0.406
postprocess_ms,2_7_opt_bag_3,478,1779961464887227137,47.775632772,1.099
postprocess_ms,2_7_opt_bag_3,479,1779961464969925922,47.858331557,0.37
postprocess_ms,2_7_opt_bag_3,480,1779961465064300730,47.952706365000004,1.076
postprocess_ms,2_7_opt_bag_3,481,1779961465206439994,48.094845629000005,1.849
postprocess_ms,2_7_opt_bag_3,482,1779961465260385170,48.148790805000004,0.549
postprocess_ms,2_7_opt_bag_3,483,1779961465360607047,48.249012682,0.481
postprocess_ms,2_7_opt_bag_3,484,1779961465452868396,48.341274031000005,0.351
postprocess_ms,2_7_opt_bag_3,485,1779961465548126177,48.436531812000005,0.316
postprocess_ms,2_7_opt_bag_3,486,1779961465649482605,48.53788824,0.35
postprocess_ms,2_7_opt_bag_3,487,1779961465758256026,48.646661661,0.369
postprocess_ms,2_7_opt_bag_3,488,1779961465871283234,48.759688869,0.328
postprocess_ms,2_7_opt_bag_3,489,1779961465978198688,48.866604323000004,0.462
postprocess_ms,2_7_opt_bag_3,490,1779961466066820222,48.955225857,0.543
postprocess_ms,2_7_opt_bag_3,491,1779961466169871682,49.058277317000005,0.324
postprocess_ms,2_7_opt_bag_3,492,1779961466255979083,49.144384718000005,1.845
postprocess_ms,2_7_opt_bag_3,493,1779961466385793804,49.274199439,1.281
postprocess_ms,2_7_opt_bag_3,494,1779961466451205935,49.33961157,0.265
postprocess_ms,2_7_opt_bag_3,495,1779961466578174322,49.466579957,0.343
postprocess_ms,2_7_opt_bag_3,496,1779961466653141447,49.541547082,0.256
postprocess_ms,2_7_opt_bag_3,497,1779961466777552641,49.665958276000005,0.48
postprocess_ms,2_7_opt_bag_3,498,1779961466888187317,49.776592952,1.451
postprocess_ms,2_7_opt_bag_3,499,1779961466961100274,49.849505909,0.703
postprocess_ms,2_7_opt_bag_3,500,1779961467074132601,49.962538236,1.617
postprocess_ms,2_7_opt_bag_3,501,1779961467159610285,50.048015920000005,1.303
postprocess_ms,2_7_opt_bag_3,502,1779961467279782456,50.168188091000005,0.421
postprocess_ms,2_7_opt_bag_3,503,1779961467384305710,50.272711345000005,0.386
postprocess_ms,2_7_opt_bag_3,504,1779961467472156112,50.360561747000006,0.385
postprocess_ms,2_7_opt_bag_3,505,1779961467581284003,50.469689638000006,0.343
postprocess_ms,2_7_opt_bag_3,506,1779961467662804038,50.551209673,0.454
postprocess_ms,2_7_opt_bag_3,507,1779961467772592860,50.660998495,0.387
postprocess_ms,2_7_opt_bag_3,508,1779961467854187853,50.742593488000004,1.414
postprocess_ms,2_7_opt_bag_3,509,1779961467984253968,50.872659603,0.567
postprocess_ms,2_7_opt_bag_3,510,1779961468074250569,50.962656204000005,2.516
postprocess_ms,2_7_opt_bag_3,511,1779961468162066655,51.05047229,1.396
postprocess_ms,2_7_opt_bag_3,512,1779961468253293943,51.141699578,0.278
postprocess_ms,2_7_opt_bag_3,513,1779961468370862782,51.259268417,0.312
postprocess_ms,2_7_opt_bag_3,514,1779961468463591623,51.351997258000004,2.043
postprocess_ms,2_7_opt_bag_3,515,1779961468543707941,51.432113576000006,0.277
postprocess_ms,2_7_opt_bag_3,516,1779961468670063991,51.558469626000004,0.377
postprocess_ms,2_7_opt_bag_3,517,1779961468766767329,51.655172964,0.853
postprocess_ms,2_7_opt_bag_3,518,1779961468880585946,51.768991581,0.335
postprocess_ms,2_7_opt_bag_3,519,1779961468951893869,51.840299504,0.253
postprocess_ms,2_7_opt_bag_3,520,1779961469057152299,51.945557934,1.012
postprocess_ms,2_7_opt_bag_3,521,1779961469167858887,52.056264522000006,1.338
postprocess_ms,2_7_opt_bag_3,522,1779961469257000979,52.145406614,0.358
postprocess_ms,2_7_opt_bag_3,523,1779961469387120264,52.275525899,1.328
postprocess_ms,2_7_opt_bag_3,524,1779961469471344463,52.359750098000006,0.302
postprocess_ms,2_7_opt_bag_3,525,1779961469549889235,52.43829487,0.3
postprocess_ms,2_7_opt_bag_3,526,1779961469651192577,52.539598212,0.255
postprocess_ms,2_7_opt_bag_3,527,1779961469777842073,52.666247708,0.394
postprocess_ms,2_7_opt_bag_3,528,1779961469861883353,52.750288988,0.589
postprocess_ms,2_7_opt_bag_3,529,1779961469970311573,52.858717208,0.443
postprocess_ms,2_7_opt_bag_3,530,1779961470051252274,52.939657909000005,0.376
postprocess_ms,2_7_opt_bag_3,531,1779961470169572732,53.057978367000004,0.397
postprocess_ms,2_7_opt_bag_3,532,1779961470270929326,53.159334961000006,0.382
postprocess_ms,2_7_opt_bag_3,533,1779961470357171155,53.24557679,1.218
postprocess_ms,2_7_opt_bag_3,534,1779961470479460490,53.367866125000006,0.871
postprocess_ms,2_7_opt_bag_3,535,1779961470554246545,53.44265218,0.462
postprocess_ms,2_7_opt_bag_3,536,1779961470642695289,53.531100924,0.39
postprocess_ms,2_7_opt_bag_3,537,1779961470756901964,53.645307599000006,0.312
postprocess_ms,2_7_opt_bag_3,538,1779961470854344161,53.742749796000005,0.318
postprocess_ms,2_7_opt_bag_3,539,1779961470969517174,53.857922809,0.34
postprocess_ms,2_7_opt_bag_3,540,1779961471074356755,53.96276239,0.483
postprocess_ms,2_7_opt_bag_3,541,1779961471177509000,54.065914635000006,0.294
postprocess_ms,2_7_opt_bag_3,542,1779961471263562573,54.15196820800001,1.101
postprocess_ms,2_7_opt_bag_3,543,1779961471382188887,54.270594522,0.262
postprocess_ms,2_7_opt_bag_3,544,1779961471468610455,54.35701609,0.444
postprocess_ms,2_7_opt_bag_3,545,1779961471588348620,54.476754255,0.295
postprocess_ms,2_7_opt_bag_3,546,1779961471667608561,54.55601419600001,0.374
postprocess_ms,2_7_opt_bag_3,547,1779961471760168184,54.648573819000006,2.729
postprocess_ms,2_7_opt_bag_3,548,1779961471852925597,54.741331232,0.983
postprocess_ms,2_7_opt_bag_3,549,1779961471960387435,54.848793070000006,0.73
postprocess_ms,2_7_opt_bag_3,550,1779961472060008061,54.948413696,1.046
postprocess_ms,2_7_opt_bag_3,551,1779961472150615750,55.039021385000005,0.314
postprocess_ms,2_7_opt_bag_3,552,1779961472289988719,55.178394354000005,3.52
postprocess_ms,2_7_opt_bag_3,553,1779961472357000865,55.2454065,0.301
postprocess_ms,2_7_opt_bag_3,554,1779961472451278415,55.33968405,0.323
postprocess_ms,2_7_opt_bag_3,555,1779961472574370216,55.462775851,0.283
postprocess_ms,2_7_opt_bag_3,556,1779961472654902176,55.543307811000005,1.812
postprocess_ms,2_7_opt_bag_3,557,1779961472759748285,55.648153920000006,2.448
postprocess_ms,2_7_opt_bag_3,558,1779961472854709762,55.743115397000004,2.234
postprocess_ms,2_7_opt_bag_3,559,1779961472955468335,55.843873970000004,0.246
postprocess_ms,2_7_opt_bag_3,560,1779961473060351534,55.948757169000004,1.084
postprocess_ms,2_7_opt_bag_3,561,1779961473170251883,56.058657518000004,0.298
postprocess_ms,2_7_opt_bag_3,562,1779961473300180233,56.188585868000004,1.389
postprocess_ms,2_7_opt_bag_3,563,1779961473382634550,56.271040185000004,0.585
postprocess_ms,2_7_opt_bag_3,564,1779961473472673221,56.361078856000006,0.481
postprocess_ms,2_7_opt_bag_3,565,1779961473592382404,56.480788039000004,0.317
postprocess_ms,2_7_opt_bag_3,566,1779961473670220283,56.558625918000004,0.43
postprocess_ms,2_7_opt_bag_3,567,1779961473762220230,56.650625865,0.466
postprocess_ms,2_7_opt_bag_3,568,1779961473879350633,56.76775626800001,0.332
postprocess_ms,2_7_opt_bag_3,569,1779961473959175609,56.847581244000004,1.213
postprocess_ms,2_7_opt_bag_3,570,1779961474054291830,56.942697465,0.435
postprocess_ms,2_7_opt_bag_3,571,1779961474152964515,57.041370150000006,0.335
postprocess_ms,2_7_opt_bag_3,572,1779961474278612343,57.167017978000004,0.343
postprocess_ms,2_7_opt_bag_3,573,1779961474387780740,57.276186375,1.945
postprocess_ms,2_7_opt_bag_3,574,1779961474477470310,57.365875945000006,0.359
postprocess_ms,2_7_opt_bag_3,575,1779961474574849713,57.463255348000004,0.342
postprocess_ms,2_7_opt_bag_3,576,1779961474666409323,57.554814958,0.289
postprocess_ms,2_7_opt_bag_3,577,1779961474752719243,57.64112487800001,0.377
postprocess_ms,2_7_opt_bag_3,578,1779961474859837968,57.748243603000006,0.42
postprocess_ms,2_7_opt_bag_3,579,1779961474981946060,57.870351695000004,0.687
postprocess_ms,2_7_opt_bag_3,580,1779961475061638467,57.95004410200001,0.772
postprocess_ms,2_7_opt_bag_3,581,1779961475155772140,58.044177775,0.461
postprocess_ms,2_7_opt_bag_3,582,1779961475264514588,58.152920223,0.568
postprocess_ms,2_7_opt_bag_3,583,1779961475369910483,58.258316118,0.378
postprocess_ms,2_7_opt_bag_3,584,1779961475454644726,58.343050361,0.274
postprocess_ms,2_7_opt_bag_3,585,1779961475607086486,58.495492121000005,4.935
postprocess_ms,2_7_opt_bag_3,586,1779961475680199971,58.568605606000006,0.468
postprocess_ms,2_7_opt_bag_3,587,1779961475808833486,58.697239121,1.922
postprocess_ms,2_7_opt_bag_3,588,1779961475881590675,58.76999631,0.333
postprocess_ms,2_7_opt_bag_3,589,1779961475964586349,58.852991984000006,0.386
postprocess_ms,2_7_opt_bag_3,590,1779961476075381022,58.96378665700001,0.346
postprocess_ms,2_7_opt_bag_3,591,1779961476179857208,59.06826284300001,0.938
postprocess_ms,2_7_opt_bag_3,592,1779961476268161081,59.156566716,1.023
postprocess_ms,2_7_opt_bag_3,593,1779961476353468425,59.24187406,0.417
postprocess_ms,2_7_opt_bag_slow,0,1779955327399204079,0.0,0.488
postprocess_ms,2_7_opt_bag_slow,1,1779955328370423974,0.971219895,1.999
postprocess_ms,2_7_opt_bag_slow,2,1779955329340828205,1.9416241260000002,0.269
postprocess_ms,2_7_opt_bag_slow,3,1779955330341724937,2.942520858,0.437
postprocess_ms,2_7_opt_bag_slow,4,1779955331358965992,3.9597619130000004,0.433
postprocess_ms,2_7_opt_bag_slow,5,1779955332364291156,4.965087077000001,1.157
postprocess_ms,2_7_opt_bag_slow,6,1779955333358263677,5.9590595980000005,0.483
postprocess_ms,2_7_opt_bag_slow,7,1779955334333533386,6.9343293070000005,0.246
postprocess_ms,2_7_opt_bag_slow,8,1779955335339070171,7.939866092000001,0.272
postprocess_ms,2_7_opt_bag_slow,9,1779955336344023412,8.944819333,0.265
postprocess_ms,2_7_opt_bag_slow,10,1779955337381329764,9.982125685,0.339
postprocess_ms,2_7_opt_bag_slow,11,1779955338326636117,10.927432038000001,0.753
postprocess_ms,2_7_opt_bag_slow,12,1779955339359759843,11.960555764,0.93
postprocess_ms,2_7_opt_bag_slow,13,1779955340361441121,12.962237042,1.169
postprocess_ms,2_7_opt_bag_slow,14,1779955341362692198,13.963488119,2.519
postprocess_ms,2_7_opt_bag_slow,15,1779955342377352855,14.978148776000001,0.447
postprocess_ms,2_7_opt_bag_slow,16,1779955343340420609,15.94121653,0.361
postprocess_ms,2_7_opt_bag_slow,17,1779955344359847002,16.960642923,0.33
postprocess_ms,2_7_opt_bag_slow,18,1779955345347255967,17.948051888000002,0.258
postprocess_ms,2_7_opt_bag_slow,19,1779955346328914123,18.929710044,0.281
postprocess_ms,2_7_opt_bag_slow,20,1779955347337037550,19.937833471,1.807
postprocess_ms,2_7_opt_bag_slow,21,1779955348339192405,20.939988326,0.236
postprocess_ms,2_7_opt_bag_slow,22,1779955349330884129,21.93168005,0.329
postprocess_ms,2_7_opt_bag_slow,23,1779955350347897432,22.948693353000003,0.292
postprocess_ms,2_7_opt_bag_slow,24,1779955351372893831,23.973689752000002,0.397
postprocess_ms,2_7_opt_bag_slow,25,1779955352354826395,24.955622316000003,0.251
postprocess_ms,2_7_opt_bag_slow,26,1779955353362245034,25.963040955,0.861
postprocess_ms,2_7_opt_bag_slow,27,1779955354380597525,26.981393446000002,1.149
postprocess_ms,2_7_opt_bag_slow,28,1779955355352521420,27.953317341,0.59
postprocess_ms,2_7_opt_bag_slow,29,1779955356387594266,28.988390187,0.461
postprocess_ms,2_7_opt_bag_slow,30,1779955357369430543,29.970226464000003,0.362
postprocess_ms,2_7_opt_bag_slow,31,1779955358350699030,30.951494951,0.495
postprocess_ms,2_7_opt_bag_slow,32,1779955359381719707,31.982515628,0.336
postprocess_ms,2_7_opt_bag_slow,33,1779955360360655585,32.961451506,0.447
postprocess_ms,2_7_opt_bag_slow,34,1779955361354053704,33.954849625,0.541
postprocess_ms,2_7_opt_bag_slow,35,1779955362343939508,34.944735429000005,0.328
postprocess_ms,2_7_opt_bag_slow,36,1779955363402985306,36.003781227000005,1.53
postprocess_ms,2_7_opt_bag_slow,37,1779955364340387846,36.941183767000005,0.259
postprocess_ms,2_7_opt_bag_slow,38,1779955365359700427,37.960496348,1.87
postprocess_ms,2_7_opt_bag_slow,39,1779955366341098135,38.941894056,0.335
postprocess_ms,2_7_opt_bag_slow,40,1779955367340708425,39.941504346,0.426
postprocess_ms,2_7_opt_bag_slow,41,1779955368342946029,40.94374195,0.298
postprocess_ms,2_7_opt_bag_slow,42,1779955369365050938,41.965846859,0.306
postprocess_ms,2_7_opt_bag_slow,43,1779955370424703168,43.025499089,0.5
postprocess_ms,2_7_opt_bag_slow,44,1779955371352006505,43.952802426000005,1.459
postprocess_ms,2_7_opt_bag_slow,45,1779955372350392423,44.951188344,0.321
postprocess_ms,2_7_opt_bag_slow,46,1779955373342467419,45.94326334,0.379
postprocess_ms,2_7_opt_bag_slow,47,1779955374340546325,46.941342246000005,0.968
postprocess_ms,2_7_opt_bag_slow,48,1779955375335389530,47.936185451,0.239
postprocess_ms,2_7_opt_bag_slow,49,1779955376344908791,48.945704712,0.428
postprocess_ms,2_7_opt_bag_slow,50,1779955377328639400,49.929435321,0.292
postprocess_ms,2_7_opt_bag_slow,51,1779955378344593618,50.945389539000004,0.848
postprocess_ms,2_7_opt_bag_slow,52,1779955379368597865,51.969393786000005,0.292
postprocess_ms,2_7_opt_bag_slow,53,1779955380329390305,52.930186226000004,0.274
postprocess_ms,2_7_opt_bag_slow,54,1779955381331964011,53.932759932,0.515
postprocess_ms,2_7_opt_bag_slow,55,1779955382342712341,54.943508262,0.233
postprocess_ms,2_7_opt_bag_slow,56,1779955383356835412,55.957631333,0.309
postprocess_ms,2_7_opt_bag_slow,57,1779955384369001355,56.969797276,0.336
postprocess_ms,2_7_opt_bag_slow,58,1779955385348325836,57.949121757,0.295
postprocess_ms,2_7_opt_bag_slow,59,1779955386345400744,58.946196665,0.326
postprocess_ms,2_7_opt_bag_slow,60,1779955387330392992,59.93118891300001,0.352
postprocess_ms,2_7_opt_bag_slow,61,1779955388352875688,60.953671609000004,0.429
postprocess_ms,2_7_opt_bag_slow,62,1779955389371566067,61.972361988,0.472
postprocess_ms,2_7_opt_bag_slow,63,1779955390364765110,62.96556103100001,0.414
postprocess_ms,2_7_opt_bag_slow,64,1779955391349763769,63.950559690000006,0.218
postprocess_ms,2_7_opt_bag_slow,65,1779955392339017845,64.939813766,1.453
postprocess_ms,2_7_opt_bag_slow,66,1779955393340508276,65.94130419700001,0.93
postprocess_ms,2_7_opt_bag_slow,67,1779955394328095619,66.92889154000001,0.307
postprocess_ms,2_7_opt_bag_slow,68,1779955395349136709,67.94993263,0.249
postprocess_ms,2_7_opt_bag_slow,69,1779955396365637191,68.966433112,0.299
postprocess_ms,2_7_opt_bag_slow,70,1779955397328943079,69.929739,0.263
postprocess_ms,2_7_opt_bag_slow,71,1779955398332268864,70.933064785,0.337
postprocess_ms,2_7_opt_bag_slow,72,1779955399337428544,71.938224465,0.267
postprocess_ms,2_7_opt_bag_slow,73,1779955400331308800,72.932104721,0.29
postprocess_ms,2_7_opt_bag_slow,74,1779955401335178007,73.93597392800001,0.22
postprocess_ms,2_7_opt_bag_slow,75,1779955402368836530,74.96963245100001,0.446
postprocess_ms,2_7_opt_bag_slow,76,1779955403353395436,75.954191357,1.911
postprocess_ms,2_7_opt_bag_slow,77,1779955404355333743,76.956129664,0.235
postprocess_ms,2_7_opt_bag_slow,78,1779955405356187513,77.95698343400001,1.089
postprocess_ms,2_7_opt_bag_slow,79,1779955406362654644,78.963450565,1.129
postprocess_ms,2_7_opt_bag_slow,80,1779955407333689491,79.934485412,0.275
postprocess_ms,2_7_opt_bag_slow,81,1779955408342201394,80.942997315,0.531
postprocess_ms,2_7_opt_bag_slow,82,1779955409356081677,81.956877598,1.067
postprocess_ms,2_7_opt_bag_slow,83,1779955410334046976,82.93484289700001,0.426
postprocess_ms,2_7_opt_bag_slow,84,1779955411331218103,83.93201402400001,0.331
postprocess_ms,2_7_opt_bag_slow,85,1779955412328472682,84.92926860300001,0.464
postprocess_ms,2_7_opt_bag_slow,86,1779955413349894201,85.95069012200001,0.349
postprocess_ms,2_7_opt_bag_slow,87,1779955414370985644,86.971781565,0.345
postprocess_ms,2_7_opt_bag_slow,88,1779955415331775400,87.93257132100001,0.323
postprocess_ms,2_7_opt_bag_slow,89,1779955416341950652,88.94274657300001,0.375
postprocess_ms,2_7_opt_bag_slow,90,1779955417340859086,89.94165500700001,0.251
postprocess_ms,2_7_opt_bag_slow,91,1779955418331204525,90.932000446,0.253
postprocess_ms,2_7_opt_bag_slow,92,1779955419334511062,91.935306983,2.034
postprocess_ms,2_7_opt_bag_slow,93,1779955420332159927,92.932955848,0.435
postprocess_ms,2_7_opt_bag_slow,94,1779955421341939598,93.94273551900001,0.62
postprocess_ms,2_7_opt_bag_slow,95,1779955422345026076,94.94582199700001,0.225
postprocess_ms,2_7_opt_bag_slow,96,1779955423341181561,95.94197748200001,0.237
postprocess_ms,2_7_opt_bag_slow,97,1779955424365709498,96.966505419,0.429
postprocess_ms,2_7_opt_bag_slow,98,1779955425363043021,97.96383894200001,0.241
postprocess_ms,2_7_opt_bag_slow,99,1779955426358303460,98.959099381,0.269
postprocess_ms,2_7_opt_bag_slow,100,1779955427339907922,99.94070384300001,0.259
postprocess_ms,2_7_opt_bag_slow,101,1779955428355860508,100.956656429,0.326
postprocess_ms,2_7_opt_bag_slow,102,1779955429339357887,101.940153808,0.326
postprocess_ms,2_7_opt_bag_slow,103,1779955430336234071,102.937029992,0.324
postprocess_ms,2_7_opt_bag_slow,104,1779955431341687255,103.94248317600001,1.16
postprocess_ms,2_7_opt_bag_slow,105,1779955432328135092,104.92893101300001,1.51
postprocess_ms,2_7_opt_bag_slow,106,1779955433365095756,105.965891677,0.34
postprocess_ms,2_7_opt_bag_slow,107,1779955434368090206,106.968886127,0.274
postprocess_ms,2_7_opt_bag_slow,108,1779955435349481350,107.950277271,0.41
postprocess_ms,2_7_opt_bag_slow,109,1779955436362822875,108.963618796,0.503
postprocess_ms,2_7_opt_bag_slow,110,1779955437336514178,109.937310099,0.314
postprocess_ms,2_7_opt_bag_slow,111,1779955438366501080,110.967297001,0.561
postprocess_ms,2_7_opt_bag_slow,112,1779955439364020774,111.96481669500001,0.269
postprocess_ms,2_7_opt_bag_slow,113,1779955440339489233,112.94028515400001,0.368
postprocess_ms,2_7_opt_bag_slow,114,1779955441340863401,113.941659322,0.549
postprocess_ms,2_7_opt_bag_slow,115,1779955442355642513,114.956438434,2.146
postprocess_ms,2_7_opt_bag_slow,116,1779955443340356060,115.941151981,0.266
postprocess_ms,2_7_opt_bag_slow,117,1779955444330750057,116.931545978,0.353
postprocess_ms,2_7_opt_bag_slow,118,1779955445349424147,117.95022006800001,1.819
postprocess_ms,2_7_opt_bag_slow,119,1779955446350051684,118.950847605,0.356
postprocess_ms,2_7_opt_bag_slow,120,1779955447358849790,119.95964571100001,0.873
postprocess_ms,2_7_opt_bag_slow,121,1779955448361910634,120.96270655500001,0.496
postprocess_ms,2_7_opt_bag_slow,122,1779955449344451887,121.945247808,0.318
postprocess_ms,2_7_opt_bag_slow,123,1779955450344998514,122.94579443500001,0.345
postprocess_ms,2_7_opt_bag_slow,124,1779955451349769769,123.95056569,0.267
postprocess_ms,2_7_opt_bag_slow,125,1779955452373243201,124.97403912200001,1.763
postprocess_ms,2_7_opt_bag_slow,126,1779955453347076591,125.947872512,0.496
postprocess_ms,2_7_opt_bag_slow,127,1779955454338762386,126.93955830700001,0.191
postprocess_ms,2_7_opt_bag_slow,128,1779955455360220334,127.961016255,0.337
postprocess_ms,2_7_opt_bag_slow,129,1779955456329603404,128.930399325,0.239
postprocess_ms,2_7_opt_bag_slow,130,1779955457347547666,129.948343587,1.315
postprocess_ms,2_7_opt_bag_slow,131,1779955458324808713,130.925604634,0.414
postprocess_ms,2_7_opt_bag_slow,132,1779955459344159960,131.944955881,1.211
postprocess_ms,2_7_opt_bag_slow,133,1779955460358640872,132.959436793,0.311
postprocess_ms,2_7_opt_bag_slow,134,1779955461348197828,133.948993749,0.285
postprocess_ms,2_7_opt_bag_slow,135,1779955462366449581,134.967245502,0.295
postprocess_ms,2_7_opt_bag_slow,136,1779955463339638023,135.940433944,0.493
postprocess_ms,2_7_opt_bag_slow,137,1779955464355428398,136.956224319,0.363
postprocess_ms,2_7_opt_bag_slow,138,1779955465345941483,137.946737404,0.477
postprocess_ms,2_7_opt_bag_slow,139,1779955466362335922,138.963131843,0.454
postprocess_ms,2_7_opt_bag_slow,140,1779955467335158657,139.935954578,0.26
postprocess_ms,2_7_opt_bag_slow,141,1779955468341645739,140.94244166000001,0.292
postprocess_ms,2_7_opt_bag_slow,142,1779955469325577555,141.926373476,0.257
postprocess_ms,2_7_opt_bag_slow,143,1779955470345070124,142.945866045,0.463
postprocess_ms,2_7_opt_bag_slow,144,1779955471330570623,143.931366544,0.324
postprocess_ms,2_7_opt_bag_slow,145,1779955472348782132,144.949578053,1.233
postprocess_ms,2_7_opt_bag_slow,146,1779955473375324390,145.97612031100002,0.325
postprocess_ms,2_7_opt_bag_slow,147,1779955474359403143,146.96019906400002,1.77
postprocess_ms,2_7_opt_bag_slow,148,1779955475382607068,147.983402989,0.544
postprocess_ms,2_7_opt_bag_slow,149,1779955476346873473,148.947669394,0.306
postprocess_ms,2_7_opt_bag_slow,150,1779955477331513181,149.932309102,0.261
postprocess_ms,2_7_opt_bag_slow,151,1779955478342756264,150.94355218500002,0.42
postprocess_ms,2_7_opt_bag_slow,152,1779955479361604220,151.96240014100002,0.379
postprocess_ms,2_7_opt_bag_slow,153,1779955480346724798,152.947520719,0.306
postprocess_ms,2_7_opt_bag_slow,154,1779955481348240251,153.949036172,0.327
postprocess_ms,2_7_opt_bag_slow,155,1779955482373486960,154.97428288100002,2.227
postprocess_ms,2_7_opt_bag_slow,156,1779955483343445150,155.94424107100002,0.871
postprocess_ms,2_7_opt_bag_slow,157,1779955484368651099,156.96944702000002,0.304
postprocess_ms,2_7_opt_bag_slow,158,1779955485358966686,157.95976260700002,0.287
postprocess_ms,2_7_opt_bag_slow,159,1779955486368907267,158.969703188,2.186
postprocess_ms,2_7_opt_bag_slow,160,1779955487334647415,159.93544333600002,2.413
postprocess_ms,2_7_opt_bag_slow,161,1779955488344800952,160.945596873,0.332
postprocess_ms,2_7_opt_bag_slow,162,1779955489360765246,161.961561167,0.342
postprocess_ms,2_7_opt_bag_slow,163,1779955490351693706,162.952489627,0.25
postprocess_ms,2_7_opt_bag_slow,164,1779955491354797418,163.95559333900002,0.312
postprocess_ms,2_7_opt_bag_slow,165,1779955492333371604,164.93416752500002,0.321
postprocess_ms,2_7_opt_bag_slow,166,1779955493341303043,165.94209896400002,0.866
postprocess_ms,2_7_opt_bag_slow,167,1779955494368550786,166.969346707,0.418
postprocess_ms,2_7_opt_bag_slow,168,1779955495344499946,167.945295867,0.264
postprocess_ms,2_7_opt_bag_slow,169,1779955496366132287,168.966928208,0.233
postprocess_ms,2_7_opt_bag_slow,170,1779955497330924165,169.931720086,0.382
postprocess_ms,2_7_opt_bag_slow,171,1779955498355034333,170.955830254,0.352
postprocess_ms,2_7_opt_bag_slow,172,1779955499356657878,171.957453799,0.404
postprocess_ms,2_7_opt_bag_slow,173,1779955500352767459,172.95356338000002,2.276
postprocess_ms,2_7_opt_bag_slow,174,1779955501351818841,173.95261476200002,0.348
postprocess_ms,2_7_opt_bag_slow,175,1779955502353056040,174.953851961,0.5
postprocess_ms,2_7_opt_bag_slow,176,1779955503344659010,175.945454931,0.513
postprocess_ms,2_7_opt_bag_slow,177,1779955504346744126,176.94754004700002,0.51
postprocess_ms,2_7_opt_bag_slow,178,1779955505379616349,177.98041227000002,0.455
postprocess_ms,2_7_opt_bag_slow,179,1779955506333815427,178.934611348,0.491
postprocess_ms,2_7_opt_bag_slow,180,1779955507334064425,179.93486034600002,0.614
postprocess_ms,2_7_opt_bag_slow,181,1779955508328488331,180.929284252,0.426
postprocess_ms,2_7_opt_bag_slow,182,1779955509336312541,181.937108462,0.368
postprocess_ms,2_7_opt_bag_slow,183,1779955510369081113,182.969877034,0.433
postprocess_ms,2_7_opt_bag_slow,184,1779955511354348890,183.95514481100003,0.409
postprocess_ms,2_7_opt_bag_slow,185,1779955512341138542,184.94193446300002,0.26
postprocess_ms,2_7_opt_bag_slow,186,1779955513324837758,185.92563367900001,0.262
postprocess_ms,2_7_opt_bag_slow,187,1779955514325490653,186.92628657400002,0.333
postprocess_ms,2_7_opt_bag_slow,188,1779955515342689428,187.943485349,2.104
postprocess_ms,2_7_opt_bag_slow,189,1779955516354880730,188.955676651,0.266
postprocess_ms,2_7_opt_bag_slow,190,1779955517349031825,189.949827746,0.319
postprocess_ms,2_7_opt_bag_slow,191,1779955518377055135,190.97785105600002,0.365
postprocess_ms,2_7_opt_bag_slow,192,1779955519345871722,191.946667643,0.305
postprocess_ms,2_7_opt_bag_slow,193,1779955520338676698,192.93947261900001,0.235
postprocess_ms,2_7_opt_bag_slow,194,1779955521327702147,193.928498068,0.222
postprocess_ms,2_7_opt_bag_slow,195,1779955522348850997,194.949646918,1.184
postprocess_ms,2_7_opt_bag_slow,196,1779955523331580349,195.93237627000002,0.245
postprocess_ms,2_7_opt_bag_slow,197,1779955524347999558,196.948795479,0.886
postprocess_ms,2_7_opt_bag_slow,198,1779955525343951745,197.944747666,0.228
postprocess_ms,2_7_opt_bag_slow,199,1779955526343985257,198.944781178,0.21
postprocess_ms,2_7_opt_bag_slow,200,1779955527340522483,199.94131840400001,0.201
postprocess_ms,2_7_opt_bag_slow,201,1779955528350265495,200.95106141600002,0.39
postprocess_ms,2_7_opt_bag_slow,202,1779955529332301122,201.933097043,0.266
postprocess_ms,2_7_opt_bag_slow,203,1779955530359961396,202.960757317,3.054
postprocess_ms,2_7_opt_bag_slow,204,1779955531337636345,203.938432266,0.446
postprocess_ms,2_7_opt_bag_slow,205,1779955532355197369,204.95599329,0.276
postprocess_ms,2_7_opt_bag_slow,206,1779955533348644441,205.94944036200002,0.247
postprocess_ms,2_7_opt_bag_slow,207,1779955534351878109,206.95267403000003,0.577
postprocess_ms,2_7_opt_bag_slow,208,1779955535336279625,207.93707554600002,1.147
postprocess_ms,2_7_opt_bag_slow,209,1779955536331691632,208.93248755300002,0.307
postprocess_ms,2_7_opt_bag_slow,210,1779955537345353564,209.946149485,0.222
postprocess_ms,2_7_opt_bag_slow,211,1779955538343753118,210.944549039,0.307
postprocess_ms,2_7_opt_bag_slow,212,1779955539368931918,211.969727839,1.212
postprocess_ms,2_7_opt_bag_slow,213,1779955540347767979,212.9485639,0.359
postprocess_ms,2_7_opt_bag_slow,214,1779955541336618389,213.93741431,0.336
postprocess_ms,2_7_opt_bag_slow,215,1779955542369952037,214.970747958,0.433
postprocess_ms,2_7_opt_bag_slow,216,1779955543344345022,215.945140943,0.241
postprocess_ms,2_7_opt_bag_slow,217,1779955544341015079,216.941811,0.355
postprocess_ms,2_7_opt_bag_slow,218,1779955545346460089,217.94725601000002,0.964
postprocess_ms,2_7_opt_bag_slow,219,1779955546366345146,218.967141067,1.637
postprocess_ms,2_7_opt_bag_slow,220,1779955547348318450,219.949114371,0.219
postprocess_ms,2_7_opt_bag_slow,221,1779955548332597787,220.933393708,0.32
postprocess_ms,2_7_opt_bag_slow,222,1779955549329761735,221.93055765600002,0.455
postprocess_ms,2_7_opt_bag_slow,223,1779955550329086103,222.92988202400002,0.425
postprocess_ms,2_7_opt_bag_slow,224,1779955551383165633,223.98396155400002,0.495
postprocess_ms,2_7_opt_bag_slow,225,1779955552355271570,224.95606749100003,0.348
postprocess_ms,2_7_opt_bag_slow,226,1779955553341491540,225.942287461,1.111
postprocess_ms,2_7_opt_bag_slow,227,1779955554358542434,226.95933835500003,2.152
postprocess_ms,2_7_opt_bag_slow,228,1779955555366185965,227.966981886,0.333
postprocess_ms,2_7_opt_bag_slow,229,1779955556341292249,228.94208817,0.412
postprocess_ms,2_7_opt_bag_slow,230,1779955557348971841,229.94976776200002,0.26
postprocess_ms,2_7_opt_bag_slow,231,1779955558333416072,230.93421199300002,0.934
postprocess_ms,2_7_opt_bag_slow,232,1779955559330649098,231.93144501900002,1.141
postprocess_ms,2_7_opt_bag_slow,233,1779955560337491599,232.93828752000002,0.221
postprocess_ms,2_7_opt_bag_slow,234,1779955561364412534,233.965208455,0.358
postprocess_ms,2_7_opt_bag_slow,235,1779955562359239311,234.96003523200002,0.313
postprocess_ms,2_7_opt_bag_slow,236,1779955563370282127,235.971078048,0.478
postprocess_ms,2_7_opt_bag_slow,237,1779955564357499133,236.95829505400002,1.064
postprocess_ms,2_7_opt_bag_slow,238,1779955565351540690,237.95233661100002,1.167
postprocess_ms,2_7_opt_bag_slow,239,1779955566342888694,238.94368461500002,0.282
postprocess_ms,2_7_opt_bag_slow,240,1779955567380401122,239.981197043,1.615
postprocess_ms,2_7_opt_bag_slow,241,1779955568345307475,240.946103396,0.28
postprocess_ms,2_7_opt_bag_slow,242,1779955569373513255,241.97430917600002,0.41
postprocess_ms,2_7_opt_bag_slow,243,1779955570338130535,242.93892645600002,0.995
postprocess_ms,2_7_opt_bag_slow,244,1779955571359642819,243.96043874000003,2.434
postprocess_ms,2_7_opt_bag_slow,245,1779955572343076540,244.943872461,1.209
postprocess_ms,2_7_opt_bag_slow,246,1779955573346563549,245.94735947,0.46
postprocess_ms,2_7_opt_bag_slow,247,1779955574370537079,246.97133300000002,0.522
postprocess_ms,2_7_opt_bag_slow,248,1779955575349569379,247.95036530000002,1.19
postprocess_ms,2_7_opt_bag_slow,249,1779955576339070975,248.939866896,0.525
postprocess_ms,2_7_opt_bag_slow,250,1779955577331469790,249.932265711,0.324
postprocess_ms,2_7_opt_bag_slow,251,1779955578372070893,250.972866814,0.339
postprocess_ms,2_7_opt_bag_slow,252,1779955579344460842,251.945256763,0.219
postprocess_ms,2_7_opt_bag_slow,253,1779955580362274143,252.96307006400002,0.241
postprocess_ms,2_7_opt_bag_slow,254,1779955581327875229,253.92867115,0.297
postprocess_ms,2_7_opt_bag_slow,255,1779955582339181348,254.93997726900002,0.23
postprocess_ms,2_7_opt_bag_slow,256,1779955583361314835,255.96211075600002,0.277
postprocess_ms,2_7_opt_bag_slow,257,1779955584325735828,256.926531749,0.374
postprocess_ms,2_7_opt_bag_slow,258,1779955585331519454,257.93231537500003,0.278
postprocess_ms,2_7_opt_bag_slow,259,1779955586352325611,258.953121532,0.47
postprocess_ms,2_7_opt_bag_slow,260,1779955587341917561,259.942713482,0.523
postprocess_ms,2_7_opt_bag_slow,261,1779955588356179727,260.956975648,1.427
postprocess_ms,2_7_opt_bag_slow,262,1779955589333356659,261.93415258,0.324
postprocess_ms,2_7_opt_bag_slow,263,1779955590343319375,262.944115296,0.569
postprocess_ms,2_7_opt_bag_slow,264,1779955591346650294,263.947446215,0.315
postprocess_ms,2_7_opt_bag_slow,265,1779955592356579291,264.957375212,1.789
postprocess_ms,2_7_opt_bag_slow,266,1779955593346538709,265.94733463,0.451
postprocess_ms,2_7_opt_bag_slow,267,1779955594355027278,266.955823199,0.51
postprocess_ms,2_7_opt_bag_slow,268,1779955595334286380,267.935082301,0.257
postprocess_ms,2_7_opt_bag_slow,269,1779955596335486914,268.93628283500004,0.258
postprocess_ms,2_7_opt_bag_slow,270,1779955597364914474,269.96571039500003,0.229
postprocess_ms,2_7_opt_bag_slow,271,1779955598367968339,270.96876426,1.285
postprocess_ms,2_7_opt_bag_slow,272,1779955599342084012,271.94287993300003,0.587
postprocess_ms,2_7_opt_bag_slow,273,1779955600354430934,272.95522685500003,0.471
postprocess_ms,2_7_opt_bag_slow,274,1779955601328848121,273.929644042,0.299
postprocess_ms,2_7_opt_bag_slow,275,1779955602342879381,274.94367530200003,0.368
postprocess_ms,2_7_opt_bag_slow,276,1779955603352411404,275.953207325,0.267
postprocess_ms,2_7_opt_bag_slow,277,1779955604359010691,276.959806612,0.467
postprocess_ms,2_7_opt_bag_slow,278,1779955605357255396,277.958051317,0.265
postprocess_ms,2_7_opt_bag_slow,279,1779955606349263439,278.95005936,0.421
postprocess_ms,2_7_opt_bag_slow,280,1779955607346445414,279.947241335,0.428
postprocess_ms,2_7_opt_bag_slow,281,1779955608357404513,280.958200434,0.41
postprocess_ms,2_7_opt_bag_slow,282,1779955609358515809,281.95931173,0.845
postprocess_ms,2_7_opt_bag_slow,283,1779955610357915409,282.95871133,0.281
postprocess_ms,2_7_opt_bag_slow,284,1779955611339628721,283.94042464200004,1.081
postprocess_ms,2_7_opt_bag_slow,285,1779955612331651091,284.932447012,0.28
postprocess_ms,2_7_opt_bag_slow,286,1779955613333022094,285.93381801500004,0.242
postprocess_ms,2_7_opt_bag_slow,287,1779955614343958757,286.94475467800004,0.442
postprocess_ms,2_7_opt_bag_slow,288,1779955615376082491,287.976878412,0.379
postprocess_ms,2_7_opt_bag_slow,289,1779955616337530642,288.93832656300003,0.252
postprocess_ms,2_7_opt_bag_slow,290,1779955617349230974,289.950026895,0.384
postprocess_ms,2_7_opt_bag_slow,291,1779955618354119382,290.954915303,0.471
postprocess_ms,2_7_opt_bag_slow,292,1779955619353399213,291.95419513400003,0.317
postprocess_ms,2_7_opt_bag_slow,293,1779955620351756702,292.95255262300003,2.497
postprocess_ms,2_7_opt_bag_slow,294,1779955621338034168,293.938830089,1.079
postprocess_ms,2_7_opt_bag_slow,295,1779955622386963803,294.987759724,0.432
postprocess_ms,2_7_opt_bag_slow,296,1779955623327730751,295.92852667200003,0.303
postprocess_ms,2_7_opt_bag_slow,297,1779955624360236784,296.96103270500004,0.425
postprocess_ms,2_7_opt_bag_slow,298,1779955625334650621,297.935446542,0.331
postprocess_ms,2_7_opt_bag_slow,299,1779955626345924818,298.946720739,0.284
postprocess_ms,2_7_opt_bag_slow,300,1779955627371748951,299.972544872,0.441
postprocess_ms,2_7_opt_bag_slow,301,1779955628374418298,300.975214219,0.475
postprocess_ms,2_7_opt_bag_slow,302,1779955629353830064,301.954625985,0.612
postprocess_ms,2_7_opt_bag_slow,303,1779955630329124009,302.92991993000004,0.371
postprocess_ms,2_7_opt_bag_slow,304,1779955631356187502,303.956983423,0.573
postprocess_ms,2_7_opt_bag_slow,305,1779955632364814916,304.96561083700004,0.296
postprocess_ms,2_7_opt_bag_slow,306,1779955633354152459,305.95494838,0.372
postprocess_ms,2_7_opt_bag_slow,307,1779955634354811126,306.955607047,1.138
postprocess_ms,2_7_opt_bag_slow,308,1779955635350632543,307.951428464,1.192
postprocess_ms,2_7_opt_bag_slow,309,1779955636331054554,308.93185047500003,0.382
postprocess_ms,2_7_opt_bag_slow,310,1779955637362770674,309.96356659500003,1.07
postprocess_ms,2_7_opt_bag_slow,311,1779955638347491970,310.948287891,0.291
postprocess_ms,2_7_opt_bag_slow,312,1779955639332266286,311.93306220700003,0.34
postprocess_ms,2_7_opt_bag_slow,313,1779955640339896654,312.940692575,0.343
postprocess_ms,2_7_opt_bag_slow,314,1779955641341691482,313.94248740300003,1.06
postprocess_ms,2_7_opt_bag_slow,315,1779955642344278694,314.945074615,0.247
postprocess_ms,2_7_opt_bag_slow,316,1779955643348589289,315.94938521,0.347
postprocess_ms,2_7_opt_bag_slow,317,1779955644343840073,316.944635994,0.453
postprocess_ms,2_7_opt_bag_slow,318,1779955645376485349,317.97728127,0.293
postprocess_ms,2_7_opt_bag_slow,319,1779955646350962108,318.951758029,0.408
postprocess_ms,2_7_opt_bag_slow,320,1779955647341752273,319.94254819400004,0.531
postprocess_ms,2_7_opt_bag_slow,321,1779955648354562205,320.955358126,0.534
postprocess_ms,2_7_opt_bag_slow,322,1779955649331788848,321.932584769,1.312
postprocess_ms,2_7_opt_bag_slow,323,1779955650338705933,322.939501854,0.264
postprocess_ms,2_7_opt_bag_slow,324,1779955651346405060,323.94720098100004,0.296
postprocess_ms,2_7_opt_bag_slow,325,1779955652338126007,324.938921928,0.434
postprocess_ms,2_7_opt_bag_slow,326,1779955653362823979,325.9636199,0.296
postprocess_ms,2_7_opt_bag_slow,327,1779955654340244720,326.94104064100003,0.395
postprocess_ms,2_7_opt_bag_slow,328,1779955655342344413,327.943140334,0.91
postprocess_ms,2_7_opt_bag_slow,329,1779955656378215408,328.979011329,0.426
postprocess_ms,2_7_opt_bag_slow,330,1779955657344110257,329.944906178,0.32
postprocess_ms,2_7_opt_bag_slow,331,1779955658344250784,330.94504670500004,0.369
postprocess_ms,2_7_opt_bag_slow,332,1779955659340953320,331.941749241,0.341
postprocess_ms,2_7_opt_bag_slow,333,1779955660378932456,332.979728377,0.267
postprocess_ms,2_7_opt_bag_slow,334,1779955661351931957,333.952727878,0.283
postprocess_ms,2_7_opt_bag_slow,335,1779955662346178159,334.94697408,0.399
postprocess_ms,2_7_opt_bag_slow,336,1779955663369498785,335.970294706,0.217
postprocess_ms,2_7_opt_bag_slow,337,1779955664359345750,336.96014167100003,0.432
postprocess_ms,2_7_opt_bag_slow,338,1779955665367130583,337.96792650400005,0.452
postprocess_ms,2_7_opt_bag_slow,339,1779955666341847666,338.942643587,0.555
postprocess_ms,2_7_opt_bag_slow,340,1779955667406870362,340.00766628300005,0.583
postprocess_ms,2_7_opt_bag_slow,341,1779955668333164618,340.933960539,0.335
postprocess_ms,2_7_opt_bag_slow,342,1779955669351378963,341.95217488400004,0.392
postprocess_ms,2_7_opt_bag_slow,343,1779955670374921295,342.975717216,0.317
postprocess_ms,2_7_opt_bag_slow,344,1779955671353668699,343.95446462,0.546
postprocess_ms,2_7_opt_bag_slow,345,1779955672339514544,344.94031046500004,0.453
postprocess_ms,2_7_opt_bag_slow,346,1779955673365846428,345.96664234900004,0.193
postprocess_ms,2_7_opt_bag_slow,347,1779955674348423887,346.949219808,0.341
postprocess_ms,2_7_opt_bag_slow,348,1779955675341525036,347.94232095700005,0.265
postprocess_ms,2_7_opt_bag_slow,349,1779955676327435429,348.92823135000003,0.365
postprocess_ms,2_7_opt_bag_slow,350,1779955677377800537,349.978596458,0.343
postprocess_ms,2_7_opt_bag_slow,351,1779955678345484708,350.946280629,0.428
postprocess_ms,2_7_opt_bag_slow,352,1779955679351455222,351.952251143,0.296
postprocess_ms,2_7_opt_bag_slow,353,1779955680380760218,352.981556139,3.01
postprocess_ms,2_7_opt_bag_slow,354,1779955681343590800,353.944386721,0.254
postprocess_ms,2_7_opt_bag_slow,355,1779955682353566544,354.95436246500003,0.353
postprocess_ms,2_7_opt_bag_slow,356,1779955683348540587,355.94933650800004,1.574
postprocess_ms,2_7_opt_bag_slow,357,1779955684391577180,356.992373101,1.111
postprocess_ms,2_7_opt_bag_slow,358,1779955685353440114,357.954236035,0.376
postprocess_ms,2_7_opt_bag_slow,359,1779955686347959978,358.94875589900005,0.252
postprocess_ms,2_7_opt_bag_slow,360,1779955687346539405,359.94733532600003,0.529
postprocess_ms,2_7_opt_bag_slow,361,1779955688359602627,360.960398548,1.848
postprocess_ms,2_7_opt_bag_slow,362,1779955689364686602,361.96548252300005,1.766
postprocess_ms,2_7_opt_bag_slow,363,1779955690332314941,362.93311086200004,0.383
postprocess_ms,2_7_opt_bag_slow,364,1779955691338173644,363.93896956500004,1.209
postprocess_ms,2_7_opt_bag_slow,365,1779955692343624597,364.944420518,0.913
postprocess_ms,2_7_opt_bag_slow,366,1779955693331625058,365.932420979,0.326
postprocess_ms,2_7_opt_bag_slow,367,1779955694343593968,366.94438988900004,1.67
postprocess_ms,2_7_opt_bag_slow,368,1779955695342189049,367.94298497,0.51
postprocess_ms,2_7_opt_bag_slow,369,1779955696341335499,368.94213142,0.35
postprocess_ms,2_7_opt_bag_slow,370,1779955697359891035,369.960686956,0.284
postprocess_ms,2_7_opt_bag_slow,371,1779955698333391939,370.93418786,0.295
postprocess_ms,2_7_opt_bag_slow,372,1779955699339530875,371.940326796,0.332
postprocess_ms,2_7_opt_bag_slow,373,1779955700337050655,372.937846576,0.304
postprocess_ms,2_7_opt_bag_slow,374,1779955701336229787,373.937025708,0.253
postprocess_ms,2_7_opt_bag_slow,375,1779955702342918610,374.943714531,0.531
postprocess_ms,2_7_opt_bag_slow,376,1779955703348061636,375.948857557,0.402
postprocess_ms,2_7_opt_bag_slow,377,1779955704354673051,376.955468972,0.435
postprocess_ms,2_7_opt_bag_slow,378,1779955705332257400,377.93305332100005,0.493
postprocess_ms,2_7_opt_bag_slow,379,1779955706339597010,378.940392931,0.343
postprocess_ms,2_7_opt_bag_slow,380,1779955707361916797,379.96271271800003,0.432
postprocess_ms,2_7_opt_bag_slow,381,1779955708332645729,380.93344165,0.299
postprocess_ms,2_7_opt_bag_slow,382,1779955709363670402,381.964466323,0.344
postprocess_ms,2_7_opt_bag_slow,383,1779955710346261093,382.94705701400005,0.332
postprocess_ms,2_7_opt_bag_slow,384,1779955711328498001,383.929293922,0.342
postprocess_ms,2_7_opt_bag_slow,385,1779955712370490962,384.971286883,0.314
postprocess_ms,2_7_opt_bag_slow,386,1779955713377508359,385.97830428000003,1.287
postprocess_ms,2_7_opt_bag_slow,387,1779955714353845850,386.954641771,0.236
postprocess_ms,2_7_opt_bag_slow,388,1779955715348871579,387.94966750000003,1.119
postprocess_ms,2_7_opt_bag_slow,389,1779955716346126074,388.946921995,1.749
postprocess_ms,2_7_opt_bag_slow,390,1779955717351315958,389.95211187900003,1.018
postprocess_ms,2_7_opt_bag_slow,391,1779955718346267829,390.94706375000004,0.437
postprocess_ms,2_7_opt_bag_slow,392,1779955719359261970,391.960057891,0.582
postprocess_ms,2_7_opt_bag_slow,393,1779955720355596646,392.956392567,0.93
postprocess_ms,2_7_opt_bag_slow,394,1779955721346922958,393.94771887900004,0.494
postprocess_ms,2_7_opt_bag_slow,395,1779955722370316445,394.971112366,0.435
postprocess_ms,2_7_opt_bag_slow,396,1779955723348107981,395.94890390200004,0.291
postprocess_ms,2_7_opt_bag_slow,397,1779955724333145337,396.933941258,0.28
postprocess_ms,2_7_opt_bag_slow,398,1779955725342343993,397.943139914,0.37
postprocess_ms,2_7_opt_bag_slow,399,1779955726347256654,398.948052575,0.812
postprocess_ms,2_7_opt_bag_slow,400,1779955727358730637,399.95952655800005,3.217
postprocess_ms,2_7_opt_bag_slow,401,1779955728333465620,400.934261541,0.321
postprocess_ms,2_7_opt_bag_slow,402,1779955729385131912,401.985927833,0.387
postprocess_ms,2_7_opt_bag_slow,403,1779955730354318359,402.95511428000003,0.603
postprocess_ms,2_7_opt_bag_slow,404,1779955731365143066,403.965938987,0.35
postprocess_ms,2_7_opt_bag_slow,405,1779955732341602017,404.942397938,0.249
postprocess_ms,2_7_opt_bag_slow,406,1779955733339954148,405.94075006900005,0.258
postprocess_ms,2_7_opt_bag_slow,407,1779955734343198203,406.943994124,0.365
postprocess_ms,2_7_opt_bag_slow,408,1779955735369464671,407.97026059200005,0.246
postprocess_ms,2_7_opt_bag_slow,409,1779955736333208733,408.93400465400003,0.356
postprocess_ms,2_7_opt_bag_slow,410,1779955737347394683,409.94819060400005,1.444
postprocess_ms,2_7_opt_bag_slow,411,1779955738355296795,410.956092716,1.2
postprocess_ms,2_7_opt_bag_slow,412,1779955739341995328,411.94279124900004,0.972
postprocess_ms,2_7_opt_bag_slow,413,1779955740341142990,412.941938911,1.57
postprocess_ms,2_7_opt_bag_slow,414,1779955741354515774,413.95531169500003,0.442
postprocess_ms,2_7_opt_bag_slow,415,1779955742367015891,414.96781181200004,0.398
postprocess_ms,2_7_opt_bag_slow,416,1779955743376187600,415.976983521,0.289
postprocess_ms,2_7_opt_bag_slow,417,1779955744358635521,416.95943144200004,0.526
postprocess_ms,2_7_opt_bag_slow,418,1779955745346449167,417.94724508800005,1.053
postprocess_ms,2_7_opt_bag_slow,419,1779955746360240131,418.96103605200005,0.353
postprocess_ms,2_7_opt_bag_slow,420,1779955747362900423,419.963696344,0.322
postprocess_ms,2_7_opt_bag_slow,421,1779955748370646041,420.97144196200003,0.43
postprocess_ms,2_7_opt_bag_slow,422,1779955749351948081,421.95274400200003,0.39
postprocess_ms,2_7_opt_bag_slow,423,1779955750328138638,422.928934559,0.502
postprocess_ms,2_7_opt_bag_slow,424,1779955751346024615,423.946820536,0.552
postprocess_ms,2_7_opt_bag_slow,425,1779955752345323314,424.946119235,0.33
postprocess_ms,2_7_opt_bag_slow,426,1779955753340340870,425.941136791,0.341
postprocess_ms,2_7_opt_bag_slow,427,1779955754335926297,426.936722218,0.27
postprocess_ms,2_7_opt_bag_slow,428,1779955755370843453,427.971639374,0.308
postprocess_ms,2_7_opt_bag_slow,429,1779955756352650756,428.95344667700004,0.49
postprocess_ms,2_7_opt_bag_slow,430,1779955757328759677,429.92955559800004,0.302
postprocess_ms,2_7_opt_bag_slow,431,1779955758342578005,430.94337392600005,0.21
postprocess_ms,2_7_opt_bag_slow,432,1779955759341614620,431.942410541,0.214
postprocess_ms,2_7_opt_bag_slow,433,1779955760361374901,432.962170822,1.177
postprocess_ms,2_7_opt_bag_slow,434,1779955761353442230,433.954238151,0.337
postprocess_ms,2_7_opt_bag_slow,435,1779955762365527390,434.96632331100005,0.364
postprocess_ms,2_7_opt_bag_slow,436,1779955763344596065,435.945391986,0.245
postprocess_ms,2_7_opt_bag_slow,437,1779955764357858308,436.95865422900005,0.476
postprocess_ms,2_7_opt_bag_slow,438,1779955765399607078,438.000402999,0.294
postprocess_ms,2_7_opt_bag_slow,439,1779955766345662781,438.94645870200003,0.359
postprocess_ms,2_7_opt_bag_slow,440,1779955767344240998,439.945036919,0.411
postprocess_ms,2_7_opt_bag_slow,441,1779955768382527808,440.983323729,0.576
postprocess_ms,2_7_opt_bag_slow,442,1779955769375834138,441.976630059,0.867
postprocess_ms,2_7_opt_bag_slow,443,1779955770375242735,442.976038656,1.186
postprocess_ms,2_7_opt_bag_slow,444,1779955771326508011,443.92730393200003,0.265
postprocess_ms,2_7_opt_bag_slow,445,1779955772344632721,444.945428642,0.259
postprocess_ms,2_7_opt_bag_slow,446,1779955773349291061,445.950086982,0.45
postprocess_ms,2_7_opt_bag_slow,447,1779955774344603746,446.945399667,0.432
postprocess_ms,2_7_opt_bag_slow,448,1779955775329824342,447.93062026300004,0.237
postprocess_ms,2_7_opt_bag_slow,449,1779955776329971590,448.93076751100006,0.237
postprocess_ms,2_7_opt_bag_slow,450,1779955777333827246,449.93462316700004,0.428
postprocess_ms,2_7_opt_bag_slow,451,1779955778343198463,450.943994384,0.222
postprocess_ms,2_7_opt_bag_slow,452,1779955779350165483,451.95096140400005,0.403
postprocess_ms,2_7_opt_bag_slow,453,1779955780337346001,452.938141922,0.402
postprocess_ms,2_7_opt_bag_slow,454,1779955781334295267,453.935091188,0.447
postprocess_ms,2_7_opt_bag_slow,455,1779955782348997015,454.94979293600005,1.141
postprocess_ms,2_7_opt_bag_slow,456,1779955783338369405,455.939165326,0.225
postprocess_ms,2_7_opt_bag_slow,457,1779955784347905093,456.94870101400005,1.817
postprocess_ms,2_7_opt_bag_slow,458,1779955785342582021,457.94337794200004,1.06
postprocess_ms,2_7_opt_bag_slow,459,1779955786333479334,458.93427525500005,0.405
postprocess_ms,2_7_opt_bag_slow,460,1779955787349592252,459.950388173,0.287
postprocess_ms,2_7_opt_bag_slow,461,1779955788347052897,460.947848818,0.299
postprocess_ms,2_7_opt_bag_slow,462,1779955789360436856,461.961232777,0.307
postprocess_ms,2_7_opt_bag_slow,463,1779955790329089865,462.92988578600006,0.284
postprocess_ms,2_7_opt_bag_slow,464,1779955791364166254,463.96496217500004,1.121
postprocess_ms,2_7_opt_bag_slow,465,1779955792330840452,464.931636373,0.226
postprocess_ms,2_7_opt_bag_slow,466,1779955793368241365,465.969037286,0.365
postprocess_ms,2_7_opt_bag_slow,467,1779955794333059074,466.93385499500005,0.424
postprocess_ms,2_7_opt_bag_slow,468,1779955795354395069,467.95519099,0.568
postprocess_ms,2_7_opt_bag_slow,469,1779955796345240584,468.94603650500005,0.452
postprocess_ms,2_7_opt_bag_slow,470,1779955797335797493,469.936593414,0.288
postprocess_ms,2_7_opt_bag_slow,471,1779955798346083867,470.94687978800005,0.425
postprocess_ms,2_7_opt_bag_slow,472,1779955799374419961,471.97521588200004,0.625
postprocess_ms,2_7_opt_bag_slow,473,1779955800344454321,472.94525024200004,0.246
postprocess_ms,2_7_opt_bag_slow,474,1779955801355057164,473.955853085,0.346
postprocess_ms,2_7_opt_bag_slow,475,1779955802357067409,474.95786333,0.3
postprocess_ms,2_7_opt_bag_slow,476,1779955803334238329,475.93503425000006,0.457
postprocess_ms,2_7_opt_bag_slow,477,1779955804337287844,476.93808376500004,0.371
postprocess_ms,2_7_opt_bag_slow,478,1779955805338504695,477.939300616,1.115
postprocess_ms,2_7_opt_bag_slow,479,1779955806347092503,478.94788842400004,0.309
postprocess_ms,2_7_opt_bag_slow,480,1779955807337365740,479.93816166100004,0.326
postprocess_ms,2_7_opt_bag_slow,481,1779955808350526912,480.951322833,0.419
postprocess_ms,2_7_opt_bag_slow,482,1779955809337554983,481.938350904,1.095
postprocess_ms,2_7_opt_bag_slow,483,1779955810350384489,482.95118041,1.125
postprocess_ms,2_7_opt_bag_slow,484,1779955811336230827,483.93702674800005,0.947
postprocess_ms,2_7_opt_bag_slow,485,1779955812372669299,484.97346522000004,0.432
postprocess_ms,2_7_opt_bag_slow,486,1779955813345717587,485.946513508,0.872
postprocess_ms,2_7_opt_bag_slow,487,1779955814344779182,486.945575103,0.454
postprocess_ms,2_7_opt_bag_slow,488,1779955815373957654,487.974753575,0.9
postprocess_ms,2_7_opt_bag_slow,489,1779955816345803631,488.946599552,0.488
postprocess_ms,2_7_opt_bag_slow,490,1779955817353848712,489.95464463300004,0.72
postprocess_ms,2_7_opt_bag_slow,491,1779955818362330952,490.963126873,1.35
postprocess_ms,2_7_opt_bag_slow,492,1779955819336346116,491.93714203700006,0.242
postprocess_ms,2_7_opt_bag_slow,493,1779955820356318949,492.95711487000005,1.188
postprocess_ms,2_7_opt_bag_slow,494,1779955821350295222,493.95109114300004,1.075
postprocess_ms,2_7_opt_bag_slow,495,1779955822328442756,494.92923867700006,0.429
postprocess_ms,2_7_opt_bag_slow,496,1779955823368786255,495.969582176,0.293
postprocess_ms,2_7_opt_bag_slow,497,1779955824375158870,496.97595479100005,0.662
postprocess_ms,2_7_opt_bag_slow,498,1779955825373892727,497.97468864800004,0.232
postprocess_ms,2_7_opt_bag_slow,499,1779955826347672771,498.948468692,0.386
postprocess_ms,2_7_opt_bag_slow,500,1779955827359850613,499.96064653400003,0.326
postprocess_ms,2_7_opt_bag_slow,501,1779955828367544770,500.96834069100004,1.147
postprocess_ms,2_7_opt_bag_slow,502,1779955829365750833,501.96654675400003,0.32
postprocess_ms,2_7_opt_bag_slow,503,1779955830328716054,502.929511975,0.39
postprocess_ms,2_7_opt_bag_slow,504,1779955831354103969,503.95489989000004,0.406
postprocess_ms,2_7_opt_bag_slow,505,1779955832335911474,504.93670739500004,0.323
postprocess_ms,2_7_opt_bag_slow,506,1779955833364879268,505.965675189,1.799
postprocess_ms,2_7_opt_bag_slow,507,1779955834361472840,506.962268761,0.338
postprocess_ms,2_7_opt_bag_slow,508,1779955835358944579,507.9597405,1.109
postprocess_ms,2_7_opt_bag_slow,509,1779955836339852396,508.940648317,0.966
postprocess_ms,2_7_opt_bag_slow,510,1779955837335902648,509.93669856900004,0.35
postprocess_ms,2_7_opt_bag_slow,511,1779955838334284926,510.93508084700005,1.149
postprocess_ms,2_7_opt_bag_slow,512,1779955839332732717,511.93352863800004,0.291
postprocess_ms,2_7_opt_bag_slow,513,1779955840334473343,512.935269264,0.506
postprocess_ms,2_7_opt_bag_slow,514,1779955841379162010,513.9799579310001,0.492
postprocess_ms,2_7_opt_bag_slow,515,1779955842331770168,514.932566089,0.894
postprocess_ms,2_7_opt_bag_slow,516,1779955843350533070,515.9513289910001,0.255
postprocess_ms,2_7_opt_bag_slow,517,1779955844338545095,516.9393410160001,0.418
postprocess_ms,2_7_opt_bag_slow,518,1779955845341302960,517.942098881,2.11
postprocess_ms,2_7_opt_bag_slow,519,1779955846335211806,518.9360077270001,0.527
postprocess_ms,2_7_opt_bag_slow,520,1779955847362642765,519.963438686,0.356
postprocess_ms,2_7_opt_bag_slow,521,1779955848380419335,520.981215256,0.351
postprocess_ms,2_7_opt_bag_slow,522,1779955849328785111,521.929581032,0.228
postprocess_ms,2_7_opt_bag_slow,523,1779955850370176153,522.9709720740001,0.221
postprocess_ms,2_7_opt_bag_slow,524,1779955851334911425,523.9357073460001,0.983
postprocess_ms,2_7_opt_bag_slow,525,1779955852343662715,524.944458636,0.453
postprocess_ms,2_7_opt_bag_slow,526,1779955853346588511,525.947384432,0.969
postprocess_ms,2_7_opt_bag_slow,527,1779955854351103640,526.951899561,0.537
postprocess_ms,2_7_opt_bag_slow,528,1779955855367555356,527.968351277,0.379
postprocess_ms,2_7_opt_bag_slow,529,1779955856359802028,528.9605979490001,0.43
postprocess_ms,2_7_opt_bag_slow,530,1779955857345209731,529.946005652,0.294
postprocess_ms,2_7_opt_bag_slow,531,1779955858368549671,530.9693455920001,0.365
postprocess_ms,2_7_opt_bag_slow,532,1779955859349366872,531.950162793,0.382
postprocess_ms,2_7_opt_bag_slow,533,1779955860364219720,532.965015641,0.273
postprocess_ms,2_7_opt_bag_slow,534,1779955861352856995,533.953652916,0.5
postprocess_ms,2_7_opt_bag_slow,535,1779955862343645171,534.944441092,0.342
postprocess_ms,2_7_opt_bag_slow,536,1779955863349315780,535.9501117010001,0.477
postprocess_ms,2_7_opt_bag_slow,537,1779955864340119740,536.9409156610001,1.216
postprocess_ms,2_7_opt_bag_slow,538,1779955865335833093,537.936629014,2.213
postprocess_ms,2_7_opt_bag_slow,539,1779955866371007247,538.9718031680001,0.4
postprocess_ms,2_7_opt_bag_slow,540,1779955867343486460,539.944282381,0.238
postprocess_ms,2_7_opt_bag_slow,541,1779955868349418171,540.950214092,0.299
postprocess_ms,2_7_opt_bag_slow,542,1779955869357693908,541.9584898290001,0.381
postprocess_ms,2_7_opt_bag_slow,543,1779955870387600517,542.988396438,0.941
postprocess_ms,2_7_opt_bag_slow,544,1779955871345760239,543.94655616,0.491
postprocess_ms,2_7_opt_bag_slow,545,1779955872344062342,544.944858263,0.658
postprocess_ms,2_7_opt_bag_slow,546,1779955873343372196,545.944168117,0.493
postprocess_ms,2_7_opt_bag_slow,547,1779955874337500808,546.9382967290001,0.47
postprocess_ms,2_7_opt_bag_slow,548,1779955875333056535,547.9338524560001,0.288
postprocess_ms,2_7_opt_bag_slow,549,1779955876392295890,548.993091811,0.353
postprocess_ms,2_7_opt_bag_slow,550,1779955877385041595,549.9858375160001,0.366
postprocess_ms,2_7_opt_bag_slow,551,1779955878354276145,550.9550720660001,0.99
postprocess_ms,2_7_opt_bag_slow,552,1779955879343440972,551.944236893,0.244
postprocess_ms,2_7_opt_bag_slow,553,1779955880347213862,552.9480097830001,0.219
postprocess_ms,2_7_opt_bag_slow,554,1779955881349828824,553.950624745,0.412
postprocess_ms,2_7_opt_bag_slow,555,1779955882348470926,554.949266847,1.408
postprocess_ms,2_7_opt_bag_slow,556,1779955883358454154,555.959250075,0.677
postprocess_ms,2_7_opt_bag_slow,557,1779955884343558004,556.9443539250001,0.225
postprocess_ms,2_7_opt_bag_slow,558,1779955885339983247,557.9407791680001,0.291
postprocess_ms,2_7_opt_bag_slow,559,1779955886344590451,558.945386372,0.392
postprocess_ms,2_7_opt_bag_slow,560,1779955887337226266,559.938022187,0.368
postprocess_ms,2_7_opt_bag_slow,561,1779955888355516119,560.9563120400001,0.311
postprocess_ms,2_7_opt_bag_slow,562,1779955889342948632,561.943744553,0.327
postprocess_ms,2_7_opt_bag_slow,563,1779955890348611158,562.949407079,0.208
postprocess_ms,2_7_opt_bag_slow,564,1779955891352935261,563.9537311820001,0.252
postprocess_ms,2_7_opt_bag_slow,565,1779955892330615813,564.931411734,0.255
postprocess_ms,2_7_opt_bag_slow,566,1779955893345010976,565.945806897,0.256
postprocess_ms,2_7_opt_bag_slow,567,1779955894348147670,566.948943591,1.321
postprocess_ms,2_7_opt_bag_slow,568,1779955895374141993,567.9749379140001,0.388
postprocess_ms,2_7_opt_bag_slow,569,1779955896362265297,568.963061218,0.476
postprocess_ms,2_7_opt_bag_slow,570,1779955897382540409,569.98333633,0.386
postprocess_ms,2_7_opt_bag_slow,571,1779955898343473438,570.944269359,0.211
postprocess_ms,2_7_opt_bag_slow,572,1779955899362509997,571.9633059180001,1.089
postprocess_ms,2_7_opt_bag_slow,573,1779955900336983826,572.937779747,0.25
postprocess_ms,2_7_opt_bag_slow,574,1779955901376477212,573.977273133,0.512
postprocess_ms,2_7_opt_bag_slow,575,1779955902435904440,575.036700361,0.401
postprocess_ms,2_7_opt_bag_slow,576,1779955903330629658,575.931425579,0.526
postprocess_ms,2_7_opt_bag_slow,577,1779955904344364362,576.9451602830001,0.355
postprocess_ms,2_7_opt_bag_slow,578,1779955905341409355,577.942205276,0.248
postprocess_ms,2_7_opt_bag_slow,579,1779955906371325631,578.9721215520001,0.398
postprocess_ms,2_7_opt_bag_slow,580,1779955907343731483,579.944527404,0.441
postprocess_ms,2_7_opt_bag_slow,581,1779955908360549728,580.961345649,0.291
postprocess_ms,2_7_opt_bag_slow,582,1779955909367892327,581.968688248,0.477
postprocess_ms,2_7_opt_bag_slow,583,1779955910371823686,582.9726196070001,0.293
postprocess_ms,2_7_opt_bag_slow,584,1779955911347348328,583.948144249,0.972
postprocess_ms,2_7_opt_bag_slow,585,1779955912324887215,584.9256831360001,0.247
postprocess_ms,2_7_opt_bag_slow,586,1779955913330876396,585.931672317,1.033
postprocess_ms,2_7_opt_bag_slow,587,1779955914336320931,586.937116852,0.325
postprocess_ms,2_7_opt_bag_slow,588,1779955915340806840,587.941602761,0.224
postprocess_ms,2_7_opt_bag_slow,589,1779955916354909326,588.9557052470001,0.229
postprocess_ms,2_7_opt_bag_slow,590,1779955917342373918,589.943169839,0.398
postprocess_ms,2_7_opt_bag_slow,591,1779955918343123494,590.943919415,0.237
postprocess_ms,2_7_opt_bag_slow,592,1779955919364996154,591.9657920750001,0.325
postprocess_ms,2_7_opt_bag_slow,593,1779955920345695658,592.946491579,0.272
postprocess_ms,2_7_opt_bag_slow,594,1779955921345829944,593.946625865,1.016
